eway_bill_no,invoice_id,seller_gstin,buyer_gstin,origin_state,destination_state,delivery_status,movement_date,transporter_id,delivery_proof_hash
EWB987926311,INV-2026-00001,08LEKVL9PTK41ZG,08JSRD9Q46NO1ZS,UP,TS,DELIVERED,2026-09-18,TRN-650661,DELPROOF-08814601
EWB572221829,INV-2026-00002,33RR8IQRT0071ZN,37JC36OQOLOE1ZA,WB,WB,GENERATED,2026-09-23,TRN-695687,DELPROOF-57357931
EWB525962507,INV-2026-00003,09JCHZJQ8CXX1ZV,27KMBY9IPA2V1ZM,UP,MH,IN_TRANSIT,2026-08-06,TRN-648668,DELPROOF-58869333
EWB459159371,INV-2026-00004,07DC08FC0TR51ZN,1963LBQGU3OB1ZV,TN,WB,DELIVERED,2026-06-21,TRN-597505,DELPROOF-95917492
EWB664626231,INV-2026-00005,37BBKJY2NZ7V1ZD,198CD31NRXD31ZS,MH,DL,DELIVERED,2026-09-10,TRN-638312,DELPROOF-78455258
EWB651941459,INV-2026-00006,29Q05PXT6RID1ZJ,191KFK7Y6QXD1ZQ,RJ,TS,DELIVERED,2026-07-12,TRN-180622,DELPROOF-17011359
EWB816393937,INV-2026-00007,19M9Q7FTMFWG1ZM,37RQ8RTM4J3D1ZA,TN,KA,DELIVERED,2026-08-23,TRN-653966,DELPROOF-58103781
EWB844130571,INV-2026-00008,296JIXUB4IBH1ZH,29W5L4RMVVNX1ZH,RJ,RJ,IN_TRANSIT,2026-08-27,TRN-563112,DELPROOF-34948929
EWB653389938,INV-2026-00009,369C70PA8JX51ZN,37E9FPZUE8YF1ZB,AP,WB,IN_TRANSIT,2026-08-15,TRN-188345,DELPROOF-84981723
EWB152198001,INV-2026-00010,0893TYT7D5J61ZX,19S0765ICAUT1ZI,KA,GJ,GENERATED,2026-09-09,TRN-432590,DELPROOF-68648530
EWB370063322,INV-2026-00011,24N36V1MZB3I1ZW,08XQM334L1VZ1ZL,TS,MH,IN_TRANSIT,2026-07-01,TRN-676572,DELPROOF-36305669
EWB184219272,INV-2026-00012,373XQ8VA8X8L1ZX,09337KUU4YTN1ZX,WB,KA,IN_TRANSIT,2026-07-01,TRN-875256,DELPROOF-81948409
EWB876028646,INV-2026-00013,29YECAZRP9DX1ZN,19EFQ56Q37CS1ZS,TN,GJ,DELIVERED,2026-09-11,TRN-783923,DELPROOF-86591992
EWB918132577,INV-2026-00014,33ZNWG3ZRZQ01ZS,369BP4M18O1B1ZI,KA,GJ,GENERATED,2026-08-24,TRN-251957,DELPROOF-21958045
EWB326243855,INV-2026-00015,27IS2GY9YTJU1ZO,37RF3NAPLGW11ZU,UP,DL,GENERATED,2026-08-01,TRN-781270,DELPROOF-11551877
EWB753016152,INV-2026-00016,36IP3TVF51Z51ZB,33Y84ZZ2P6EE1ZA,KA,UP,GENERATED,2026-09-28,TRN-544235,DELPROOF-48694597
EWB414204125,INV-2026-00017,37O1CJFX5LIK1ZU,07WIXZ2C9ROS1ZW,GJ,GJ,IN_TRANSIT,2026-06-11,TRN-740596,DELPROOF-01486479
EWB536339700,INV-2026-00018,2430VVIJVDDW1ZT,09PQKOJTPV601ZT,DL,UP,DELIVERED,2026-08-30,TRN-704887,DELPROOF-36802897
EWB346744299,INV-2026-00019,27RE4V9KYPOF1ZJ,377KNUFBHGP51ZC,TS,KA,IN_TRANSIT,2026-09-30,TRN-599286,DELPROOF-85745865
EWB892530776,INV-2026-00020,08IO1K7F5OA31ZY,365XRSI7EADG1ZG,KA,RJ,IN_TRANSIT,2026-08-18,TRN-429014,DELPROOF-30693611
EWB107216461,INV-2026-00021,19ACJ4T0SEKK1ZB,09YL68NTK63N1ZZ,RJ,WB,DELIVERED,2026-08-11,TRN-606599,DELPROOF-54662434
EWB372896093,INV-2026-00022,190K5QZZKW3G1ZH,240KQD8UNPIO1ZI,GJ,TN,DELIVERED,2026-09-07,TRN-774817,DELPROOF-15404404
EWB222278856,INV-2026-00023,37RF3NAPLGW11ZU,19H07WPH6FE01ZL,AP,RJ,DELIVERED,2026-09-16,TRN-210983,DELPROOF-31067761
EWB564258740,INV-2026-00024,07ASEH5E5RWS1ZE,37JC36OQOLOE1ZA,TS,DL,GENERATED,2026-09-19,TRN-794326,DELPROOF-42796388
EWB508991346,INV-2026-00025,24AF4JGQ6CN81ZQ,27TD96QE3RZS1ZI,UP,AP,DELIVERED,2026-06-20,TRN-390504,DELPROOF-82668147
EWB737761442,INV-2026-00026,36NRWZC4XL991ZQ,07SFA6D9ER941ZR,RJ,MH,IN_TRANSIT,2026-07-02,TRN-348580,DELPROOF-63264744
EWB228152910,INV-2026-00027,24TRIJ2FRNLX1ZT,296SWK2RV2391ZL,DL,DL,DELIVERED,2026-07-01,TRN-504077,DELPROOF-27062295
EWB276778044,INV-2026-00028,24V25AO20U9I1ZQ,19486I3CE8ZN1ZA,KA,KA,GENERATED,2026-06-12,TRN-232264,DELPROOF-97999990
EWB913744627,INV-2026-00029,193V23GXJ0MQ1ZS,3307S387J5IE1ZZ,AP,KA,DELIVERED,2026-09-18,TRN-330199,DELPROOF-59290372
EWB977062400,INV-2026-00030,27N9J3GC9HOX1ZD,19H6NHKSQNAL1ZN,DL,KA,DELIVERED,2026-09-09,TRN-534864,DELPROOF-86500464
EWB505778527,INV-2026-00031,08JC2GOUIFEZ1ZA,37DL918SLOME1ZV,AP,RJ,IN_TRANSIT,2026-07-24,TRN-340165,DELPROOF-22384862
EWB324786379,INV-2026-00032,335URTXUYUCE1ZC,33RMC5S3OFAW1ZT,GJ,AP,DELIVERED,2026-06-28,TRN-117091,DELPROOF-69064175
EWB686299785,INV-2026-00033,296JQFWWXR5R1ZC,36XXVA2IEUC11ZG,WB,AP,IN_TRANSIT,2026-07-19,TRN-426652,DELPROOF-14367578
EWB371839639,INV-2026-00034,292HOQ5E7L7W1ZX,08OS5HRQAP5I1ZN,TS,MH,IN_TRANSIT,2026-07-24,TRN-321389,DELPROOF-38728684
EWB898757868,INV-2026-00035,07KA34MQA78R1ZA,07GRY58VRW9M1ZV,MH,KA,IN_TRANSIT,2026-09-07,TRN-389538,DELPROOF-19620385
EWB656580824,INV-2026-00036,37QY0HU97NG01ZA,07RTT3NUPUY01ZW,WB,UP,DELIVERED,2026-08-03,TRN-978359,DELPROOF-72199061
EWB123279611,INV-2026-00037,08WDPJBC01AR1ZU,37PEJZHYAPDS1ZT,TN,MH,DELIVERED,2026-06-08,TRN-935267,DELPROOF-10104325
EWB670848829,INV-2026-00038,07GRY58VRW9M1ZV,0841KHT8XKOD1ZW,KA,GJ,DELIVERED,2026-09-08,TRN-614448,DELPROOF-11739253
EWB705209834,INV-2026-00039,37TL8N3E54N61ZM,33T7ZEWVIYTW1ZB,AP,DL,DELIVERED,2026-06-11,TRN-519498,DELPROOF-12664562
EWB822491189,INV-2026-00040,29HARJHRF34J1ZG,19ACJ4T0SEKK1ZB,GJ,AP,GENERATED,2026-07-21,TRN-763711,DELPROOF-53038887
EWB455979295,INV-2026-00041,24RWV9NJS96A1ZK,27RGB93WKCS41ZI,RJ,DL,DELIVERED,2026-06-18,TRN-358279,DELPROOF-19114545
EWB251884933,INV-2026-00042,29TRC85EHPZR1ZT,36HK403UXH9A1ZY,TN,MH,GENERATED,2026-10-04,TRN-582643,DELPROOF-68080151
EWB678342171,INV-2026-00043,249PML9LN1P01ZT,29050E6MPSJ91ZU,DL,RJ,IN_TRANSIT,2026-10-01,TRN-220260,DELPROOF-93560736
EWB118179474,INV-2026-00044,07BMXNSZOKGT1ZH,09XNPSV8DKMU1ZQ,GJ,AP,GENERATED,2026-07-10,TRN-727006,DELPROOF-04633982
EWB596269568,INV-2026-00045,24FC79M96ZPX1ZT,07CCI68DS03V1ZM,AP,KA,GENERATED,2026-07-19,TRN-167538,DELPROOF-41307274
EWB593755082,INV-2026-00046,29NUI3DO70021ZF,07LWVMB0IDD01ZU,DL,UP,DELIVERED,2026-07-20,TRN-402728,DELPROOF-70837853
EWB619696399,INV-2026-00047,332V2HEIFJFC1ZZ,339WT2YBUH7J1ZW,TN,DL,DELIVERED,2026-08-17,TRN-915412,DELPROOF-33092527
EWB591520629,INV-2026-00048,27EG3ZGARFI41ZZ,360AJUFQYMBN1ZU,MH,DL,DELIVERED,2026-06-07,TRN-557955,DELPROOF-47006434
EWB289564048,INV-2026-00049,090ODWMQX5GG1ZM,09H9PTFNM88U1ZA,TS,TN,DELIVERED,2026-09-03,TRN-443833,DELPROOF-98090002
EWB901923957,INV-2026-00050,27IARONTDI9O1ZH,0952DEZH0CD81ZA,DL,AP,DELIVERED,2026-06-16,TRN-814780,DELPROOF-85471449
EWB809982017,INV-2026-00051,29AD3WRDHW9R1ZD,08NSM43D8W3Z1ZN,WB,TS,IN_TRANSIT,2026-07-11,TRN-198031,DELPROOF-50723566
EWB739517288,INV-2026-00052,090IMJYJCMRS1ZD,07PS0132AN411ZJ,TN,DL,DELIVERED,2026-08-01,TRN-986052,DELPROOF-39514617
EWB627862048,INV-2026-00053,27HPVKU8H5R81ZL,08XQM334L1VZ1ZL,MH,UP,IN_TRANSIT,2026-06-08,TRN-725618,DELPROOF-84241207
EWB466388293,INV-2026-00054,09V18KGYGGSN1ZN,3302BIP18A4J1ZS,TS,DL,DELIVERED,2026-09-11,TRN-670091,DELPROOF-74974388
EWB984246620,INV-2026-00055,33ZNWG3ZRZQ01ZS,077H9G1A07H21ZW,MH,RJ,IN_TRANSIT,2026-06-21,TRN-736192,DELPROOF-57750376
EWB327833894,INV-2026-00056,19EVL7FQ8ABY1ZQ,19M9Q7FTMFWG1ZM,AP,AP,DELIVERED,2026-08-22,TRN-563217,DELPROOF-76042901
EWB983182270,INV-2026-00057,376RTC0Z7Q0I1ZP,2414HOAE527P1ZQ,AP,DL,GENERATED,2026-08-21,TRN-755435,DELPROOF-13022836
EWB291274431,INV-2026-00058,33C83GY1FKOL1ZD,08AHCUA09PCI1ZF,TS,GJ,DELIVERED,2026-08-28,TRN-101102,DELPROOF-26709851
EWB392436063,INV-2026-00059,37WZZG4C4EPZ1ZK,36TWG7NFDINU1ZM,MH,AP,IN_TRANSIT,2026-07-04,TRN-472744,DELPROOF-48260362
EWB292232357,INV-2026-00060,37JC36OQOLOE1ZA,37VC7HR6C2CU1ZN,AP,TN,GENERATED,2026-07-12,TRN-660882,DELPROOF-69198212
EWB228659181,INV-2026-00061,332V2HEIFJFC1ZZ,19Y1Z682R6ZL1ZY,GJ,GJ,GENERATED,2026-07-10,TRN-199962,DELPROOF-05473448
EWB910821010,INV-2026-00062,339T9CD1LQJS1ZO,09KO4BUSU9F81ZO,TS,MH,DELIVERED,2026-09-29,TRN-554666,DELPROOF-64422987
EWB867302106,INV-2026-00063,082Z682U6ZV31ZH,27S832EJX5TD1ZQ,WB,RJ,DELIVERED,2026-08-05,TRN-552115,DELPROOF-30886039
EWB955913557,INV-2026-00064,19PGBA9IN2XR1ZZ,08QNYY95G5DO1ZF,GJ,WB,DELIVERED,2026-07-21,TRN-142214,DELPROOF-40378380
EWB337991903,INV-2026-00065,07JJFGJK2N7Z1ZP,072GJ8K8C9G31ZP,WB,TN,DELIVERED,2026-09-28,TRN-949316,DELPROOF-33576708
EWB844823884,INV-2026-00066,082Z682U6ZV31ZH,376EK6X6LGOI1ZM,AP,TN,DELIVERED,2026-07-29,TRN-710759,DELPROOF-50078223
EWB317845369,INV-2026-00067,37OAZTKSZP7G1ZD,19C1YOHMI9AY1ZF,TS,AP,GENERATED,2026-06-11,TRN-399102,DELPROOF-44081683
EWB615654693,INV-2026-00068,08JAE58HUXG21ZL,07FARK6O0U931ZK,TN,RJ,DELIVERED,2026-09-24,TRN-723583,DELPROOF-54565123
EWB849507556,INV-2026-00069,07YE088O98BV1ZZ,2731YHXSO7VB1ZF,GJ,AP,IN_TRANSIT,2026-09-25,TRN-939407,DELPROOF-42029923
EWB125673409,INV-2026-00070,0778S6764CAQ1ZJ,24MPQ0HZYJB41ZC,DL,DL,DELIVERED,2026-07-16,TRN-534161,DELPROOF-82519845
EWB903283339,INV-2026-00071,248ESMPF0IEO1ZJ,072TIXC7URVQ1ZR,GJ,TS,GENERATED,2026-06-17,TRN-435540,DELPROOF-15219130
EWB878000234,INV-2026-00072,36FAZZ81SDW41ZQ,08JSRD9Q46NO1ZS,DL,KA,DELIVERED,2026-08-01,TRN-471234,DELPROOF-68797281
EWB575048949,INV-2026-00073,24SS1A2R5BFY1ZC,19G2GZR7TXCB1ZC,GJ,UP,DELIVERED,2026-06-08,TRN-478606,DELPROOF-15919976
EWB567081894,INV-2026-00074,19875AUD9K9T1ZP,09JA0ASSNH2O1ZD,DL,KA,DELIVERED,2026-09-03,TRN-671662,DELPROOF-34419244
EWB887747419,INV-2026-00075,33OC50H2CWTG1ZY,07HV3IZKY22U1ZB,KA,AP,GENERATED,2026-09-26,TRN-955858,DELPROOF-01102947
EWB424299557,INV-2026-00076,379MX2X18HAF1ZE,07HFSU4SE2KY1ZR,GJ,DL,DELIVERED,2026-06-10,TRN-102051,DELPROOF-90592652
EWB664652045,INV-2026-00077,27MOQXHGLG4P1ZX,19CBZAMD270S1ZR,RJ,AP,DELIVERED,2026-09-15,TRN-631089,DELPROOF-94432424
EWB468330314,INV-2026-00078,248ESMPF0IEO1ZJ,09JA0ASSNH2O1ZD,GJ,KA,GENERATED,2026-06-14,TRN-248795,DELPROOF-99378901
EWB463038300,INV-2026-00079,24TRIJ2FRNLX1ZT,07PMQK8SZ7IW1ZC,GJ,TS,DELIVERED,2026-06-22,TRN-425225,DELPROOF-26744952
EWB777529138,INV-2026-00080,29GBCYH3FVL01ZZ,07SBJDX0PKOV1ZQ,AP,TN,DELIVERED,2026-06-10,TRN-842004,DELPROOF-65962205
EWB616855330,INV-2026-00081,33NHQE86O3Z01ZA,07JJFGJK2N7Z1ZP,WB,MH,GENERATED,2026-09-20,TRN-889507,DELPROOF-26318093
EWB639792436,INV-2026-00082,334H20RAPE6W1ZR,19U1OE5EI28D1ZQ,TS,KA,GENERATED,2026-07-27,TRN-871021,DELPROOF-15089441
EWB531813937,INV-2026-00083,08M89I9GX32U1ZE,33C83GY1FKOL1ZD,GJ,KA,GENERATED,2026-07-02,TRN-413178,DELPROOF-73567072
EWB227362022,INV-2026-00084,29WJM2C8QIZK1ZC,07NY20479T6V1ZV,KA,DL,GENERATED,2026-06-16,TRN-954636,DELPROOF-40770747
EWB735716383,INV-2026-00085,19GX25FPLO1U1ZP,19FYO1750CEH1ZK,TN,UP,GENERATED,2026-09-05,TRN-367633,DELPROOF-49642609
EWB931641420,INV-2026-00086,09NT0MQ8ABKA1ZE,19DAQJRTMETM1ZG,UP,GJ,IN_TRANSIT,2026-08-21,TRN-432839,DELPROOF-44422243
EWB189051944,INV-2026-00087,27TMFEK2O7FH1ZQ,09P06IDIIOH61ZC,WB,TN,GENERATED,2026-10-04,TRN-669481,DELPROOF-44617719
EWB734260516,INV-2026-00088,33GXP5CITUF81ZB,27N9YE6BGGRM1ZO,KA,UP,DELIVERED,2026-07-25,TRN-220268,DELPROOF-50037172
EWB222573792,INV-2026-00089,3763BTKF6XDN1ZV,1994DNMKZA3O1ZA,DL,WB,GENERATED,2026-06-11,TRN-773708,DELPROOF-07179705
EWB521732501,INV-2026-00090,07PJZE1XTAR01ZJ,24E4PO1I3MSD1ZL,WB,RJ,IN_TRANSIT,2026-08-29,TRN-727890,DELPROOF-12387130
EWB717763565,INV-2026-00091,097NVV28UE1M1ZV,37FTDRLUXM601ZA,RJ,TN,GENERATED,2026-06-22,TRN-439617,DELPROOF-99469905
EWB375432423,INV-2026-00092,08KE2GJR81BM1ZO,296U3U6H0UFX1ZX,RJ,GJ,GENERATED,2026-10-01,TRN-552027,DELPROOF-58037664
EWB319119565,INV-2026-00093,24JR211PV58Y1ZA,19PW2W5506RR1ZN,GJ,RJ,IN_TRANSIT,2026-06-18,TRN-257826,DELPROOF-25342495
EWB733609046,INV-2026-00094,083TRP0J43D51ZH,07C9R4X1V4DX1ZQ,KA,KA,GENERATED,2026-07-05,TRN-407434,DELPROOF-32401014
EWB828793136,INV-2026-00095,190DRIMR25I71ZA,2995E5IZ31YR1ZS,KA,RJ,DELIVERED,2026-06-12,TRN-608077,DELPROOF-57153109
EWB440685632,INV-2026-00096,291KO6XNQXU71ZY,365XIN9DL5TG1ZQ,TN,DL,DELIVERED,2026-07-22,TRN-697337,DELPROOF-17612742
EWB678865074,INV-2026-00097,09G29D2FF5L61ZB,37OJWLRKXJTM1ZV,TS,KA,IN_TRANSIT,2026-06-30,TRN-999474,DELPROOF-92697997
EWB549760483,INV-2026-00098,37E8BTSMAQ3O1ZJ,296U3U6H0UFX1ZX,UP,KA,IN_TRANSIT,2026-07-12,TRN-153105,DELPROOF-46528083
EWB252491017,INV-2026-00099,33NN6TJ9XPF01ZA,082Z682U6ZV31ZH,RJ,KA,IN_TRANSIT,2026-07-28,TRN-154073,DELPROOF-25839819
EWB444882395,INV-2026-00100,361U24ZQFEZK1ZE,334BF5L0RXMI1ZN,TS,GJ,DELIVERED,2026-08-14,TRN-322644,DELPROOF-79585992
EWB100231520,INV-2026-00101,09NT0MQ8ABKA1ZE,09WPVS7HZIOY1ZJ,GJ,KA,DELIVERED,2026-08-21,TRN-902488,DELPROOF-72609301
EWB697999913,INV-2026-00102,24VT3X8VE00H1ZZ,37TL8N3E54N61ZM,TN,AP,IN_TRANSIT,2026-07-07,TRN-320535,DELPROOF-00791607
EWB343501744,INV-2026-00103,09KO4BUSU9F81ZO,08R4SOR8WM9L1ZA,WB,KA,DELIVERED,2026-07-16,TRN-396767,DELPROOF-99939218
EWB431152945,INV-2026-00104,24DPWVBZ7CN01ZE,36A75LD7M08L1ZC,DL,UP,IN_TRANSIT,2026-07-05,TRN-354836,DELPROOF-13774113
EWB543839830,INV-2026-00105,37QPWDXYASVD1ZA,36H30153SFLS1ZE,MH,RJ,DELIVERED,2026-07-07,TRN-151786,DELPROOF-08474289
EWB370482693,INV-2026-00106,36MJBQE7CKW51ZL,36NAWJGQU6H31ZJ,TS,AP,DELIVERED,2026-06-13,TRN-986623,DELPROOF-33498155
EWB263414506,INV-2026-00107,24XI64HAA34H1ZX,08PJ8T22C50B1ZV,KA,WB,IN_TRANSIT,2026-08-05,TRN-718461,DELPROOF-07250538
EWB955831694,INV-2026-00108,36A7D0WTWS3Y1ZN,332V2HEIFJFC1ZZ,TS,GJ,GENERATED,2026-08-22,TRN-106883,DELPROOF-66476808
EWB365169560,INV-2026-00109,27SYJAFCO3S61ZP,193V23GXJ0MQ1ZS,WB,AP,IN_TRANSIT,2026-09-23,TRN-632992,DELPROOF-49004337
EWB989689104,INV-2026-00110,27TDMO8RC64S1ZJ,37VC7HR6C2CU1ZN,RJ,TN,IN_TRANSIT,2026-08-11,TRN-864295,DELPROOF-54855936
EWB976733738,INV-2026-00111,07F060O4VFK91ZQ,36P0NEC8UYO51ZY,RJ,WB,IN_TRANSIT,2026-08-30,TRN-786395,DELPROOF-30948485
EWB473294221,INV-2026-00112,27FQS3D6357O1ZM,096OM1FB8C7X1ZX,AP,TN,DELIVERED,2026-06-27,TRN-701273,DELPROOF-49396303
EWB558609902,INV-2026-00113,099QEZG5WZAW1ZM,24V25AO20U9I1ZQ,TN,WB,GENERATED,2026-06-28,TRN-174229,DELPROOF-20044898
EWB746338988,INV-2026-00114,33RR8IQRT0071ZN,37RF3NAPLGW11ZU,TN,RJ,DELIVERED,2026-07-13,TRN-149837,DELPROOF-54946055
EWB231097150,INV-2026-00115,08L3VZZXT9QU1ZB,24BUNKNQT3WV1ZE,TN,TS,GENERATED,2026-07-03,TRN-917098,DELPROOF-93237506
EWB482700037,INV-2026-00116,36CYD52ALUNQ1ZP,33FNOTIA41SS1ZZ,GJ,TN,IN_TRANSIT,2026-06-26,TRN-758130,DELPROOF-09960164
EWB140809127,INV-2026-00117,09DP2FMR0TJO1ZN,24BUNKNQT3WV1ZE,GJ,AP,GENERATED,2026-09-15,TRN-470901,DELPROOF-75998837
EWB960454623,INV-2026-00118,37NOX8FK20761ZT,24DPWVBZ7CN01ZE,AP,TN,IN_TRANSIT,2026-09-14,TRN-290401,DELPROOF-97477892
EWB272941712,INV-2026-00119,191KFK7Y6QXD1ZQ,194RCB1KJTGQ1ZX,MH,UP,IN_TRANSIT,2026-09-16,TRN-592560,DELPROOF-88440590
EWB692110185,INV-2026-00120,36HZ364PKNT51ZH,09WPVS7HZIOY1ZJ,GJ,MH,DELIVERED,2026-06-12,TRN-256913,DELPROOF-11616677
EWB192261865,INV-2026-00121,07DALMJEGQTO1ZA,36NVN439ENGA1ZX,MH,KA,DELIVERED,2026-06-28,TRN-999465,DELPROOF-56580143
EWB589169297,INV-2026-00122,19QIOB0NLW0V1ZQ,19YS280XKXWD1ZY,KA,RJ,GENERATED,2026-09-23,TRN-875845,DELPROOF-05902077
EWB545733989,INV-2026-00123,27RYIEJ9C0UU1ZI,24IXDU1EMMX31ZV,AP,TN,GENERATED,2026-09-13,TRN-455923,DELPROOF-47741321
EWB983806839,INV-2026-00124,244UNY181ACJ1ZB,2430VVIJVDDW1ZT,RJ,KA,IN_TRANSIT,2026-09-12,TRN-511912,DELPROOF-52432367
EWB295273568,INV-2026-00125,29OORBT6SAPB1ZQ,24HHA1PJGFJC1ZW,KA,DL,GENERATED,2026-08-18,TRN-752355,DELPROOF-28378882
EWB373866661,INV-2026-00126,29FS8Q0PXAEC1ZU,271D9S9HBN5E1ZJ,AP,WB,IN_TRANSIT,2026-09-28,TRN-561733,DELPROOF-57900824
EWB843118247,INV-2026-00127,24JDTVV2Y4XK1ZQ,33X1945NQ4FM1ZV,MH,TS,GENERATED,2026-07-21,TRN-835613,DELPROOF-11424640
EWB862794095,INV-2026-00128,33YFZ9S9VS1Q1ZE,29HOUU9SIJPY1ZS,DL,UP,IN_TRANSIT,2026-09-10,TRN-159809,DELPROOF-65796770
EWB361857075,INV-2026-00129,19ETIUYMO0PQ1ZC,08GEFQJG02U11ZF,WB,AP,DELIVERED,2026-08-22,TRN-629545,DELPROOF-37948197
EWB168972929,INV-2026-00130,27N9YE6BGGRM1ZO,294S3MEIUR921ZY,WB,DL,GENERATED,2026-08-18,TRN-775559,DELPROOF-41010756
EWB970610350,INV-2026-00131,24QZHECBUQYP1ZH,29TUL1P36P6Q1ZF,AP,AP,GENERATED,2026-07-08,TRN-813892,DELPROOF-20076815
EWB103294892,INV-2026-00132,19U1OE5EI28D1ZQ,379MX2X18HAF1ZE,GJ,RJ,GENERATED,2026-06-15,TRN-883770,DELPROOF-05807661
EWB694769075,INV-2026-00133,29BUZPHD7NDJ1ZU,36X8ERTB74RS1ZF,KA,WB,IN_TRANSIT,2026-06-25,TRN-717561,DELPROOF-38271338
EWB746010456,INV-2026-00134,3312VJ99T2D51ZE,076UAMWJPIWU1ZI,KA,TN,IN_TRANSIT,2026-07-25,TRN-254679,DELPROOF-96424304
EWB224636128,INV-2026-00135,244KII1NQ0EI1ZX,338SA3IDY3C71ZP,DL,GJ,IN_TRANSIT,2026-06-11,TRN-949896,DELPROOF-97447646
EWB195749724,INV-2026-00136,37CVSQAME4YR1ZH,291KO6XNQXU71ZY,AP,TN,IN_TRANSIT,2026-09-27,TRN-707317,DELPROOF-01457579
EWB822363666,INV-2026-00137,19RL69VSYXBB1ZE,1941J2PATD931ZD,UP,TS,IN_TRANSIT,2026-07-22,TRN-831292,DELPROOF-34152994
EWB104201145,INV-2026-00138,09VQHL097FZR1ZK,37HL1737SUUD1ZO,TN,WB,GENERATED,2026-09-24,TRN-783332,DELPROOF-74715523
EWB859986857,INV-2026-00139,37V71448N7OD1ZJ,07HFSU4SE2KY1ZR,UP,GJ,GENERATED,2026-07-05,TRN-120581,DELPROOF-30222696
EWB537212151,INV-2026-00140,36V0LG92MJEQ1ZA,36Z1OA3VF02G1ZT,MH,UP,IN_TRANSIT,2026-09-07,TRN-204295,DELPROOF-60333079
EWB814744515,INV-2026-00141,33TGDUQ6DDTB1ZW,296JIXUB4IBH1ZH,RJ,RJ,IN_TRANSIT,2026-09-23,TRN-404201,DELPROOF-09791570
EWB179857222,INV-2026-00142,24VS0CDK36M81ZI,249NB74X2EK31ZW,MH,DL,IN_TRANSIT,2026-09-08,TRN-144122,DELPROOF-43505123
EWB402287532,INV-2026-00143,2748VFCX7LXX1ZE,07YJ3D6M1FMP1ZP,RJ,UP,DELIVERED,2026-07-12,TRN-250888,DELPROOF-64171630
EWB963842046,INV-2026-00144,36N23Y30YSXP1ZL,24Q15FBS4WVT1ZX,UP,UP,IN_TRANSIT,2026-06-04,TRN-585925,DELPROOF-57673727
EWB776953339,INV-2026-00145,278GUAS173RI1ZG,29UPPGBIVSCU1ZN,WB,TN,DELIVERED,2026-07-27,TRN-844477,DELPROOF-63857854
EWB988591244,INV-2026-00146,361U24ZQFEZK1ZE,24XI64HAA34H1ZX,TN,TS,DELIVERED,2026-09-25,TRN-237957,DELPROOF-24588524
EWB677395390,INV-2026-00147,24AJSSUUQO1V1ZQ,37CVSQAME4YR1ZH,GJ,MH,DELIVERED,2026-08-30,TRN-803776,DELPROOF-83514992
EWB202012437,INV-2026-00148,27RE4V9KYPOF1ZJ,24FC79M96ZPX1ZT,WB,TS,IN_TRANSIT,2026-06-26,TRN-918906,DELPROOF-21384760
EWB611850636,INV-2026-00149,24C1RBK9RX641ZT,27DWKZIRNK6Z1ZG,KA,TN,DELIVERED,2026-08-15,TRN-193822,DELPROOF-12246611
EWB710920904,INV-2026-00150,36I5P5NVQEBW1ZS,2704UX5QRL1N1ZK,TS,TN,DELIVERED,2026-07-01,TRN-847013,DELPROOF-17382113
EWB615134481,INV-2026-00151,07JTUW9OHTUG1ZR,08ITMOFMMWI91ZQ,DL,RJ,DELIVERED,2026-07-30,TRN-687471,DELPROOF-88014315
EWB849739222,INV-2026-00152,09YL68NTK63N1ZZ,19N42X2EZC7F1ZN,WB,DL,IN_TRANSIT,2026-09-05,TRN-211140,DELPROOF-70389969
EWB517222578,INV-2026-00153,09ASFEN0B09Z1ZH,24E4PO1I3MSD1ZL,RJ,WB,IN_TRANSIT,2026-06-16,TRN-778821,DELPROOF-01840389
EWB785213965,INV-2026-00154,36FKRIG7JVDI1ZI,191LLKSTN3CP1ZS,AP,RJ,IN_TRANSIT,2026-08-19,TRN-718016,DELPROOF-77965248
EWB865747669,INV-2026-00155,3681IQY5SXAW1ZK,29ZGF9Q5RDOQ1ZH,AP,UP,GENERATED,2026-06-21,TRN-782954,DELPROOF-33807525
EWB306664789,INV-2026-00156,09XNPSV8DKMU1ZQ,33R09SKDGIGA1ZR,DL,WB,DELIVERED,2026-09-01,TRN-573940,DELPROOF-27035671
EWB619834104,INV-2026-00157,27D0RLEXDW6L1ZO,295VRZ38EFE91ZT,RJ,WB,DELIVERED,2026-08-16,TRN-471194,DELPROOF-33369660
EWB104174884,INV-2026-00158,08CPNCC2KEIV1ZK,196E1ZHWY9HE1ZC,KA,RJ,DELIVERED,2026-07-29,TRN-502973,DELPROOF-87207652
EWB212718943,INV-2026-00159,36AGVLKW1XSR1ZO,09VZB0OIH5CS1ZJ,DL,UP,IN_TRANSIT,2026-09-02,TRN-455403,DELPROOF-43430023
EWB940925296,INV-2026-00160,246RPKZGGM0J1ZT,096F7QNEZW9H1ZE,RJ,MH,DELIVERED,2026-08-28,TRN-168028,DELPROOF-77902963
EWB390953933,INV-2026-00161,24I7E1DDQLEM1ZY,336E07FPY1AE1ZJ,UP,TS,GENERATED,2026-06-30,TRN-442066,DELPROOF-93146160
EWB493916849,INV-2026-00162,294052W8LI3I1ZE,33JXL66YA6BA1ZZ,TN,DL,DELIVERED,2026-08-07,TRN-488404,DELPROOF-25280090
EWB318118012,INV-2026-00163,091N6KVPUC8D1ZY,360RXXF36WA71ZQ,MH,TS,IN_TRANSIT,2026-07-28,TRN-499330,DELPROOF-83204906
EWB514244007,INV-2026-00164,37AWQ57LY7501ZX,376EK6X6LGOI1ZM,UP,KA,GENERATED,2026-09-11,TRN-389139,DELPROOF-91179102
EWB317958187,INV-2026-00165,07YJ9BOQ0IQ21ZE,3366PB90SPO31ZW,WB,GJ,IN_TRANSIT,2026-09-27,TRN-605661,DELPROOF-21457932
EWB151117687,INV-2026-00166,36SBUOV6TT9Q1ZY,08UJT9T11PHP1ZX,TN,MH,DELIVERED,2026-09-12,TRN-481465,DELPROOF-40326710
EWB268756064,INV-2026-00167,37KWCYUKND1I1ZT,27Y6QKTC89K81ZW,TS,TN,DELIVERED,2026-08-05,TRN-552285,DELPROOF-81430155
EWB577147285,INV-2026-00168,29GBCYH3FVL01ZZ,08R4SOR8WM9L1ZA,TN,AP,DELIVERED,2026-08-30,TRN-806980,DELPROOF-76751529
EWB203222262,INV-2026-00169,37ASJTK3LIRH1ZV,07F5A7QY8YB71ZU,DL,AP,IN_TRANSIT,2026-06-28,TRN-939877,DELPROOF-56435467
EWB663082705,INV-2026-00170,36A75LD7M08L1ZC,19875AUD9K9T1ZP,WB,GJ,IN_TRANSIT,2026-09-16,TRN-525817,DELPROOF-28894262
EWB111476422,INV-2026-00171,19SVIWXYYTUW1ZK,29L9OT7TXKDO1ZR,AP,DL,DELIVERED,2026-08-08,TRN-881129,DELPROOF-52952652
EWB655127372,INV-2026-00172,190DRIMR25I71ZA,24EFJAWSHMLF1ZW,KA,DL,DELIVERED,2026-07-10,TRN-867012,DELPROOF-17431767
EWB140574684,INV-2026-00173,24OROI5J8YIT1ZZ,078YI340SQCN1ZE,DL,RJ,IN_TRANSIT,2026-09-05,TRN-750880,DELPROOF-56761651
EWB442535921,INV-2026-00174,368B97EGT2HS1ZN,19U2T0JESGQ41ZB,TS,MH,DELIVERED,2026-07-09,TRN-678954,DELPROOF-11355305
EWB942021097,INV-2026-00175,37N2LM1CBHT91ZR,19U2T0JESGQ41ZB,GJ,RJ,GENERATED,2026-09-25,TRN-693305,DELPROOF-11760073
EWB898862924,INV-2026-00176,081W1WUDCBL41ZC,33X1945NQ4FM1ZV,MH,TN,IN_TRANSIT,2026-06-04,TRN-403781,DELPROOF-34255425
EWB927875339,INV-2026-00177,33AGK6P0N17U1ZU,09NXZDZB5F5T1ZV,RJ,AP,GENERATED,2026-08-18,TRN-561567,DELPROOF-24206369
EWB280747135,INV-2026-00178,29050E6MPSJ91ZU,19H07WPH6FE01ZL,TN,MH,GENERATED,2026-09-03,TRN-127070,DELPROOF-03680390
EWB910221236,INV-2026-00179,19A09LZRK79U1ZE,37XA5S00I85S1ZW,TS,DL,IN_TRANSIT,2026-08-23,TRN-737304,DELPROOF-16838555
EWB460699498,INV-2026-00180,24XHG403NJBC1ZE,07DMLC8XIZX31ZP,KA,UP,IN_TRANSIT,2026-08-14,TRN-502870,DELPROOF-74135755
EWB271644563,INV-2026-00181,09DCLI6978V01ZB,08PSUOVHAUVA1ZZ,TS,WB,IN_TRANSIT,2026-09-25,TRN-215854,DELPROOF-21611073
EWB390395155,INV-2026-00182,336E07FPY1AE1ZJ,091NKBTFSHB01ZM,RJ,GJ,DELIVERED,2026-08-05,TRN-737418,DELPROOF-37370233
EWB480939267,INV-2026-00183,0950OP7XMR8F1ZG,24KRZD5E9P3J1ZN,RJ,TN,GENERATED,2026-08-13,TRN-355569,DELPROOF-47847692
EWB100236848,INV-2026-00184,299CSS9TOQW91ZI,37V80LKX1S9X1ZJ,KA,TS,DELIVERED,2026-07-05,TRN-924525,DELPROOF-14920614
EWB285514950,INV-2026-00185,372IHOY7DV7C1ZC,097Q5EGVLKDN1ZM,DL,TN,IN_TRANSIT,2026-08-14,TRN-201376,DELPROOF-50844649
EWB917314160,INV-2026-00186,24AV1G8NTAFU1ZT,08VUBF99U26U1ZM,AP,KA,GENERATED,2026-09-03,TRN-337882,DELPROOF-09037227
EWB449798133,INV-2026-00187,07YE088O98BV1ZZ,24FC79M96ZPX1ZT,GJ,RJ,DELIVERED,2026-06-16,TRN-248210,DELPROOF-52779763
EWB375192665,INV-2026-00188,27CR6C1PY6Q91ZV,24XVDA4L3KHY1ZE,MH,RJ,IN_TRANSIT,2026-06-18,TRN-690696,DELPROOF-46455005
EWB318267685,INV-2026-00189,29IY5PU5WH501ZI,08R4SOR8WM9L1ZA,UP,AP,DELIVERED,2026-06-14,TRN-971199,DELPROOF-28797525
EWB669689439,INV-2026-00190,241SDIEQFB851ZN,2748VFCX7LXX1ZE,RJ,MH,DELIVERED,2026-09-16,TRN-435650,DELPROOF-94772445
EWB490259981,INV-2026-00191,07SBJDX0PKOV1ZQ,27D0RLEXDW6L1ZO,KA,RJ,IN_TRANSIT,2026-06-29,TRN-432736,DELPROOF-28828672
EWB107394763,INV-2026-00192,09ZYF2EV4JI41ZS,37ICJDAN085R1ZM,WB,TS,DELIVERED,2026-09-24,TRN-754449,DELPROOF-11203225
EWB874316344,INV-2026-00193,08CNWMBXEK0Q1ZH,07HFSU4SE2KY1ZR,RJ,KA,GENERATED,2026-10-01,TRN-242244,DELPROOF-75139556
EWB914307768,INV-2026-00194,19JY5OP9LBSM1ZT,09IIYMYRSVZN1ZM,TS,KA,GENERATED,2026-09-07,TRN-828905,DELPROOF-17662917
EWB727782706,INV-2026-00195,278HL88KZRUI1ZM,27VM2P9E6GBP1ZQ,KA,WB,IN_TRANSIT,2026-08-27,TRN-732627,DELPROOF-63928272
EWB429450034,INV-2026-00196,09L00EZZF8S21ZX,3313CD5GLQJ51ZQ,KA,AP,GENERATED,2026-07-01,TRN-156993,DELPROOF-31755900
EWB766727324,INV-2026-00197,33N7G8B2ZXII1ZX,09F124VF89X21ZY,GJ,GJ,GENERATED,2026-07-01,TRN-570431,DELPROOF-81773690
EWB489813425,INV-2026-00198,29LD4D6AF58C1ZZ,246S5ZXQOMTS1ZY,TN,GJ,GENERATED,2026-07-01,TRN-527390,DELPROOF-20027460
EWB889712323,INV-2026-00199,27TDMO8RC64S1ZJ,29JGKCQY26561ZA,AP,DL,GENERATED,2026-07-25,TRN-885722,DELPROOF-01010064
EWB336145239,INV-2026-00200,27RYIEJ9C0UU1ZI,37OAZTKSZP7G1ZD,WB,RJ,GENERATED,2026-09-22,TRN-980323,DELPROOF-86302939
EWB641558706,INV-2026-00201,09N9T84AZYTJ1ZU,248IOGXPBWHV1ZM,KA,KA,IN_TRANSIT,2026-06-09,TRN-644107,DELPROOF-10762935
EWB923348043,INV-2026-00202,072Y8FV2BC2N1ZM,27SLH9BH811K1ZD,WB,WB,DELIVERED,2026-07-03,TRN-903495,DELPROOF-95705518
EWB574060022,INV-2026-00203,072Y8FV2BC2N1ZM,27TMFEK2O7FH1ZQ,TS,WB,IN_TRANSIT,2026-08-31,TRN-457205,DELPROOF-03021346
EWB256903237,INV-2026-00204,24J1QI9MQVAY1ZU,2430I6G61PCW1ZD,DL,DL,IN_TRANSIT,2026-09-23,TRN-402443,DELPROOF-81988549
EWB717364485,INV-2026-00205,3374NL03LLU11ZA,29Y2X15XJXNE1ZC,AP,MH,GENERATED,2026-08-25,TRN-630445,DELPROOF-75381019
EWB733941930,INV-2026-00206,3313CD5GLQJ51ZQ,0778S6764CAQ1ZJ,TS,DL,IN_TRANSIT,2026-07-09,TRN-824528,DELPROOF-95422805
EWB128954427,INV-2026-00207,07YE088O98BV1ZZ,082Z682U6ZV31ZH,DL,WB,IN_TRANSIT,2026-07-04,TRN-317904,DELPROOF-74648271
EWB107029335,INV-2026-00208,08XLSEUNNRLS1ZQ,19I08L0HG9NC1ZA,KA,TN,DELIVERED,2026-09-29,TRN-641068,DELPROOF-80032951
EWB248029708,INV-2026-00209,36WTEKTSG7FX1ZX,07NYFM7VH30Q1ZB,MH,UP,IN_TRANSIT,2026-09-30,TRN-438062,DELPROOF-23569488
EWB280075415,INV-2026-00210,37IYNO667VGP1ZK,373UBM9XHCGR1ZW,MH,TS,DELIVERED,2026-08-19,TRN-257023,DELPROOF-01572262
EWB381029947,INV-2026-00211,3681IQY5SXAW1ZK,27L8MWOB4FDD1ZV,AP,DL,DELIVERED,2026-06-14,TRN-997075,DELPROOF-33295750
EWB200260557,INV-2026-00212,078YI340SQCN1ZE,19FYO1750CEH1ZK,TS,KA,IN_TRANSIT,2026-09-27,TRN-508171,DELPROOF-75353381
EWB347908788,INV-2026-00213,19NGIXMC4SX21ZH,07C9R4X1V4DX1ZQ,GJ,AP,IN_TRANSIT,2026-07-02,TRN-350146,DELPROOF-27674008
EWB962351687,INV-2026-00214,29GJD3EX5MHQ1ZL,2748VFCX7LXX1ZE,TS,WB,GENERATED,2026-07-11,TRN-240892,DELPROOF-33516037
EWB847405521,INV-2026-00215,09F124VF89X21ZY,27J5D5E3H0Y41ZT,AP,AP,IN_TRANSIT,2026-07-27,TRN-221193,DELPROOF-69774799
EWB326979739,INV-2026-00216,07AHCPZTC69Q1ZJ,36ALCKZ3VWLO1ZR,AP,TS,GENERATED,2026-09-05,TRN-285797,DELPROOF-23177046
EWB608398430,INV-2026-00217,08PSUOVHAUVA1ZZ,1949PSO1LQSR1ZL,MH,GJ,DELIVERED,2026-07-28,TRN-770646,DELPROOF-92750738
EWB512035558,INV-2026-00218,27KMBY9IPA2V1ZM,3307S387J5IE1ZZ,AP,GJ,IN_TRANSIT,2026-08-28,TRN-673582,DELPROOF-35511753
EWB773982231,INV-2026-00219,19YS280XKXWD1ZY,29TUL1P36P6Q1ZF,RJ,KA,DELIVERED,2026-09-09,TRN-928516,DELPROOF-40270794
EWB612789981,INV-2026-00220,07H3YRGHWZKA1ZF,095935A0L7251ZZ,WB,AP,GENERATED,2026-06-18,TRN-628280,DELPROOF-29943459
EWB139868859,INV-2026-00221,07OUZE66VW9B1ZX,08IO1K7F5OA31ZY,RJ,TS,GENERATED,2026-06-15,TRN-587657,DELPROOF-72826937
EWB649481198,INV-2026-00222,37NOX8FK20761ZT,27W8GAKH3YCQ1ZD,RJ,KA,GENERATED,2026-07-28,TRN-524737,DELPROOF-04744064
EWB345648878,INV-2026-00223,09QEQ7Z7E5RD1ZE,0874QR14VUYV1ZZ,RJ,TN,DELIVERED,2026-09-02,TRN-836551,DELPROOF-58467906
EWB847611822,INV-2026-00224,36WS44C68AU91ZD,379RWTF07GBA1ZQ,KA,UP,GENERATED,2026-09-16,TRN-893615,DELPROOF-41735995
EWB563451476,INV-2026-00225,24X8SYLEMRUY1ZN,19TNGVN1KICJ1ZM,WB,GJ,DELIVERED,2026-08-15,TRN-612055,DELPROOF-46906081
EWB333940249,INV-2026-00226,33SDUHH03G951ZO,33WGT2LB25481ZP,WB,WB,IN_TRANSIT,2026-07-12,TRN-727163,DELPROOF-10437154
EWB864160929,INV-2026-00227,0925SQ8CROYR1ZO,29TVZKHIUIT71ZK,TS,AP,GENERATED,2026-09-18,TRN-627160,DELPROOF-69318409
EWB826586367,INV-2026-00228,37FKVZS8UFX21ZB,083TRP0J43D51ZH,GJ,MH,GENERATED,2026-07-25,TRN-890212,DELPROOF-28756981
EWB356064203,INV-2026-00229,27TMFEK2O7FH1ZQ,097Q5EGVLKDN1ZM,TS,MH,DELIVERED,2026-06-09,TRN-982617,DELPROOF-95444661
EWB743123821,INV-2026-00230,24X8SYLEMRUY1ZN,36RNR2KYB3GD1ZS,UP,KA,IN_TRANSIT,2026-07-24,TRN-205752,DELPROOF-39323922
EWB399131553,INV-2026-00231,24DJGF1C8WQU1ZS,097WR0R35IKG1ZD,KA,RJ,DELIVERED,2026-07-13,TRN-944449,DELPROOF-25378499
EWB189470289,INV-2026-00232,29W5L4RMVVNX1ZH,079UNFVOBBZ21ZQ,AP,MH,IN_TRANSIT,2026-07-30,TRN-649295,DELPROOF-28831041
EWB631162717,INV-2026-00233,27FAW1LXXD8T1ZY,24KRZD5E9P3J1ZN,WB,WB,DELIVERED,2026-07-25,TRN-753796,DELPROOF-71024723
EWB326665064,INV-2026-00234,33ZG9JJ0076E1ZJ,19CBZAMD270S1ZR,AP,MH,DELIVERED,2026-07-20,TRN-455123,DELPROOF-07095279
EWB565308686,INV-2026-00235,36QJNV8Z2FLU1ZJ,19ZJ4KJEITKX1ZI,GJ,WB,IN_TRANSIT,2026-06-14,TRN-896554,DELPROOF-34768673
EWB287252591,INV-2026-00236,096F7QNEZW9H1ZE,078IJTYOLD621ZE,UP,TS,GENERATED,2026-07-30,TRN-380905,DELPROOF-37055317
EWB877030197,INV-2026-00237,09G29D2FF5L61ZB,08PSUOVHAUVA1ZZ,RJ,KA,GENERATED,2026-06-25,TRN-124558,DELPROOF-66644409
EWB177490304,INV-2026-00238,24K8WRU1XEMI1ZU,27BOGKAH2XJQ1ZZ,WB,DL,GENERATED,2026-10-04,TRN-655117,DELPROOF-41627704
EWB285336547,INV-2026-00239,360RXXF36WA71ZQ,29OORBT6SAPB1ZQ,MH,TS,IN_TRANSIT,2026-06-24,TRN-602914,DELPROOF-49719297
EWB838017265,INV-2026-00240,37JVLCG1J5EW1ZE,36X8ERTB74RS1ZF,KA,RJ,DELIVERED,2026-08-11,TRN-390296,DELPROOF-02634072
EWB322313474,INV-2026-00241,24OROI5J8YIT1ZZ,29050E6MPSJ91ZU,WB,TN,IN_TRANSIT,2026-09-07,TRN-875958,DELPROOF-11506156
EWB381858932,INV-2026-00242,24IOYGGVNYRU1ZH,19PGBA9IN2XR1ZZ,DL,TS,IN_TRANSIT,2026-07-08,TRN-239990,DELPROOF-45501141
EWB952198592,INV-2026-00243,29X08N6Q7NC81ZR,19JY5OP9LBSM1ZT,TS,KA,DELIVERED,2026-08-21,TRN-660136,DELPROOF-91423730
EWB996394388,INV-2026-00244,36NVN439ENGA1ZX,07GPJ60SRYZX1ZN,AP,RJ,IN_TRANSIT,2026-07-28,TRN-172738,DELPROOF-00523329
EWB608222596,INV-2026-00245,249M6MG87OI01ZE,36OI9WM1SAV91ZB,RJ,WB,DELIVERED,2026-09-06,TRN-776150,DELPROOF-36247723
EWB505987187,INV-2026-00246,36HZ364PKNT51ZH,33W6JL2L5B561ZB,AP,MH,GENERATED,2026-08-03,TRN-516897,DELPROOF-07878965
EWB228776626,INV-2026-00247,37NZASYWDRKU1ZN,37WZZG4C4EPZ1ZK,KA,TS,DELIVERED,2026-06-17,TRN-279445,DELPROOF-81404464
EWB240256430,INV-2026-00248,33ZG9JJ0076E1ZJ,07F5A7QY8YB71ZU,UP,DL,DELIVERED,2026-08-24,TRN-591229,DELPROOF-82926614
EWB268388059,INV-2026-00249,33Y8GY39BU4U1ZW,072L4X5BWAEN1ZH,MH,GJ,GENERATED,2026-09-09,TRN-880842,DELPROOF-90299421
EWB177171067,INV-2026-00250,19H07WPH6FE01ZL,194C3EVWCHM41ZX,AP,UP,DELIVERED,2026-09-06,TRN-645465,DELPROOF-00633312
EWB613100762,INV-2026-00251,37BBKJY2NZ7V1ZD,19H07WPH6FE01ZL,GJ,RJ,IN_TRANSIT,2026-06-26,TRN-585970,DELPROOF-68358782
EWB126136894,INV-2026-00252,27RE4V9KYPOF1ZJ,198CD31NRXD31ZS,KA,RJ,GENERATED,2026-07-27,TRN-960804,DELPROOF-75516374
EWB108262557,INV-2026-00253,36LVR7MGATND1ZD,0793ACZSX0GN1ZW,WB,RJ,DELIVERED,2026-08-09,TRN-759636,DELPROOF-46673733
EWB279332888,INV-2026-00254,2928DITMOWNX1ZZ,072Y8FV2BC2N1ZM,DL,GJ,DELIVERED,2026-07-02,TRN-567135,DELPROOF-06748542
EWB794956007,INV-2026-00255,249PML9LN1P01ZT,36HZ364PKNT51ZH,AP,GJ,GENERATED,2026-08-04,TRN-618945,DELPROOF-12141453
EWB771138060,INV-2026-00256,33N14EB8753A1ZW,365GJLQM5K8P1ZC,KA,RJ,DELIVERED,2026-09-04,TRN-770888,DELPROOF-70074942
EWB527808449,INV-2026-00257,36S5NKB4EHOU1ZO,372IHOY7DV7C1ZC,TS,RJ,GENERATED,2026-07-03,TRN-626575,DELPROOF-58204983
EWB353848532,INV-2026-00258,36HE4H3GM1BW1ZV,24XVDA4L3KHY1ZE,UP,GJ,DELIVERED,2026-09-23,TRN-849724,DELPROOF-81496642
EWB273316676,INV-2026-00259,37ZDY3O1ICNS1ZR,29O1PVLND5811ZK,WB,UP,GENERATED,2026-09-20,TRN-564137,DELPROOF-53216077
EWB283249662,INV-2026-00260,291KO6XNQXU71ZY,33TVJ0PTJXFQ1ZI,DL,DL,DELIVERED,2026-08-12,TRN-817778,DELPROOF-44510942
EWB924703843,INV-2026-00261,36BHHLK3YJZ91ZY,19CRUYF38DIU1ZN,TS,WB,GENERATED,2026-07-02,TRN-292969,DELPROOF-48245232
EWB342734562,INV-2026-00262,36AHUKWQVR1H1ZR,0950OP7XMR8F1ZG,WB,DL,GENERATED,2026-06-24,TRN-631129,DELPROOF-16404190
EWB679079166,INV-2026-00263,098DD22555JX1ZS,36QJNV8Z2FLU1ZJ,RJ,DL,IN_TRANSIT,2026-09-25,TRN-941496,DELPROOF-77382268
EWB101656882,INV-2026-00264,2414HOAE527P1ZQ,36FWYJXRPJ1E1ZN,TS,WB,DELIVERED,2026-08-06,TRN-126190,DELPROOF-17995461
EWB799694031,INV-2026-00265,24O0IPFG8PJV1ZP,37NZASYWDRKU1ZN,RJ,KA,IN_TRANSIT,2026-09-21,TRN-606101,DELPROOF-70297803
EWB561962345,INV-2026-00266,24R3UV43MCO01ZC,070M24US73W11ZV,WB,WB,IN_TRANSIT,2026-09-28,TRN-897980,DELPROOF-73139115
EWB155151362,INV-2026-00267,09NGLH62C9T11ZH,07SJ84TC2QSI1ZZ,TN,DL,GENERATED,2026-09-16,TRN-703796,DELPROOF-28213946
EWB925243184,INV-2026-00268,29NUI3DO70021ZF,08GWA44LZ6V71ZQ,AP,UP,IN_TRANSIT,2026-06-19,TRN-295935,DELPROOF-81735598
EWB544902089,INV-2026-00269,335URTXUYUCE1ZC,33ALFWYPEEK01ZZ,TS,TN,DELIVERED,2026-07-06,TRN-783489,DELPROOF-27996265
EWB237301619,INV-2026-00270,299GNLPYO2M21ZU,197ZQPPOAU8P1ZY,KA,AP,DELIVERED,2026-07-09,TRN-970390,DELPROOF-28547219
EWB748900145,INV-2026-00271,29ZGF9Q5RDOQ1ZH,37NZASYWDRKU1ZN,KA,DL,GENERATED,2026-09-30,TRN-665093,DELPROOF-12073660
EWB855596032,INV-2026-00272,29828XG8Y72I1ZS,24TY3ADDQHKG1ZA,MH,RJ,DELIVERED,2026-08-23,TRN-952161,DELPROOF-68037849
EWB207534142,INV-2026-00273,0925SQ8CROYR1ZO,074EIJ00HOD71ZP,DL,AP,DELIVERED,2026-06-16,TRN-438583,DELPROOF-22484621
EWB976655964,INV-2026-00274,33H4NRED6M421ZE,09G29D2FF5L61ZB,TN,RJ,GENERATED,2026-07-13,TRN-338826,DELPROOF-38900370
EWB424615881,INV-2026-00275,098DD22555JX1ZS,37RQ8RTM4J3D1ZA,DL,DL,IN_TRANSIT,2026-08-15,TRN-613047,DELPROOF-76228215
EWB998319642,INV-2026-00276,240EN48UACT41ZN,36UDS3QSQCQ31ZX,UP,AP,IN_TRANSIT,2026-07-03,TRN-941061,DELPROOF-74248221
EWB366174207,INV-2026-00277,09337KUU4YTN1ZX,377KNUFBHGP51ZC,RJ,MH,DELIVERED,2026-08-21,TRN-510594,DELPROOF-98669875
EWB265432297,INV-2026-00278,33DY5EGTBXPS1ZN,37TEAVT8K06M1ZN,AP,TN,DELIVERED,2026-07-17,TRN-715933,DELPROOF-35986345
EWB956553340,INV-2026-00279,08XQM334L1VZ1ZL,24CMCOCO2ZTD1ZG,UP,TN,GENERATED,2026-09-01,TRN-330159,DELPROOF-18382057
EWB487601111,INV-2026-00280,19I08L0HG9NC1ZA,19BEF46RF7BN1ZG,GJ,RJ,GENERATED,2026-09-20,TRN-613342,DELPROOF-37853346
EWB751984210,INV-2026-00281,37WZZG4C4EPZ1ZK,37GINSAVOCIR1ZB,UP,WB,IN_TRANSIT,2026-07-08,TRN-257904,DELPROOF-89894243
EWB713926258,INV-2026-00282,27TMFEK2O7FH1ZQ,074I6R8SO5WI1ZQ,TN,TN,DELIVERED,2026-08-09,TRN-506964,DELPROOF-95831344
EWB582803087,INV-2026-00283,08791ZYRRU7Z1ZJ,19ERBYEAWHML1ZT,MH,RJ,DELIVERED,2026-10-03,TRN-932171,DELPROOF-90750621
EWB845974180,INV-2026-00284,24J1QI9MQVAY1ZU,09OTHLQH7PPC1ZA,DL,RJ,DELIVERED,2026-07-24,TRN-172526,DELPROOF-12802900
EWB486354081,INV-2026-00285,24DJGF1C8WQU1ZS,29JZ09OWGMF41ZK,GJ,KA,DELIVERED,2026-07-28,TRN-998856,DELPROOF-93456330
EWB666365631,INV-2026-00286,07YHQIN9N6XC1ZI,331S9RYLLWB71ZQ,RJ,KA,GENERATED,2026-06-16,TRN-977199,DELPROOF-55398553
EWB269647181,INV-2026-00287,36L90AOBT3281ZU,36WUCX67XKWQ1ZX,DL,DL,GENERATED,2026-07-17,TRN-822274,DELPROOF-89421782
EWB226587036,INV-2026-00288,37M5PUU62RZV1ZY,19H6NHKSQNAL1ZN,RJ,TS,IN_TRANSIT,2026-07-30,TRN-381161,DELPROOF-16037669
EWB116878156,INV-2026-00289,29WLQ6EXNWZR1ZX,27V1A0Q24BOZ1ZK,TN,DL,GENERATED,2026-09-09,TRN-635454,DELPROOF-06468127
EWB152926562,INV-2026-00290,27IS2GY9YTJU1ZO,199VCCMTPKQ51ZC,WB,DL,DELIVERED,2026-07-14,TRN-774972,DELPROOF-96751129
EWB691418543,INV-2026-00291,19SLAYNDN5GJ1ZI,33GXP5CITUF81ZB,KA,TN,DELIVERED,2026-06-07,TRN-586044,DELPROOF-30733053
EWB343417961,INV-2026-00292,09JCHZJQ8CXX1ZV,097UJODCK8281ZR,KA,TN,DELIVERED,2026-08-07,TRN-313449,DELPROOF-97307646
EWB182093494,INV-2026-00293,37V71448N7OD1ZJ,27WVA984UVKY1ZP,WB,GJ,GENERATED,2026-08-21,TRN-617576,DELPROOF-28209837
EWB380860431,INV-2026-00294,29SPD2SW24WJ1ZR,24EFJAWSHMLF1ZW,RJ,KA,GENERATED,2026-09-04,TRN-832087,DELPROOF-22311488
EWB176778280,INV-2026-00295,08HR07N8VOEU1ZB,271D9S9HBN5E1ZJ,UP,RJ,IN_TRANSIT,2026-08-19,TRN-246031,DELPROOF-39785500
EWB915623597,INV-2026-00296,24YRVXOIEVES1ZS,37DZNZ9C65FP1ZW,TN,WB,DELIVERED,2026-10-06,TRN-329267,DELPROOF-98310085
EWB347274796,INV-2026-00297,08XQM334L1VZ1ZL,07HFSU4SE2KY1ZR,TS,TS,GENERATED,2026-07-28,TRN-320705,DELPROOF-45578097
EWB637217946,INV-2026-00298,337NZBXFV7FI1ZS,08IO1K7F5OA31ZY,UP,UP,DELIVERED,2026-09-25,TRN-277599,DELPROOF-90085767
EWB478938838,INV-2026-00299,29FS8Q0PXAEC1ZU,09ASFEN0B09Z1ZH,DL,KA,GENERATED,2026-09-09,TRN-432477,DELPROOF-79801994
EWB678360011,INV-2026-00300,3607OXK8C1GR1ZA,09VYLKFXHKC81ZX,TS,RJ,IN_TRANSIT,2026-09-15,TRN-711378,DELPROOF-49179830
EWB569031938,INV-2026-00301,299GNLPYO2M21ZU,19Y1Z682R6ZL1ZY,TN,KA,DELIVERED,2026-07-07,TRN-272776,DELPROOF-91105972
EWB918768498,INV-2026-00302,299CSS9TOQW91ZI,24ZZF8ADF7PC1ZH,TN,RJ,IN_TRANSIT,2026-09-09,TRN-448268,DELPROOF-65797812
EWB501041116,INV-2026-00303,37GINSAVOCIR1ZB,076UAMWJPIWU1ZI,DL,RJ,GENERATED,2026-07-01,TRN-591348,DELPROOF-45880928
EWB842497379,INV-2026-00304,24HKPJ7HME6P1ZM,37UEQ4D7D7GD1ZK,RJ,WB,GENERATED,2026-07-12,TRN-624669,DELPROOF-06521521
EWB467558112,INV-2026-00305,24UE421VMEFO1ZW,09A1EIPICERH1ZM,MH,RJ,IN_TRANSIT,2026-10-03,TRN-950743,DELPROOF-29395515
EWB806902729,INV-2026-00306,292S8U8ZF0P71ZJ,09PBN78BMYYM1ZR,TS,TN,IN_TRANSIT,2026-08-05,TRN-634146,DELPROOF-10979802
EWB792024792,INV-2026-00307,27I3OQYFOQMF1ZW,073CHO3XJVOE1ZG,UP,AP,IN_TRANSIT,2026-10-01,TRN-286555,DELPROOF-43171653
EWB643274649,INV-2026-00308,33GYSPENGWYX1ZF,36C20LSJWS1Z1ZK,AP,AP,IN_TRANSIT,2026-07-16,TRN-942387,DELPROOF-02069424
EWB983086294,INV-2026-00309,29AD3WRDHW9R1ZD,29FKJNAWNGA41ZY,RJ,WB,GENERATED,2026-10-01,TRN-707331,DELPROOF-04929485
EWB998676429,INV-2026-00310,19M9Q7FTMFWG1ZM,0923O359TSUJ1ZR,TN,MH,GENERATED,2026-06-23,TRN-565937,DELPROOF-29070376
EWB790737304,INV-2026-00311,09F124VF89X21ZY,33X1945NQ4FM1ZV,MH,WB,DELIVERED,2026-07-24,TRN-797393,DELPROOF-14268929
EWB200248666,INV-2026-00312,33IT6XIYZVNL1ZO,19NE6IT1EKKH1ZX,RJ,RJ,DELIVERED,2026-07-22,TRN-575115,DELPROOF-54954895
EWB620957548,INV-2026-00313,2731YHXSO7VB1ZF,27TMY91OTKZH1ZR,TN,WB,DELIVERED,2026-08-16,TRN-921022,DELPROOF-60870136
EWB892006004,INV-2026-00314,08F4AQ7B7V1W1ZV,2748VFCX7LXX1ZE,GJ,DL,GENERATED,2026-07-27,TRN-453404,DELPROOF-11285920
EWB513025381,INV-2026-00315,07CCI68DS03V1ZM,07YHQIN9N6XC1ZI,AP,KA,GENERATED,2026-06-06,TRN-457258,DELPROOF-71140588
EWB705504140,INV-2026-00316,27S832EJX5TD1ZQ,379RWTF07GBA1ZQ,RJ,KA,IN_TRANSIT,2026-09-12,TRN-191018,DELPROOF-09551973
EWB822987961,INV-2026-00317,29Q05PXT6RID1ZJ,07GPJ60SRYZX1ZN,WB,KA,GENERATED,2026-10-02,TRN-183189,DELPROOF-00458780
EWB163777164,INV-2026-00318,27CUBZQVQG0X1ZR,19M2LHGCSOTD1ZH,GJ,RJ,GENERATED,2026-08-16,TRN-572364,DELPROOF-10406711
EWB480749041,INV-2026-00319,07NYFM7VH30Q1ZB,08XLSEUNNRLS1ZQ,TS,KA,IN_TRANSIT,2026-09-18,TRN-180293,DELPROOF-08087997
EWB237634965,INV-2026-00320,29FWW41F7V4K1ZM,19YS280XKXWD1ZY,KA,AP,DELIVERED,2026-08-07,TRN-860455,DELPROOF-96240063
EWB972448701,INV-2026-00321,29SPD2SW24WJ1ZR,1941J2PATD931ZD,GJ,AP,IN_TRANSIT,2026-08-03,TRN-704276,DELPROOF-64979196
EWB858063492,INV-2026-00322,08DJE153A5QB1ZQ,243BBXUX1OXR1ZU,DL,TS,IN_TRANSIT,2026-08-06,TRN-385555,DELPROOF-75756255
EWB208158305,INV-2026-00323,24DPWVBZ7CN01ZE,09L00EZZF8S21ZX,TN,AP,DELIVERED,2026-09-19,TRN-981104,DELPROOF-71183310
EWB518412566,INV-2026-00324,24CKQVIIFRCH1ZW,27WBPA274IR81ZB,AP,WB,DELIVERED,2026-08-26,TRN-918159,DELPROOF-27308854
EWB874534234,INV-2026-00325,076DGG5GR0XA1ZF,07DC08FC0TR51ZN,TS,DL,IN_TRANSIT,2026-09-23,TRN-472252,DELPROOF-28395189
EWB429660511,INV-2026-00326,19BEF46RF7BN1ZG,0984Z4UR2YUP1ZL,MH,GJ,GENERATED,2026-09-26,TRN-202203,DELPROOF-30039849
EWB930997990,INV-2026-00327,0923O359TSUJ1ZR,08LEKVL9PTK41ZG,DL,WB,IN_TRANSIT,2026-08-21,TRN-931179,DELPROOF-58693275
EWB535324591,INV-2026-00328,271D9S9HBN5E1ZJ,29AD3WRDHW9R1ZD,TS,DL,DELIVERED,2026-07-09,TRN-162261,DELPROOF-66078060
EWB613058095,INV-2026-00329,08LEKVL9PTK41ZG,19RL69VSYXBB1ZE,MH,RJ,GENERATED,2026-07-23,TRN-331456,DELPROOF-03311390
EWB891677171,INV-2026-00330,0716KJ752H701ZV,19GX25FPLO1U1ZP,RJ,TN,GENERATED,2026-09-06,TRN-288750,DELPROOF-11243434
EWB855886092,INV-2026-00331,078CYNL63GAG1ZS,33T7ZEWVIYTW1ZB,DL,WB,IN_TRANSIT,2026-06-21,TRN-595252,DELPROOF-04918987
EWB768455220,INV-2026-00332,07LWVMB0IDD01ZU,08FNKOMV2XCD1ZV,RJ,WB,IN_TRANSIT,2026-09-07,TRN-481868,DELPROOF-49337684
EWB880171666,INV-2026-00333,07DALMJEGQTO1ZA,37V80LKX1S9X1ZJ,RJ,KA,DELIVERED,2026-06-13,TRN-662413,DELPROOF-25907500
EWB720363941,INV-2026-00334,33RMC5S3OFAW1ZT,335URTXUYUCE1ZC,TS,DL,IN_TRANSIT,2026-07-06,TRN-326304,DELPROOF-39401170
EWB792919647,INV-2026-00335,19JEFY3ZB4LD1ZH,29NPR424TKB91ZM,DL,MH,IN_TRANSIT,2026-06-17,TRN-724396,DELPROOF-83356616
EWB902180218,INV-2026-00336,270PT2DA8DBF1ZA,27NZ4KHKBXPN1ZY,TN,GJ,GENERATED,2026-06-28,TRN-211275,DELPROOF-73057454
EWB353083296,INV-2026-00337,097Q5EGVLKDN1ZM,36BHHLK3YJZ91ZY,UP,TS,GENERATED,2026-07-31,TRN-516188,DELPROOF-04080024
EWB136403915,INV-2026-00338,07HHUZ83YUXY1ZN,07C4RTWUZKAM1ZS,DL,GJ,DELIVERED,2026-08-23,TRN-460852,DELPROOF-08023378
EWB852223515,INV-2026-00339,24EHE2ATN2TW1ZC,29L9OT7TXKDO1ZR,MH,DL,GENERATED,2026-07-06,TRN-773030,DELPROOF-82724846
EWB430673559,INV-2026-00340,0845VDB828191ZZ,330RS210Q2LG1ZY,RJ,AP,DELIVERED,2026-07-22,TRN-214009,DELPROOF-96312041
EWB535080171,INV-2026-00341,24FC79M96ZPX1ZT,27ST3TA195EQ1ZM,TS,DL,IN_TRANSIT,2026-10-01,TRN-510159,DELPROOF-71531359
EWB353202430,INV-2026-00342,33XN4D24N9YG1ZB,091N6KVPUC8D1ZY,UP,KA,IN_TRANSIT,2026-09-24,TRN-768616,DELPROOF-23199257
EWB869139479,INV-2026-00343,070M24US73W11ZV,08WDPJBC01AR1ZU,UP,WB,IN_TRANSIT,2026-08-08,TRN-320364,DELPROOF-02599797
EWB344912815,INV-2026-00344,1934KUQAAJ841ZP,29H4GG24479Q1ZR,WB,RJ,IN_TRANSIT,2026-06-10,TRN-432659,DELPROOF-83195884
EWB960854983,INV-2026-00345,373E950ID0331ZR,19PW2W5506RR1ZN,WB,KA,GENERATED,2026-07-22,TRN-319329,DELPROOF-21239743
EWB467344946,INV-2026-00346,09L5NFLTQ6801ZC,249OE9419QZP1ZM,KA,MH,DELIVERED,2026-09-04,TRN-273883,DELPROOF-51620857
EWB780194105,INV-2026-00347,19CBZAMD270S1ZR,33ZNWG3ZRZQ01ZS,MH,TS,IN_TRANSIT,2026-06-15,TRN-879929,DELPROOF-33891234
EWB158037554,INV-2026-00348,33H4NRED6M421ZE,08FNKOMV2XCD1ZV,UP,DL,DELIVERED,2026-09-30,TRN-847195,DELPROOF-84481781
EWB943742713,INV-2026-00349,29050E6MPSJ91ZU,24X8SYLEMRUY1ZN,MH,AP,DELIVERED,2026-10-05,TRN-968077,DELPROOF-69992583
EWB676661406,INV-2026-00350,330RS210Q2LG1ZY,33N14EB8753A1ZW,RJ,TS,IN_TRANSIT,2026-09-10,TRN-619091,DELPROOF-94181830
EWB217941640,INV-2026-00351,19ERBYEAWHML1ZT,36W04I3DZXLR1ZF,UP,RJ,GENERATED,2026-09-25,TRN-923444,DELPROOF-93883619
EWB838855586,INV-2026-00352,08UJT9T11PHP1ZX,19NGIXMC4SX21ZH,TS,DL,GENERATED,2026-07-30,TRN-546367,DELPROOF-80298174
EWB552396701,INV-2026-00353,337NZBXFV7FI1ZS,072L4X5BWAEN1ZH,TN,TN,GENERATED,2026-09-07,TRN-253372,DELPROOF-72396321
EWB798896382,INV-2026-00354,27X2ZVL9E9ZR1ZG,36BHHLK3YJZ91ZY,TS,RJ,DELIVERED,2026-07-28,TRN-631056,DELPROOF-32533733
EWB697113039,INV-2026-00355,292S8U8ZF0P71ZJ,29LD4D6AF58C1ZZ,TS,KA,DELIVERED,2026-09-21,TRN-425342,DELPROOF-81959584
EWB802727433,INV-2026-00356,37Q3K8A7RV4N1ZL,07YCG1FJGBVY1ZN,DL,GJ,DELIVERED,2026-09-22,TRN-865645,DELPROOF-62961795
EWB569645468,INV-2026-00357,36MJBQE7CKW51ZL,072TIXC7URVQ1ZR,TS,WB,GENERATED,2026-06-22,TRN-790053,DELPROOF-02668706
EWB479383483,INV-2026-00358,2995E5IZ31YR1ZS,29GBCYH3FVL01ZZ,TS,TN,DELIVERED,2026-07-20,TRN-799522,DELPROOF-46686135
EWB428675627,INV-2026-00359,24BRBJEQVVIA1ZA,08L3VZZXT9QU1ZB,AP,WB,IN_TRANSIT,2026-06-05,TRN-105885,DELPROOF-36905905
EWB152995460,INV-2026-00360,33RMC5S3OFAW1ZT,19EZ7BH25LLO1ZR,DL,UP,GENERATED,2026-07-30,TRN-447328,DELPROOF-29133742
EWB315354034,INV-2026-00361,27DWKZIRNK6Z1ZG,375T82DDL7FK1ZL,AP,TS,GENERATED,2026-06-11,TRN-447347,DELPROOF-50433008
EWB600414830,INV-2026-00362,3383RU7MYOW81ZC,29DRMSWJJJKS1ZK,TS,TS,DELIVERED,2026-09-13,TRN-320805,DELPROOF-84961842
EWB756353773,INV-2026-00363,09U8WPFQ2BHA1ZH,08XLSEUNNRLS1ZQ,DL,DL,IN_TRANSIT,2026-07-08,TRN-343888,DELPROOF-27799440
EWB618877837,INV-2026-00364,19UW2XH6QIHP1ZM,33EAS6Y3VG6V1ZZ,DL,RJ,DELIVERED,2026-09-21,TRN-776649,DELPROOF-31910144
EWB147293180,INV-2026-00365,36F2CTG08ZZK1ZJ,27CR6C1PY6Q91ZV,KA,AP,GENERATED,2026-09-22,TRN-664715,DELPROOF-05532432
EWB127913415,INV-2026-00366,19Y1Z682R6ZL1ZY,09ASFEN0B09Z1ZH,UP,RJ,DELIVERED,2026-08-29,TRN-364955,DELPROOF-28323504
EWB176990436,INV-2026-00367,075MY80TGH3S1ZL,09K6ILCG6FAR1ZK,KA,TN,DELIVERED,2026-08-10,TRN-687851,DELPROOF-97172906
EWB309634757,INV-2026-00368,097UJODCK8281ZR,0952E77DYVGD1ZG,TS,MH,IN_TRANSIT,2026-09-23,TRN-457581,DELPROOF-87806678
EWB229834372,INV-2026-00369,09GXNX4SN6SM1ZL,0899F77LU8EL1ZE,GJ,UP,IN_TRANSIT,2026-08-25,TRN-879574,DELPROOF-68638865
EWB506588429,INV-2026-00370,29JGKCQY26561ZA,09AM148P0TVH1ZH,GJ,AP,GENERATED,2026-06-16,TRN-214521,DELPROOF-69795744
EWB293251793,INV-2026-00371,24AF4JGQ6CN81ZQ,36BHHLK3YJZ91ZY,WB,DL,IN_TRANSIT,2026-07-29,TRN-931109,DELPROOF-31177867
EWB430214834,INV-2026-00372,33WGT2LB25481ZP,29C9LGYTLCQF1ZL,UP,KA,GENERATED,2026-06-09,TRN-194750,DELPROOF-08488921
EWB533299286,INV-2026-00373,07YCG1FJGBVY1ZN,36FEWVZNVKSP1ZZ,GJ,TS,GENERATED,2026-09-04,TRN-205624,DELPROOF-46162355
EWB304791641,INV-2026-00374,3646ESMRWGEB1ZE,0950OP7XMR8F1ZG,GJ,TS,IN_TRANSIT,2026-08-16,TRN-771800,DELPROOF-16896617
EWB740815184,INV-2026-00375,085V0175DU231ZI,33ZNWG3ZRZQ01ZS,TN,RJ,DELIVERED,2026-08-12,TRN-416395,DELPROOF-53782052
EWB763409026,INV-2026-00376,37KWOALF4V1T1ZU,29OORBT6SAPB1ZQ,MH,KA,IN_TRANSIT,2026-07-19,TRN-846870,DELPROOF-88987598
EWB158872915,INV-2026-00377,379MX2X18HAF1ZE,291AFDTOHRNQ1ZH,KA,UP,IN_TRANSIT,2026-07-18,TRN-487861,DELPROOF-02945565
EWB408302637,INV-2026-00378,36L5E11E9FTA1ZU,373E950ID0331ZR,TN,KA,IN_TRANSIT,2026-07-22,TRN-365662,DELPROOF-44168527
EWB861749999,INV-2026-00379,2977TNQETMNI1ZP,19YS280XKXWD1ZY,DL,AP,GENERATED,2026-09-13,TRN-545927,DELPROOF-13030641
EWB416427616,INV-2026-00380,37KKVPJRMEYY1ZY,249PML9LN1P01ZT,GJ,RJ,GENERATED,2026-08-20,TRN-750339,DELPROOF-83180881
EWB248366033,INV-2026-00381,19LDOL65WVJX1ZY,088Z3V6DIXFW1ZS,TN,RJ,DELIVERED,2026-09-25,TRN-373894,DELPROOF-21463845
EWB450041567,INV-2026-00382,09JCHZJQ8CXX1ZV,1941J2PATD931ZD,WB,TN,GENERATED,2026-07-13,TRN-253438,DELPROOF-24920386
EWB739028856,INV-2026-00383,36X48WZE4EX61ZS,3307S387J5IE1ZZ,MH,KA,IN_TRANSIT,2026-07-23,TRN-328789,DELPROOF-95207943
EWB944950701,INV-2026-00384,19Y3GDILK1QY1ZT,0762HDXC6RIJ1ZJ,UP,MH,GENERATED,2026-06-26,TRN-322366,DELPROOF-28777145
EWB577321630,INV-2026-00385,37BBKJY2NZ7V1ZD,0981L51FLMNA1ZS,UP,DL,DELIVERED,2026-09-25,TRN-541929,DELPROOF-01824643
EWB743960682,INV-2026-00386,2402WPJCF07V1ZB,36W04I3DZXLR1ZF,DL,TS,IN_TRANSIT,2026-09-25,TRN-912550,DELPROOF-11123763
EWB589907241,INV-2026-00387,24CMCOCO2ZTD1ZG,299CSS9TOQW91ZI,UP,UP,GENERATED,2026-07-23,TRN-738324,DELPROOF-36425029
EWB298443713,INV-2026-00388,24V46WYSIRRK1ZY,37E8BTSMAQ3O1ZJ,MH,MH,DELIVERED,2026-06-29,TRN-900266,DELPROOF-06196334
EWB109182363,INV-2026-00389,27J5D5E3H0Y41ZT,36GCUIDC00M61ZC,GJ,KA,GENERATED,2026-07-24,TRN-455088,DELPROOF-32155770
EWB327902389,INV-2026-00390,24UE421VMEFO1ZW,33Y8GY39BU4U1ZW,DL,GJ,GENERATED,2026-07-02,TRN-503454,DELPROOF-36078721
EWB448783699,INV-2026-00391,29S95ZOW60ZZ1ZX,37AWQ57LY7501ZX,GJ,TS,GENERATED,2026-06-15,TRN-757956,DELPROOF-58483497
EWB224367945,INV-2026-00392,27XK5BXJ2POP1ZM,334X0BS3LWW71ZM,KA,TS,DELIVERED,2026-07-19,TRN-319161,DELPROOF-91701253
EWB232793683,INV-2026-00393,274BAWZ940VT1ZJ,09B0UKOEFUKP1ZT,TS,WB,GENERATED,2026-07-27,TRN-835671,DELPROOF-80328056
EWB220979952,INV-2026-00394,331S9RYLLWB71ZQ,333LOUFHW8WL1ZT,TS,MH,GENERATED,2026-09-08,TRN-589477,DELPROOF-19297341
EWB350262957,INV-2026-00395,29GBCYH3FVL01ZZ,09N9T84AZYTJ1ZU,UP,WB,DELIVERED,2026-07-11,TRN-903902,DELPROOF-28524716
EWB557479688,INV-2026-00396,37OJWLRKXJTM1ZV,33SDUHH03G951ZO,UP,GJ,IN_TRANSIT,2026-10-03,TRN-265648,DELPROOF-80148920
EWB675971230,INV-2026-00397,27YKIPUT7SSO1ZO,278HL88KZRUI1ZM,AP,GJ,GENERATED,2026-07-04,TRN-493953,DELPROOF-19676355
EWB629005919,INV-2026-00398,09YL68NTK63N1ZZ,27MXPKN3B8PF1ZV,AP,MH,IN_TRANSIT,2026-06-17,TRN-552154,DELPROOF-30466440
EWB745901600,INV-2026-00399,19UUOYC3RWQM1ZL,24DJGF1C8WQU1ZS,WB,KA,DELIVERED,2026-07-16,TRN-213073,DELPROOF-11877127
EWB104036007,INV-2026-00400,09F124VF89X21ZY,367GBDGBXNRW1ZS,GJ,MH,IN_TRANSIT,2026-06-16,TRN-220933,DELPROOF-83007638
EWB215158961,INV-2026-00401,08HY25M8KB9W1ZF,37KKVPJRMEYY1ZY,MH,GJ,GENERATED,2026-09-15,TRN-163643,DELPROOF-19769708
EWB528978485,INV-2026-00402,07SFA6D9ER941ZR,33E02TOXOU0Y1ZD,WB,TN,IN_TRANSIT,2026-06-21,TRN-868995,DELPROOF-18740740
EWB179267415,INV-2026-00403,27ST3TA195EQ1ZM,19WTEK17M6J31ZP,KA,KA,IN_TRANSIT,2026-06-12,TRN-602703,DELPROOF-25438267
EWB985667183,INV-2026-00404,27W8GAKH3YCQ1ZD,07SFA6D9ER941ZR,GJ,DL,IN_TRANSIT,2026-08-30,TRN-677021,DELPROOF-66026421
EWB696351501,INV-2026-00405,37GINSAVOCIR1ZB,33OC50H2CWTG1ZY,AP,KA,DELIVERED,2026-09-15,TRN-974811,DELPROOF-92590809
EWB263156197,INV-2026-00406,07N9UZERYF091ZY,37YM90PKR1IF1ZQ,MH,MH,IN_TRANSIT,2026-06-22,TRN-688969,DELPROOF-92757313
EWB844506772,INV-2026-00407,09ASFEN0B09Z1ZH,37JVLCG1J5EW1ZE,MH,AP,DELIVERED,2026-09-07,TRN-980728,DELPROOF-41511567
EWB296071010,INV-2026-00408,09U9TD0V2ZP41ZI,096OM1FB8C7X1ZX,KA,TS,IN_TRANSIT,2026-09-21,TRN-409538,DELPROOF-10838633
EWB966724184,INV-2026-00409,29IY5PU5WH501ZI,27H8RQ9NZ6121ZG,AP,UP,GENERATED,2026-08-14,TRN-517083,DELPROOF-00177436
EWB883735813,INV-2026-00410,376RTC0Z7Q0I1ZP,246RPKZGGM0J1ZT,KA,WB,GENERATED,2026-08-11,TRN-828261,DELPROOF-64551966
EWB662554453,INV-2026-00411,08R4SOR8WM9L1ZA,29955CF72GNN1ZT,TN,DL,GENERATED,2026-07-14,TRN-995340,DELPROOF-63420078
EWB629729717,INV-2026-00412,09QZCUCTSUFL1ZQ,0950OP7XMR8F1ZG,DL,RJ,DELIVERED,2026-08-06,TRN-140605,DELPROOF-51663389
EWB879653954,INV-2026-00413,36SBUOV6TT9Q1ZY,19UW2XH6QIHP1ZM,RJ,DL,DELIVERED,2026-09-08,TRN-353331,DELPROOF-82533076
EWB126917783,INV-2026-00414,09YK8516SP181ZM,27L8MWOB4FDD1ZV,AP,TS,DELIVERED,2026-07-01,TRN-670469,DELPROOF-87058680
EWB450102509,INV-2026-00415,37LQPB01QCTE1ZT,241SDIEQFB851ZN,DL,KA,GENERATED,2026-09-17,TRN-383619,DELPROOF-07902655
EWB802201975,INV-2026-00416,09JMIYQFY7511ZW,37RF3NAPLGW11ZU,TN,GJ,DELIVERED,2026-09-29,TRN-903648,DELPROOF-62884701
EWB935787363,INV-2026-00417,339WT2YBUH7J1ZW,19UUOYC3RWQM1ZL,TS,UP,IN_TRANSIT,2026-08-26,TRN-100794,DELPROOF-62370670
EWB196430071,INV-2026-00418,36U8NOZEMDMZ1ZI,37U84XYJOA211ZA,KA,WB,DELIVERED,2026-07-02,TRN-508197,DELPROOF-68805322
EWB186335350,INV-2026-00419,078YI340SQCN1ZE,29FKJNAWNGA41ZY,KA,MH,DELIVERED,2026-06-11,TRN-164867,DELPROOF-32919531
EWB485032445,INV-2026-00420,33N14EB8753A1ZW,37NOX8FK20761ZT,GJ,TS,GENERATED,2026-08-10,TRN-295423,DELPROOF-55940499
EWB494397006,INV-2026-00421,19A09LZRK79U1ZE,339T9CD1LQJS1ZO,TN,WB,GENERATED,2026-09-01,TRN-843664,DELPROOF-29521164
EWB588304685,INV-2026-00422,19SFFCXHGNZE1ZH,19WTEK17M6J31ZP,RJ,MH,IN_TRANSIT,2026-08-10,TRN-483154,DELPROOF-66896548
EWB215619022,INV-2026-00423,37KKVPJRMEYY1ZY,075MY80TGH3S1ZL,GJ,WB,IN_TRANSIT,2026-06-21,TRN-433487,DELPROOF-57355920
EWB849644903,INV-2026-00424,33RMC5S3OFAW1ZT,37ZDY3O1ICNS1ZR,DL,TS,IN_TRANSIT,2026-07-31,TRN-558720,DELPROOF-14028188
EWB556745191,INV-2026-00425,09FOP8QZJULI1ZF,3366PB90SPO31ZW,MH,TS,GENERATED,2026-09-09,TRN-621168,DELPROOF-55411583
EWB961284368,INV-2026-00426,07SFA6D9ER941ZR,29J76BIVISS81ZI,TS,GJ,GENERATED,2026-09-27,TRN-393282,DELPROOF-24866668
EWB817255106,INV-2026-00427,0923O359TSUJ1ZR,09DF4HRA13611ZB,MH,RJ,DELIVERED,2026-08-14,TRN-218722,DELPROOF-09868281
EWB773777491,INV-2026-00428,294JWPXEFAF01ZH,19NGIXMC4SX21ZH,WB,TS,DELIVERED,2026-09-08,TRN-115908,DELPROOF-08218538
EWB309547747,INV-2026-00429,19FYO1750CEH1ZK,3389FKBI4O6Q1ZX,WB,UP,IN_TRANSIT,2026-09-24,TRN-290602,DELPROOF-10468454
EWB507113206,INV-2026-00430,08PSUOVHAUVA1ZZ,08FNKOMV2XCD1ZV,KA,UP,IN_TRANSIT,2026-07-25,TRN-290143,DELPROOF-19003653
EWB533680117,INV-2026-00431,37PEJZHYAPDS1ZT,099QEZG5WZAW1ZM,DL,AP,GENERATED,2026-08-10,TRN-333005,DELPROOF-52568458
EWB486348306,INV-2026-00432,190K5QZZKW3G1ZH,37TL8N3E54N61ZM,UP,WB,GENERATED,2026-06-06,TRN-129918,DELPROOF-36612480
EWB894438764,INV-2026-00433,24UE421VMEFO1ZW,09B0UKOEFUKP1ZT,GJ,GJ,GENERATED,2026-08-28,TRN-494988,DELPROOF-66539029
EWB859558371,INV-2026-00434,29A2FQZTIO4M1ZM,19GB1AJO091C1ZO,DL,AP,GENERATED,2026-08-07,TRN-220283,DELPROOF-93595914
EWB982373958,INV-2026-00435,3677Q9VJUHBP1ZP,19429OMUWAHK1ZZ,TS,TN,IN_TRANSIT,2026-08-22,TRN-372176,DELPROOF-49132263
EWB831620248,INV-2026-00436,36WS44C68AU91ZD,29WJM2C8QIZK1ZC,KA,AP,GENERATED,2026-10-06,TRN-384234,DELPROOF-46930181
EWB924489256,INV-2026-00437,33RSXKJKMPLB1ZB,37KX9DVNU80B1ZZ,AP,DL,DELIVERED,2026-09-16,TRN-179109,DELPROOF-31242729
EWB242186625,INV-2026-00438,09NXZDZB5F5T1ZV,29WO8NBHNAL31ZG,MH,RJ,DELIVERED,2026-07-22,TRN-454606,DELPROOF-26874399
EWB513859136,INV-2026-00439,33JZC58CU47S1ZM,360JUM42WSC31ZY,UP,UP,IN_TRANSIT,2026-08-30,TRN-967243,DELPROOF-11039000
EWB526811213,INV-2026-00440,073CHO3XJVOE1ZG,29NQWHOCPY8U1ZD,KA,RJ,GENERATED,2026-06-28,TRN-756560,DELPROOF-88687490
EWB753998321,INV-2026-00441,27KVR5NBHGPB1ZJ,0832U1IQ2BAJ1ZD,GJ,GJ,GENERATED,2026-08-27,TRN-131283,DELPROOF-68978286
EWB721901101,INV-2026-00442,29FKJNAWNGA41ZY,19CTHPHJ3MUU1ZP,GJ,UP,DELIVERED,2026-06-24,TRN-414210,DELPROOF-42966524
EWB379133614,INV-2026-00443,299DYFNGP41S1ZO,248IOGXPBWHV1ZM,TN,DL,IN_TRANSIT,2026-09-08,TRN-346112,DELPROOF-80335829
EWB201687709,INV-2026-00444,07YJ3D6M1FMP1ZP,370S2UTBTTY91ZF,AP,TS,GENERATED,2026-06-12,TRN-289375,DELPROOF-26612164
EWB101965737,INV-2026-00445,19H6NHKSQNAL1ZN,09VZB0OIH5CS1ZJ,RJ,MH,GENERATED,2026-10-01,TRN-962817,DELPROOF-36062360
EWB271092252,INV-2026-00446,27T1ELOU83G41ZV,197ZQPPOAU8P1ZY,UP,WB,GENERATED,2026-09-16,TRN-669716,DELPROOF-80136648
EWB622255697,INV-2026-00447,24XI64HAA34H1ZX,08JAE58HUXG21ZL,WB,RJ,IN_TRANSIT,2026-07-25,TRN-586739,DELPROOF-82784388
EWB232454411,INV-2026-00448,24NBNPJDN2MI1ZF,37TL8N3E54N61ZM,GJ,AP,IN_TRANSIT,2026-06-30,TRN-907907,DELPROOF-17860493
EWB530883980,INV-2026-00449,08REV361XSNB1ZQ,36XQ9JB354MY1ZN,DL,KA,DELIVERED,2026-08-15,TRN-466670,DELPROOF-82983302
EWB813633480,INV-2026-00450,36KNJMVRYDC11ZA,24QZHECBUQYP1ZH,UP,TN,IN_TRANSIT,2026-08-25,TRN-888999,DELPROOF-07614482
EWB570423207,INV-2026-00451,09JDBL1G3Y2T1ZM,37OJWLRKXJTM1ZV,GJ,WB,DELIVERED,2026-08-03,TRN-429117,DELPROOF-68924082
EWB349164542,INV-2026-00452,33GYSPENGWYX1ZF,360JUM42WSC31ZY,GJ,TS,GENERATED,2026-06-27,TRN-470696,DELPROOF-31083625
EWB705681114,INV-2026-00453,08M89I9GX32U1ZE,07Q8QMXETIZU1ZX,MH,DL,IN_TRANSIT,2026-08-05,TRN-478231,DELPROOF-89481521
EWB459275868,INV-2026-00454,07YE088O98BV1ZZ,19S0765ICAUT1ZI,RJ,GJ,DELIVERED,2026-06-23,TRN-372745,DELPROOF-69658827
EWB495481574,INV-2026-00455,33CXLL4ZKLOO1ZJ,19EVL7FQ8ABY1ZQ,GJ,KA,DELIVERED,2026-06-21,TRN-487641,DELPROOF-52181489
EWB978582967,INV-2026-00456,291AFDTOHRNQ1ZH,27TDMO8RC64S1ZJ,AP,KA,IN_TRANSIT,2026-08-11,TRN-370266,DELPROOF-02793410
EWB127118569,INV-2026-00457,2977TNQETMNI1ZP,33ZR1YXR2DHY1ZJ,TN,GJ,GENERATED,2026-09-14,TRN-976712,DELPROOF-56429721
EWB830527235,INV-2026-00458,09OTHLQH7PPC1ZA,19LP7DFJCP0T1ZK,DL,AP,DELIVERED,2026-08-11,TRN-577037,DELPROOF-36765738
EWB917364574,INV-2026-00459,333Z6BZ8UUG91ZP,29G1AMRA5RBA1ZV,WB,MH,IN_TRANSIT,2026-08-26,TRN-451896,DELPROOF-69223295
EWB112524878,INV-2026-00460,299GNLPYO2M21ZU,09U8WPFQ2BHA1ZH,TS,MH,IN_TRANSIT,2026-10-05,TRN-465796,DELPROOF-09946536
EWB159799079,INV-2026-00461,291AFDTOHRNQ1ZH,37ZSXPEFJ31E1ZF,GJ,UP,IN_TRANSIT,2026-07-01,TRN-452723,DELPROOF-94733352
EWB698267596,INV-2026-00462,07FARK6O0U931ZK,29HARJHRF34J1ZG,GJ,TN,DELIVERED,2026-08-28,TRN-634219,DELPROOF-62908778
EWB687130744,INV-2026-00463,29FWW41F7V4K1ZM,36CYD52ALUNQ1ZP,AP,TN,DELIVERED,2026-07-20,TRN-380091,DELPROOF-95310534
EWB451132745,INV-2026-00464,0899F77LU8EL1ZE,08UW0U92T24D1ZO,KA,KA,IN_TRANSIT,2026-07-05,TRN-396928,DELPROOF-78869905
EWB557466242,INV-2026-00465,378E9RIVH6T11ZM,09FOP8QZJULI1ZF,RJ,DL,IN_TRANSIT,2026-06-25,TRN-361761,DELPROOF-59908420
EWB776374851,INV-2026-00466,08FNKOMV2XCD1ZV,2796KHUB2RTS1ZM,WB,TS,IN_TRANSIT,2026-08-04,TRN-183705,DELPROOF-98771358
EWB599939276,INV-2026-00467,27FAW1LXXD8T1ZY,09L00EZZF8S21ZX,MH,KA,DELIVERED,2026-08-21,TRN-472597,DELPROOF-87177943
EWB277959867,INV-2026-00468,099QEZG5WZAW1ZM,27RE4V9KYPOF1ZJ,GJ,TN,IN_TRANSIT,2026-07-01,TRN-942568,DELPROOF-95176168
EWB310681670,INV-2026-00469,19VPUZ11BJKX1ZK,098P6BEFFLZM1ZQ,RJ,DL,IN_TRANSIT,2026-07-24,TRN-305595,DELPROOF-23494040
EWB307539091,INV-2026-00470,37ULJGQPQ8R41ZG,19G2GZR7TXCB1ZC,UP,MH,GENERATED,2026-07-02,TRN-357501,DELPROOF-21737692
EWB569698791,INV-2026-00471,33ALFWYPEEK01ZZ,37IYNO667VGP1ZK,GJ,UP,IN_TRANSIT,2026-07-30,TRN-271760,DELPROOF-40500981
EWB321157640,INV-2026-00472,36UDS3QSQCQ31ZX,3784U89YJB1Q1ZU,MH,KA,DELIVERED,2026-08-18,TRN-138518,DELPROOF-47319602
EWB227024270,INV-2026-00473,09GSTQMGVU4I1ZQ,194C3EVWCHM41ZX,MH,RJ,GENERATED,2026-06-22,TRN-508943,DELPROOF-99105453
EWB500084969,INV-2026-00474,29EB97PWDBOL1ZU,190DRIMR25I71ZA,RJ,RJ,GENERATED,2026-07-29,TRN-990834,DELPROOF-65225289
EWB801159784,INV-2026-00475,246S5ZXQOMTS1ZY,07OUZE66VW9B1ZX,GJ,MH,DELIVERED,2026-09-10,TRN-973014,DELPROOF-52627688
EWB376590570,INV-2026-00476,24CQPHLI5L691ZZ,29TJ54696QZ61ZC,RJ,AP,GENERATED,2026-06-12,TRN-321115,DELPROOF-92132245
EWB955588153,INV-2026-00477,1934KUQAAJ841ZP,37ZOLNNTXRGN1ZL,WB,MH,IN_TRANSIT,2026-07-03,TRN-124237,DELPROOF-06534480
EWB852754238,INV-2026-00478,07HOWQ1GAZ5U1ZG,375T82DDL7FK1ZL,MH,RJ,IN_TRANSIT,2026-09-11,TRN-292512,DELPROOF-64856384
EWB784751083,INV-2026-00479,24M8T0JSHHJ71ZQ,08FUU5F07B1I1ZI,MH,KA,IN_TRANSIT,2026-06-16,TRN-611275,DELPROOF-33317687
EWB386740531,INV-2026-00480,27MOQXHGLG4P1ZX,29GZ6TPBWSXX1ZD,GJ,WB,GENERATED,2026-08-24,TRN-363397,DELPROOF-71462709
EWB664737708,INV-2026-00481,33SDUHH03G951ZO,33NHQE86O3Z01ZA,WB,DL,DELIVERED,2026-06-22,TRN-452405,DELPROOF-30246671
EWB441144169,INV-2026-00482,24CKQVIIFRCH1ZW,08791ZYRRU7Z1ZJ,GJ,KA,DELIVERED,2026-09-21,TRN-805248,DELPROOF-93650526
EWB507327464,INV-2026-00483,19VPUZ11BJKX1ZK,19GB1AJO091C1ZO,KA,TN,DELIVERED,2026-09-24,TRN-242253,DELPROOF-04392316
EWB248458805,INV-2026-00484,29VM96N7KBNK1ZE,24X6QD0771HL1ZK,GJ,UP,GENERATED,2026-09-13,TRN-354671,DELPROOF-98158444
EWB784516003,INV-2026-00485,07PS0132AN411ZJ,36Z5TOZO32TC1ZS,KA,MH,DELIVERED,2026-06-18,TRN-717131,DELPROOF-96707800
EWB361046319,INV-2026-00486,19HVL66SAJXX1ZM,1912II826GYU1ZO,RJ,TS,IN_TRANSIT,2026-08-03,TRN-921451,DELPROOF-21279984
EWB873115258,INV-2026-00487,07WSOZCTWJLS1ZG,24UBLMNTFK7O1ZP,RJ,UP,IN_TRANSIT,2026-08-17,TRN-740367,DELPROOF-51082305
EWB937045940,INV-2026-00488,29JJ0V60XNG21ZH,19UUOYC3RWQM1ZL,GJ,KA,GENERATED,2026-06-30,TRN-237359,DELPROOF-42387487
EWB252895896,INV-2026-00489,29YBHQGHLZRU1ZT,07OUZE66VW9B1ZX,WB,RJ,IN_TRANSIT,2026-06-10,TRN-712618,DELPROOF-36915230
EWB506733909,INV-2026-00490,08KE2GJR81BM1ZO,29F7LOW4VSSR1ZS,TN,TN,IN_TRANSIT,2026-08-22,TRN-384849,DELPROOF-61294596
EWB919346296,INV-2026-00491,33QKF4VGE0GY1ZA,294S3MEIUR921ZY,RJ,TN,DELIVERED,2026-06-09,TRN-269223,DELPROOF-47447363
EWB472003334,INV-2026-00492,29LD4D6AF58C1ZZ,08LEKVL9PTK41ZG,DL,MH,IN_TRANSIT,2026-07-28,TRN-346916,DELPROOF-42006297
EWB694036951,INV-2026-00493,37E9FPZUE8YF1ZB,08OS5HRQAP5I1ZN,RJ,MH,DELIVERED,2026-06-20,TRN-555474,DELPROOF-37704746
EWB531885128,INV-2026-00494,37QPWDXYASVD1ZA,274P61NHVCFW1ZP,RJ,TN,DELIVERED,2026-07-15,TRN-167238,DELPROOF-76233286
EWB881756671,INV-2026-00495,09F124VF89X21ZY,36U8NOZEMDMZ1ZI,TS,AP,DELIVERED,2026-07-03,TRN-878370,DELPROOF-47646969
EWB176160030,INV-2026-00496,2704UX5QRL1N1ZK,19LDOL65WVJX1ZY,TN,MH,IN_TRANSIT,2026-08-23,TRN-236160,DELPROOF-10878340
EWB414324227,INV-2026-00497,09A1EIPICERH1ZM,0952DEZH0CD81ZA,RJ,WB,DELIVERED,2026-07-26,TRN-242038,DELPROOF-38458767
EWB787942376,INV-2026-00498,29TJ54696QZ61ZC,27Y6QKTC89K81ZW,WB,KA,DELIVERED,2026-08-04,TRN-180124,DELPROOF-71472758
EWB264517029,INV-2026-00499,19A09LZRK79U1ZE,27FIUEFZ1C251ZV,UP,TS,GENERATED,2026-07-05,TRN-563252,DELPROOF-13447397
EWB480980274,INV-2026-00500,27H8RQ9NZ6121ZG,33Y3Q69FLGUQ1ZY,GJ,TS,DELIVERED,2026-08-06,TRN-541484,DELPROOF-42472500
EWB354158160,INV-2026-00501,33ZR1YXR2DHY1ZJ,339T9CD1LQJS1ZO,KA,TS,DELIVERED,2026-09-13,TRN-150356,DELPROOF-92298663
EWB502377334,INV-2026-00502,079UNFVOBBZ21ZQ,379MX2X18HAF1ZE,DL,AP,DELIVERED,2026-06-12,TRN-155300,DELPROOF-76716380
EWB332636004,INV-2026-00503,249NB74X2EK31ZW,08R4SOR8WM9L1ZA,RJ,TN,IN_TRANSIT,2026-07-12,TRN-643950,DELPROOF-17572645
EWB794925958,INV-2026-00504,09TGGZ62FE9U1ZO,24OROI5J8YIT1ZZ,KA,TN,GENERATED,2026-08-10,TRN-521517,DELPROOF-18027088
EWB410679417,INV-2026-00505,19EVL7FQ8ABY1ZQ,3302BIP18A4J1ZS,TN,TN,DELIVERED,2026-08-03,TRN-620751,DELPROOF-51467276
EWB106158961,INV-2026-00506,27HAIR4COWGZ1ZP,27GWCDZ6X4FM1ZL,AP,GJ,DELIVERED,2026-07-17,TRN-699602,DELPROOF-42034381
EWB285384067,INV-2026-00507,33N7G8B2ZXII1ZX,29KNKBF2P7KK1ZF,MH,WB,IN_TRANSIT,2026-07-26,TRN-666710,DELPROOF-52405380
EWB103346604,INV-2026-00508,27P38QOLDFOR1ZV,24TRIJ2FRNLX1ZT,UP,KA,IN_TRANSIT,2026-07-20,TRN-514431,DELPROOF-02299416
EWB181517103,INV-2026-00509,09U9TD0V2ZP41ZI,33ML3SOJPX161ZE,KA,MH,DELIVERED,2026-07-12,TRN-289454,DELPROOF-09853347
EWB205575438,INV-2026-00510,339WT2YBUH7J1ZW,37C2BE3YQY5F1ZS,UP,TN,GENERATED,2026-06-17,TRN-368162,DELPROOF-65427063
EWB604885059,INV-2026-00511,37V80LKX1S9X1ZJ,27TMFEK2O7FH1ZQ,KA,UP,GENERATED,2026-07-23,TRN-151463,DELPROOF-70357225
EWB263402982,INV-2026-00512,09ISETUK1OOA1ZZ,07F060O4VFK91ZQ,AP,WB,DELIVERED,2026-07-04,TRN-451902,DELPROOF-19731926
EWB307494377,INV-2026-00513,09BR5XQT4P501ZY,36DLAXAHHXKW1ZB,DL,KA,GENERATED,2026-07-21,TRN-643597,DELPROOF-16138889
EWB868913853,INV-2026-00514,09E3CUP8IJL21ZW,07DC08FC0TR51ZN,UP,GJ,DELIVERED,2026-06-29,TRN-759713,DELPROOF-23164534
EWB458986130,INV-2026-00515,376EK6X6LGOI1ZM,36KXCQ91YY1J1ZY,TS,TS,IN_TRANSIT,2026-09-22,TRN-242559,DELPROOF-01046195
EWB639357012,INV-2026-00516,36600X28PIJK1ZD,24IOYGGVNYRU1ZH,MH,UP,GENERATED,2026-07-02,TRN-464054,DELPROOF-78951844
EWB127141672,INV-2026-00517,24Q99CHJ755N1ZF,33Y6452H2ZQU1ZD,AP,WB,DELIVERED,2026-07-06,TRN-780489,DELPROOF-02222963
EWB852264994,INV-2026-00518,249NB74X2EK31ZW,074EIJ00HOD71ZP,DL,TS,DELIVERED,2026-08-21,TRN-197244,DELPROOF-95012892
EWB872667619,INV-2026-00519,07P0E36S2Z481ZD,243BBXUX1OXR1ZU,RJ,TN,GENERATED,2026-08-04,TRN-709853,DELPROOF-40759363
EWB383172975,INV-2026-00520,19LDOL65WVJX1ZY,36GCUIDC00M61ZC,RJ,MH,GENERATED,2026-06-10,TRN-962924,DELPROOF-76578380
EWB591363574,INV-2026-00521,27ADNBCJ29YF1ZB,36600X28PIJK1ZD,WB,WB,DELIVERED,2026-08-17,TRN-950713,DELPROOF-42384593
EWB226773751,INV-2026-00522,29W5L4RMVVNX1ZH,37N2LM1CBHT91ZR,GJ,GJ,DELIVERED,2026-08-15,TRN-939969,DELPROOF-49366914
EWB587622705,INV-2026-00523,29SPD2SW24WJ1ZR,294JWPXEFAF01ZH,GJ,WB,GENERATED,2026-07-18,TRN-625477,DELPROOF-50952722
EWB360095488,INV-2026-00524,0778S6764CAQ1ZJ,33VV8Y5SIC4S1ZB,DL,MH,GENERATED,2026-06-09,TRN-622779,DELPROOF-85103398
EWB464961716,INV-2026-00525,33ZG9JJ0076E1ZJ,09USGEHN0Z1R1ZD,DL,DL,GENERATED,2026-09-15,TRN-769320,DELPROOF-38613176
EWB317719963,INV-2026-00526,24SS1A2R5BFY1ZC,27Y6QKTC89K81ZW,AP,DL,IN_TRANSIT,2026-08-06,TRN-112822,DELPROOF-83598564
EWB497055450,INV-2026-00527,37ZSXPEFJ31E1ZF,19C1YOHMI9AY1ZF,RJ,RJ,GENERATED,2026-08-19,TRN-801752,DELPROOF-94593952
EWB610008195,INV-2026-00528,071V9NPUQARY1ZL,09GSTQMGVU4I1ZQ,TN,TN,GENERATED,2026-06-22,TRN-666186,DELPROOF-93418916
EWB985809558,INV-2026-00529,27W8GAKH3YCQ1ZD,091N6KVPUC8D1ZY,TN,DL,GENERATED,2026-08-04,TRN-907408,DELPROOF-13799629
EWB944719049,INV-2026-00530,2402WPJCF07V1ZB,33GYSPENGWYX1ZF,TN,DL,IN_TRANSIT,2026-08-02,TRN-800688,DELPROOF-60079924
EWB398460712,INV-2026-00531,07SBJDX0PKOV1ZQ,19VPUZ11BJKX1ZK,UP,DL,DELIVERED,2026-08-30,TRN-753800,DELPROOF-05171479
EWB928151955,INV-2026-00532,09N6NBYZM2421ZN,27ZS13C9XQYM1ZY,AP,GJ,GENERATED,2026-09-13,TRN-476241,DELPROOF-40728561
EWB155697308,INV-2026-00533,33VUQT2LWHED1ZG,37LQPB01QCTE1ZT,TN,GJ,IN_TRANSIT,2026-06-27,TRN-612309,DELPROOF-45231787
EWB388183051,INV-2026-00534,36UDS3QSQCQ31ZX,0758KXO9T7E81ZF,KA,AP,DELIVERED,2026-08-02,TRN-149503,DELPROOF-89897059
EWB443740202,INV-2026-00535,09HRUWA032601ZL,292HOQ5E7L7W1ZX,TS,TS,DELIVERED,2026-09-19,TRN-738627,DELPROOF-20119958
EWB697686414,INV-2026-00536,096F7QNEZW9H1ZE,08DJE153A5QB1ZQ,WB,DL,DELIVERED,2026-08-30,TRN-329521,DELPROOF-44596311
EWB932397745,INV-2026-00537,07LC33H8G8T91ZY,29NV5SN961J81ZJ,MH,DL,IN_TRANSIT,2026-09-25,TRN-103187,DELPROOF-05281808
EWB894805062,INV-2026-00538,24V46WYSIRRK1ZY,29ETKDUWTN5P1ZE,TS,GJ,DELIVERED,2026-08-11,TRN-396784,DELPROOF-49112453
EWB301058314,INV-2026-00539,36FWYJXRPJ1E1ZN,24AV1G8NTAFU1ZT,WB,UP,DELIVERED,2026-06-11,TRN-343430,DELPROOF-67262568
EWB942289497,INV-2026-00540,27HAIR4COWGZ1ZP,0762HDXC6RIJ1ZJ,AP,RJ,DELIVERED,2026-08-16,TRN-125841,DELPROOF-40944000
EWB787342671,INV-2026-00541,09U8WPFQ2BHA1ZH,09QZCUCTSUFL1ZQ,RJ,WB,DELIVERED,2026-09-10,TRN-788070,DELPROOF-79848223
EWB249266351,INV-2026-00542,36NVN439ENGA1ZX,36LVR7MGATND1ZD,UP,UP,DELIVERED,2026-08-16,TRN-688792,DELPROOF-45606161
EWB100482735,INV-2026-00543,33H9P1EARPHB1ZV,37RF3NAPLGW11ZU,TN,AP,DELIVERED,2026-08-11,TRN-569114,DELPROOF-28154165
EWB477540598,INV-2026-00544,29NV5SN961J81ZJ,36XCS1XSRQLN1ZW,DL,GJ,IN_TRANSIT,2026-08-01,TRN-123866,DELPROOF-29503883
EWB293653096,INV-2026-00545,08M89I9GX32U1ZE,2748VFCX7LXX1ZE,TN,UP,GENERATED,2026-09-19,TRN-945916,DELPROOF-21276540
EWB316369229,INV-2026-00546,19ETIUYMO0PQ1ZC,27U118QQVAEC1ZU,TN,GJ,IN_TRANSIT,2026-07-25,TRN-816938,DELPROOF-89487350
EWB723335069,INV-2026-00547,24DPWVBZ7CN01ZE,27SLH9BH811K1ZD,UP,RJ,IN_TRANSIT,2026-08-07,TRN-383213,DELPROOF-33439320
EWB264106580,INV-2026-00548,19KXLCD81TWH1ZU,071E1630POCR1ZX,KA,UP,DELIVERED,2026-08-23,TRN-406761,DELPROOF-44211304
EWB249110465,INV-2026-00549,29TVZKHIUIT71ZK,37TL8N3E54N61ZM,MH,UP,DELIVERED,2026-08-16,TRN-551116,DELPROOF-58776890
EWB260615104,INV-2026-00550,33CITFOYQBKK1ZO,19M2LHGCSOTD1ZH,MH,WB,IN_TRANSIT,2026-08-19,TRN-967176,DELPROOF-78412510
EWB706162222,INV-2026-00551,27I3OQYFOQMF1ZW,36X8ERTB74RS1ZF,MH,DL,GENERATED,2026-09-11,TRN-109214,DELPROOF-25440148
EWB725674969,INV-2026-00552,0921HD4Y89OR1ZT,33ZR1YXR2DHY1ZJ,TN,GJ,GENERATED,2026-09-28,TRN-866855,DELPROOF-06383070
EWB318241519,INV-2026-00553,09GXNX4SN6SM1ZL,19SOGGY5KOV11ZJ,TN,TS,DELIVERED,2026-08-15,TRN-840138,DELPROOF-29581787
EWB635343234,INV-2026-00554,198CD31NRXD31ZS,29TOLAQ665DL1ZU,GJ,UP,IN_TRANSIT,2026-09-10,TRN-191604,DELPROOF-54632800
EWB165860499,INV-2026-00555,09QVDK6DRN4O1ZP,24DURVFFFIA31ZN,UP,WB,IN_TRANSIT,2026-06-29,TRN-452350,DELPROOF-42495456
EWB663905511,INV-2026-00556,09OTHLQH7PPC1ZA,09ASFEN0B09Z1ZH,MH,DL,GENERATED,2026-08-30,TRN-946414,DELPROOF-12521948
EWB469196725,INV-2026-00557,072TIXC7URVQ1ZR,07N9UZERYF091ZY,TS,WB,IN_TRANSIT,2026-07-07,TRN-791825,DELPROOF-33557135
EWB784650274,INV-2026-00558,0758KXO9T7E81ZF,08F4AQ7B7V1W1ZV,RJ,WB,GENERATED,2026-08-07,TRN-726268,DELPROOF-80287677
EWB296345573,INV-2026-00559,19AYYOSYEOZ91ZX,330HL9XPSEIM1ZS,KA,KA,GENERATED,2026-08-19,TRN-142357,DELPROOF-87523320
EWB124310414,INV-2026-00560,249OE9419QZP1ZM,19TNGVN1KICJ1ZM,UP,KA,DELIVERED,2026-08-18,TRN-894559,DELPROOF-82588040
EWB346227120,INV-2026-00561,093KPUG99W591ZQ,37TEAVT8K06M1ZN,RJ,WB,IN_TRANSIT,2026-08-17,TRN-732359,DELPROOF-78494920
EWB446564169,INV-2026-00562,19VPUZ11BJKX1ZK,37DZNZ9C65FP1ZW,DL,UP,GENERATED,2026-07-09,TRN-454183,DELPROOF-80181642
EWB669109162,INV-2026-00563,19WWPM3X15DT1ZM,24KRZD5E9P3J1ZN,WB,UP,DELIVERED,2026-09-25,TRN-291048,DELPROOF-27086237
EWB890858299,INV-2026-00564,27N9J3GC9HOX1ZD,29BXLBC8NOG81ZM,WB,MH,IN_TRANSIT,2026-09-07,TRN-933258,DELPROOF-72774020
EWB692723772,INV-2026-00565,362BNE6LOH251ZL,19A09LZRK79U1ZE,KA,UP,DELIVERED,2026-08-27,TRN-274039,DELPROOF-41265109
EWB523828601,INV-2026-00566,36XXVA2IEUC11ZG,07YE088O98BV1ZZ,UP,DL,IN_TRANSIT,2026-08-19,TRN-206749,DELPROOF-91275608
EWB899010698,INV-2026-00567,2762C1JLOPO61ZI,33TVJ0PTJXFQ1ZI,KA,UP,DELIVERED,2026-09-18,TRN-753744,DELPROOF-06192157
EWB973554713,INV-2026-00568,27VPYMB5M9J91ZB,292IV7ZZJ64Q1ZG,WB,AP,GENERATED,2026-08-06,TRN-384444,DELPROOF-22420106
EWB151156375,INV-2026-00569,19H07WPH6FE01ZL,364XGMPW5D3G1ZM,GJ,TS,DELIVERED,2026-10-01,TRN-457380,DELPROOF-44781026
EWB169511288,INV-2026-00570,27FAW1LXXD8T1ZY,36N23Y30YSXP1ZL,TN,MH,DELIVERED,2026-07-21,TRN-224274,DELPROOF-59161877
EWB837320445,INV-2026-00571,29WZK4IE86DB1ZM,2414HOAE527P1ZQ,TS,TS,IN_TRANSIT,2026-09-10,TRN-509296,DELPROOF-81339032
EWB849965860,INV-2026-00572,27ADNBCJ29YF1ZB,19LDOL65WVJX1ZY,KA,AP,DELIVERED,2026-07-28,TRN-331507,DELPROOF-58538862
EWB652884360,INV-2026-00573,0767LM8E49IT1ZE,09L00EZZF8S21ZX,GJ,TN,DELIVERED,2026-07-09,TRN-772515,DELPROOF-64296734
EWB986031304,INV-2026-00574,08PJ8T22C50B1ZV,36FXQ7BZEGBL1ZZ,RJ,RJ,DELIVERED,2026-08-07,TRN-331206,DELPROOF-73610000
EWB491646859,INV-2026-00575,09G29D2FF5L61ZB,24OROI5J8YIT1ZZ,AP,RJ,DELIVERED,2026-09-01,TRN-642520,DELPROOF-37790763
EWB787942391,INV-2026-00576,337NZBXFV7FI1ZS,19WVTKH861PQ1ZH,KA,DL,GENERATED,2026-08-26,TRN-165170,DELPROOF-87116472
EWB990309487,INV-2026-00577,2414HOAE527P1ZQ,071V9NPUQARY1ZL,MH,RJ,IN_TRANSIT,2026-09-24,TRN-584732,DELPROOF-00612358
EWB847435749,INV-2026-00578,09VYLKFXHKC81ZX,1912II826GYU1ZO,UP,KA,DELIVERED,2026-06-13,TRN-290708,DELPROOF-52957364
EWB206301795,INV-2026-00579,27Q4S2FTGI881ZR,33S2FX0ZKWIJ1ZX,DL,RJ,DELIVERED,2026-09-16,TRN-423808,DELPROOF-47367627
EWB343965379,INV-2026-00580,29TJ54696QZ61ZC,37CVSQAME4YR1ZH,TS,UP,IN_TRANSIT,2026-08-27,TRN-183784,DELPROOF-56205154
EWB836586709,INV-2026-00581,08KE2GJR81BM1ZO,33EJZXPR2D0V1ZG,TN,GJ,GENERATED,2026-08-24,TRN-189154,DELPROOF-41367158
EWB218149165,INV-2026-00582,08WDPJBC01AR1ZU,19JY5OP9LBSM1ZT,RJ,TN,GENERATED,2026-08-01,TRN-497219,DELPROOF-01131347
EWB424927783,INV-2026-00583,368B97EGT2HS1ZN,37O1CJFX5LIK1ZU,GJ,RJ,IN_TRANSIT,2026-07-19,TRN-505791,DELPROOF-19202142
EWB776890032,INV-2026-00584,29Q05PXT6RID1ZJ,36ALCKZ3VWLO1ZR,WB,MH,IN_TRANSIT,2026-06-23,TRN-669935,DELPROOF-83066988
EWB350823278,INV-2026-00585,08NYARNNEZTE1ZD,19RL69VSYXBB1ZE,KA,MH,IN_TRANSIT,2026-06-09,TRN-160484,DELPROOF-33212353
EWB657436737,INV-2026-00586,19JY5OP9LBSM1ZT,24VT3X8VE00H1ZZ,DL,AP,GENERATED,2026-09-25,TRN-269319,DELPROOF-90518108
EWB754390028,INV-2026-00587,37LVXWQZXEBB1ZP,36TFEBE5407K1ZI,UP,TN,IN_TRANSIT,2026-07-27,TRN-490710,DELPROOF-96365256
EWB341484732,INV-2026-00588,29GJD3EX5MHQ1ZL,09GPJNVWRXGK1ZH,RJ,UP,GENERATED,2026-09-14,TRN-993838,DELPROOF-71702275
EWB210091174,INV-2026-00589,29Q05PXT6RID1ZJ,364XGMPW5D3G1ZM,TN,MH,IN_TRANSIT,2026-08-31,TRN-274480,DELPROOF-72488362
EWB951331736,INV-2026-00590,33OV953A5O471ZA,29V5S4TL0THH1ZW,MH,MH,IN_TRANSIT,2026-07-20,TRN-799793,DELPROOF-07395588
EWB372583630,INV-2026-00591,09N9T84AZYTJ1ZU,091N6KVPUC8D1ZY,DL,TS,IN_TRANSIT,2026-08-18,TRN-503578,DELPROOF-12240600
EWB383631822,INV-2026-00592,097UJODCK8281ZR,37QPWDXYASVD1ZA,MH,DL,GENERATED,2026-07-09,TRN-735822,DELPROOF-93043948
EWB576615459,INV-2026-00593,199GVBMQQ7491ZO,072TIXC7URVQ1ZR,WB,GJ,DELIVERED,2026-09-04,TRN-777874,DELPROOF-93734340
EWB629728955,INV-2026-00594,24D3IRVXD2ZU1ZS,33QKF4VGE0GY1ZA,DL,UP,GENERATED,2026-07-28,TRN-319479,DELPROOF-94683143
EWB934498058,INV-2026-00595,33C83GY1FKOL1ZD,27MOQXHGLG4P1ZX,DL,DL,DELIVERED,2026-07-05,TRN-282817,DELPROOF-07902520
EWB255525560,INV-2026-00596,07KA34MQA78R1ZA,09TGGZ62FE9U1ZO,AP,MH,IN_TRANSIT,2026-08-08,TRN-157156,DELPROOF-37988083
EWB882235116,INV-2026-00597,36F2CTG08ZZK1ZJ,29XN0GUO4KH21ZT,DL,RJ,DELIVERED,2026-08-04,TRN-602528,DELPROOF-10903849
EWB150745850,INV-2026-00598,19DNWT2FES5C1ZQ,076JXNNNGBPJ1ZI,UP,AP,DELIVERED,2026-09-14,TRN-178787,DELPROOF-65751736
EWB382036215,INV-2026-00599,249M6MG87OI01ZE,07RF899OFPVI1ZL,TN,UP,DELIVERED,2026-07-10,TRN-309340,DELPROOF-09397725
EWB374742878,INV-2026-00600,370S2UTBTTY91ZF,36BTD5OAIINM1ZJ,AP,TS,GENERATED,2026-09-09,TRN-831421,DELPROOF-26040161
EWB376689275,INV-2026-00601,08REV361XSNB1ZQ,27P38QOLDFOR1ZV,AP,TN,DELIVERED,2026-07-22,TRN-945852,DELPROOF-94056876
EWB291060921,INV-2026-00602,0899F77LU8EL1ZE,36H30153SFLS1ZE,UP,DL,DELIVERED,2026-06-07,TRN-972964,DELPROOF-80558713
EWB425497467,INV-2026-00603,241SDIEQFB851ZN,29FLQBMAE38S1ZP,GJ,MH,GENERATED,2026-07-14,TRN-487122,DELPROOF-59226216
EWB797321225,INV-2026-00604,08MF4NNKM95D1ZX,19DNWT2FES5C1ZQ,KA,KA,DELIVERED,2026-09-05,TRN-701874,DELPROOF-66852997
EWB464520519,INV-2026-00605,08GEFQJG02U11ZF,1941CRO04BYV1ZA,DL,MH,GENERATED,2026-08-22,TRN-936692,DELPROOF-83226083
EWB703618364,INV-2026-00606,24IXDU1EMMX31ZV,08QIMQODPXNF1ZP,TN,TN,IN_TRANSIT,2026-07-07,TRN-399292,DELPROOF-93653578
EWB602387885,INV-2026-00607,37LQPB01QCTE1ZT,19OZ7QMJCENT1ZM,GJ,TN,IN_TRANSIT,2026-09-21,TRN-729671,DELPROOF-05335528
EWB597173272,INV-2026-00608,33H4NRED6M421ZE,29B98V341ONX1ZX,TN,RJ,GENERATED,2026-06-06,TRN-801909,DELPROOF-74478775
EWB192757236,INV-2026-00609,27X2ZVL9E9ZR1ZG,24OROI5J8YIT1ZZ,TS,DL,IN_TRANSIT,2026-08-02,TRN-302313,DELPROOF-59814341
EWB546222964,INV-2026-00610,33N7G8B2ZXII1ZX,09VC9AQX6RZC1ZL,TN,KA,GENERATED,2026-06-26,TRN-931810,DELPROOF-98109489
EWB234183835,INV-2026-00611,19FPL7QHVKVL1ZA,27BOGKAH2XJQ1ZZ,TS,KA,DELIVERED,2026-07-29,TRN-405236,DELPROOF-36156991
EWB428431260,INV-2026-00612,37GINSAVOCIR1ZB,33MQWYUIXNS21ZW,UP,DL,GENERATED,2026-08-27,TRN-913646,DELPROOF-36044449
EWB357945682,INV-2026-00613,3687K9TPZ1J81ZO,196E1ZHWY9HE1ZC,WB,UP,IN_TRANSIT,2026-06-08,TRN-874077,DELPROOF-20032002
EWB108100043,INV-2026-00614,36H30153SFLS1ZE,29VM96N7KBNK1ZE,RJ,MH,GENERATED,2026-07-16,TRN-122600,DELPROOF-65769097
EWB975392231,INV-2026-00615,19JY5OP9LBSM1ZT,27X2ZVL9E9ZR1ZG,UP,WB,IN_TRANSIT,2026-09-27,TRN-728175,DELPROOF-94546484
EWB258005232,INV-2026-00616,19GB1AJO091C1ZO,36NEGN2B4JTJ1ZZ,WB,GJ,IN_TRANSIT,2026-07-25,TRN-557956,DELPROOF-51785743
EWB481791270,INV-2026-00617,36MLXZVO52701ZQ,088QTTY5Y2JR1ZH,RJ,WB,DELIVERED,2026-08-28,TRN-278152,DELPROOF-49067307
EWB446352864,INV-2026-00618,36U8NOZEMDMZ1ZI,191LLKSTN3CP1ZS,RJ,TN,DELIVERED,2026-09-13,TRN-401878,DELPROOF-58774690
EWB921048810,INV-2026-00619,29JOV58TOE3P1ZF,07BPQGA6X85Z1ZX,AP,KA,DELIVERED,2026-07-06,TRN-575062,DELPROOF-21949507
EWB774382183,INV-2026-00620,24YRVXOIEVES1ZS,36ZQ991P778R1ZL,TS,UP,GENERATED,2026-07-20,TRN-231728,DELPROOF-16082028
EWB877572258,INV-2026-00621,33W6JL2L5B561ZB,368TANA6U48G1ZT,DL,MH,GENERATED,2026-06-20,TRN-577737,DELPROOF-32024942
EWB438944684,INV-2026-00622,296JIXUB4IBH1ZH,2430I6G61PCW1ZD,KA,TN,GENERATED,2026-07-15,TRN-183615,DELPROOF-39027425
EWB160742868,INV-2026-00623,37XGSPLTI8991ZA,24JJBFSA5UZL1ZW,UP,TN,IN_TRANSIT,2026-08-03,TRN-207762,DELPROOF-26788126
EWB348626001,INV-2026-00624,1941CRO04BYV1ZA,296JQFWWXR5R1ZC,RJ,TN,IN_TRANSIT,2026-08-26,TRN-170792,DELPROOF-55299109
EWB414920481,INV-2026-00625,07HHUZ83YUXY1ZN,07OUZE66VW9B1ZX,RJ,TN,DELIVERED,2026-08-03,TRN-822494,DELPROOF-70064103
EWB252704729,INV-2026-00626,33ZM3618LEU61ZW,07FKHDIU1JTK1ZA,TN,MH,DELIVERED,2026-08-09,TRN-661980,DELPROOF-95332744
EWB801635976,INV-2026-00627,09HRUWA032601ZL,07YHQIN9N6XC1ZI,RJ,WB,DELIVERED,2026-07-19,TRN-501056,DELPROOF-17949102
EWB753639054,INV-2026-00628,29LD4D6AF58C1ZZ,339WT2YBUH7J1ZW,WB,WB,GENERATED,2026-08-21,TRN-694920,DELPROOF-70766400
EWB391467035,INV-2026-00629,08XQM334L1VZ1ZL,37VC7HR6C2CU1ZN,WB,DL,DELIVERED,2026-06-08,TRN-426245,DELPROOF-48877934
EWB612875134,INV-2026-00630,246RPKZGGM0J1ZT,376U79XBPH5C1ZG,WB,WB,IN_TRANSIT,2026-08-08,TRN-294520,DELPROOF-87328758
EWB429144721,INV-2026-00631,37DYCPN0P1XS1ZG,36H30153SFLS1ZE,TS,TS,GENERATED,2026-09-20,TRN-147059,DELPROOF-47186079
EWB735651542,INV-2026-00632,09AM148P0TVH1ZH,336E07FPY1AE1ZJ,DL,AP,IN_TRANSIT,2026-08-11,TRN-625532,DELPROOF-39230468
EWB550927295,INV-2026-00633,08GK6T9DHSZN1ZS,36TFEBE5407K1ZI,KA,GJ,GENERATED,2026-07-10,TRN-270033,DELPROOF-88194519
EWB330441556,INV-2026-00634,3763BTKF6XDN1ZV,3313CD5GLQJ51ZQ,WB,AP,DELIVERED,2026-07-08,TRN-180975,DELPROOF-18500012
EWB683103647,INV-2026-00635,24X8SYLEMRUY1ZN,27ADNBCJ29YF1ZB,AP,GJ,IN_TRANSIT,2026-06-08,TRN-200448,DELPROOF-07247409
EWB677367718,INV-2026-00636,36OI9WM1SAV91ZB,097WR0R35IKG1ZD,TS,TS,IN_TRANSIT,2026-08-02,TRN-408609,DELPROOF-31430120
EWB469005492,INV-2026-00637,24M8T0JSHHJ71ZQ,27SYJAFCO3S61ZP,MH,WB,DELIVERED,2026-06-03,TRN-828539,DELPROOF-06946344
EWB715857487,INV-2026-00638,36Z5TOZO32TC1ZS,29F7LOW4VSSR1ZS,KA,RJ,DELIVERED,2026-08-10,TRN-705916,DELPROOF-21968958
EWB310551921,INV-2026-00639,09H9PTFNM88U1ZA,08XQM334L1VZ1ZL,DL,MH,DELIVERED,2026-09-05,TRN-434068,DELPROOF-55968519
EWB836716118,INV-2026-00640,27HPVKU8H5R81ZL,33OV953A5O471ZA,GJ,MH,GENERATED,2026-08-20,TRN-101180,DELPROOF-15292931
EWB199996123,INV-2026-00641,19RL69VSYXBB1ZE,29LD4D6AF58C1ZZ,AP,MH,IN_TRANSIT,2026-07-16,TRN-532424,DELPROOF-89814520
EWB112377850,INV-2026-00642,19875AUD9K9T1ZP,37KWOALF4V1T1ZU,TS,TS,DELIVERED,2026-06-20,TRN-371923,DELPROOF-17548610
EWB306161201,INV-2026-00643,24C1RBK9RX641ZT,27H8RQ9NZ6121ZG,TS,DL,GENERATED,2026-07-25,TRN-233889,DELPROOF-54330700
EWB900621572,INV-2026-00644,24D3IRVXD2ZU1ZS,0861M3J1HA0W1ZN,WB,MH,DELIVERED,2026-08-17,TRN-806795,DELPROOF-73156017
EWB629993176,INV-2026-00645,29FLQBMAE38S1ZP,24K8WRU1XEMI1ZU,TS,GJ,DELIVERED,2026-09-26,TRN-710219,DELPROOF-24876269
EWB916572917,INV-2026-00646,33YFZ9S9VS1Q1ZE,098DD22555JX1ZS,WB,TN,IN_TRANSIT,2026-08-01,TRN-890275,DELPROOF-71350429
EWB578567200,INV-2026-00647,36I5P5NVQEBW1ZS,27HPVKU8H5R81ZL,TN,MH,GENERATED,2026-06-27,TRN-698746,DELPROOF-77738996
EWB746620873,INV-2026-00648,33TGDUQ6DDTB1ZW,2937DL9FC1XX1ZS,MH,WB,DELIVERED,2026-07-24,TRN-557899,DELPROOF-01732744
EWB635825223,INV-2026-00649,3313CD5GLQJ51ZQ,27Q4S2FTGI881ZR,TS,MH,IN_TRANSIT,2026-10-05,TRN-265675,DELPROOF-29063705
EWB514951194,INV-2026-00650,33QKF4VGE0GY1ZA,33ALFWYPEEK01ZZ,RJ,KA,DELIVERED,2026-06-30,TRN-630757,DELPROOF-82047591
EWB505446931,INV-2026-00651,24JJBFSA5UZL1ZW,243BBXUX1OXR1ZU,MH,AP,DELIVERED,2026-07-02,TRN-266002,DELPROOF-43172106
EWB983586444,INV-2026-00652,19Z02XRGHC0C1ZK,330PDW5PY6B21ZJ,KA,MH,IN_TRANSIT,2026-07-25,TRN-273894,DELPROOF-69769104
EWB995817931,INV-2026-00653,098P6BEFFLZM1ZQ,24TP0LZJJEGE1ZR,RJ,UP,DELIVERED,2026-08-12,TRN-429124,DELPROOF-92758329
EWB298613635,INV-2026-00654,24BUNKNQT3WV1ZE,330HL9XPSEIM1ZS,KA,MH,GENERATED,2026-06-14,TRN-303146,DELPROOF-54828180
EWB723109085,INV-2026-00655,07N9UZERYF091ZY,07NYFM7VH30Q1ZB,RJ,MH,GENERATED,2026-07-14,TRN-595065,DELPROOF-74205859
EWB632486336,INV-2026-00656,36WUCX67XKWQ1ZX,190K5QZZKW3G1ZH,MH,UP,IN_TRANSIT,2026-10-02,TRN-502819,DELPROOF-89201933
EWB883743806,INV-2026-00657,24DURVFFFIA31ZN,19E0Q5ZJAUCY1ZG,MH,AP,IN_TRANSIT,2026-08-21,TRN-188535,DELPROOF-39439797
EWB266626679,INV-2026-00658,29H4GG24479Q1ZR,19GA24SMUX2R1ZV,KA,WB,DELIVERED,2026-08-28,TRN-509359,DELPROOF-64512256
EWB125301313,INV-2026-00659,0806NKWFG3MW1ZS,2721B07G2RE61ZX,UP,MH,IN_TRANSIT,2026-07-12,TRN-907249,DELPROOF-05766248
EWB687428158,INV-2026-00660,29ATWYAM1N0L1ZG,37JVLCG1J5EW1ZE,KA,AP,GENERATED,2026-08-04,TRN-734215,DELPROOF-17500250
EWB419511634,INV-2026-00661,09QBSXLUL6LG1ZI,09ZYF2EV4JI41ZS,KA,TN,IN_TRANSIT,2026-10-02,TRN-533728,DELPROOF-93571955
EWB883113904,INV-2026-00662,36WS44C68AU91ZD,33H9P1EARPHB1ZV,DL,UP,GENERATED,2026-07-14,TRN-820872,DELPROOF-16610564
EWB282457240,INV-2026-00663,33Y84ZZ2P6EE1ZA,360AJUFQYMBN1ZU,DL,TS,DELIVERED,2026-07-27,TRN-619531,DELPROOF-97433300
EWB872938820,INV-2026-00664,0923GDPPQ0Y91ZD,36A75LD7M08L1ZC,TN,KA,IN_TRANSIT,2026-10-03,TRN-189270,DELPROOF-77667358
EWB227077838,INV-2026-00665,08RKY8RYOZDP1ZN,37KX9DVNU80B1ZZ,UP,WB,GENERATED,2026-07-08,TRN-618265,DELPROOF-26694519
EWB447229625,INV-2026-00666,19UW2XH6QIHP1ZM,37FTDRLUXM601ZA,TS,GJ,IN_TRANSIT,2026-07-28,TRN-568864,DELPROOF-75367997
EWB812540918,INV-2026-00667,278GUAS173RI1ZG,08NSM43D8W3Z1ZN,WB,GJ,GENERATED,2026-08-26,TRN-451046,DELPROOF-37187324
EWB941116307,INV-2026-00668,331R9Z27UJDL1ZU,36Z1OA3VF02G1ZT,UP,KA,IN_TRANSIT,2026-07-30,TRN-479656,DELPROOF-65603696
EWB816542465,INV-2026-00669,24ZZF8ADF7PC1ZH,09NXZDZB5F5T1ZV,TS,RJ,DELIVERED,2026-07-20,TRN-589028,DELPROOF-33293667
EWB863576874,INV-2026-00670,07DC08FC0TR51ZN,194DV56ONXD71ZX,UP,WB,DELIVERED,2026-08-13,TRN-117814,DELPROOF-28585971
EWB470956254,INV-2026-00671,29GZ6TPBWSXX1ZD,339T9CD1LQJS1ZO,KA,GJ,IN_TRANSIT,2026-09-30,TRN-171097,DELPROOF-58690022
EWB760845107,INV-2026-00672,373E950ID0331ZR,09H9PTFNM88U1ZA,UP,UP,IN_TRANSIT,2026-09-10,TRN-368592,DELPROOF-18337927
EWB643598403,INV-2026-00673,24EFJAWSHMLF1ZW,36ALCKZ3VWLO1ZR,TS,TS,IN_TRANSIT,2026-07-30,TRN-955173,DELPROOF-87627087
EWB630479258,INV-2026-00674,243PGSF3YN721ZA,36FEWVZNVKSP1ZZ,AP,TN,GENERATED,2026-08-04,TRN-412530,DELPROOF-43939502
EWB875588661,INV-2026-00675,29Y2X15XJXNE1ZC,08MKGXUKQ00U1ZF,AP,GJ,GENERATED,2026-06-07,TRN-541982,DELPROOF-31271483
EWB788802192,INV-2026-00676,299DYFNGP41S1ZO,29ETKDUWTN5P1ZE,MH,MH,GENERATED,2026-08-06,TRN-980294,DELPROOF-35441762
EWB288012600,INV-2026-00677,24D7YXW1TBRW1ZP,08QIMQODPXNF1ZP,UP,AP,GENERATED,2026-09-19,TRN-185950,DELPROOF-98963874
EWB261015521,INV-2026-00678,271D9S9HBN5E1ZJ,24CMCOCO2ZTD1ZG,TS,WB,GENERATED,2026-10-07,TRN-819543,DELPROOF-97994489
EWB842938262,INV-2026-00679,09U9TD0V2ZP41ZI,09XB3N27M5P71ZD,TS,GJ,DELIVERED,2026-07-19,TRN-877637,DELPROOF-41870082
EWB678806916,INV-2026-00680,27W1PUWSNFFY1ZJ,331M264UPJ161ZC,WB,TN,DELIVERED,2026-08-30,TRN-291562,DELPROOF-51626525
EWB430941362,INV-2026-00681,37SQ0P82KB701ZX,078IJTYOLD621ZE,WB,UP,DELIVERED,2026-09-12,TRN-663720,DELPROOF-46355241
EWB132168765,INV-2026-00682,336BEDYEJHDZ1ZU,275QBVNPY1AJ1ZJ,WB,WB,IN_TRANSIT,2026-06-24,TRN-321946,DELPROOF-71192869
EWB412589281,INV-2026-00683,27L8MWOB4FDD1ZV,33XN4D24N9YG1ZB,UP,TN,IN_TRANSIT,2026-10-06,TRN-617971,DELPROOF-26026395
EWB370791063,INV-2026-00684,08UJT9T11PHP1ZX,07JJFGJK2N7Z1ZP,RJ,WB,DELIVERED,2026-08-19,TRN-944304,DELPROOF-90025097
EWB849848506,INV-2026-00685,24XVDA4L3KHY1ZE,3312VJ99T2D51ZE,KA,WB,DELIVERED,2026-06-14,TRN-318661,DELPROOF-95327726
EWB234696979,INV-2026-00686,09V51ZLBORIQ1ZJ,08F4AQ7B7V1W1ZV,RJ,KA,IN_TRANSIT,2026-06-18,TRN-673530,DELPROOF-33051743
EWB917200274,INV-2026-00687,09MLH13C71UD1ZZ,193M73HC9JYP1ZA,DL,KA,IN_TRANSIT,2026-07-17,TRN-716733,DELPROOF-37866578
EWB675810592,INV-2026-00688,19FYO1750CEH1ZK,36MJBQE7CKW51ZL,KA,DL,GENERATED,2026-06-22,TRN-349219,DELPROOF-95194913
EWB355431533,INV-2026-00689,09USGEHN0Z1R1ZD,2402WPJCF07V1ZB,TN,MH,DELIVERED,2026-09-03,TRN-197194,DELPROOF-83482456
EWB607729988,INV-2026-00690,330PDW5PY6B21ZJ,08ZHRUPFLFCY1ZU,GJ,DL,IN_TRANSIT,2026-07-05,TRN-656823,DELPROOF-34163757
EWB869953895,INV-2026-00691,33E02TOXOU0Y1ZD,3784U89YJB1Q1ZU,KA,RJ,DELIVERED,2026-06-24,TRN-307551,DELPROOF-41714298
EWB894557767,INV-2026-00692,24Q1RDXCK36H1ZX,29WLQ6EXNWZR1ZX,RJ,UP,DELIVERED,2026-06-27,TRN-613070,DELPROOF-45552922
EWB504301837,INV-2026-00693,367GBDGBXNRW1ZS,08LBB8NMT3YP1ZQ,TN,MH,GENERATED,2026-06-04,TRN-603873,DELPROOF-57753279
EWB652079561,INV-2026-00694,24J1QI9MQVAY1ZU,36ZQ991P778R1ZL,KA,WB,IN_TRANSIT,2026-06-25,TRN-229386,DELPROOF-27461403
EWB476567746,INV-2026-00695,08CPNCC2KEIV1ZK,37ALULDRYHR31ZV,UP,WB,GENERATED,2026-06-17,TRN-371388,DELPROOF-19639395
EWB476095949,INV-2026-00696,334BJ3BQRR871ZH,377KNUFBHGP51ZC,GJ,DL,IN_TRANSIT,2026-10-04,TRN-378793,DELPROOF-42946949
EWB891487825,INV-2026-00697,1994DNMKZA3O1ZA,2704UX5QRL1N1ZK,GJ,MH,IN_TRANSIT,2026-10-01,TRN-137853,DELPROOF-74639685
EWB786196121,INV-2026-00698,085V0175DU231ZI,09CWMPEQYDBP1ZF,RJ,RJ,IN_TRANSIT,2026-08-20,TRN-682053,DELPROOF-45169898
EWB542685425,INV-2026-00699,36RNR2KYB3GD1ZS,29O1PVLND5811ZK,DL,RJ,IN_TRANSIT,2026-09-16,TRN-733162,DELPROOF-13664662
EWB705750934,INV-2026-00700,0921HD4Y89OR1ZT,37LDSFR4MUEK1ZH,GJ,WB,DELIVERED,2026-09-10,TRN-208398,DELPROOF-56520056
EWB983973176,INV-2026-00701,3784U89YJB1Q1ZU,07SJ84TC2QSI1ZZ,AP,WB,DELIVERED,2026-06-23,TRN-455206,DELPROOF-24549618
EWB896581496,INV-2026-00702,24TRIJ2FRNLX1ZT,37LVXWQZXEBB1ZP,UP,DL,GENERATED,2026-08-22,TRN-953508,DELPROOF-19629922
EWB101180833,INV-2026-00703,36G0FN9XUY411ZH,2414HOAE527P1ZQ,GJ,UP,GENERATED,2026-07-07,TRN-370209,DELPROOF-42596061
EWB661007217,INV-2026-00704,19VNNVBZW5AP1ZK,37O1CJFX5LIK1ZU,TS,DL,DELIVERED,2026-09-05,TRN-765492,DELPROOF-21820748
EWB593515229,INV-2026-00705,19JFVYB6LI071ZL,24QZHECBUQYP1ZH,UP,MH,IN_TRANSIT,2026-09-15,TRN-597485,DELPROOF-44631838
EWB615897084,INV-2026-00706,339T9CD1LQJS1ZO,337NZBXFV7FI1ZS,WB,UP,DELIVERED,2026-09-24,TRN-955399,DELPROOF-15422728
EWB674105455,INV-2026-00707,19AUUJ02GRXP1ZS,36HE4H3GM1BW1ZV,DL,MH,DELIVERED,2026-08-02,TRN-394804,DELPROOF-98688150
EWB557705682,INV-2026-00708,24DJGF1C8WQU1ZS,295VRZ38EFE91ZT,DL,MH,IN_TRANSIT,2026-10-04,TRN-479995,DELPROOF-90414016
EWB825391865,INV-2026-00709,08H9NKLYBWGM1ZN,074EIJ00HOD71ZP,DL,GJ,GENERATED,2026-06-14,TRN-548024,DELPROOF-15503369
EWB653693981,INV-2026-00710,0984Z4UR2YUP1ZL,37LVXWQZXEBB1ZP,UP,RJ,DELIVERED,2026-07-11,TRN-515024,DELPROOF-00400630
EWB212100463,INV-2026-00711,08Q55IT9BN181ZG,37QY0HU97NG01ZA,WB,KA,GENERATED,2026-08-26,TRN-340986,DELPROOF-65315406
EWB264559324,INV-2026-00712,37W4A7FQ9P961ZU,08F678K52QC11ZH,MH,TS,IN_TRANSIT,2026-09-25,TRN-560547,DELPROOF-56225058
EWB351220646,INV-2026-00713,276314CQE4LO1ZG,33H9P1EARPHB1ZV,WB,KA,GENERATED,2026-08-08,TRN-758731,DELPROOF-06438988
EWB153982864,INV-2026-00714,36JZR5SWK8TE1ZL,37KWCYUKND1I1ZT,KA,KA,GENERATED,2026-07-30,TRN-628861,DELPROOF-54007366
EWB317393184,INV-2026-00715,379MX2X18HAF1ZE,08LLGF309HSU1ZT,KA,KA,DELIVERED,2026-08-01,TRN-544091,DELPROOF-80262834
EWB508182544,INV-2026-00716,29L9OT7TXKDO1ZR,08CPNCC2KEIV1ZK,GJ,UP,GENERATED,2026-09-26,TRN-551659,DELPROOF-77012996
EWB765201618,INV-2026-00717,19MRUNJDU0IS1ZB,334BF5L0RXMI1ZN,DL,GJ,IN_TRANSIT,2026-06-29,TRN-775973,DELPROOF-66003109
EWB156185029,INV-2026-00718,09GSTQMGVU4I1ZQ,190N852N5FNP1ZV,MH,WB,DELIVERED,2026-07-28,TRN-358791,DELPROOF-63747891
EWB964585093,INV-2026-00719,090ODWMQX5GG1ZM,29NUI3DO70021ZF,AP,WB,IN_TRANSIT,2026-07-30,TRN-651068,DELPROOF-03222333
EWB485216571,INV-2026-00720,33CITFOYQBKK1ZO,36X48WZE4EX61ZS,AP,DL,DELIVERED,2026-08-03,TRN-304238,DELPROOF-81731614
EWB974547479,INV-2026-00721,27T1ELOU83G41ZV,37NZASYWDRKU1ZN,DL,DL,IN_TRANSIT,2026-06-29,TRN-933191,DELPROOF-73782375
EWB751592806,INV-2026-00722,0861M3J1HA0W1ZN,37OJWLRKXJTM1ZV,KA,RJ,IN_TRANSIT,2026-08-23,TRN-261049,DELPROOF-52614701
EWB877173837,INV-2026-00723,2452NLOQTQ681ZT,07ASEH5E5RWS1ZE,TN,TS,GENERATED,2026-06-16,TRN-404446,DELPROOF-08829600
EWB535132721,INV-2026-00724,292S8U8ZF0P71ZJ,0806NKWFG3MW1ZS,MH,RJ,IN_TRANSIT,2026-08-28,TRN-211298,DELPROOF-59781707
EWB554549582,INV-2026-00725,33E02TOXOU0Y1ZD,36FWYJXRPJ1E1ZN,TN,UP,DELIVERED,2026-08-02,TRN-181578,DELPROOF-10711456
EWB721550241,INV-2026-00726,29NQWHOCPY8U1ZD,24Q99CHJ755N1ZF,TS,TN,GENERATED,2026-07-20,TRN-455510,DELPROOF-53104111
EWB534812704,INV-2026-00727,373E950ID0331ZR,334BJ3BQRR871ZH,TN,WB,IN_TRANSIT,2026-08-31,TRN-346378,DELPROOF-35770937
EWB812889403,INV-2026-00728,095935A0L7251ZZ,2731YHXSO7VB1ZF,AP,WB,GENERATED,2026-10-04,TRN-543845,DELPROOF-42705237
EWB395761195,INV-2026-00729,27CKQH3ERAM41ZB,24VFRUK94IW51ZA,UP,RJ,IN_TRANSIT,2026-08-31,TRN-937155,DELPROOF-09138175
EWB537068713,INV-2026-00730,08M89I9GX32U1ZE,07LOD9R7ANQJ1ZK,TN,WB,DELIVERED,2026-08-04,TRN-835449,DELPROOF-04876902
EWB570415246,INV-2026-00731,09Q4TA5IVROC1ZT,08GGSOU6NJ2N1ZZ,UP,KA,GENERATED,2026-06-08,TRN-894002,DELPROOF-20801572
EWB374065031,INV-2026-00732,37KI1IJE2XE01ZI,19EVL7FQ8ABY1ZQ,RJ,MH,IN_TRANSIT,2026-06-19,TRN-453359,DELPROOF-64447663
EWB246675899,INV-2026-00733,07YE088O98BV1ZZ,097NVV28UE1M1ZV,UP,TN,IN_TRANSIT,2026-09-28,TRN-664821,DELPROOF-54636559
EWB623931041,INV-2026-00734,33NRM31SL7ZX1ZQ,27X2ZVL9E9ZR1ZG,TN,MH,IN_TRANSIT,2026-07-30,TRN-173847,DELPROOF-60577954
EWB680223215,INV-2026-00735,33H6NQQB9LZS1ZI,09NB4GH2M5ZJ1ZA,WB,UP,DELIVERED,2026-06-19,TRN-561636,DELPROOF-83103648
EWB710744236,INV-2026-00736,243PGSF3YN721ZA,096OM1FB8C7X1ZX,KA,KA,GENERATED,2026-08-23,TRN-759409,DELPROOF-26354205
EWB606640969,INV-2026-00737,07OUZE66VW9B1ZX,27TMY91OTKZH1ZR,WB,UP,IN_TRANSIT,2026-08-27,TRN-418281,DELPROOF-76876965
EWB257847654,INV-2026-00738,27RGREWDS0HP1ZP,37XFQJ3HXJ3A1ZN,GJ,MH,IN_TRANSIT,2026-06-14,TRN-351938,DELPROOF-05951081
EWB156351318,INV-2026-00739,19U2T0JESGQ41ZB,33XN2ELALQ261ZR,AP,TS,DELIVERED,2026-07-15,TRN-262884,DELPROOF-92140964
EWB921158961,INV-2026-00740,36TWG7NFDINU1ZM,37SAV917RMPN1ZK,DL,WB,IN_TRANSIT,2026-06-04,TRN-111477,DELPROOF-38224594
EWB573549646,INV-2026-00741,27SFHVMLJEKB1ZT,33Y6452H2ZQU1ZD,TS,AP,DELIVERED,2026-07-31,TRN-348319,DELPROOF-87767546
EWB241759435,INV-2026-00742,27CKQH3ERAM41ZB,19OZ7QMJCENT1ZM,TN,TN,GENERATED,2026-06-13,TRN-372907,DELPROOF-81813695
EWB572276346,INV-2026-00743,2799HEXW8L851ZI,33KEPLBX889E1ZP,WB,TS,IN_TRANSIT,2026-07-02,TRN-935742,DELPROOF-62473452
EWB239988826,INV-2026-00744,36F2CTG08ZZK1ZJ,33GYSPENGWYX1ZF,TS,AP,IN_TRANSIT,2026-07-19,TRN-296680,DELPROOF-01763391
EWB609549233,INV-2026-00745,37GNXB5JTB9X1ZU,24RWV9NJS96A1ZK,WB,DL,DELIVERED,2026-09-02,TRN-769449,DELPROOF-49170051
EWB567012728,INV-2026-00746,097WR0R35IKG1ZD,29B98V341ONX1ZX,MH,TN,GENERATED,2026-06-09,TRN-612342,DELPROOF-20457312
EWB296168925,INV-2026-00747,080JQQNVCEQF1ZG,24VFRUK94IW51ZA,GJ,UP,IN_TRANSIT,2026-06-10,TRN-538860,DELPROOF-84570738
EWB176637058,INV-2026-00748,08MF4NNKM95D1ZX,0716KJ752H701ZV,TS,TS,IN_TRANSIT,2026-06-09,TRN-226235,DELPROOF-96444582
EWB347645458,INV-2026-00749,08CPNCC2KEIV1ZK,09EJCY127H6G1ZL,DL,MH,IN_TRANSIT,2026-07-06,TRN-400557,DELPROOF-83945913
EWB103458949,INV-2026-00750,24AF4JGQ6CN81ZQ,37YMENVG3KK01ZT,TN,WB,GENERATED,2026-08-09,TRN-574724,DELPROOF-76568522
EWB957360850,INV-2026-00751,09BRSZ1N3IUZ1ZG,075MY80TGH3S1ZL,RJ,WB,IN_TRANSIT,2026-08-28,TRN-851157,DELPROOF-20338276
EWB754576853,INV-2026-00752,19UUOYC3RWQM1ZL,3681IQY5SXAW1ZK,KA,TN,DELIVERED,2026-09-27,TRN-377128,DELPROOF-21827381
EWB342709837,INV-2026-00753,36X48WZE4EX61ZS,19S0765ICAUT1ZI,TN,TN,DELIVERED,2026-07-27,TRN-617993,DELPROOF-67077705
EWB382893013,INV-2026-00754,36FAZZ81SDW41ZQ,24FC79M96ZPX1ZT,KA,UP,GENERATED,2026-08-25,TRN-754360,DELPROOF-23167568
EWB464148620,INV-2026-00755,07YHQIN9N6XC1ZI,36GFR27RIU9M1ZI,DL,UP,IN_TRANSIT,2026-07-20,TRN-151984,DELPROOF-31765820
EWB843136988,INV-2026-00756,19M9Q7FTMFWG1ZM,074MJDXO100V1ZG,TS,RJ,DELIVERED,2026-07-08,TRN-256799,DELPROOF-32944139
EWB887485432,INV-2026-00757,36L90AOBT3281ZU,29XJN6FOKZIX1ZW,AP,KA,IN_TRANSIT,2026-06-09,TRN-191713,DELPROOF-38163594
EWB248090176,INV-2026-00758,197ZQPPOAU8P1ZY,08GWA44LZ6V71ZQ,TN,TN,DELIVERED,2026-07-07,TRN-208009,DELPROOF-26393434
EWB753510733,INV-2026-00759,076QE7AJUL7W1ZC,248M1G9FK2ST1ZX,KA,KA,GENERATED,2026-06-06,TRN-819821,DELPROOF-71943937
EWB554198727,INV-2026-00760,09FOP8QZJULI1ZF,24AF4JGQ6CN81ZQ,WB,WB,IN_TRANSIT,2026-09-23,TRN-892268,DELPROOF-65209759
EWB910723298,INV-2026-00761,24C6UZHR5XFF1ZX,299GNLPYO2M21ZU,WB,RJ,IN_TRANSIT,2026-08-17,TRN-633543,DELPROOF-29950420
EWB703457408,INV-2026-00762,249M6MG87OI01ZE,075IGQPKI7P51ZR,WB,TN,DELIVERED,2026-09-29,TRN-525144,DELPROOF-10814792
EWB321088049,INV-2026-00763,36X48WZE4EX61ZS,19AYYOSYEOZ91ZX,GJ,GJ,DELIVERED,2026-09-17,TRN-308235,DELPROOF-07582575
EWB744062339,INV-2026-00764,08FUU5F07B1I1ZI,33GXP5CITUF81ZB,KA,RJ,GENERATED,2026-09-30,TRN-127501,DELPROOF-09037173
EWB189968526,INV-2026-00765,242SO19V58B11ZS,29W5L4RMVVNX1ZH,WB,WB,DELIVERED,2026-09-14,TRN-170650,DELPROOF-24510261
EWB266643871,INV-2026-00766,33ZPCD1406XL1ZV,36L5E11E9FTA1ZU,KA,WB,GENERATED,2026-06-26,TRN-758181,DELPROOF-19118240
EWB726835463,INV-2026-00767,27N9J3GC9HOX1ZD,33R09SKDGIGA1ZR,DL,RJ,IN_TRANSIT,2026-09-20,TRN-939450,DELPROOF-05811183
EWB222084095,INV-2026-00768,24MPQ0HZYJB41ZC,0952E77DYVGD1ZG,KA,WB,GENERATED,2026-09-16,TRN-583662,DELPROOF-81487622
EWB902567389,INV-2026-00769,073CHO3XJVOE1ZG,09QBSXLUL6LG1ZI,TS,KA,IN_TRANSIT,2026-08-07,TRN-650020,DELPROOF-15234132
EWB653490995,INV-2026-00770,24TRIJ2FRNLX1ZT,37TL8N3E54N61ZM,WB,KA,GENERATED,2026-09-04,TRN-377534,DELPROOF-69037357
EWB395040200,INV-2026-00771,098P6BEFFLZM1ZQ,33RFCD6MZSGI1ZO,KA,MH,GENERATED,2026-09-24,TRN-585337,DELPROOF-92802151
EWB977134547,INV-2026-00772,27RGREWDS0HP1ZP,19H6NHKSQNAL1ZN,MH,GJ,DELIVERED,2026-07-02,TRN-955670,DELPROOF-50220111
EWB654889988,INV-2026-00773,19U2T0JESGQ41ZB,24AJSSUUQO1V1ZQ,DL,TN,GENERATED,2026-08-25,TRN-696258,DELPROOF-34237904
EWB420074319,INV-2026-00774,29WZK4IE86DB1ZM,37LQPB01QCTE1ZT,KA,DL,IN_TRANSIT,2026-09-14,TRN-702937,DELPROOF-72812726
EWB603670554,INV-2026-00775,24RWV9NJS96A1ZK,331FPE60QRAQ1ZH,TS,TN,IN_TRANSIT,2026-08-29,TRN-178330,DELPROOF-55743253
EWB406296828,INV-2026-00776,37T7S1GD1T531ZV,27XK5BXJ2POP1ZM,RJ,MH,GENERATED,2026-08-11,TRN-596769,DELPROOF-81518262
EWB663811946,INV-2026-00777,09CWMPEQYDBP1ZF,09NT0MQ8ABKA1ZE,MH,GJ,GENERATED,2026-08-11,TRN-408805,DELPROOF-57189505
EWB898613035,INV-2026-00778,368TANA6U48G1ZT,29GBM65Q57TE1ZW,UP,DL,IN_TRANSIT,2026-09-08,TRN-698821,DELPROOF-57932492
EWB317530339,INV-2026-00779,088Z3V6DIXFW1ZS,09ISETUK1OOA1ZZ,TN,DL,DELIVERED,2026-07-24,TRN-355657,DELPROOF-94063903
EWB527567201,INV-2026-00780,072L4X5BWAEN1ZH,08XLSEUNNRLS1ZQ,RJ,RJ,IN_TRANSIT,2026-10-03,TRN-935458,DELPROOF-34223355
EWB385586185,INV-2026-00781,33RR8IQRT0071ZN,08IO1K7F5OA31ZY,TN,TN,GENERATED,2026-09-25,TRN-655863,DELPROOF-90200485
EWB864813189,INV-2026-00782,24CKQVIIFRCH1ZW,33VV8Y5SIC4S1ZB,GJ,GJ,IN_TRANSIT,2026-08-11,TRN-384723,DELPROOF-71884694
EWB285324098,INV-2026-00783,29H4GG24479Q1ZR,249PML9LN1P01ZT,MH,TN,GENERATED,2026-09-26,TRN-616725,DELPROOF-04883188
EWB162999038,INV-2026-00784,29G1F8YC8GZK1ZD,09QZCUCTSUFL1ZQ,DL,KA,IN_TRANSIT,2026-09-08,TRN-521032,DELPROOF-16838017
EWB221394496,INV-2026-00785,27P38QOLDFOR1ZV,08UJT9T11PHP1ZX,UP,TS,DELIVERED,2026-07-02,TRN-189786,DELPROOF-82346044
EWB322893189,INV-2026-00786,19ZJ4KJEITKX1ZI,082Z682U6ZV31ZH,UP,UP,IN_TRANSIT,2026-06-24,TRN-716884,DELPROOF-65529130
EWB967375840,INV-2026-00787,24DJGF1C8WQU1ZS,09VUNLPAIH0P1ZL,DL,RJ,IN_TRANSIT,2026-08-03,TRN-955300,DELPROOF-08961898
EWB497962594,INV-2026-00788,2928DITMOWNX1ZZ,07RYE89FX5RX1ZY,TN,AP,DELIVERED,2026-09-10,TRN-975069,DELPROOF-68360183
EWB836478331,INV-2026-00789,36NEGN2B4JTJ1ZZ,24ZKNHPVRWBR1ZB,KA,UP,DELIVERED,2026-08-19,TRN-331743,DELPROOF-03022026
EWB542831446,INV-2026-00790,336BEDYEJHDZ1ZU,19FYO1750CEH1ZK,MH,RJ,IN_TRANSIT,2026-06-21,TRN-902133,DELPROOF-19718410
EWB559596644,INV-2026-00791,33CITFOYQBKK1ZO,27D0RLEXDW6L1ZO,WB,AP,GENERATED,2026-07-04,TRN-323010,DELPROOF-37308568
EWB887642173,INV-2026-00792,09EJCY127H6G1ZL,24E4PO1I3MSD1ZL,KA,GJ,DELIVERED,2026-09-19,TRN-390686,DELPROOF-75008034
EWB249633694,INV-2026-00793,37GNXB5JTB9X1ZU,09MLH13C71UD1ZZ,UP,MH,GENERATED,2026-06-10,TRN-642944,DELPROOF-79800882
EWB859489932,INV-2026-00794,37NWNGUCZH9I1ZD,09XB3N27M5P71ZD,MH,UP,DELIVERED,2026-07-26,TRN-735038,DELPROOF-76208059
EWB672717904,INV-2026-00795,36MJBQE7CKW51ZL,373E950ID0331ZR,MH,DL,DELIVERED,2026-07-16,TRN-195258,DELPROOF-09482420
EWB721177055,INV-2026-00796,27W1PUWSNFFY1ZJ,194DV56ONXD71ZX,TN,TS,GENERATED,2026-07-25,TRN-236884,DELPROOF-91071815
EWB943080866,INV-2026-00797,29GBCYH3FVL01ZZ,24C1XI04B7P41ZB,DL,DL,IN_TRANSIT,2026-09-01,TRN-245348,DELPROOF-79963512
EWB709151389,INV-2026-00798,37SNTP8AK8S21ZV,095WFCPKJCSL1ZO,RJ,RJ,GENERATED,2026-08-28,TRN-684168,DELPROOF-77112421
EWB152979366,INV-2026-00799,29TOUHYLU6K71ZN,33A8D7204J3M1ZH,RJ,TN,GENERATED,2026-09-23,TRN-422703,DELPROOF-05888674
EWB804438280,INV-2026-00800,376RTC0Z7Q0I1ZP,37QPWDXYASVD1ZA,GJ,GJ,DELIVERED,2026-06-18,TRN-944489,DELPROOF-12202684
EWB681485426,INV-2026-00801,07DMLC8XIZX31ZP,09WOW73O1BLO1ZG,MH,WB,GENERATED,2026-09-15,TRN-762579,DELPROOF-04140471
EWB878722831,INV-2026-00802,29JJ0V60XNG21ZH,24TY3ADDQHKG1ZA,AP,RJ,GENERATED,2026-06-25,TRN-664914,DELPROOF-52197957
EWB460231968,INV-2026-00803,07END7H10KYH1ZS,241SDIEQFB851ZN,TN,GJ,GENERATED,2026-08-03,TRN-277447,DELPROOF-79834234
EWB884195628,INV-2026-00804,09V51ZLBORIQ1ZJ,2731YHXSO7VB1ZF,DL,RJ,DELIVERED,2026-09-29,TRN-396810,DELPROOF-76749516
EWB343077119,INV-2026-00805,36V0LG92MJEQ1ZA,29DRMSWJJJKS1ZK,DL,RJ,GENERATED,2026-08-03,TRN-150798,DELPROOF-43817763
EWB561342034,INV-2026-00806,37IYNO667VGP1ZK,36KXCQ91YY1J1ZY,UP,AP,IN_TRANSIT,2026-06-16,TRN-473598,DELPROOF-56945257
EWB677737695,INV-2026-00807,33I1B0Z3NX391ZP,2796KHUB2RTS1ZM,UP,DL,GENERATED,2026-07-08,TRN-499680,DELPROOF-37427936
EWB125788579,INV-2026-00808,07NY20479T6V1ZV,08GK6T9DHSZN1ZS,TS,MH,DELIVERED,2026-07-28,TRN-526402,DELPROOF-57561341
EWB328986830,INV-2026-00809,09ASFEN0B09Z1ZH,33AGK6P0N17U1ZU,MH,TN,DELIVERED,2026-09-07,TRN-751705,DELPROOF-97983932
EWB374040990,INV-2026-00810,08ITMOFMMWI91ZQ,36FAZZ81SDW41ZQ,MH,KA,DELIVERED,2026-08-28,TRN-570040,DELPROOF-95019166
EWB855173015,INV-2026-00811,244UNY181ACJ1ZB,096OM1FB8C7X1ZX,AP,TS,DELIVERED,2026-07-28,TRN-682734,DELPROOF-10338182
EWB788782854,INV-2026-00812,24DJGF1C8WQU1ZS,3607OXK8C1GR1ZA,UP,DL,IN_TRANSIT,2026-07-06,TRN-982539,DELPROOF-57199960
EWB142308841,INV-2026-00813,33JXL66YA6BA1ZZ,27H8RQ9NZ6121ZG,KA,WB,IN_TRANSIT,2026-09-30,TRN-559113,DELPROOF-10247454
EWB879386336,INV-2026-00814,29TVZKHIUIT71ZK,19ACJ4T0SEKK1ZB,UP,TS,GENERATED,2026-09-24,TRN-233528,DELPROOF-04318628
EWB130321779,INV-2026-00815,0950OP7XMR8F1ZG,24Q15FBS4WVT1ZX,RJ,UP,IN_TRANSIT,2026-09-04,TRN-225790,DELPROOF-84979194
EWB752253875,INV-2026-00816,27NZ4KHKBXPN1ZY,19BEF46RF7BN1ZG,GJ,TS,DELIVERED,2026-08-26,TRN-176329,DELPROOF-30374887
EWB176247068,INV-2026-00817,071V9NPUQARY1ZL,07SJ84TC2QSI1ZZ,TN,TN,DELIVERED,2026-08-27,TRN-806887,DELPROOF-17709751
EWB885969696,INV-2026-00818,09E3CUP8IJL21ZW,334X0BS3LWW71ZM,MH,TN,GENERATED,2026-09-20,TRN-812774,DELPROOF-91300177
EWB762661070,INV-2026-00819,09WOW73O1BLO1ZG,08JC2GOUIFEZ1ZA,RJ,TS,GENERATED,2026-07-31,TRN-481020,DELPROOF-78100157
EWB845097186,INV-2026-00820,27TD96QE3RZS1ZI,19EFQ56Q37CS1ZS,AP,DL,DELIVERED,2026-07-04,TRN-162350,DELPROOF-48956980
EWB810545811,INV-2026-00821,0923O359TSUJ1ZR,19JEFY3ZB4LD1ZH,MH,GJ,IN_TRANSIT,2026-09-19,TRN-998315,DELPROOF-84028172
EWB410723245,INV-2026-00822,33AVEDHR3PCE1ZM,29OORBT6SAPB1ZQ,WB,TS,IN_TRANSIT,2026-09-23,TRN-158707,DELPROOF-96481577
EWB496571027,INV-2026-00823,36YZQII4W6OZ1ZV,376U79XBPH5C1ZG,RJ,RJ,GENERATED,2026-07-21,TRN-724341,DELPROOF-51896730
EWB554474570,INV-2026-00824,07F5A7QY8YB71ZU,19AGHFT9ZZCG1ZK,AP,KA,IN_TRANSIT,2026-09-01,TRN-164344,DELPROOF-46953111
EWB971312637,INV-2026-00825,07NYFM7VH30Q1ZB,29NPR424TKB91ZM,DL,TS,DELIVERED,2026-08-16,TRN-525091,DELPROOF-12509116
EWB942898878,INV-2026-00826,0716KJ752H701ZV,2452NLOQTQ681ZT,GJ,TN,DELIVERED,2026-06-30,TRN-181507,DELPROOF-58014864
EWB700921718,INV-2026-00827,24EFJAWSHMLF1ZW,09A1EIPICERH1ZM,RJ,TS,GENERATED,2026-09-23,TRN-679480,DELPROOF-99118071
EWB765474052,INV-2026-00828,19FPL7QHVKVL1ZA,27KVR5NBHGPB1ZJ,WB,GJ,IN_TRANSIT,2026-09-16,TRN-168149,DELPROOF-53133254
EWB652438941,INV-2026-00829,1934KUQAAJ841ZP,09NGLH62C9T11ZH,RJ,AP,IN_TRANSIT,2026-06-19,TRN-229246,DELPROOF-61976485
EWB623025428,INV-2026-00830,24YRVXOIEVES1ZS,09QBSXLUL6LG1ZI,WB,GJ,IN_TRANSIT,2026-08-15,TRN-902570,DELPROOF-83437658
EWB920901777,INV-2026-00831,24CQPHLI5L691ZZ,095F1HGAV42T1ZC,TS,TN,GENERATED,2026-08-08,TRN-776800,DELPROOF-29256196
EWB213405235,INV-2026-00832,37CVSQAME4YR1ZH,36Z1OA3VF02G1ZT,KA,GJ,IN_TRANSIT,2026-08-19,TRN-491801,DELPROOF-21670112
EWB295080916,INV-2026-00833,0793ACZSX0GN1ZW,29YECAZRP9DX1ZN,UP,DL,GENERATED,2026-07-13,TRN-858091,DELPROOF-22914758
EWB670719247,INV-2026-00834,27MQT788G35S1ZE,29HARJHRF34J1ZG,GJ,WB,GENERATED,2026-06-05,TRN-396729,DELPROOF-65722666
EWB873953954,INV-2026-00835,09JMIYQFY7511ZW,24CL9LCQH1UF1ZZ,TN,TS,GENERATED,2026-09-09,TRN-225371,DELPROOF-19904656
EWB393987786,INV-2026-00836,37SQ0P82KB701ZX,079UNFVOBBZ21ZQ,AP,TS,DELIVERED,2026-06-08,TRN-903283,DELPROOF-18753236
EWB175396265,INV-2026-00837,29RTIG7ZD9B71ZK,33N7G8B2ZXII1ZX,KA,TN,DELIVERED,2026-09-17,TRN-461717,DELPROOF-20142027
EWB446219998,INV-2026-00838,24J8Y6RH05HH1ZH,27CUBZQVQG0X1ZR,RJ,MH,IN_TRANSIT,2026-09-29,TRN-449738,DELPROOF-15687856
EWB820192230,INV-2026-00839,24FWY8AV2OSG1ZF,09PBJEK5RBW21ZW,GJ,UP,DELIVERED,2026-08-13,TRN-603432,DELPROOF-76493730
EWB826510118,INV-2026-00840,33AGK6P0N17U1ZU,073CHO3XJVOE1ZG,DL,MH,IN_TRANSIT,2026-06-19,TRN-146949,DELPROOF-42463443
EWB758656080,INV-2026-00841,36V1LTWBJ9UU1ZZ,33NRM31SL7ZX1ZQ,AP,RJ,DELIVERED,2026-08-11,TRN-660190,DELPROOF-35105463
EWB622939989,INV-2026-00842,37RF3NAPLGW11ZU,09BR5XQT4P501ZY,RJ,RJ,IN_TRANSIT,2026-07-25,TRN-512902,DELPROOF-40760663
EWB325182458,INV-2026-00843,246V4ESDNAI81ZT,09ZRLF8A9KEP1ZA,KA,UP,IN_TRANSIT,2026-07-04,TRN-502031,DELPROOF-11689097
EWB655617898,INV-2026-00844,36SBUOV6TT9Q1ZY,244KII1NQ0EI1ZX,KA,TS,GENERATED,2026-07-28,TRN-739592,DELPROOF-28276760
EWB848557843,INV-2026-00845,243PGSF3YN721ZA,37E8BTSMAQ3O1ZJ,DL,UP,GENERATED,2026-06-09,TRN-955712,DELPROOF-21262647
EWB248872793,INV-2026-00846,09FOP8QZJULI1ZF,09WOW73O1BLO1ZG,GJ,RJ,GENERATED,2026-09-26,TRN-398165,DELPROOF-91829572
EWB920853745,INV-2026-00847,096F7QNEZW9H1ZE,07NYFM7VH30Q1ZB,GJ,WB,IN_TRANSIT,2026-09-26,TRN-895633,DELPROOF-62224428
EWB681750840,INV-2026-00848,24TRIJ2FRNLX1ZT,37ALULDRYHR31ZV,MH,TS,DELIVERED,2026-08-19,TRN-210898,DELPROOF-07304618
EWB130068627,INV-2026-00849,37FTDRLUXM601ZA,093KPUG99W591ZQ,GJ,TN,IN_TRANSIT,2026-07-02,TRN-464475,DELPROOF-28847997
EWB110115722,INV-2026-00850,24Q1RDXCK36H1ZX,37LQPB01QCTE1ZT,UP,UP,GENERATED,2026-08-24,TRN-407361,DELPROOF-84816677
EWB579797241,INV-2026-00851,37IYNO667VGP1ZK,09Q4TA5IVROC1ZT,RJ,KA,DELIVERED,2026-09-20,TRN-142803,DELPROOF-30904472
EWB807355256,INV-2026-00852,27ZNBQH7M35I1ZV,09L5NFLTQ6801ZC,MH,RJ,IN_TRANSIT,2026-07-18,TRN-831527,DELPROOF-59522842
EWB775766741,INV-2026-00853,199GVBMQQ7491ZO,19G2GZR7TXCB1ZC,DL,WB,GENERATED,2026-09-22,TRN-207537,DELPROOF-29567468
EWB889627486,INV-2026-00854,1994DNMKZA3O1ZA,0806NKWFG3MW1ZS,RJ,DL,GENERATED,2026-07-13,TRN-511061,DELPROOF-77388633
EWB812404307,INV-2026-00855,29ZGF9Q5RDOQ1ZH,19A09LZRK79U1ZE,WB,AP,GENERATED,2026-08-25,TRN-723452,DELPROOF-28619259
EWB225100194,INV-2026-00856,09K6ILCG6FAR1ZK,071E1630POCR1ZX,TS,GJ,IN_TRANSIT,2026-09-15,TRN-459591,DELPROOF-60050402
EWB336687144,INV-2026-00857,081W1WUDCBL41ZC,3709NTN8EOHD1ZJ,TN,WB,IN_TRANSIT,2026-08-10,TRN-483231,DELPROOF-38061314
EWB843993040,INV-2026-00858,24BUNKNQT3WV1ZE,36AHUKWQVR1H1ZR,DL,DL,IN_TRANSIT,2026-08-22,TRN-942117,DELPROOF-87184833
EWB217342788,INV-2026-00859,37OAZTKSZP7G1ZD,37Q3K8A7RV4N1ZL,MH,TN,IN_TRANSIT,2026-06-27,TRN-290680,DELPROOF-03170755
EWB891531354,INV-2026-00860,36L5E11E9FTA1ZU,0793ACZSX0GN1ZW,GJ,MH,DELIVERED,2026-09-11,TRN-493558,DELPROOF-09296503
EWB547561852,INV-2026-00861,376U79XBPH5C1ZG,36YZQII4W6OZ1ZV,MH,MH,GENERATED,2026-09-18,TRN-320185,DELPROOF-54770542
EWB229848373,INV-2026-00862,24DO8E7FLQHR1ZP,29TVZKHIUIT71ZK,GJ,RJ,DELIVERED,2026-07-05,TRN-396977,DELPROOF-08861913
EWB973246667,INV-2026-00863,29S95ZOW60ZZ1ZX,33GYSPENGWYX1ZF,TS,TS,IN_TRANSIT,2026-07-15,TRN-841930,DELPROOF-69503295
EWB995867761,INV-2026-00864,07H3YRGHWZKA1ZF,33GFDK0Q09JR1ZL,UP,AP,IN_TRANSIT,2026-09-15,TRN-139382,DELPROOF-97796890
EWB304080431,INV-2026-00865,19JFVYB6LI071ZL,09TGGZ62FE9U1ZO,DL,TN,IN_TRANSIT,2026-06-15,TRN-780955,DELPROOF-41953443
EWB474120207,INV-2026-00866,37FLOAZ1RO031ZC,33RFCD6MZSGI1ZO,KA,DL,DELIVERED,2026-08-12,TRN-603656,DELPROOF-62705939
EWB880542420,INV-2026-00867,19H07WPH6FE01ZL,334BJ3BQRR871ZH,KA,RJ,GENERATED,2026-09-13,TRN-965901,DELPROOF-78219460
EWB583172245,INV-2026-00868,29O1PVLND5811ZK,369BP4M18O1B1ZI,UP,RJ,IN_TRANSIT,2026-07-27,TRN-930764,DELPROOF-85686098
EWB286501417,INV-2026-00869,19WXQPF0QPSV1ZV,19LDOL65WVJX1ZY,DL,TS,GENERATED,2026-07-22,TRN-309738,DELPROOF-74944275
EWB167302872,INV-2026-00870,33W6JL2L5B561ZB,27W8GAKH3YCQ1ZD,GJ,DL,GENERATED,2026-07-05,TRN-198183,DELPROOF-82097434
EWB986314722,INV-2026-00871,37ASJTK3LIRH1ZV,36IP3TVF51Z51ZB,RJ,MH,IN_TRANSIT,2026-09-01,TRN-104613,DELPROOF-16532293
EWB407644890,INV-2026-00872,27ADNBCJ29YF1ZB,373UBM9XHCGR1ZW,RJ,TN,GENERATED,2026-09-09,TRN-512458,DELPROOF-01631886
EWB810746482,INV-2026-00873,246RPKZGGM0J1ZT,08LEKVL9PTK41ZG,RJ,MH,IN_TRANSIT,2026-06-23,TRN-563779,DELPROOF-39247275
EWB528260515,INV-2026-00874,07H3YRGHWZKA1ZF,374IZASNWYWR1ZP,GJ,GJ,IN_TRANSIT,2026-06-27,TRN-958398,DELPROOF-28049006
EWB704170747,INV-2026-00875,368XMOE545VY1ZA,29S95ZOW60ZZ1ZX,TS,UP,DELIVERED,2026-07-04,TRN-660745,DELPROOF-47318442
EWB750654015,INV-2026-00876,09QVDK6DRN4O1ZP,336E07FPY1AE1ZJ,MH,KA,GENERATED,2026-06-28,TRN-902529,DELPROOF-23070309
EWB842736459,INV-2026-00877,09DF4HRA13611ZB,29TOLAQ665DL1ZU,UP,DL,DELIVERED,2026-06-16,TRN-626308,DELPROOF-12948627
EWB491743632,INV-2026-00878,09DP2FMR0TJO1ZN,27BCVARLW3MG1ZZ,DL,KA,GENERATED,2026-08-25,TRN-561749,DELPROOF-62770838
EWB273979908,INV-2026-00879,36N10HLINH8J1ZT,36TWG7NFDINU1ZM,WB,UP,DELIVERED,2026-09-24,TRN-216675,DELPROOF-26678882
EWB448855279,INV-2026-00880,098P6BEFFLZM1ZQ,3646ESMRWGEB1ZE,UP,TN,DELIVERED,2026-07-07,TRN-105366,DELPROOF-45016208
EWB433461563,INV-2026-00881,29H4GG24479Q1ZR,19EZ7BH25LLO1ZR,TN,RJ,DELIVERED,2026-06-02,TRN-534581,DELPROOF-95194083
EWB896798351,INV-2026-00882,36H30153SFLS1ZE,07RF899OFPVI1ZL,AP,RJ,IN_TRANSIT,2026-07-17,TRN-391389,DELPROOF-48988676
EWB192755424,INV-2026-00883,37FTDRLUXM601ZA,378E9RIVH6T11ZM,MH,DL,IN_TRANSIT,2026-09-28,TRN-758183,DELPROOF-34068070
EWB387623917,INV-2026-00884,37SQ0P82KB701ZX,33GYSPENGWYX1ZF,TN,KA,DELIVERED,2026-08-31,TRN-922446,DELPROOF-06050777
EWB433850572,INV-2026-00885,36A7D0WTWS3Y1ZN,0841KHT8XKOD1ZW,TS,GJ,DELIVERED,2026-08-16,TRN-650702,DELPROOF-30238829
EWB223832945,INV-2026-00886,27RGB93WKCS41ZI,330PDW5PY6B21ZJ,MH,WB,GENERATED,2026-09-06,TRN-458949,DELPROOF-66177882
EWB247958936,INV-2026-00887,24TP0LZJJEGE1ZR,097WR0R35IKG1ZD,TN,DL,GENERATED,2026-07-08,TRN-284976,DELPROOF-21058337
EWB230938621,INV-2026-00888,33RMC5S3OFAW1ZT,2799HEXW8L851ZI,RJ,RJ,DELIVERED,2026-07-19,TRN-245769,DELPROOF-84769088
EWB852308846,INV-2026-00889,24K8WRU1XEMI1ZU,36EQY08P0FOD1ZP,RJ,TN,DELIVERED,2026-08-19,TRN-883307,DELPROOF-59508723
EWB593540486,INV-2026-00890,37JC36OQOLOE1ZA,37S4F8CGVYIE1ZS,TS,TN,GENERATED,2026-10-03,TRN-857482,DELPROOF-79771400
EWB178674879,INV-2026-00891,24CKQVIIFRCH1ZW,33XN4D24N9YG1ZB,DL,DL,GENERATED,2026-08-18,TRN-462696,DELPROOF-03794654
EWB382820152,INV-2026-00892,09USGEHN0Z1R1ZD,33WU3BFXB4Y41ZJ,TN,UP,IN_TRANSIT,2026-06-16,TRN-296429,DELPROOF-88934323
EWB524104115,INV-2026-00893,24QZHECBUQYP1ZH,27H8RQ9NZ6121ZG,TS,UP,DELIVERED,2026-07-08,TRN-589246,DELPROOF-19393401
EWB769295066,INV-2026-00894,08M89I9GX32U1ZE,37AD1IOR56FA1ZM,TN,RJ,DELIVERED,2026-08-20,TRN-708254,DELPROOF-57104704
EWB979259607,INV-2026-00895,0861M3J1HA0W1ZN,246S5ZXQOMTS1ZY,TS,KA,IN_TRANSIT,2026-06-26,TRN-604422,DELPROOF-05198744
EWB984049591,INV-2026-00896,07GPJ60SRYZX1ZN,37GNXB5JTB9X1ZU,UP,GJ,GENERATED,2026-09-28,TRN-157536,DELPROOF-68504311
EWB308988285,INV-2026-00897,368B97EGT2HS1ZN,37DL918SLOME1ZV,KA,AP,GENERATED,2026-07-30,TRN-867677,DELPROOF-22068471
EWB569993116,INV-2026-00898,36TFEBE5407K1ZI,337F0I9G5DZX1ZK,KA,AP,IN_TRANSIT,2026-06-28,TRN-405104,DELPROOF-47795100
EWB122741094,INV-2026-00899,37RQ8RTM4J3D1ZA,36P0NEC8UYO51ZY,MH,GJ,IN_TRANSIT,2026-09-15,TRN-248454,DELPROOF-79956104
EWB515227763,INV-2026-00900,36ZQ991P778R1ZL,334BJ3BQRR871ZH,TN,TN,DELIVERED,2026-08-02,TRN-630846,DELPROOF-01985050
EWB493269214,INV-2026-00901,37ASJTK3LIRH1ZV,37QPWDXYASVD1ZA,AP,KA,DELIVERED,2026-08-23,TRN-121785,DELPROOF-48535648
EWB985287248,INV-2026-00902,36JZR5SWK8TE1ZL,08Q55IT9BN181ZG,UP,MH,IN_TRANSIT,2026-09-23,TRN-132829,DELPROOF-99781824
EWB275711099,INV-2026-00903,07GPJ60SRYZX1ZN,29A2FQZTIO4M1ZM,DL,RJ,DELIVERED,2026-07-04,TRN-570986,DELPROOF-76471065
EWB370775843,INV-2026-00904,07CCI68DS03V1ZM,33AGK6P0N17U1ZU,MH,DL,GENERATED,2026-07-20,TRN-867688,DELPROOF-34650931
EWB260558376,INV-2026-00905,24ZKNHPVRWBR1ZB,091SAXT8JH341ZS,DL,DL,DELIVERED,2026-08-29,TRN-230272,DELPROOF-72227444
EWB855155391,INV-2026-00906,19LDOL65WVJX1ZY,09VYLKFXHKC81ZX,WB,UP,IN_TRANSIT,2026-06-23,TRN-946538,DELPROOF-30387238
EWB508217807,INV-2026-00907,08Q55IT9BN181ZG,07DMLC8XIZX31ZP,TS,DL,DELIVERED,2026-09-15,TRN-878323,DELPROOF-43879608
EWB756390306,INV-2026-00908,37JC36OQOLOE1ZA,33H6NQQB9LZS1ZI,WB,DL,IN_TRANSIT,2026-08-24,TRN-815255,DELPROOF-17495658
EWB868661716,INV-2026-00909,29BXLBC8NOG81ZM,09N9T84AZYTJ1ZU,TN,TS,GENERATED,2026-06-06,TRN-966500,DELPROOF-96664063
EWB142723402,INV-2026-00910,271K4FPL3X2J1ZC,08WDPJBC01AR1ZU,UP,TN,GENERATED,2026-07-12,TRN-141024,DELPROOF-45181918
EWB685166595,INV-2026-00911,24VS0CDK36M81ZI,337NZBXFV7FI1ZS,TN,WB,GENERATED,2026-08-21,TRN-757103,DELPROOF-14956058
EWB491035227,INV-2026-00912,08QNYY95G5DO1ZF,24JJBFSA5UZL1ZW,UP,AP,IN_TRANSIT,2026-07-21,TRN-757318,DELPROOF-62422041
EWB657581692,INV-2026-00913,19IW1SWJCKJL1ZR,36HE4H3GM1BW1ZV,KA,AP,GENERATED,2026-06-07,TRN-599776,DELPROOF-57086308
EWB758688098,INV-2026-00914,191KFK7Y6QXD1ZQ,07KA34MQA78R1ZA,DL,UP,GENERATED,2026-08-06,TRN-704017,DELPROOF-28432663
EWB636969264,INV-2026-00915,244KII1NQ0EI1ZX,27RGB93WKCS41ZI,TN,RJ,IN_TRANSIT,2026-08-17,TRN-960308,DELPROOF-81546840
EWB301820721,INV-2026-00916,08JC2GOUIFEZ1ZA,271K4FPL3X2J1ZC,UP,AP,IN_TRANSIT,2026-06-15,TRN-971119,DELPROOF-18654322
EWB523991289,INV-2026-00917,274P61NHVCFW1ZP,33WU3BFXB4Y41ZJ,WB,TN,GENERATED,2026-08-19,TRN-405766,DELPROOF-90118908
EWB935871642,INV-2026-00918,1963LBQGU3OB1ZV,091N6KVPUC8D1ZY,MH,GJ,GENERATED,2026-08-17,TRN-939142,DELPROOF-58711912
EWB317980951,INV-2026-00919,29232UTVG9KU1ZQ,08E226PARSG71ZX,TS,GJ,IN_TRANSIT,2026-06-17,TRN-470055,DELPROOF-41429979
EWB392163101,INV-2026-00920,24TRIJ2FRNLX1ZT,3366PB90SPO31ZW,DL,KA,IN_TRANSIT,2026-07-27,TRN-525900,DELPROOF-74281226
EWB433464574,INV-2026-00921,27MQT788G35S1ZE,29Q05PXT6RID1ZJ,TN,KA,GENERATED,2026-10-03,TRN-255120,DELPROOF-53565121
EWB825013338,INV-2026-00922,09IIYMYRSVZN1ZM,29HARJHRF34J1ZG,TN,RJ,GENERATED,2026-07-30,TRN-591172,DELPROOF-15668837
EWB335967360,INV-2026-00923,19OZ7QMJCENT1ZM,090ODWMQX5GG1ZM,TS,GJ,GENERATED,2026-09-21,TRN-713834,DELPROOF-80988721
EWB966782111,INV-2026-00924,19UUOYC3RWQM1ZL,37EOUBXXQ6MF1ZX,TS,DL,GENERATED,2026-09-17,TRN-841659,DELPROOF-59581239
EWB464616395,INV-2026-00925,366GMDRDSFER1ZE,24BUNKNQT3WV1ZE,UP,TS,DELIVERED,2026-08-20,TRN-907815,DELPROOF-97739337
EWB257413585,INV-2026-00926,249M6MG87OI01ZE,36N10HLINH8J1ZT,AP,RJ,IN_TRANSIT,2026-07-09,TRN-411099,DELPROOF-70214633
EWB812820468,INV-2026-00927,085V0175DU231ZI,299DYFNGP41S1ZO,KA,KA,DELIVERED,2026-09-29,TRN-820253,DELPROOF-35068480
EWB431890179,INV-2026-00928,077P9JYQN15I1ZI,37KI1IJE2XE01ZI,TN,UP,DELIVERED,2026-06-29,TRN-171698,DELPROOF-90606986
EWB806076535,INV-2026-00929,248ESMPF0IEO1ZJ,37VC7HR6C2CU1ZN,DL,UP,IN_TRANSIT,2026-07-30,TRN-726185,DELPROOF-66907166
EWB205059651,INV-2026-00930,36HK403UXH9A1ZY,24M7IDAO13TB1ZZ,TS,RJ,GENERATED,2026-08-14,TRN-343876,DELPROOF-61922566
EWB500530235,INV-2026-00931,09337KUU4YTN1ZX,24IXDU1EMMX31ZV,TS,RJ,GENERATED,2026-09-28,TRN-415035,DELPROOF-52095610
EWB612566241,INV-2026-00932,07H3YRGHWZKA1ZF,09OEMQGY27VY1ZK,RJ,AP,DELIVERED,2026-09-23,TRN-645259,DELPROOF-63766822
EWB311348053,INV-2026-00933,373XQ8VA8X8L1ZX,33C83GY1FKOL1ZD,KA,DL,DELIVERED,2026-09-27,TRN-519842,DELPROOF-61324877
EWB281267842,INV-2026-00934,07CCI68DS03V1ZM,37EOUBXXQ6MF1ZX,MH,KA,IN_TRANSIT,2026-07-22,TRN-160030,DELPROOF-26457474
EWB770951925,INV-2026-00935,24C1XI04B7P41ZB,36IP3TVF51Z51ZB,KA,AP,DELIVERED,2026-06-07,TRN-377719,DELPROOF-95348159
EWB918471041,INV-2026-00936,24D7YXW1TBRW1ZP,09VUNLPAIH0P1ZL,AP,MH,IN_TRANSIT,2026-07-31,TRN-273996,DELPROOF-57476299
EWB885008802,INV-2026-00937,08JYV5G10UR51ZK,24M7IDAO13TB1ZZ,RJ,TS,DELIVERED,2026-08-15,TRN-238659,DELPROOF-54982946
EWB348483772,INV-2026-00938,29X08N6Q7NC81ZR,36TWG7NFDINU1ZM,GJ,DL,DELIVERED,2026-06-16,TRN-438501,DELPROOF-03489054
EWB672742302,INV-2026-00939,07YJ9BOQ0IQ21ZE,37XGSPLTI8991ZA,MH,DL,DELIVERED,2026-07-16,TRN-853481,DELPROOF-01123020
EWB925426075,INV-2026-00940,081W1WUDCBL41ZC,33AVEDHR3PCE1ZM,MH,KA,GENERATED,2026-07-25,TRN-219666,DELPROOF-75636805
EWB359663850,INV-2026-00941,09DP2FMR0TJO1ZN,36JWVHPLHW4O1ZO,MH,AP,DELIVERED,2026-06-09,TRN-477706,DELPROOF-71469768
EWB788634235,INV-2026-00942,29HARJHRF34J1ZG,37DZNZ9C65FP1ZW,TN,WB,IN_TRANSIT,2026-10-06,TRN-226044,DELPROOF-96077309
EWB816110723,INV-2026-00943,09U9TD0V2ZP41ZI,27SYJAFCO3S61ZP,GJ,DL,GENERATED,2026-06-30,TRN-531184,DELPROOF-37190536
EWB792337809,INV-2026-00944,37FLOAZ1RO031ZC,29B98V341ONX1ZX,UP,AP,DELIVERED,2026-06-17,TRN-499694,DELPROOF-85208001
EWB772973284,INV-2026-00945,19H6NHKSQNAL1ZN,24EFJAWSHMLF1ZW,TN,MH,GENERATED,2026-09-23,TRN-663112,DELPROOF-44430664
EWB269156000,INV-2026-00946,07WSOZCTWJLS1ZG,3374NL03LLU11ZA,KA,GJ,DELIVERED,2026-06-26,TRN-801043,DELPROOF-69957189
EWB512323633,INV-2026-00947,19MRUNJDU0IS1ZB,36MLXZVO52701ZQ,UP,KA,GENERATED,2026-07-10,TRN-877629,DELPROOF-48607210
EWB318062510,INV-2026-00948,07H5SW2292MT1ZP,09ZRKBFQXLBV1ZM,RJ,WB,GENERATED,2026-06-04,TRN-536440,DELPROOF-85257578
EWB547813951,INV-2026-00949,37N3V1WNP9OC1ZH,36NWBGDQEWUH1ZP,KA,MH,GENERATED,2026-07-27,TRN-818417,DELPROOF-78530017
EWB430109978,INV-2026-00950,199VCCMTPKQ51ZC,33CXLL4ZKLOO1ZJ,TN,MH,GENERATED,2026-08-14,TRN-411951,DELPROOF-64414240
EWB657440058,INV-2026-00951,36TWG7NFDINU1ZM,29X08N6Q7NC81ZR,DL,MH,DELIVERED,2026-09-23,TRN-297289,DELPROOF-42461642
EWB513401937,INV-2026-00952,07HFSU4SE2KY1ZR,295VRZ38EFE91ZT,RJ,TS,IN_TRANSIT,2026-06-27,TRN-525614,DELPROOF-51581997
EWB687863732,INV-2026-00953,19OZ7QMJCENT1ZM,07GRY58VRW9M1ZV,MH,TS,DELIVERED,2026-09-29,TRN-422762,DELPROOF-51744562
EWB946563480,INV-2026-00954,33MQWYUIXNS21ZW,24JDTVV2Y4XK1ZQ,KA,RJ,GENERATED,2026-07-11,TRN-495703,DELPROOF-08962237
EWB865922886,INV-2026-00955,19QFGV0EC14M1ZZ,29WJM2C8QIZK1ZC,WB,DL,GENERATED,2026-08-13,TRN-297313,DELPROOF-11224429
EWB848292945,INV-2026-00956,24V25AO20U9I1ZQ,0762HDXC6RIJ1ZJ,RJ,WB,DELIVERED,2026-08-20,TRN-331299,DELPROOF-96963524
EWB947593575,INV-2026-00957,29HOUU9SIJPY1ZS,07C21O0Z5QRU1ZY,MH,GJ,IN_TRANSIT,2026-09-06,TRN-855903,DELPROOF-65594525
EWB948080947,INV-2026-00958,29HARJHRF34J1ZG,33FNOTIA41SS1ZZ,RJ,TN,DELIVERED,2026-06-27,TRN-220700,DELPROOF-11708782
EWB454539592,INV-2026-00959,374IZASNWYWR1ZP,072GJ8K8C9G31ZP,GJ,RJ,IN_TRANSIT,2026-06-06,TRN-390080,DELPROOF-36289794
EWB403173610,INV-2026-00960,090ODWMQX5GG1ZM,37C2BE3YQY5F1ZS,AP,WB,DELIVERED,2026-06-16,TRN-776230,DELPROOF-10380612
EWB696634670,INV-2026-00961,09G34IQ7ZJ3S1ZU,37E9FPZUE8YF1ZB,KA,TS,DELIVERED,2026-07-02,TRN-879968,DELPROOF-19499085
EWB401390734,INV-2026-00962,08GK6T9DHSZN1ZS,362BNE6LOH251ZL,WB,MH,IN_TRANSIT,2026-08-27,TRN-423475,DELPROOF-24257283
EWB851076642,INV-2026-00963,19EFQ56Q37CS1ZS,24U5CZECCFS71ZH,TN,WB,IN_TRANSIT,2026-07-31,TRN-287750,DELPROOF-95565580
EWB823265805,INV-2026-00964,29IRDLK9EN7D1ZK,19NE6IT1EKKH1ZX,GJ,TS,DELIVERED,2026-09-07,TRN-442075,DELPROOF-07288346
EWB553196379,INV-2026-00965,27TD96QE3RZS1ZI,09OEMQGY27VY1ZK,MH,TN,DELIVERED,2026-08-28,TRN-476107,DELPROOF-61799183
EWB619146342,INV-2026-00966,08QIMQODPXNF1ZP,377KNUFBHGP51ZC,MH,AP,DELIVERED,2026-09-28,TRN-128717,DELPROOF-29779108
EWB249409890,INV-2026-00967,36MOGBJZEYQQ1ZC,33AGK6P0N17U1ZU,KA,GJ,IN_TRANSIT,2026-09-16,TRN-796020,DELPROOF-78098007
EWB872082431,INV-2026-00968,29XN0GUO4KH21ZT,37ICJDAN085R1ZM,TS,GJ,DELIVERED,2026-09-02,TRN-456073,DELPROOF-01308109
EWB331939686,INV-2026-00969,36XCS1XSRQLN1ZW,08BVSIGBIAF91ZY,KA,WB,IN_TRANSIT,2026-06-12,TRN-287100,DELPROOF-24797739
EWB749549305,INV-2026-00970,08CPNCC2KEIV1ZK,07JJFGJK2N7Z1ZP,UP,KA,IN_TRANSIT,2026-09-01,TRN-339037,DELPROOF-91984455
EWB389429982,INV-2026-00971,299DYFNGP41S1ZO,36YZQII4W6OZ1ZV,RJ,WB,IN_TRANSIT,2026-07-31,TRN-132455,DELPROOF-17374409
EWB286955437,INV-2026-00972,09H9PTFNM88U1ZA,2977TNQETMNI1ZP,DL,AP,GENERATED,2026-08-01,TRN-365627,DELPROOF-59622867
EWB678840224,INV-2026-00973,29FS8Q0PXAEC1ZU,367FXLOZ2RCU1ZX,MH,UP,IN_TRANSIT,2026-07-18,TRN-216955,DELPROOF-87439110
EWB750777260,INV-2026-00974,29TJ54696QZ61ZC,36LQGA3QUPO41ZI,GJ,AP,IN_TRANSIT,2026-10-01,TRN-212242,DELPROOF-38733114
EWB701675547,INV-2026-00975,27RGB93WKCS41ZI,276314CQE4LO1ZG,DL,TN,GENERATED,2026-07-01,TRN-447398,DELPROOF-48008597
EWB917521305,INV-2026-00976,278GUAS173RI1ZG,076DGG5GR0XA1ZF,WB,RJ,GENERATED,2026-07-20,TRN-595275,DELPROOF-46622157
EWB914464954,INV-2026-00977,332WYJXTJGCE1ZD,19RL69VSYXBB1ZE,UP,TS,IN_TRANSIT,2026-09-19,TRN-594790,DELPROOF-82567013
EWB184579433,INV-2026-00978,33FNOTIA41SS1ZZ,373UBM9XHCGR1ZW,MH,WB,GENERATED,2026-09-04,TRN-994537,DELPROOF-03904902
EWB924457733,INV-2026-00979,24UCNRI2I3971ZH,27QCOOTNJLCQ1ZL,WB,MH,IN_TRANSIT,2026-08-08,TRN-985717,DELPROOF-88908042
EWB982574355,INV-2026-00980,33DY5EGTBXPS1ZN,37DZNZ9C65FP1ZW,RJ,GJ,DELIVERED,2026-09-13,TRN-730248,DELPROOF-01496803
EWB475837024,INV-2026-00981,27SLH9BH811K1ZD,09OXKO8G8QYN1ZN,UP,KA,DELIVERED,2026-06-19,TRN-283293,DELPROOF-27967612
EWB350659564,INV-2026-00982,07FARK6O0U931ZK,19JY5OP9LBSM1ZT,TS,TS,GENERATED,2026-09-03,TRN-995427,DELPROOF-26886112
EWB342289897,INV-2026-00983,33KEPLBX889E1ZP,33CITFOYQBKK1ZO,WB,RJ,DELIVERED,2026-08-02,TRN-975820,DELPROOF-07787650
EWB757816344,INV-2026-00984,09JA0ASSNH2O1ZD,33GFDK0Q09JR1ZL,TS,UP,IN_TRANSIT,2026-09-13,TRN-193022,DELPROOF-93555776
EWB333866991,INV-2026-00985,08Q55IT9BN181ZG,24IXDU1EMMX31ZV,KA,KA,IN_TRANSIT,2026-08-22,TRN-590307,DELPROOF-91054745
EWB582764894,INV-2026-00986,27J5D5E3H0Y41ZT,37SNTP8AK8S21ZV,KA,TN,IN_TRANSIT,2026-09-09,TRN-419141,DELPROOF-00032324
EWB161296901,INV-2026-00987,3313CD5GLQJ51ZQ,29FLQBMAE38S1ZP,TS,GJ,GENERATED,2026-10-01,TRN-750342,DELPROOF-82650617
EWB739234859,INV-2026-00988,36L90AOBT3281ZU,19N42X2EZC7F1ZN,DL,UP,GENERATED,2026-08-16,TRN-583452,DELPROOF-35438174
EWB411445806,INV-2026-00989,29VZHWJR64DP1ZI,09U9TD0V2ZP41ZI,KA,GJ,DELIVERED,2026-06-24,TRN-800169,DELPROOF-70346707
EWB684405470,INV-2026-00990,194RCB1KJTGQ1ZX,072TIXC7URVQ1ZR,KA,TN,DELIVERED,2026-09-01,TRN-309631,DELPROOF-94881577
EWB531914999,INV-2026-00991,09GSTQMGVU4I1ZQ,37AW4IOAR4G51ZS,DL,MH,IN_TRANSIT,2026-09-28,TRN-788873,DELPROOF-32512462
EWB638000568,INV-2026-00992,33HV3A3ZMF8M1ZC,09K6ILCG6FAR1ZK,DL,MH,DELIVERED,2026-09-18,TRN-697033,DELPROOF-27116820
EWB417458839,INV-2026-00993,24ZZF8ADF7PC1ZH,24D7YXW1TBRW1ZP,DL,WB,GENERATED,2026-09-24,TRN-623747,DELPROOF-70251676
EWB372674615,INV-2026-00994,19BPH1VE8SUS1ZF,09B0UKOEFUKP1ZT,TN,RJ,GENERATED,2026-08-08,TRN-183190,DELPROOF-28714107
EWB512054812,INV-2026-00995,271K4FPL3X2J1ZC,29VZHWJR64DP1ZI,AP,GJ,IN_TRANSIT,2026-06-04,TRN-435090,DELPROOF-54687392
EWB447009878,INV-2026-00996,198CD31NRXD31ZS,07ASEH5E5RWS1ZE,TN,MH,IN_TRANSIT,2026-08-29,TRN-664636,DELPROOF-60211554
EWB548014476,INV-2026-00997,07ASEH5E5RWS1ZE,09VC9AQX6RZC1ZL,GJ,TS,GENERATED,2026-06-29,TRN-689356,DELPROOF-63225800
EWB675482758,INV-2026-00998,072GJ8K8C9G31ZP,29ETKDUWTN5P1ZE,WB,TS,DELIVERED,2026-07-23,TRN-849261,DELPROOF-97467836
EWB692949106,INV-2026-00999,36IT2018U9N71ZF,19TNGVN1KICJ1ZM,TS,TS,GENERATED,2026-09-05,TRN-292073,DELPROOF-39647418
EWB330050579,INV-2026-01000,24K8WRU1XEMI1ZU,37CVSQAME4YR1ZH,UP,TN,DELIVERED,2026-09-27,TRN-423149,DELPROOF-15725614
EWB887465228,INV-2026-01001,36CYD52ALUNQ1ZP,19CBZAMD270S1ZR,KA,RJ,DELIVERED,2026-09-28,TRN-541715,DELPROOF-33654328
EWB105266090,INV-2026-01002,37S4F8CGVYIE1ZS,090IMJYJCMRS1ZD,AP,GJ,GENERATED,2026-09-30,TRN-140919,DELPROOF-80023518
EWB456324907,INV-2026-01003,36FWYJXRPJ1E1ZN,249OE9419QZP1ZM,AP,KA,DELIVERED,2026-06-11,TRN-419417,DELPROOF-49655741
EWB695092652,INV-2026-01004,09L5NFLTQ6801ZC,09337KUU4YTN1ZX,RJ,WB,IN_TRANSIT,2026-08-21,TRN-168857,DELPROOF-78479547
EWB655423824,INV-2026-01005,372RVNDFDW791ZU,33ALFWYPEEK01ZZ,WB,AP,GENERATED,2026-07-05,TRN-971902,DELPROOF-12588795
EWB692386956,INV-2026-01006,09ZRLF8A9KEP1ZA,272TG5PIZX3H1ZC,TN,TN,IN_TRANSIT,2026-07-23,TRN-816095,DELPROOF-37010027
EWB131453236,INV-2026-01007,37TL8N3E54N61ZM,24DPWVBZ7CN01ZE,UP,DL,IN_TRANSIT,2026-08-23,TRN-893256,DELPROOF-34613968
EWB766201999,INV-2026-01008,24M7IDAO13TB1ZZ,08BVSIGBIAF91ZY,MH,TS,DELIVERED,2026-06-11,TRN-634870,DELPROOF-06736739
EWB239300283,INV-2026-01009,09XB3N27M5P71ZD,36A7D0WTWS3Y1ZN,RJ,DL,DELIVERED,2026-08-20,TRN-456689,DELPROOF-21677000
EWB545262749,INV-2026-01010,29TRC85EHPZR1ZT,36NGMX1GM32W1ZO,TS,AP,DELIVERED,2026-06-28,TRN-578659,DELPROOF-59805758
EWB269365827,INV-2026-01011,09KO4BUSU9F81ZO,24X6QD0771HL1ZK,DL,RJ,GENERATED,2026-09-11,TRN-132098,DELPROOF-79673499
EWB625692179,INV-2026-01012,37DZNZ9C65FP1ZW,09U8WPFQ2BHA1ZH,AP,GJ,GENERATED,2026-09-03,TRN-810298,DELPROOF-28243121
EWB276443097,INV-2026-01013,36FWYJXRPJ1E1ZN,08UJT9T11PHP1ZX,TS,AP,IN_TRANSIT,2026-06-18,TRN-912046,DELPROOF-27572978
EWB951694730,INV-2026-01014,09MLH13C71UD1ZZ,36C20LSJWS1Z1ZK,RJ,AP,DELIVERED,2026-08-09,TRN-499352,DELPROOF-23091334
EWB150013907,INV-2026-01015,29955CF72GNN1ZT,37OAZTKSZP7G1ZD,DL,DL,GENERATED,2026-08-14,TRN-123675,DELPROOF-87975663
EWB958182608,INV-2026-01016,36FXQ7BZEGBL1ZZ,097UJODCK8281ZR,WB,DL,GENERATED,2026-06-15,TRN-681514,DELPROOF-13825515
EWB256183606,INV-2026-01017,27ADNBCJ29YF1ZB,36MOGBJZEYQQ1ZC,RJ,TN,IN_TRANSIT,2026-06-16,TRN-215516,DELPROOF-02015548
EWB194221109,INV-2026-01018,072L4X5BWAEN1ZH,19875AUD9K9T1ZP,UP,MH,GENERATED,2026-06-10,TRN-173228,DELPROOF-90052630
EWB371298757,INV-2026-01019,071ZN1RIAMWU1ZZ,08HSLMWA6TJ31ZJ,MH,TS,DELIVERED,2026-07-30,TRN-196941,DELPROOF-31828644
EWB814351846,INV-2026-01020,096YO6Z1T2XC1ZA,367GBDGBXNRW1ZS,RJ,TS,DELIVERED,2026-08-28,TRN-572717,DELPROOF-71135065
EWB618251468,INV-2026-01021,09QEQ7Z7E5RD1ZE,074EIJ00HOD71ZP,MH,KA,IN_TRANSIT,2026-08-22,TRN-524848,DELPROOF-67504777
EWB540873934,INV-2026-01022,0832U1IQ2BAJ1ZD,08BVSIGBIAF91ZY,DL,AP,IN_TRANSIT,2026-06-22,TRN-623315,DELPROOF-67169301
EWB241508515,INV-2026-01023,29UPPGBIVSCU1ZN,09VYLKFXHKC81ZX,DL,AP,IN_TRANSIT,2026-06-18,TRN-210270,DELPROOF-08025555
EWB882324122,INV-2026-01024,09GPP1NOQU9Y1ZD,19DBIDE6UITJ1ZT,GJ,TS,DELIVERED,2026-06-12,TRN-101361,DELPROOF-79612935
EWB611558105,INV-2026-01025,191LLKSTN3CP1ZS,3646ESMRWGEB1ZE,MH,TN,GENERATED,2026-09-11,TRN-944124,DELPROOF-88426515
EWB711984586,INV-2026-01026,193M73HC9JYP1ZA,27SFHVMLJEKB1ZT,GJ,RJ,IN_TRANSIT,2026-09-27,TRN-737376,DELPROOF-54195218
EWB889420754,INV-2026-01027,097NVV28UE1M1ZV,1912O003E82E1ZL,AP,RJ,DELIVERED,2026-06-26,TRN-619227,DELPROOF-22129279
EWB991965215,INV-2026-01028,29Y2X15XJXNE1ZC,33NN6TJ9XPF01ZA,DL,DL,GENERATED,2026-08-14,TRN-341225,DELPROOF-00662299
EWB309200055,INV-2026-01029,29G1F8YC8GZK1ZD,27CKQH3ERAM41ZB,AP,TS,DELIVERED,2026-06-22,TRN-956519,DELPROOF-17662225
EWB101538829,INV-2026-01030,2780ZRZ79HQT1ZV,27RYIEJ9C0UU1ZI,WB,GJ,GENERATED,2026-07-28,TRN-221540,DELPROOF-66070646
EWB843561556,INV-2026-01031,08LLGF309HSU1ZT,24AJSSUUQO1V1ZQ,DL,TN,IN_TRANSIT,2026-06-12,TRN-114089,DELPROOF-66441001
EWB613514459,INV-2026-01032,3641A68T2A3A1ZG,24V25AO20U9I1ZQ,WB,AP,GENERATED,2026-07-16,TRN-424728,DELPROOF-70124956
EWB666447551,INV-2026-01033,08OX22INIWC51ZA,0767LM8E49IT1ZE,WB,GJ,DELIVERED,2026-06-05,TRN-391230,DELPROOF-38798572
EWB500718663,INV-2026-01034,33C83GY1FKOL1ZD,24FWY8AV2OSG1ZF,MH,TS,DELIVERED,2026-07-11,TRN-176819,DELPROOF-40824735
EWB370645950,INV-2026-01035,19H6NHKSQNAL1ZN,37EOUBXXQ6MF1ZX,RJ,DL,IN_TRANSIT,2026-10-01,TRN-521134,DELPROOF-52677880
EWB936452972,INV-2026-01036,24V25AO20U9I1ZQ,24CQPHLI5L691ZZ,TS,UP,GENERATED,2026-09-19,TRN-322423,DELPROOF-96524722
EWB359624355,INV-2026-01037,37V80LKX1S9X1ZJ,07KPK7YSWNXF1ZQ,MH,MH,GENERATED,2026-06-13,TRN-527428,DELPROOF-63483647
EWB426615697,INV-2026-01038,0782K8RYQF8W1ZV,27RYIEJ9C0UU1ZI,KA,TN,IN_TRANSIT,2026-09-22,TRN-390091,DELPROOF-90885410
EWB388254745,INV-2026-01039,24U5CZECCFS71ZH,37GNXB5JTB9X1ZU,RJ,UP,IN_TRANSIT,2026-06-26,TRN-896131,DELPROOF-53489365
EWB887486926,INV-2026-01040,19NE6IT1EKKH1ZX,091O5HD4HSBR1ZD,TS,WB,IN_TRANSIT,2026-08-31,TRN-176831,DELPROOF-17905774
EWB654331766,INV-2026-01041,19BEF46RF7BN1ZG,29A2FQZTIO4M1ZM,KA,DL,DELIVERED,2026-08-05,TRN-964009,DELPROOF-09623904
EWB101559232,INV-2026-01042,2977TNQETMNI1ZP,37A37E1J7V2A1ZZ,WB,AP,DELIVERED,2026-09-28,TRN-687777,DELPROOF-16107402
EWB489525699,INV-2026-01043,094DMC2RH2XK1ZZ,19EZ7BH25LLO1ZR,GJ,TN,DELIVERED,2026-07-29,TRN-375678,DELPROOF-47747997
EWB110994332,INV-2026-01044,36JI0Y6DPBHS1ZA,3677Q9VJUHBP1ZP,MH,TS,GENERATED,2026-06-26,TRN-678684,DELPROOF-06728782
EWB688146656,INV-2026-01045,071E1630POCR1ZX,33YUJ7YKTXG41ZA,TN,GJ,DELIVERED,2026-09-27,TRN-390825,DELPROOF-76464306
EWB711771493,INV-2026-01046,374IZASNWYWR1ZP,27FQS3D6357O1ZM,MH,WB,GENERATED,2026-09-21,TRN-397946,DELPROOF-19811682
EWB602633258,INV-2026-01047,24O0IPFG8PJV1ZP,37HLZ02Z7NUX1ZE,MH,AP,IN_TRANSIT,2026-09-10,TRN-724914,DELPROOF-31682837
EWB848826691,INV-2026-01048,29FKJNAWNGA41ZY,08RKY8RYOZDP1ZN,RJ,WB,IN_TRANSIT,2026-07-26,TRN-734616,DELPROOF-58287855
EWB857884113,INV-2026-01049,248M1G9FK2ST1ZX,375T82DDL7FK1ZL,MH,WB,GENERATED,2026-08-01,TRN-999570,DELPROOF-68344316
EWB818938915,INV-2026-01050,088Z3V6DIXFW1ZS,08V6OH9SDBDW1ZZ,KA,DL,DELIVERED,2026-08-07,TRN-191837,DELPROOF-81920672
EWB212666091,INV-2026-01051,07PJZE1XTAR01ZJ,08F4AQ7B7V1W1ZV,GJ,UP,GENERATED,2026-09-12,TRN-918767,DELPROOF-44855330
EWB286191462,INV-2026-01052,097Q5EGVLKDN1ZM,07DC08FC0TR51ZN,TN,DL,GENERATED,2026-07-30,TRN-297655,DELPROOF-40089243
EWB886194235,INV-2026-01053,37Z6146VEY0A1ZN,196E1ZHWY9HE1ZC,AP,TN,IN_TRANSIT,2026-08-19,TRN-714322,DELPROOF-05557293
EWB553247270,INV-2026-01054,09FOP8QZJULI1ZF,27T6YRIADDUR1ZC,AP,AP,IN_TRANSIT,2026-08-29,TRN-309353,DELPROOF-26260978
EWB853576702,INV-2026-01055,24E4PO1I3MSD1ZL,27J5D5E3H0Y41ZT,DL,DL,IN_TRANSIT,2026-09-08,TRN-911125,DELPROOF-74109652
EWB614260761,INV-2026-01056,072TIXC7URVQ1ZR,271D9S9HBN5E1ZJ,MH,KA,DELIVERED,2026-08-16,TRN-225747,DELPROOF-81740343
EWB674300299,INV-2026-01057,366GMDRDSFER1ZE,294052W8LI3I1ZE,AP,GJ,IN_TRANSIT,2026-08-19,TRN-993106,DELPROOF-90893646
EWB173218908,INV-2026-01058,27ST3TA195EQ1ZM,372IHOY7DV7C1ZC,RJ,WB,IN_TRANSIT,2026-08-24,TRN-674104,DELPROOF-59587813
EWB893894143,INV-2026-01059,09KO4BUSU9F81ZO,078IJTYOLD621ZE,KA,RJ,GENERATED,2026-09-01,TRN-539043,DELPROOF-31479968
EWB326894930,INV-2026-01060,331T2TALA7531ZJ,1941CRO04BYV1ZA,DL,UP,GENERATED,2026-09-11,TRN-591081,DELPROOF-29336010
EWB703291484,INV-2026-01061,24D3IRVXD2ZU1ZS,29S95ZOW60ZZ1ZX,WB,AP,GENERATED,2026-07-31,TRN-889058,DELPROOF-72858965
EWB334574568,INV-2026-01062,33FG51BXW76I1ZC,33RR8IQRT0071ZN,DL,UP,IN_TRANSIT,2026-08-01,TRN-175543,DELPROOF-77121614
EWB467748461,INV-2026-01063,33H9P1EARPHB1ZV,37DZNZ9C65FP1ZW,TS,DL,IN_TRANSIT,2026-08-03,TRN-896154,DELPROOF-60280946
EWB616023352,INV-2026-01064,190K5QZZKW3G1ZH,37AWQ57LY7501ZX,WB,UP,IN_TRANSIT,2026-08-01,TRN-506824,DELPROOF-39894062
EWB109351345,INV-2026-01065,24E4PO1I3MSD1ZL,08XQM334L1VZ1ZL,KA,WB,DELIVERED,2026-07-21,TRN-560183,DELPROOF-73249963
EWB235735196,INV-2026-01066,24LGB0S0R2SD1ZQ,24ZKNHPVRWBR1ZB,DL,GJ,IN_TRANSIT,2026-07-02,TRN-173667,DELPROOF-43983692
EWB658193790,INV-2026-01067,24TRIJ2FRNLX1ZT,249M6MG87OI01ZE,GJ,UP,DELIVERED,2026-09-19,TRN-101264,DELPROOF-59501972
EWB549510656,INV-2026-01068,365XIN9DL5TG1ZQ,296JQFWWXR5R1ZC,KA,MH,DELIVERED,2026-09-10,TRN-381479,DELPROOF-17086884
EWB935719285,INV-2026-01069,27CUBZQVQG0X1ZR,27JR6EET0DY51ZS,KA,TN,IN_TRANSIT,2026-06-11,TRN-894648,DELPROOF-64031767
EWB927227588,INV-2026-01070,378DRC11ERTJ1ZT,37GINSAVOCIR1ZB,AP,RJ,GENERATED,2026-08-27,TRN-469052,DELPROOF-98034508
EWB286512962,INV-2026-01071,09WOW73O1BLO1ZG,248IOGXPBWHV1ZM,AP,RJ,GENERATED,2026-09-23,TRN-839083,DELPROOF-95853667
EWB834489276,INV-2026-01072,36UDS3QSQCQ31ZX,365XRSI7EADG1ZG,GJ,KA,GENERATED,2026-06-07,TRN-551870,DELPROOF-18201260
EWB540884651,INV-2026-01073,190K5QZZKW3G1ZH,078IJTYOLD621ZE,UP,UP,GENERATED,2026-06-04,TRN-871701,DELPROOF-11074923
EWB581246185,INV-2026-01074,36N10HLINH8J1ZT,360RXXF36WA71ZQ,AP,DL,DELIVERED,2026-08-08,TRN-959168,DELPROOF-22206223
EWB383216558,INV-2026-01075,36JI0Y6DPBHS1ZA,36MOGBJZEYQQ1ZC,RJ,TN,GENERATED,2026-08-15,TRN-690000,DELPROOF-55761698
EWB824862197,INV-2026-01076,24MPQ0HZYJB41ZC,08NSM43D8W3Z1ZN,KA,RJ,GENERATED,2026-08-05,TRN-633264,DELPROOF-31606091
EWB276594651,INV-2026-01077,29TRC85EHPZR1ZT,08MKGXUKQ00U1ZF,TS,AP,IN_TRANSIT,2026-09-11,TRN-868457,DELPROOF-83684222
EWB127303893,INV-2026-01078,27XK5BXJ2POP1ZM,190K5QZZKW3G1ZH,GJ,UP,DELIVERED,2026-07-28,TRN-786312,DELPROOF-13110606
EWB663327411,INV-2026-01079,24CQPHLI5L691ZZ,37NZASYWDRKU1ZN,TN,TS,DELIVERED,2026-09-14,TRN-338033,DELPROOF-66470672
EWB494730427,INV-2026-01080,36JI0Y6DPBHS1ZA,37V71448N7OD1ZJ,MH,AP,GENERATED,2026-08-28,TRN-862403,DELPROOF-62078462
EWB778340486,INV-2026-01081,36Z1OA3VF02G1ZT,24BRBJEQVVIA1ZA,WB,TN,IN_TRANSIT,2026-06-21,TRN-429973,DELPROOF-48451272
EWB493972122,INV-2026-01082,37S4F8CGVYIE1ZS,09N6NBYZM2421ZN,DL,KA,DELIVERED,2026-07-23,TRN-334573,DELPROOF-52857132
EWB438315994,INV-2026-01083,24X8SYLEMRUY1ZN,07KPK7YSWNXF1ZQ,GJ,UP,GENERATED,2026-06-29,TRN-780486,DELPROOF-82562237
EWB851438384,INV-2026-01084,243PGSF3YN721ZA,36TWG7NFDINU1ZM,AP,UP,DELIVERED,2026-07-30,TRN-117908,DELPROOF-23405423
EWB755588632,INV-2026-01085,08HSLMWA6TJ31ZJ,240KQD8UNPIO1ZI,RJ,RJ,GENERATED,2026-09-26,TRN-428447,DELPROOF-76972792
EWB425268449,INV-2026-01086,37QPWDXYASVD1ZA,09DCLI6978V01ZB,UP,GJ,DELIVERED,2026-07-27,TRN-638695,DELPROOF-82338621
EWB344484354,INV-2026-01087,37A37E1J7V2A1ZZ,072L4X5BWAEN1ZH,TS,TS,IN_TRANSIT,2026-07-26,TRN-206337,DELPROOF-91951340
EWB135151814,INV-2026-01088,27TZE5R5UQPG1ZB,37RQ8RTM4J3D1ZA,UP,UP,IN_TRANSIT,2026-09-27,TRN-645426,DELPROOF-14986331
EWB613410009,INV-2026-01089,07RYE89FX5RX1ZY,29C09ZGNX3VP1ZE,GJ,KA,IN_TRANSIT,2026-10-06,TRN-257183,DELPROOF-10999856
EWB466558969,INV-2026-01090,19H024KWK5851ZU,33JXL66YA6BA1ZZ,TN,MH,DELIVERED,2026-07-28,TRN-486515,DELPROOF-88394223
EWB958834144,INV-2026-01091,278HL88KZRUI1ZM,24J8Y6RH05HH1ZH,DL,UP,GENERATED,2026-07-25,TRN-955172,DELPROOF-45210723
EWB373990396,INV-2026-01092,19FYO1750CEH1ZK,243BBXUX1OXR1ZU,WB,TS,IN_TRANSIT,2026-09-28,TRN-478620,DELPROOF-25483730
EWB879451359,INV-2026-01093,33Y84ZZ2P6EE1ZA,0767LM8E49IT1ZE,UP,KA,GENERATED,2026-06-23,TRN-629547,DELPROOF-25182212
EWB165219486,INV-2026-01094,27J5D5E3H0Y41ZT,29XJN6FOKZIX1ZW,GJ,GJ,GENERATED,2026-06-24,TRN-580769,DELPROOF-34906740
EWB722905431,INV-2026-01095,337F0I9G5DZX1ZK,37RF3NAPLGW11ZU,WB,WB,IN_TRANSIT,2026-08-01,TRN-871155,DELPROOF-42625511
EWB741334739,INV-2026-01096,19UUOYC3RWQM1ZL,29BXLBC8NOG81ZM,MH,WB,GENERATED,2026-07-12,TRN-274659,DELPROOF-20092882
EWB743500781,INV-2026-01097,09MLH13C71UD1ZZ,366GVGT2EEHF1ZR,MH,TS,GENERATED,2026-08-21,TRN-888543,DELPROOF-14970349
EWB178010044,INV-2026-01098,37WVFGYW6ZBN1ZX,33S2FX0ZKWIJ1ZX,DL,DL,IN_TRANSIT,2026-08-09,TRN-125002,DELPROOF-15965713
EWB232098874,INV-2026-01099,331FPE60QRAQ1ZH,2402WPJCF07V1ZB,KA,UP,GENERATED,2026-06-20,TRN-713159,DELPROOF-70911094
EWB952432293,INV-2026-01100,24K03W0FGEA91ZT,24FC79M96ZPX1ZT,TS,AP,GENERATED,2026-06-23,TRN-974758,DELPROOF-46129337
EWB903526911,INV-2026-01101,19N42X2EZC7F1ZN,36KXCQ91YY1J1ZY,KA,TS,DELIVERED,2026-08-27,TRN-451908,DELPROOF-57393936
EWB997915623,INV-2026-01102,24VT3X8VE00H1ZZ,08CPNCC2KEIV1ZK,AP,AP,DELIVERED,2026-07-03,TRN-940715,DELPROOF-07930577
EWB273944420,INV-2026-01103,294S3MEIUR921ZY,33YUJ7YKTXG41ZA,TN,RJ,IN_TRANSIT,2026-09-09,TRN-920819,DELPROOF-24644790
EWB870379277,INV-2026-01104,27K32OOUXQS11ZE,37ULJGQPQ8R41ZG,WB,AP,IN_TRANSIT,2026-08-27,TRN-542397,DELPROOF-07351294
EWB969900489,INV-2026-01105,27L8MWOB4FDD1ZV,335P03WVPUNW1ZC,GJ,KA,GENERATED,2026-08-13,TRN-595531,DELPROOF-23205730
EWB434629414,INV-2026-01106,27JR6EET0DY51ZS,24DPWVBZ7CN01ZE,WB,UP,GENERATED,2026-06-27,TRN-859428,DELPROOF-81214629
EWB337199603,INV-2026-01107,36IP3TVF51Z51ZB,29GBM65Q57TE1ZW,DL,KA,DELIVERED,2026-07-24,TRN-277553,DELPROOF-29639882
EWB897037749,INV-2026-01108,331FPE60QRAQ1ZH,271D9S9HBN5E1ZJ,UP,WB,DELIVERED,2026-08-03,TRN-850455,DELPROOF-23430234
EWB666872737,INV-2026-01109,19AGHFT9ZZCG1ZK,09PQKOJTPV601ZT,GJ,GJ,GENERATED,2026-09-21,TRN-887290,DELPROOF-18600656
EWB956128024,INV-2026-01110,19RL69VSYXBB1ZE,08FNKOMV2XCD1ZV,UP,TS,GENERATED,2026-08-05,TRN-384179,DELPROOF-63559779
EWB806468008,INV-2026-01111,336NYQAELYYZ1ZW,09G34IQ7ZJ3S1ZU,AP,TS,GENERATED,2026-08-25,TRN-999081,DELPROOF-50335346
EWB283660582,INV-2026-01112,29X08N6Q7NC81ZR,24VS0CDK36M81ZI,GJ,DL,IN_TRANSIT,2026-09-22,TRN-618771,DELPROOF-05293173
EWB849314940,INV-2026-01113,241SDIEQFB851ZN,095GZPL1QWEE1ZG,UP,AP,GENERATED,2026-07-17,TRN-881542,DELPROOF-31713797
EWB465152018,INV-2026-01114,08REV361XSNB1ZQ,29WLQ6EXNWZR1ZX,DL,MH,IN_TRANSIT,2026-07-02,TRN-257744,DELPROOF-03343429
EWB933427480,INV-2026-01115,331FPE60QRAQ1ZH,08QQ5L2XOIOT1ZV,RJ,AP,GENERATED,2026-06-09,TRN-644851,DELPROOF-35520021
EWB346915171,INV-2026-01116,37KWCYUKND1I1ZT,0832U1IQ2BAJ1ZD,KA,AP,GENERATED,2026-06-12,TRN-976679,DELPROOF-90698205
EWB751177369,INV-2026-01117,24CL9LCQH1UF1ZZ,08P98RL9QFCP1ZJ,DL,DL,DELIVERED,2026-09-27,TRN-713056,DELPROOF-11059716
EWB293991620,INV-2026-01118,36LVR7MGATND1ZD,36TFEBE5407K1ZI,MH,TS,GENERATED,2026-08-16,TRN-339553,DELPROOF-29634836
EWB690037598,INV-2026-01119,362BNE6LOH251ZL,191KFK7Y6QXD1ZQ,AP,TS,IN_TRANSIT,2026-08-09,TRN-754289,DELPROOF-44276056
EWB620374538,INV-2026-01120,24YRVXOIEVES1ZS,09F124VF89X21ZY,DL,TN,IN_TRANSIT,2026-08-01,TRN-540514,DELPROOF-62012946
EWB366677569,INV-2026-01121,330PDW5PY6B21ZJ,29GBM65Q57TE1ZW,TN,GJ,IN_TRANSIT,2026-06-21,TRN-418157,DELPROOF-54080171
EWB151367009,INV-2026-01122,2721B07G2RE61ZX,33C83GY1FKOL1ZD,UP,DL,IN_TRANSIT,2026-10-03,TRN-370109,DELPROOF-01611001
EWB683922205,INV-2026-01123,36MQIYFRWSKP1ZZ,19EVL7FQ8ABY1ZQ,TN,TS,DELIVERED,2026-06-09,TRN-989653,DELPROOF-77228311
EWB523665492,INV-2026-01124,070M24US73W11ZV,29R7S20CV3TL1ZC,DL,KA,IN_TRANSIT,2026-07-28,TRN-979249,DELPROOF-07092185
EWB839397997,INV-2026-01125,24Q1RDXCK36H1ZX,294052W8LI3I1ZE,UP,MH,DELIVERED,2026-08-06,TRN-611715,DELPROOF-98447800
EWB959659397,INV-2026-01126,08LEKVL9PTK41ZG,07OUZE66VW9B1ZX,TS,KA,DELIVERED,2026-10-05,TRN-766074,DELPROOF-14184524
EWB501614132,INV-2026-01127,27X2ZVL9E9ZR1ZG,37RF3NAPLGW11ZU,TN,MH,DELIVERED,2026-07-16,TRN-334785,DELPROOF-99468609
EWB407439345,INV-2026-01128,09JMIYQFY7511ZW,24XVDA4L3KHY1ZE,WB,TS,IN_TRANSIT,2026-07-04,TRN-669166,DELPROOF-07888378
EWB608159909,INV-2026-01129,27ADNBCJ29YF1ZB,33TL2UG05WH21ZK,UP,UP,DELIVERED,2026-06-12,TRN-317126,DELPROOF-06645589
EWB496526495,INV-2026-01130,29389YZTKKFZ1ZW,19CRUYF38DIU1ZN,TS,WB,IN_TRANSIT,2026-08-21,TRN-467951,DELPROOF-75833970
EWB976433916,INV-2026-01131,36KNJMVRYDC11ZA,37S4F8CGVYIE1ZS,TS,GJ,IN_TRANSIT,2026-09-29,TRN-418660,DELPROOF-71096412
EWB462965246,INV-2026-01132,08RKY8RYOZDP1ZN,33N14EB8753A1ZW,RJ,DL,IN_TRANSIT,2026-06-16,TRN-631742,DELPROOF-05865606
EWB142625654,INV-2026-01133,09P06IDIIOH61ZC,36A7D0WTWS3Y1ZN,DL,TS,DELIVERED,2026-07-10,TRN-161073,DELPROOF-30676264
EWB816052103,INV-2026-01134,24ZZF8ADF7PC1ZH,07F5A7QY8YB71ZU,KA,WB,GENERATED,2026-09-05,TRN-743018,DELPROOF-24765766
EWB634848484,INV-2026-01135,07END7H10KYH1ZS,07Q8QMXETIZU1ZX,KA,KA,IN_TRANSIT,2026-08-19,TRN-257075,DELPROOF-44267277
EWB152115355,INV-2026-01136,36DLAXAHHXKW1ZB,37LQPB01QCTE1ZT,UP,RJ,DELIVERED,2026-09-20,TRN-782662,DELPROOF-17701805
EWB268678737,INV-2026-01137,27M4SMZOCXMZ1ZK,370R778NRXVO1ZB,WB,TS,DELIVERED,2026-09-10,TRN-323970,DELPROOF-06814774
EWB318180307,INV-2026-01138,196E1ZHWY9HE1ZC,07DMLC8XIZX31ZP,RJ,TS,IN_TRANSIT,2026-06-12,TRN-831162,DELPROOF-64702603
EWB327866480,INV-2026-01139,08GK6T9DHSZN1ZS,08LLGF309HSU1ZT,TS,DL,DELIVERED,2026-08-06,TRN-209588,DELPROOF-25777949
EWB118201220,INV-2026-01140,27U118QQVAEC1ZU,081W1WUDCBL41ZC,TS,TS,DELIVERED,2026-07-02,TRN-829080,DELPROOF-53706779
EWB289453517,INV-2026-01141,075IGQPKI7P51ZR,082Z682U6ZV31ZH,RJ,GJ,IN_TRANSIT,2026-09-10,TRN-779262,DELPROOF-02149418
EWB922760134,INV-2026-01142,24QZHECBUQYP1ZH,27FQS3D6357O1ZM,GJ,GJ,IN_TRANSIT,2026-09-16,TRN-154321,DELPROOF-69415277
EWB505062327,INV-2026-01143,36Z1OA3VF02G1ZT,08L3VZZXT9QU1ZB,WB,WB,GENERATED,2026-08-07,TRN-301295,DELPROOF-79472493
EWB842973811,INV-2026-01144,09FWB0HPMNZ11ZS,19CTHPHJ3MUU1ZP,KA,WB,IN_TRANSIT,2026-08-27,TRN-744657,DELPROOF-06911863
EWB577188473,INV-2026-01145,08HSLMWA6TJ31ZJ,27AHTHSJR0FZ1ZA,TN,UP,DELIVERED,2026-09-25,TRN-213477,DELPROOF-95497429
EWB394262600,INV-2026-01146,36KNJMVRYDC11ZA,296SWK2RV2391ZL,MH,TN,DELIVERED,2026-09-23,TRN-397647,DELPROOF-05365932
EWB416343530,INV-2026-01147,33SDUHH03G951ZO,330HL9XPSEIM1ZS,WB,TN,IN_TRANSIT,2026-09-06,TRN-223539,DELPROOF-14254388
EWB482490493,INV-2026-01148,36MV9E40KZUJ1ZZ,0987XW69HZGO1ZN,WB,MH,GENERATED,2026-06-12,TRN-955678,DELPROOF-05272778
EWB380565086,INV-2026-01149,334X0BS3LWW71ZM,24D3IRVXD2ZU1ZS,GJ,UP,DELIVERED,2026-09-29,TRN-614222,DELPROOF-72673090
EWB630976802,INV-2026-01150,076JXNNNGBPJ1ZI,33VUQT2LWHED1ZG,AP,RJ,IN_TRANSIT,2026-06-16,TRN-866348,DELPROOF-65482367
EWB691707348,INV-2026-01151,29955CF72GNN1ZT,072L4X5BWAEN1ZH,MH,KA,DELIVERED,2026-09-06,TRN-518069,DELPROOF-91402124
EWB366496440,INV-2026-01152,29C9LGYTLCQF1ZL,33Y3Q69FLGUQ1ZY,AP,TS,IN_TRANSIT,2026-06-28,TRN-424426,DELPROOF-00909999
EWB170373345,INV-2026-01153,0893TYT7D5J61ZX,36FKRIG7JVDI1ZI,AP,MH,GENERATED,2026-06-24,TRN-560367,DELPROOF-14733261
EWB761036578,INV-2026-01154,36P0NEC8UYO51ZY,378DRC11ERTJ1ZT,MH,WB,GENERATED,2026-09-24,TRN-787764,DELPROOF-58310834
EWB515051872,INV-2026-01155,36TFEBE5407K1ZI,19UUOYC3RWQM1ZL,TN,KA,DELIVERED,2026-08-30,TRN-325013,DELPROOF-04426358
EWB348632434,INV-2026-01156,37GNXB5JTB9X1ZU,24M7IDAO13TB1ZZ,GJ,RJ,DELIVERED,2026-06-14,TRN-367668,DELPROOF-46300916
EWB105136441,INV-2026-01157,367GBDGBXNRW1ZS,19Y3GDILK1QY1ZT,RJ,MH,DELIVERED,2026-09-15,TRN-568494,DELPROOF-44318314
EWB887456972,INV-2026-01158,08CPNCC2KEIV1ZK,079UNFVOBBZ21ZQ,KA,TN,DELIVERED,2026-07-08,TRN-204504,DELPROOF-68197996
EWB252957954,INV-2026-01159,27U118QQVAEC1ZU,37V71448N7OD1ZJ,WB,DL,GENERATED,2026-07-01,TRN-132409,DELPROOF-61399349
EWB904958080,INV-2026-01160,24U5CZECCFS71ZH,19JY5OP9LBSM1ZT,RJ,WB,GENERATED,2026-08-04,TRN-684047,DELPROOF-92530639
EWB978618798,INV-2026-01161,36FXQ7BZEGBL1ZZ,07AHCPZTC69Q1ZJ,RJ,KA,IN_TRANSIT,2026-06-14,TRN-354267,DELPROOF-66356987
EWB154842633,INV-2026-01162,37M5PUU62RZV1ZY,24R3UV43MCO01ZC,TS,TS,DELIVERED,2026-07-24,TRN-672220,DELPROOF-74958505
EWB920273569,INV-2026-01163,37YMENVG3KK01ZT,07LWVMB0IDD01ZU,MH,MH,DELIVERED,2026-08-31,TRN-945676,DELPROOF-87168526
EWB628548463,INV-2026-01164,36BHHLK3YJZ91ZY,27KMBY9IPA2V1ZM,GJ,KA,IN_TRANSIT,2026-06-15,TRN-583933,DELPROOF-91048831
EWB200277915,INV-2026-01165,37N3V1WNP9OC1ZH,33JXL66YA6BA1ZZ,MH,WB,GENERATED,2026-06-20,TRN-259706,DELPROOF-24497454
EWB465151762,INV-2026-01166,07SJ84TC2QSI1ZZ,24CKQVIIFRCH1ZW,GJ,TS,IN_TRANSIT,2026-08-20,TRN-394495,DELPROOF-63536525
EWB580248904,INV-2026-01167,09Q4TA5IVROC1ZT,0899F77LU8EL1ZE,KA,TN,DELIVERED,2026-06-19,TRN-181601,DELPROOF-87663109
EWB440511148,INV-2026-01168,36X48WZE4EX61ZS,2414HOAE527P1ZQ,KA,TN,GENERATED,2026-08-30,TRN-168762,DELPROOF-08735091
EWB851790493,INV-2026-01169,37LQPB01QCTE1ZT,24CL9LCQH1UF1ZZ,GJ,RJ,DELIVERED,2026-08-07,TRN-555434,DELPROOF-59080254
EWB745920688,INV-2026-01170,29FWW41F7V4K1ZM,369BP4M18O1B1ZI,TS,WB,DELIVERED,2026-08-19,TRN-718148,DELPROOF-67708394
EWB943874614,INV-2026-01171,29TOUHYLU6K71ZN,09P06IDIIOH61ZC,MH,WB,GENERATED,2026-07-21,TRN-201419,DELPROOF-87070831
EWB188478038,INV-2026-01172,096YO6Z1T2XC1ZA,09FWB0HPMNZ11ZS,DL,TS,IN_TRANSIT,2026-09-19,TRN-673854,DELPROOF-98102550
EWB676525995,INV-2026-01173,09ZYF2EV4JI41ZS,19B3XMDKRLC01ZV,GJ,TN,DELIVERED,2026-06-13,TRN-793685,DELPROOF-90191695
EWB824025931,INV-2026-01174,19JY5OP9LBSM1ZT,24O0IPFG8PJV1ZP,RJ,AP,DELIVERED,2026-08-25,TRN-844015,DELPROOF-56989754
EWB663874617,INV-2026-01175,0767LM8E49IT1ZE,29JZ09OWGMF41ZK,DL,GJ,IN_TRANSIT,2026-07-31,TRN-193600,DELPROOF-84769355
EWB436301022,INV-2026-01176,37ASJTK3LIRH1ZV,19LDOL65WVJX1ZY,WB,KA,IN_TRANSIT,2026-06-29,TRN-819391,DELPROOF-68431326
EWB388851938,INV-2026-01177,07YE088O98BV1ZZ,36FAZZ81SDW41ZQ,WB,RJ,IN_TRANSIT,2026-06-22,TRN-639890,DELPROOF-27493844
EWB561058004,INV-2026-01178,08KE2GJR81BM1ZO,08GEFQJG02U11ZF,DL,UP,GENERATED,2026-09-27,TRN-340935,DELPROOF-84777139
EWB756401622,INV-2026-01179,29NV5SN961J81ZJ,29JOV58TOE3P1ZF,TN,WB,DELIVERED,2026-08-04,TRN-223187,DELPROOF-92013554
EWB342751989,INV-2026-01180,37SAV917RMPN1ZK,09G34IQ7ZJ3S1ZU,RJ,WB,IN_TRANSIT,2026-07-17,TRN-761642,DELPROOF-48595744
EWB351227874,INV-2026-01181,09E4QGM5V2WW1ZF,085V0175DU231ZI,KA,UP,GENERATED,2026-07-31,TRN-155774,DELPROOF-95741392
EWB780165487,INV-2026-01182,37Z6146VEY0A1ZN,333LOUFHW8WL1ZT,KA,UP,GENERATED,2026-08-17,TRN-437818,DELPROOF-84045322
EWB383054160,INV-2026-01183,36PW6M9HKHJG1ZR,24DLFWDUH7VD1ZM,UP,KA,IN_TRANSIT,2026-10-05,TRN-582079,DELPROOF-05073413
EWB603269240,INV-2026-01184,08GGSOU6NJ2N1ZZ,07QG433E1I1P1ZX,WB,WB,IN_TRANSIT,2026-06-19,TRN-642043,DELPROOF-01202771
EWB530630017,INV-2026-01185,37VC7HR6C2CU1ZN,29GJD3EX5MHQ1ZL,MH,AP,GENERATED,2026-06-25,TRN-728285,DELPROOF-83592210
EWB171751715,INV-2026-01186,08F4AQ7B7V1W1ZV,29YBHQGHLZRU1ZT,DL,DL,GENERATED,2026-06-06,TRN-599921,DELPROOF-82575312
EWB220729679,INV-2026-01187,295VRZ38EFE91ZT,334X0BS3LWW71ZM,DL,RJ,GENERATED,2026-09-16,TRN-134806,DELPROOF-79046453
EWB832155852,INV-2026-01188,24HKPJ7HME6P1ZM,07FKHDIU1JTK1ZA,GJ,AP,IN_TRANSIT,2026-09-16,TRN-689537,DELPROOF-83479089
EWB675073083,INV-2026-01189,33NVQRFXNTF01ZL,09NGLH62C9T11ZH,MH,TS,DELIVERED,2026-08-05,TRN-271069,DELPROOF-63160073
EWB418553951,INV-2026-01190,1963LBQGU3OB1ZV,08VUBF99U26U1ZM,TN,RJ,IN_TRANSIT,2026-07-28,TRN-650503,DELPROOF-77117397
EWB921106716,INV-2026-01191,37ULJGQPQ8R41ZG,27WVA984UVKY1ZP,UP,KA,DELIVERED,2026-07-24,TRN-602708,DELPROOF-38109765
EWB494872121,INV-2026-01192,08R4SOR8WM9L1ZA,075IGQPKI7P51ZR,GJ,KA,IN_TRANSIT,2026-06-21,TRN-487701,DELPROOF-74819893
EWB954583402,INV-2026-01193,09ASFEN0B09Z1ZH,33AZCCBLSKRT1ZX,KA,UP,IN_TRANSIT,2026-09-30,TRN-243160,DELPROOF-71145570
EWB589086805,INV-2026-01194,08P98RL9QFCP1ZJ,299GNLPYO2M21ZU,MH,GJ,GENERATED,2026-06-06,TRN-129918,DELPROOF-73810151
EWB918465301,INV-2026-01195,08WDPJBC01AR1ZU,19875AUD9K9T1ZP,GJ,WB,IN_TRANSIT,2026-07-12,TRN-137270,DELPROOF-31278587
EWB514145566,INV-2026-01196,362BNE6LOH251ZL,24X6QD0771HL1ZK,MH,KA,IN_TRANSIT,2026-09-27,TRN-671733,DELPROOF-68173878
EWB457570181,INV-2026-01197,29NFHOLQC3O11ZW,33CPKLV69EOX1ZV,UP,RJ,GENERATED,2026-08-01,TRN-727791,DELPROOF-06563787
EWB499887732,INV-2026-01198,24K8WRU1XEMI1ZU,33FNOTIA41SS1ZZ,WB,RJ,DELIVERED,2026-06-17,TRN-603444,DELPROOF-43181700
EWB618724682,INV-2026-01199,19DBIDE6UITJ1ZT,294S3MEIUR921ZY,WB,AP,GENERATED,2026-09-22,TRN-161517,DELPROOF-73604279
EWB513514135,INV-2026-01200,337F0I9G5DZX1ZK,19TNGVN1KICJ1ZM,TN,DL,IN_TRANSIT,2026-07-23,TRN-199940,DELPROOF-82315499
EWB221315147,INV-2026-01201,09FOP8QZJULI1ZF,24LGB0S0R2SD1ZQ,KA,GJ,IN_TRANSIT,2026-08-21,TRN-972926,DELPROOF-25609476
EWB585022948,INV-2026-01202,0806NKWFG3MW1ZS,27FQS3D6357O1ZM,UP,TS,IN_TRANSIT,2026-06-27,TRN-154814,DELPROOF-46641206
EWB629593686,INV-2026-01203,33CXLL4ZKLOO1ZJ,24XVDA4L3KHY1ZE,KA,GJ,IN_TRANSIT,2026-08-04,TRN-695239,DELPROOF-94275287
EWB711082898,INV-2026-01204,08XQM334L1VZ1ZL,19Q9J2H1TLOM1ZF,KA,WB,DELIVERED,2026-07-24,TRN-385246,DELPROOF-14178859
EWB547881970,INV-2026-01205,36YZQII4W6OZ1ZV,08QIMQODPXNF1ZP,GJ,RJ,IN_TRANSIT,2026-09-22,TRN-110960,DELPROOF-92251193
EWB267961970,INV-2026-01206,37CVSQAME4YR1ZH,08REV361XSNB1ZQ,UP,WB,GENERATED,2026-07-09,TRN-503112,DELPROOF-18969498
EWB687882927,INV-2026-01207,249NB74X2EK31ZW,27VPYMB5M9J91ZB,UP,MH,DELIVERED,2026-09-21,TRN-880190,DELPROOF-17687741
EWB601675472,INV-2026-01208,09GPP1NOQU9Y1ZD,09GSTQMGVU4I1ZQ,TN,UP,GENERATED,2026-08-03,TRN-865351,DELPROOF-43596449
EWB766193303,INV-2026-01209,337F0I9G5DZX1ZK,33CITFOYQBKK1ZO,TN,UP,GENERATED,2026-06-10,TRN-714876,DELPROOF-54370250
EWB320074985,INV-2026-01210,19GX25FPLO1U1ZP,37Z6146VEY0A1ZN,UP,GJ,DELIVERED,2026-06-14,TRN-350499,DELPROOF-34947670
EWB868388870,INV-2026-01211,33Y6452H2ZQU1ZD,29Y2X15XJXNE1ZC,MH,GJ,GENERATED,2026-09-10,TRN-137590,DELPROOF-88179285
EWB767578220,INV-2026-01212,190DRIMR25I71ZA,07LOD9R7ANQJ1ZK,GJ,MH,DELIVERED,2026-08-21,TRN-548901,DELPROOF-14680310
EWB212668796,INV-2026-01213,09DF4HRA13611ZB,19NGIXMC4SX21ZH,TN,KA,GENERATED,2026-06-11,TRN-840571,DELPROOF-82126194
EWB380526244,INV-2026-01214,29JZP97BMZRR1ZX,09ASFEN0B09Z1ZH,GJ,GJ,IN_TRANSIT,2026-06-09,TRN-410946,DELPROOF-68859899
EWB698258915,INV-2026-01215,37GNXB5JTB9X1ZU,09JMIYQFY7511ZW,DL,GJ,GENERATED,2026-09-15,TRN-813819,DELPROOF-61019899
EWB114754282,INV-2026-01216,37ICJDAN085R1ZM,37YM90PKR1IF1ZQ,KA,WB,GENERATED,2026-06-14,TRN-994199,DELPROOF-00052797
EWB847989635,INV-2026-01217,29NFHOLQC3O11ZW,24X6QD0771HL1ZK,RJ,AP,DELIVERED,2026-06-30,TRN-573081,DELPROOF-24747598
EWB917282372,INV-2026-01218,372IHOY7DV7C1ZC,36XCS1XSRQLN1ZW,WB,DL,DELIVERED,2026-08-19,TRN-324099,DELPROOF-97348381
EWB502351625,INV-2026-01219,09DCLI6978V01ZB,07C9R4X1V4DX1ZQ,KA,WB,IN_TRANSIT,2026-08-26,TRN-859680,DELPROOF-09960332
EWB802647358,INV-2026-01220,36L5E11E9FTA1ZU,29ZGF9Q5RDOQ1ZH,TS,UP,IN_TRANSIT,2026-09-12,TRN-933829,DELPROOF-14285837
EWB251175294,INV-2026-01221,0984Z4UR2YUP1ZL,36SBUOV6TT9Q1ZY,UP,TS,IN_TRANSIT,2026-09-16,TRN-101950,DELPROOF-45188708
EWB636221542,INV-2026-01222,080JQQNVCEQF1ZG,088Z3V6DIXFW1ZS,TS,RJ,IN_TRANSIT,2026-09-16,TRN-345357,DELPROOF-40490125
EWB935851156,INV-2026-01223,094DMC2RH2XK1ZZ,36XAMW2TND6R1ZW,TN,DL,IN_TRANSIT,2026-07-04,TRN-962535,DELPROOF-72939321
EWB209153234,INV-2026-01224,37OJWLRKXJTM1ZV,36OLJQ52WSPO1ZE,UP,MH,DELIVERED,2026-07-10,TRN-850481,DELPROOF-63727422
EWB541085084,INV-2026-01225,09VZB0OIH5CS1ZJ,2748VFCX7LXX1ZE,TN,KA,IN_TRANSIT,2026-06-08,TRN-270169,DELPROOF-70394365
EWB264705595,INV-2026-01226,07YE088O98BV1ZZ,09N6NBYZM2421ZN,MH,KA,GENERATED,2026-07-06,TRN-459078,DELPROOF-58265831
EWB703409902,INV-2026-01227,36GCUIDC00M61ZC,29L1YA1RYZTB1ZS,RJ,KA,DELIVERED,2026-08-18,TRN-453791,DELPROOF-65371870
EWB718852250,INV-2026-01228,08VKAP6ZPXVW1ZY,24VORK1DJRWE1ZD,RJ,TS,IN_TRANSIT,2026-09-30,TRN-338472,DELPROOF-86634329
EWB249381967,INV-2026-01229,09PBN78BMYYM1ZR,09NGLH62C9T11ZH,TN,UP,DELIVERED,2026-07-28,TRN-187321,DELPROOF-27586478
EWB790195705,INV-2026-01230,36OLJQ52WSPO1ZE,09P4RXMD8ZVF1ZQ,UP,AP,GENERATED,2026-08-02,TRN-245989,DELPROOF-73797494
EWB927067096,INV-2026-01231,19LP7DFJCP0T1ZK,27N8ND7G0L3R1ZQ,TN,KA,IN_TRANSIT,2026-09-05,TRN-692912,DELPROOF-28505985
EWB253345167,INV-2026-01232,19KXLCD81TWH1ZU,29N91FY6YO8D1ZI,DL,KA,IN_TRANSIT,2026-09-19,TRN-836932,DELPROOF-24382692
EWB712987931,INV-2026-01233,19QIOB0NLW0V1ZQ,29389YZTKKFZ1ZW,AP,KA,DELIVERED,2026-06-10,TRN-971959,DELPROOF-03260838
EWB587227144,INV-2026-01234,085V0175DU231ZI,29SPD2SW24WJ1ZR,AP,WB,IN_TRANSIT,2026-07-12,TRN-859601,DELPROOF-36697587
EWB605669074,INV-2026-01235,36XCS1XSRQLN1ZW,368TANA6U48G1ZT,UP,UP,GENERATED,2026-09-12,TRN-856826,DELPROOF-90722252
EWB485257278,INV-2026-01236,27BOGKAH2XJQ1ZZ,19I08L0HG9NC1ZA,GJ,TN,DELIVERED,2026-07-08,TRN-748450,DELPROOF-53143076
EWB656074503,INV-2026-01237,071E1630POCR1ZX,36U8NOZEMDMZ1ZI,TS,WB,DELIVERED,2026-08-28,TRN-350569,DELPROOF-97116065
EWB348803910,INV-2026-01238,37TL8N3E54N61ZM,36WS44C68AU91ZD,AP,DL,DELIVERED,2026-10-01,TRN-466083,DELPROOF-27849376
EWB600418095,INV-2026-01239,09YL68NTK63N1ZZ,37O1CJFX5LIK1ZU,DL,TS,DELIVERED,2026-07-11,TRN-451015,DELPROOF-36559645
EWB914435518,INV-2026-01240,37RQ8RTM4J3D1ZA,33H9P1EARPHB1ZV,UP,TN,IN_TRANSIT,2026-06-19,TRN-850606,DELPROOF-91080159
EWB176378352,INV-2026-01241,19S0765ICAUT1ZI,09JA0ASSNH2O1ZD,DL,TS,GENERATED,2026-06-19,TRN-256812,DELPROOF-93586503
EWB544918052,INV-2026-01242,09NB4GH2M5ZJ1ZA,33CITFOYQBKK1ZO,WB,TN,GENERATED,2026-08-15,TRN-778165,DELPROOF-85980598
EWB119735578,INV-2026-01243,08JC2GOUIFEZ1ZA,3687K9TPZ1J81ZO,UP,RJ,DELIVERED,2026-09-18,TRN-331258,DELPROOF-31490277
EWB637937476,INV-2026-01244,09G34IQ7ZJ3S1ZU,24Q1RDXCK36H1ZX,TN,RJ,GENERATED,2026-07-07,TRN-412884,DELPROOF-11161816
EWB160338991,INV-2026-01245,07BPQGA6X85Z1ZX,33E02TOXOU0Y1ZD,RJ,KA,GENERATED,2026-08-05,TRN-667512,DELPROOF-12113856
EWB592848234,INV-2026-01246,37DZNZ9C65FP1ZW,09WOW73O1BLO1ZG,KA,UP,DELIVERED,2026-07-29,TRN-824848,DELPROOF-09546117
EWB704625509,INV-2026-01247,19H07WPH6FE01ZL,08JYV5G10UR51ZK,UP,WB,IN_TRANSIT,2026-06-24,TRN-276060,DELPROOF-91762993
EWB627249805,INV-2026-01248,19Q4KREG167D1ZA,3302BIP18A4J1ZS,KA,TS,DELIVERED,2026-08-31,TRN-199523,DELPROOF-48795659
EWB748786594,INV-2026-01249,36PGYVYV2GQU1ZB,37M6X7P7AHUG1ZX,DL,DL,DELIVERED,2026-06-03,TRN-358892,DELPROOF-02716138
EWB911607538,INV-2026-01250,36MJBQE7CKW51ZL,29LD4D6AF58C1ZZ,DL,TN,IN_TRANSIT,2026-06-05,TRN-310455,DELPROOF-98141428
EWB123145756,INV-2026-01251,19Q4KREG167D1ZA,36NWBGDQEWUH1ZP,UP,DL,DELIVERED,2026-08-01,TRN-612482,DELPROOF-88529854
EWB721948902,INV-2026-01252,366GMDRDSFER1ZE,36G0FN9XUY411ZH,MH,TN,IN_TRANSIT,2026-08-14,TRN-313773,DELPROOF-37028841
EWB504320342,INV-2026-01253,241SDIEQFB851ZN,2731YHXSO7VB1ZF,WB,KA,IN_TRANSIT,2026-06-04,TRN-732740,DELPROOF-32595861
EWB628494487,INV-2026-01254,19WVTKH861PQ1ZH,29JT70EBPY9E1ZQ,GJ,MH,GENERATED,2026-09-18,TRN-652136,DELPROOF-85554889
EWB686318994,INV-2026-01255,294S3MEIUR921ZY,24I7E1DDQLEM1ZY,WB,WB,IN_TRANSIT,2026-09-09,TRN-982333,DELPROOF-62534795
EWB945327780,INV-2026-01256,29EB97PWDBOL1ZU,33ZR1YXR2DHY1ZJ,KA,KA,IN_TRANSIT,2026-06-06,TRN-542199,DELPROOF-57889442
EWB281071210,INV-2026-01257,07DMLC8XIZX31ZP,33E02TOXOU0Y1ZD,TS,KA,GENERATED,2026-10-07,TRN-223493,DELPROOF-01187872
EWB138572188,INV-2026-01258,29B98V341ONX1ZX,37PEJZHYAPDS1ZT,UP,UP,DELIVERED,2026-06-11,TRN-993015,DELPROOF-10001609
EWB920365261,INV-2026-01259,29J76BIVISS81ZI,27D0RLEXDW6L1ZO,RJ,MH,GENERATED,2026-07-03,TRN-611238,DELPROOF-97823493
EWB429997552,INV-2026-01260,24M7IDAO13TB1ZZ,08UW0U92T24D1ZO,AP,KA,IN_TRANSIT,2026-07-29,TRN-855492,DELPROOF-02712206
EWB509178654,INV-2026-01261,0952E77DYVGD1ZG,19ETIUYMO0PQ1ZC,RJ,UP,DELIVERED,2026-06-19,TRN-772994,DELPROOF-39118648
EWB922266450,INV-2026-01262,37T04CHSDING1ZV,19WWPM3X15DT1ZM,MH,AP,IN_TRANSIT,2026-09-07,TRN-252229,DELPROOF-22326817
EWB762325595,INV-2026-01263,08OX22INIWC51ZA,367FXLOZ2RCU1ZX,TS,DL,GENERATED,2026-09-17,TRN-924459,DELPROOF-11607623
EWB398501967,INV-2026-01264,07YJ9BOQ0IQ21ZE,37FTDRLUXM601ZA,KA,AP,DELIVERED,2026-07-09,TRN-763697,DELPROOF-61264326
EWB339897186,INV-2026-01265,36AGVLKW1XSR1ZO,27KMBY9IPA2V1ZM,MH,TN,IN_TRANSIT,2026-10-01,TRN-863726,DELPROOF-58749794
EWB957541361,INV-2026-01266,29IY5PU5WH501ZI,09ISETUK1OOA1ZZ,KA,TN,DELIVERED,2026-09-24,TRN-220586,DELPROOF-57979565
EWB988243959,INV-2026-01267,08JYV5G10UR51ZK,075MY80TGH3S1ZL,RJ,DL,IN_TRANSIT,2026-06-15,TRN-709966,DELPROOF-62408856
EWB942830129,INV-2026-01268,19M2LHGCSOTD1ZH,299DYFNGP41S1ZO,WB,AP,DELIVERED,2026-09-18,TRN-560656,DELPROOF-74100161
EWB773009432,INV-2026-01269,33WGT2LB25481ZP,37LQPB01QCTE1ZT,UP,DL,IN_TRANSIT,2026-08-31,TRN-298720,DELPROOF-19949268
EWB877579304,INV-2026-01270,37ZDY3O1ICNS1ZR,36LVR7MGATND1ZD,RJ,KA,DELIVERED,2026-08-24,TRN-315244,DELPROOF-11794854
EWB417981634,INV-2026-01271,365XRSI7EADG1ZG,37OK63RVWOZQ1ZV,UP,RJ,DELIVERED,2026-06-22,TRN-604847,DELPROOF-38060342
EWB426785043,INV-2026-01272,08OYTK06AKT71ZW,08LBB8NMT3YP1ZQ,DL,GJ,GENERATED,2026-08-06,TRN-611853,DELPROOF-52623236
EWB193901283,INV-2026-01273,36A75LD7M08L1ZC,09JMIYQFY7511ZW,KA,DL,GENERATED,2026-07-01,TRN-886974,DELPROOF-79271290
EWB968583643,INV-2026-01274,09E4QGM5V2WW1ZF,37O1CJFX5LIK1ZU,KA,KA,DELIVERED,2026-09-29,TRN-130361,DELPROOF-65108049
EWB691089725,INV-2026-01275,37S4F8CGVYIE1ZS,36FAZZ81SDW41ZQ,UP,UP,GENERATED,2026-06-17,TRN-486589,DELPROOF-32368688
EWB605409670,INV-2026-01276,09G29D2FF5L61ZB,334X0BS3LWW71ZM,TS,TS,DELIVERED,2026-08-15,TRN-590171,DELPROOF-33716972
EWB445046248,INV-2026-01277,36WTEKTSG7FX1ZX,29NQWHOCPY8U1ZD,TN,GJ,GENERATED,2026-10-07,TRN-753888,DELPROOF-97488860
EWB212287591,INV-2026-01278,36LQGA3QUPO41ZI,37A37E1J7V2A1ZZ,UP,MH,DELIVERED,2026-07-19,TRN-781468,DELPROOF-53716534
EWB571429072,INV-2026-01279,36W04I3DZXLR1ZF,36F2CTG08ZZK1ZJ,MH,TS,IN_TRANSIT,2026-06-20,TRN-760317,DELPROOF-75850048
EWB225516541,INV-2026-01280,078IJTYOLD621ZE,09OEMQGY27VY1ZK,DL,MH,GENERATED,2026-06-15,TRN-429190,DELPROOF-51106516
EWB820034236,INV-2026-01281,095935A0L7251ZZ,27P38QOLDFOR1ZV,WB,UP,DELIVERED,2026-06-22,TRN-203336,DELPROOF-06193173
EWB295184085,INV-2026-01282,33R9P6HJB2JT1ZU,09OXKO8G8QYN1ZN,WB,WB,DELIVERED,2026-06-16,TRN-368427,DELPROOF-70705082
EWB404594463,INV-2026-01283,27HPVKU8H5R81ZL,08IDSECHU3YC1ZN,TN,GJ,DELIVERED,2026-06-11,TRN-999796,DELPROOF-37181232
EWB308764620,INV-2026-01284,19YS280XKXWD1ZY,24X6QD0771HL1ZK,TN,GJ,GENERATED,2026-08-14,TRN-208943,DELPROOF-50430097
EWB532375985,INV-2026-01285,29VM96N7KBNK1ZE,07F060O4VFK91ZQ,UP,TN,GENERATED,2026-09-10,TRN-141401,DELPROOF-63345384
EWB928174567,INV-2026-01286,37OK63RVWOZQ1ZV,2928DITMOWNX1ZZ,TN,TS,DELIVERED,2026-07-14,TRN-271958,DELPROOF-50567479
EWB656677446,INV-2026-01287,33ML3SOJPX161ZE,2780ZRZ79HQT1ZV,MH,AP,DELIVERED,2026-08-30,TRN-895779,DELPROOF-21379561
EWB142131304,INV-2026-01288,08QNYY95G5DO1ZF,29L9OT7TXKDO1ZR,AP,MH,GENERATED,2026-07-21,TRN-735804,DELPROOF-61851568
EWB619027521,INV-2026-01289,24DJGF1C8WQU1ZS,09NT0MQ8ABKA1ZE,GJ,MH,DELIVERED,2026-06-09,TRN-370660,DELPROOF-39499469
EWB176940539,INV-2026-01290,19Q4KREG167D1ZA,07LWVMB0IDD01ZU,DL,RJ,GENERATED,2026-09-08,TRN-195121,DELPROOF-62458487
EWB464956866,INV-2026-01291,29NV5SN961J81ZJ,24LJX8XGSIC41ZZ,UP,TN,DELIVERED,2026-08-16,TRN-614136,DELPROOF-09862791
EWB895459739,INV-2026-01292,09P06IDIIOH61ZC,09U8WPFQ2BHA1ZH,WB,RJ,DELIVERED,2026-06-23,TRN-918984,DELPROOF-94067978
EWB748532019,INV-2026-01293,36C20LSJWS1Z1ZK,24BRBJEQVVIA1ZA,WB,TN,GENERATED,2026-09-22,TRN-920720,DELPROOF-59101057
EWB632703925,INV-2026-01294,36KXCQ91YY1J1ZY,37ALULDRYHR31ZV,MH,KA,IN_TRANSIT,2026-08-08,TRN-737215,DELPROOF-50764638
EWB761234491,INV-2026-01295,09ISETUK1OOA1ZZ,29UPPGBIVSCU1ZN,TS,MH,DELIVERED,2026-09-29,TRN-668381,DELPROOF-30284436
EWB405903901,INV-2026-01296,27W8GAKH3YCQ1ZD,374IZASNWYWR1ZP,DL,TS,DELIVERED,2026-07-08,TRN-470750,DELPROOF-81733365
EWB199816780,INV-2026-01297,07C9R4X1V4DX1ZQ,2721B07G2RE61ZX,TN,MH,GENERATED,2026-08-03,TRN-341144,DELPROOF-07349075
EWB971239392,INV-2026-01298,19U1OE5EI28D1ZQ,27N9YE6BGGRM1ZO,DL,WB,GENERATED,2026-09-16,TRN-158584,DELPROOF-45900639
EWB474247365,INV-2026-01299,37SAV917RMPN1ZK,33I1B0Z3NX391ZP,WB,TN,GENERATED,2026-07-23,TRN-237969,DELPROOF-01582898
EWB942082536,INV-2026-01300,076UAMWJPIWU1ZI,24U5CZECCFS71ZH,DL,UP,IN_TRANSIT,2026-09-20,TRN-173584,DELPROOF-85602925
EWB490288970,INV-2026-01301,36MQIYFRWSKP1ZZ,24J8Y6RH05HH1ZH,DL,WB,DELIVERED,2026-06-23,TRN-692786,DELPROOF-40849273
EWB480323530,INV-2026-01302,19EVL7FQ8ABY1ZQ,36IT2018U9N71ZF,TS,KA,GENERATED,2026-06-12,TRN-727886,DELPROOF-54163837
EWB201734580,INV-2026-01303,36U8NOZEMDMZ1ZI,244KII1NQ0EI1ZX,RJ,TN,IN_TRANSIT,2026-08-13,TRN-240467,DELPROOF-13127581
EWB382981193,INV-2026-01304,09OXKO8G8QYN1ZN,091NKBTFSHB01ZM,AP,TS,GENERATED,2026-09-22,TRN-938088,DELPROOF-90500686
EWB436750145,INV-2026-01305,27RGREWDS0HP1ZP,095GZPL1QWEE1ZG,KA,TN,IN_TRANSIT,2026-07-17,TRN-587006,DELPROOF-51050482
EWB830854320,INV-2026-01306,37S4F8CGVYIE1ZS,33ML3SOJPX161ZE,UP,TS,GENERATED,2026-08-31,TRN-239675,DELPROOF-09060100
EWB990395761,INV-2026-01307,09FOP8QZJULI1ZF,247X5RRNYCIH1ZE,KA,TS,GENERATED,2026-09-13,TRN-648338,DELPROOF-17278105
EWB905241812,INV-2026-01308,27M4SMZOCXMZ1ZK,33NN6TJ9XPF01ZA,MH,DL,IN_TRANSIT,2026-09-10,TRN-670243,DELPROOF-83264940
EWB487148175,INV-2026-01309,37LDSFR4MUEK1ZH,37QPWDXYASVD1ZA,UP,MH,GENERATED,2026-08-04,TRN-582793,DELPROOF-52615395
EWB666614633,INV-2026-01310,07F060O4VFK91ZQ,27WVA984UVKY1ZP,RJ,GJ,GENERATED,2026-07-05,TRN-437942,DELPROOF-62008690
EWB821446909,INV-2026-01311,37FKVZS8UFX21ZB,193V23GXJ0MQ1ZS,WB,WB,IN_TRANSIT,2026-09-25,TRN-197831,DELPROOF-08610515
EWB793922517,INV-2026-01312,27WBPA274IR81ZB,27Q4S2FTGI881ZR,GJ,WB,DELIVERED,2026-08-18,TRN-356008,DELPROOF-65504421
EWB639018407,INV-2026-01313,08IUE2WNF5CA1ZC,29NV5SN961J81ZJ,MH,TS,GENERATED,2026-07-18,TRN-312258,DELPROOF-25740697
EWB786254276,INV-2026-01314,09NB4GH2M5ZJ1ZA,19CTHPHJ3MUU1ZP,KA,RJ,IN_TRANSIT,2026-06-25,TRN-251141,DELPROOF-38524986
EWB930142238,INV-2026-01315,24HHA1PJGFJC1ZW,36C20LSJWS1Z1ZK,TS,UP,IN_TRANSIT,2026-06-19,TRN-484600,DELPROOF-24028644
EWB195337712,INV-2026-01316,241SDIEQFB851ZN,08RKY8RYOZDP1ZN,UP,TN,GENERATED,2026-06-12,TRN-743437,DELPROOF-84755108
EWB564900628,INV-2026-01317,33E02TOXOU0Y1ZD,27WBPA274IR81ZB,UP,UP,IN_TRANSIT,2026-06-04,TRN-292609,DELPROOF-56849856
EWB715047213,INV-2026-01318,249NB74X2EK31ZW,2430I6G61PCW1ZD,TN,RJ,DELIVERED,2026-07-25,TRN-873887,DELPROOF-62680030
EWB227928107,INV-2026-01319,09DK8LW2LM341ZT,24OCLYT8W5RT1ZT,TN,KA,GENERATED,2026-06-19,TRN-346135,DELPROOF-01045707
EWB891060194,INV-2026-01320,29TJ54696QZ61ZC,09JDBL1G3Y2T1ZM,TS,DL,GENERATED,2026-06-13,TRN-658696,DELPROOF-75696804
EWB486292728,INV-2026-01321,29TUL1P36P6Q1ZF,27SFHVMLJEKB1ZT,DL,WB,IN_TRANSIT,2026-07-01,TRN-942733,DELPROOF-33662858
EWB999304082,INV-2026-01322,29WO8NBHNAL31ZG,29R7S20CV3TL1ZC,GJ,TN,DELIVERED,2026-09-10,TRN-124847,DELPROOF-18821472
EWB785951076,INV-2026-01323,27IARONTDI9O1ZH,36ZQ991P778R1ZL,KA,RJ,GENERATED,2026-07-26,TRN-788784,DELPROOF-31738454
EWB368386074,INV-2026-01324,19EZ7BH25LLO1ZR,07C9R4X1V4DX1ZQ,DL,DL,DELIVERED,2026-09-29,TRN-645834,DELPROOF-89625698
EWB412199812,INV-2026-01325,24V46WYSIRRK1ZY,270PT2DA8DBF1ZA,TS,AP,GENERATED,2026-09-03,TRN-818080,DELPROOF-95006761
EWB283435748,INV-2026-01326,24SS1A2R5BFY1ZC,19SFFCXHGNZE1ZH,DL,UP,GENERATED,2026-09-19,TRN-950104,DELPROOF-66360476
EWB244427943,INV-2026-01327,190N852N5FNP1ZV,331T2TALA7531ZJ,TN,TN,DELIVERED,2026-06-13,TRN-359448,DELPROOF-82225590
EWB855518826,INV-2026-01328,09KO4BUSU9F81ZO,09DP2FMR0TJO1ZN,MH,AP,GENERATED,2026-06-28,TRN-195790,DELPROOF-99064384
EWB640354422,INV-2026-01329,29HARJHRF34J1ZG,07WIXZ2C9ROS1ZW,TS,UP,GENERATED,2026-08-12,TRN-838570,DELPROOF-87358862
EWB346807137,INV-2026-01330,33X1945NQ4FM1ZV,336NYQAELYYZ1ZW,KA,TN,DELIVERED,2026-09-10,TRN-743189,DELPROOF-60217279
EWB113978604,INV-2026-01331,09PBJEK5RBW21ZW,270PT2DA8DBF1ZA,GJ,WB,IN_TRANSIT,2026-08-04,TRN-439131,DELPROOF-83381466
EWB641510062,INV-2026-01332,19ERBYEAWHML1ZT,33CXLL4ZKLOO1ZJ,RJ,TS,DELIVERED,2026-08-29,TRN-794733,DELPROOF-15729900
EWB610559629,INV-2026-01333,27RE4V9KYPOF1ZJ,24AV1G8NTAFU1ZT,AP,WB,GENERATED,2026-06-21,TRN-464486,DELPROOF-41704481
EWB763948546,INV-2026-01334,36OI9WM1SAV91ZB,33FNOTIA41SS1ZZ,DL,GJ,IN_TRANSIT,2026-08-29,TRN-965658,DELPROOF-85397141
EWB164156829,INV-2026-01335,19S0765ICAUT1ZI,37QY0HU97NG01ZA,MH,GJ,IN_TRANSIT,2026-08-12,TRN-381414,DELPROOF-63155752
EWB379322775,INV-2026-01336,37KWOALF4V1T1ZU,19JFVYB6LI071ZL,GJ,TN,DELIVERED,2026-08-05,TRN-207402,DELPROOF-88268151
EWB212534572,INV-2026-01337,29A2FQZTIO4M1ZM,37M6X7P7AHUG1ZX,GJ,UP,IN_TRANSIT,2026-06-27,TRN-721145,DELPROOF-63372359
EWB388454852,INV-2026-01338,336BEDYEJHDZ1ZU,24M7IDAO13TB1ZZ,AP,GJ,DELIVERED,2026-07-18,TRN-709065,DELPROOF-16191294
EWB475437957,INV-2026-01339,33Y6452H2ZQU1ZD,37AD1IOR56FA1ZM,AP,TN,IN_TRANSIT,2026-08-26,TRN-795328,DELPROOF-45252653
EWB638618695,INV-2026-01340,29050E6MPSJ91ZU,07LWVMB0IDD01ZU,AP,MH,DELIVERED,2026-07-06,TRN-157049,DELPROOF-18962889
EWB707016682,INV-2026-01341,33ML3SOJPX161ZE,37OJWLRKXJTM1ZV,WB,TS,DELIVERED,2026-07-22,TRN-877949,DELPROOF-34444638
EWB929533628,INV-2026-01342,078IJTYOLD621ZE,24DPWVBZ7CN01ZE,WB,UP,GENERATED,2026-08-18,TRN-418916,DELPROOF-57095681
EWB544103177,INV-2026-01343,29NV5SN961J81ZJ,3383RU7MYOW81ZC,AP,DL,GENERATED,2026-06-10,TRN-844452,DELPROOF-53644371
EWB314319881,INV-2026-01344,373E950ID0331ZR,37BBKJY2NZ7V1ZD,RJ,MH,DELIVERED,2026-06-12,TRN-368765,DELPROOF-12956333
EWB554439030,INV-2026-01345,241SDIEQFB851ZN,296SWK2RV2391ZL,TS,AP,IN_TRANSIT,2026-09-20,TRN-322739,DELPROOF-31468066
EWB404873837,INV-2026-01346,24XI64HAA34H1ZX,36T00IV1GGXR1ZD,DL,DL,IN_TRANSIT,2026-06-17,TRN-179028,DELPROOF-18926102
EWB634884120,INV-2026-01347,36WTEKTSG7FX1ZX,095F1HGAV42T1ZC,DL,WB,GENERATED,2026-09-24,TRN-737621,DELPROOF-35871783
EWB215720856,INV-2026-01348,29B98V341ONX1ZX,07YHQIN9N6XC1ZI,RJ,MH,DELIVERED,2026-08-02,TRN-132177,DELPROOF-76721681
EWB727051791,INV-2026-01349,27T1ELOU83G41ZV,33R09SKDGIGA1ZR,DL,AP,GENERATED,2026-09-12,TRN-542622,DELPROOF-44282670
EWB821300836,INV-2026-01350,08FUU5F07B1I1ZI,33S2FX0ZKWIJ1ZX,KA,AP,DELIVERED,2026-09-01,TRN-993216,DELPROOF-15398710
EWB964300583,INV-2026-01351,19Q9J2H1TLOM1ZF,37ZDY3O1ICNS1ZR,RJ,MH,IN_TRANSIT,2026-06-26,TRN-620386,DELPROOF-67866947
EWB144648775,INV-2026-01352,08CNWMBXEK0Q1ZH,1994DNMKZA3O1ZA,RJ,AP,DELIVERED,2026-06-08,TRN-726257,DELPROOF-71344517
EWB232580336,INV-2026-01353,244KII1NQ0EI1ZX,19A09LZRK79U1ZE,DL,MH,GENERATED,2026-09-14,TRN-243928,DELPROOF-38474288
EWB451048094,INV-2026-01354,272TG5PIZX3H1ZC,336E07FPY1AE1ZJ,TS,WB,GENERATED,2026-06-08,TRN-112687,DELPROOF-69982669
EWB842223907,INV-2026-01355,09N6NBYZM2421ZN,37LVXWQZXEBB1ZP,DL,DL,GENERATED,2026-08-07,TRN-132848,DELPROOF-93903491
EWB245092766,INV-2026-01356,19H6NHKSQNAL1ZN,29B98V341ONX1ZX,GJ,UP,DELIVERED,2026-07-25,TRN-157103,DELPROOF-04795293
EWB956859120,INV-2026-01357,33ZM3618LEU61ZW,29L1YA1RYZTB1ZS,AP,WB,IN_TRANSIT,2026-07-02,TRN-778997,DELPROOF-78772093
EWB229899905,INV-2026-01358,2748VFCX7LXX1ZE,33X1945NQ4FM1ZV,UP,KA,IN_TRANSIT,2026-06-09,TRN-992882,DELPROOF-25479882
EWB820573407,INV-2026-01359,09N6NBYZM2421ZN,241T2EP768SY1ZA,DL,RJ,IN_TRANSIT,2026-07-06,TRN-943985,DELPROOF-24117717
EWB366010507,INV-2026-01360,09HRUWA032601ZL,08IO1K7F5OA31ZY,UP,KA,IN_TRANSIT,2026-09-13,TRN-912739,DELPROOF-40412088
EWB790475191,INV-2026-01361,07QG433E1I1P1ZX,09DCLI6978V01ZB,MH,AP,DELIVERED,2026-08-11,TRN-770355,DELPROOF-10736754
EWB335106492,INV-2026-01362,33RR8IQRT0071ZN,0952DEZH0CD81ZA,MH,MH,GENERATED,2026-06-25,TRN-977789,DELPROOF-56616159
EWB592554797,INV-2026-01363,37T04CHSDING1ZV,29O1PVLND5811ZK,RJ,DL,DELIVERED,2026-06-21,TRN-648625,DELPROOF-11482679
EWB253791741,INV-2026-01364,33RR8IQRT0071ZN,29W5L4RMVVNX1ZH,MH,TN,IN_TRANSIT,2026-08-08,TRN-867607,DELPROOF-11086703
EWB935702894,INV-2026-01365,29NV5SN961J81ZJ,29WJM2C8QIZK1ZC,TS,UP,GENERATED,2026-09-22,TRN-585366,DELPROOF-92913945
EWB406657719,INV-2026-01366,19EVL7FQ8ABY1ZQ,37SNTP8AK8S21ZV,UP,TN,IN_TRANSIT,2026-06-23,TRN-207009,DELPROOF-11022892
EWB451211280,INV-2026-01367,24Q99CHJ755N1ZF,37OAZTKSZP7G1ZD,KA,GJ,IN_TRANSIT,2026-09-13,TRN-283663,DELPROOF-62136468
EWB274167531,INV-2026-01368,36U9W0TE52VX1ZQ,07DMLC8XIZX31ZP,TS,DL,IN_TRANSIT,2026-09-15,TRN-406453,DELPROOF-71523739
EWB627438386,INV-2026-01369,24TRIJ2FRNLX1ZT,0987XW69HZGO1ZN,DL,AP,DELIVERED,2026-06-06,TRN-269179,DELPROOF-26505020
EWB769634807,INV-2026-01370,07C4RTWUZKAM1ZS,27VM2P9E6GBP1ZQ,RJ,WB,IN_TRANSIT,2026-07-05,TRN-989510,DELPROOF-28506667
EWB327690470,INV-2026-01371,37TL8N3E54N61ZM,079UNFVOBBZ21ZQ,KA,MH,DELIVERED,2026-07-25,TRN-772269,DELPROOF-32818934
EWB764073970,INV-2026-01372,37NOX8FK20761ZT,3646ESMRWGEB1ZE,GJ,AP,IN_TRANSIT,2026-08-09,TRN-834523,DELPROOF-32479785
EWB947728440,INV-2026-01373,07GRY58VRW9M1ZV,09ZRLF8A9KEP1ZA,GJ,GJ,DELIVERED,2026-07-02,TRN-710850,DELPROOF-05612782
EWB183097837,INV-2026-01374,29YBHQGHLZRU1ZT,1949PSO1LQSR1ZL,WB,UP,DELIVERED,2026-09-16,TRN-377536,DELPROOF-65255750
EWB700587002,INV-2026-01375,08CNWMBXEK0Q1ZH,07SFA6D9ER941ZR,RJ,UP,GENERATED,2026-09-01,TRN-348696,DELPROOF-57825555
EWB474157929,INV-2026-01376,07N9UZERYF091ZY,33CITFOYQBKK1ZO,MH,AP,IN_TRANSIT,2026-08-14,TRN-374951,DELPROOF-73011935
EWB277885622,INV-2026-01377,36DHGUESXNU41ZT,27RGREWDS0HP1ZP,MH,GJ,GENERATED,2026-09-01,TRN-701692,DELPROOF-43660423
EWB136239549,INV-2026-01378,36L5E11E9FTA1ZU,339T9CD1LQJS1ZO,RJ,UP,DELIVERED,2026-09-17,TRN-896595,DELPROOF-21693445
EWB252965583,INV-2026-01379,08PJ8T22C50B1ZV,08MF4NNKM95D1ZX,GJ,KA,DELIVERED,2026-06-20,TRN-258128,DELPROOF-42636365
EWB944767290,INV-2026-01380,36F2CTG08ZZK1ZJ,198CD31NRXD31ZS,UP,DL,IN_TRANSIT,2026-06-23,TRN-328487,DELPROOF-99816214
EWB763446489,INV-2026-01381,296JQFWWXR5R1ZC,0716KJ752H701ZV,DL,UP,DELIVERED,2026-07-03,TRN-854213,DELPROOF-46824556
EWB881514625,INV-2026-01382,09K6ILCG6FAR1ZK,09QZCUCTSUFL1ZQ,GJ,KA,GENERATED,2026-08-21,TRN-907228,DELPROOF-61093107
EWB407144529,INV-2026-01383,1934KUQAAJ841ZP,08NYARNNEZTE1ZD,KA,WB,IN_TRANSIT,2026-09-16,TRN-790858,DELPROOF-92538276
EWB217568111,INV-2026-01384,093KPUG99W591ZQ,33GXP5CITUF81ZB,UP,MH,DELIVERED,2026-09-12,TRN-289539,DELPROOF-36849628
EWB293392318,INV-2026-01385,36X48WZE4EX61ZS,361U24ZQFEZK1ZE,DL,GJ,IN_TRANSIT,2026-06-27,TRN-640356,DELPROOF-27290449
EWB926300004,INV-2026-01386,07YCG1FJGBVY1ZN,24EFJAWSHMLF1ZW,GJ,DL,GENERATED,2026-07-09,TRN-790946,DELPROOF-88984469
EWB135360272,INV-2026-01387,29NQWHOCPY8U1ZD,27IS2GY9YTJU1ZO,UP,UP,DELIVERED,2026-09-11,TRN-494527,DELPROOF-25294656
EWB819105833,INV-2026-01388,36KNJMVRYDC11ZA,090IMJYJCMRS1ZD,MH,KA,GENERATED,2026-10-01,TRN-562617,DELPROOF-92734659
EWB940474303,INV-2026-01389,07F060O4VFK91ZQ,19Y1Z682R6ZL1ZY,GJ,MH,DELIVERED,2026-09-13,TRN-496630,DELPROOF-93113592
EWB512540037,INV-2026-01390,373E950ID0331ZR,09ZRKBFQXLBV1ZM,KA,TS,GENERATED,2026-07-24,TRN-841736,DELPROOF-76003533
EWB889441390,INV-2026-01391,36TFEBE5407K1ZI,08OYTK06AKT71ZW,GJ,RJ,DELIVERED,2026-09-23,TRN-839003,DELPROOF-61107427
EWB867083481,INV-2026-01392,36NGMX1GM32W1ZO,08ITMOFMMWI91ZQ,KA,RJ,GENERATED,2026-06-28,TRN-951411,DELPROOF-16969578
EWB728602843,INV-2026-01393,240EN48UACT41ZN,19B3XMDKRLC01ZV,AP,AP,IN_TRANSIT,2026-07-03,TRN-775239,DELPROOF-36563286
EWB831863465,INV-2026-01394,36HK403UXH9A1ZY,333Z6BZ8UUG91ZP,KA,DL,IN_TRANSIT,2026-09-07,TRN-642033,DELPROOF-80558441
EWB386032575,INV-2026-01395,296JQFWWXR5R1ZC,2995E5IZ31YR1ZS,TN,WB,GENERATED,2026-09-07,TRN-874945,DELPROOF-47841085
EWB540237396,INV-2026-01396,27QCOOTNJLCQ1ZL,24NHQNJVDPNG1ZU,RJ,RJ,DELIVERED,2026-06-18,TRN-595427,DELPROOF-20216839
EWB230843657,INV-2026-01397,2402WPJCF07V1ZB,24EFJAWSHMLF1ZW,TS,UP,DELIVERED,2026-08-02,TRN-139397,DELPROOF-07973097
EWB506827318,INV-2026-01398,09TGGZ62FE9U1ZO,278HL88KZRUI1ZM,TS,TS,DELIVERED,2026-09-13,TRN-222081,DELPROOF-06190496
EWB192919309,INV-2026-01399,2977TNQETMNI1ZP,19NGIXMC4SX21ZH,TN,KA,IN_TRANSIT,2026-06-16,TRN-542631,DELPROOF-59049936
EWB387475281,INV-2026-01400,24UE421VMEFO1ZW,33SDUHH03G951ZO,MH,GJ,DELIVERED,2026-07-04,TRN-727833,DELPROOF-48223411
EWB526642538,INV-2026-01401,24XI64HAA34H1ZX,24IXDU1EMMX31ZV,TN,WB,GENERATED,2026-08-21,TRN-984224,DELPROOF-68880439
EWB854679099,INV-2026-01402,07RF899OFPVI1ZL,3709NTN8EOHD1ZJ,KA,TS,DELIVERED,2026-07-02,TRN-118077,DELPROOF-12257670
EWB849626143,INV-2026-01403,3366PB90SPO31ZW,365XRSI7EADG1ZG,WB,KA,GENERATED,2026-09-17,TRN-831705,DELPROOF-49017781
EWB158980402,INV-2026-01404,29XJN6FOKZIX1ZW,07HHUZ83YUXY1ZN,MH,DL,DELIVERED,2026-07-08,TRN-333133,DELPROOF-31705867
EWB358955242,INV-2026-01405,29LD4D6AF58C1ZZ,08KE2GJR81BM1ZO,DL,DL,IN_TRANSIT,2026-06-12,TRN-408285,DELPROOF-04410988
EWB801965076,INV-2026-01406,2977TNQETMNI1ZP,08LBB8NMT3YP1ZQ,RJ,MH,IN_TRANSIT,2026-09-29,TRN-657717,DELPROOF-81638708
EWB773411920,INV-2026-01407,19PGBA9IN2XR1ZZ,33ALFWYPEEK01ZZ,AP,GJ,GENERATED,2026-08-02,TRN-456255,DELPROOF-31173937
EWB209828296,INV-2026-01408,330HL9XPSEIM1ZS,24VFRUK94IW51ZA,MH,GJ,DELIVERED,2026-07-12,TRN-382802,DELPROOF-29324363
EWB567536972,INV-2026-01409,3366PB90SPO31ZW,08UW0U92T24D1ZO,WB,KA,IN_TRANSIT,2026-06-28,TRN-257319,DELPROOF-94609969
EWB649993566,INV-2026-01410,36KNJMVRYDC11ZA,29GBCYH3FVL01ZZ,KA,UP,DELIVERED,2026-09-27,TRN-866675,DELPROOF-21265512
EWB318935629,INV-2026-01411,24Q1RDXCK36H1ZX,27ZGFLIG5GKZ1ZI,TS,KA,IN_TRANSIT,2026-07-29,TRN-716528,DELPROOF-96512132
EWB229913129,INV-2026-01412,33WGT2LB25481ZP,37ZDY3O1ICNS1ZR,GJ,AP,DELIVERED,2026-06-11,TRN-341788,DELPROOF-74667463
EWB325044327,INV-2026-01413,29V5S4TL0THH1ZW,29LD4D6AF58C1ZZ,RJ,GJ,DELIVERED,2026-09-23,TRN-571337,DELPROOF-01481401
EWB629060342,INV-2026-01414,33NN6TJ9XPF01ZA,29JZ09OWGMF41ZK,MH,DL,GENERATED,2026-07-18,TRN-757007,DELPROOF-76376923
EWB880842533,INV-2026-01415,29L9OT7TXKDO1ZR,36U9W0TE52VX1ZQ,WB,RJ,GENERATED,2026-06-21,TRN-142700,DELPROOF-71304558
EWB564021839,INV-2026-01416,33FNOTIA41SS1ZZ,36GFR27RIU9M1ZI,TN,GJ,DELIVERED,2026-08-17,TRN-194066,DELPROOF-99170801
EWB433286777,INV-2026-01417,27I3OQYFOQMF1ZW,33ZG9JJ0076E1ZJ,MH,MH,IN_TRANSIT,2026-07-05,TRN-513413,DELPROOF-24030995
EWB703746024,INV-2026-01418,097UJODCK8281ZR,076UAMWJPIWU1ZI,TS,WB,DELIVERED,2026-09-21,TRN-955813,DELPROOF-19625222
EWB883286906,INV-2026-01419,2402WPJCF07V1ZB,36NAWJGQU6H31ZJ,AP,TS,IN_TRANSIT,2026-08-03,TRN-865327,DELPROOF-13632748
EWB161546587,INV-2026-01420,08VKAP6ZPXVW1ZY,248IOGXPBWHV1ZM,TS,RJ,IN_TRANSIT,2026-09-26,TRN-605808,DELPROOF-56414027
EWB250009356,INV-2026-01421,19SLAYNDN5GJ1ZI,095GZPL1QWEE1ZG,WB,TS,DELIVERED,2026-08-21,TRN-940461,DELPROOF-06490255
EWB950015319,INV-2026-01422,09QEQ7Z7E5RD1ZE,2799HEXW8L851ZI,GJ,RJ,DELIVERED,2026-07-20,TRN-338642,DELPROOF-61757335
EWB318952790,INV-2026-01423,36JI0Y6DPBHS1ZA,24FPODPEHCYO1ZR,UP,DL,GENERATED,2026-08-02,TRN-149614,DELPROOF-51510075
EWB708744373,INV-2026-01424,090IMJYJCMRS1ZD,09QEQ7Z7E5RD1ZE,TS,GJ,IN_TRANSIT,2026-07-19,TRN-493051,DELPROOF-69286760
EWB759856778,INV-2026-01425,24DO8E7FLQHR1ZP,33ZR1YXR2DHY1ZJ,UP,TN,DELIVERED,2026-06-10,TRN-913622,DELPROOF-38163556
EWB476254165,INV-2026-01426,19AUUJ02GRXP1ZS,33R09SKDGIGA1ZR,AP,UP,GENERATED,2026-06-25,TRN-840762,DELPROOF-32931576
EWB762771010,INV-2026-01427,08P98RL9QFCP1ZJ,07BPQGA6X85Z1ZX,KA,UP,GENERATED,2026-09-26,TRN-668540,DELPROOF-61057155
EWB335687488,INV-2026-01428,36SBUOV6TT9Q1ZY,29NV5SN961J81ZJ,WB,UP,GENERATED,2026-08-18,TRN-213918,DELPROOF-39230799
EWB645258665,INV-2026-01429,09OEMQGY27VY1ZK,19M9Q7FTMFWG1ZM,DL,TN,DELIVERED,2026-07-23,TRN-941750,DELPROOF-36041187
EWB329958795,INV-2026-01430,09OEMQGY27VY1ZK,08V6OH9SDBDW1ZZ,AP,TS,DELIVERED,2026-07-08,TRN-904089,DELPROOF-34919899
EWB888651938,INV-2026-01431,37OAZTKSZP7G1ZD,24FWY8AV2OSG1ZF,TN,KA,IN_TRANSIT,2026-09-29,TRN-526490,DELPROOF-39725786
EWB250087217,INV-2026-01432,27ZS13C9XQYM1ZY,33RSXKJKMPLB1ZB,UP,KA,IN_TRANSIT,2026-07-22,TRN-349324,DELPROOF-07472127
EWB237475208,INV-2026-01433,37BBKJY2NZ7V1ZD,36WUCX67XKWQ1ZX,KA,UP,IN_TRANSIT,2026-06-30,TRN-557998,DELPROOF-51016999
EWB931024629,INV-2026-01434,07PJZE1XTAR01ZJ,09NXZDZB5F5T1ZV,DL,AP,DELIVERED,2026-07-13,TRN-944415,DELPROOF-66410374
EWB908475102,INV-2026-01435,2762C1JLOPO61ZI,19HVL66SAJXX1ZM,UP,UP,GENERATED,2026-07-01,TRN-663685,DELPROOF-60475696
EWB782302606,INV-2026-01436,36KXCQ91YY1J1ZY,246NYYCJ4Q0R1ZP,AP,WB,GENERATED,2026-08-16,TRN-692166,DELPROOF-84997605
EWB976057193,INV-2026-01437,19EVL7FQ8ABY1ZQ,29GJD3EX5MHQ1ZL,KA,RJ,GENERATED,2026-07-22,TRN-552299,DELPROOF-97872436
EWB586238592,INV-2026-01438,199VCCMTPKQ51ZC,074I6R8SO5WI1ZQ,AP,MH,IN_TRANSIT,2026-09-06,TRN-306121,DELPROOF-72450942
EWB302385007,INV-2026-01439,36OI9WM1SAV91ZB,33OV953A5O471ZA,WB,KA,IN_TRANSIT,2026-08-04,TRN-422498,DELPROOF-73120259
EWB971846341,INV-2026-01440,36X48WZE4EX61ZS,29GBM65Q57TE1ZW,TN,RJ,DELIVERED,2026-08-20,TRN-747080,DELPROOF-96319869
EWB496492888,INV-2026-01441,33FG51BXW76I1ZC,249M6MG87OI01ZE,TN,KA,GENERATED,2026-07-27,TRN-728285,DELPROOF-62570073
EWB425204529,INV-2026-01442,194DV56ONXD71ZX,0806NKWFG3MW1ZS,UP,KA,DELIVERED,2026-07-22,TRN-179345,DELPROOF-71715636
EWB457357769,INV-2026-01443,29WZK4IE86DB1ZM,37AD1IOR56FA1ZM,KA,RJ,GENERATED,2026-07-02,TRN-920036,DELPROOF-10227594
EWB555162944,INV-2026-01444,33IT6XIYZVNL1ZO,07YJ9BOQ0IQ21ZE,DL,WB,IN_TRANSIT,2026-07-15,TRN-436946,DELPROOF-54110366
EWB501301705,INV-2026-01445,07C21O0Z5QRU1ZY,08WDPJBC01AR1ZU,UP,UP,DELIVERED,2026-06-11,TRN-751901,DELPROOF-39616647
EWB147935859,INV-2026-01446,09MLH13C71UD1ZZ,37U84XYJOA211ZA,TN,GJ,IN_TRANSIT,2026-06-22,TRN-936844,DELPROOF-27018428
EWB678992586,INV-2026-01447,27N9YE6BGGRM1ZO,36RML29Q2L481ZB,TN,KA,GENERATED,2026-08-27,TRN-211422,DELPROOF-28571658
EWB495304081,INV-2026-01448,299CSS9TOQW91ZI,36TWG7NFDINU1ZM,DL,TS,IN_TRANSIT,2026-08-30,TRN-266835,DELPROOF-65225809
EWB748685312,INV-2026-01449,09BR5XQT4P501ZY,19GX25FPLO1U1ZP,TS,UP,DELIVERED,2026-06-06,TRN-822649,DELPROOF-89523657
EWB175430548,INV-2026-01450,369BP4M18O1B1ZI,377RL2YJ09741ZU,RJ,WB,IN_TRANSIT,2026-10-02,TRN-933428,DELPROOF-79382048
EWB437042082,INV-2026-01451,19KXLCD81TWH1ZU,29LD4D6AF58C1ZZ,UP,MH,IN_TRANSIT,2026-06-24,TRN-839501,DELPROOF-96512055
EWB520035810,INV-2026-01452,07H3YRGHWZKA1ZF,09G34IQ7ZJ3S1ZU,TS,AP,GENERATED,2026-07-17,TRN-534636,DELPROOF-92012964
EWB953435319,INV-2026-01453,07TZ91X70FQL1ZC,36IT2018U9N71ZF,MH,GJ,IN_TRANSIT,2026-06-18,TRN-839733,DELPROOF-98154641
EWB528157779,INV-2026-01454,08M89I9GX32U1ZE,36V0LG92MJEQ1ZA,MH,WB,IN_TRANSIT,2026-08-10,TRN-291473,DELPROOF-45099724
EWB391239486,INV-2026-01455,24O0IPFG8PJV1ZP,07RTT3NUPUY01ZW,DL,GJ,IN_TRANSIT,2026-07-09,TRN-722753,DELPROOF-65789428
EWB677024126,INV-2026-01456,24BRMQG1VED31ZZ,29G1AMRA5RBA1ZV,KA,KA,DELIVERED,2026-09-25,TRN-893975,DELPROOF-35894417
EWB633711425,INV-2026-01457,19WWPM3X15DT1ZM,27K32OOUXQS11ZE,DL,MH,IN_TRANSIT,2026-09-05,TRN-333671,DELPROOF-16013679
EWB362867329,INV-2026-01458,27KMBY9IPA2V1ZM,37IYNO667VGP1ZK,AP,TN,GENERATED,2026-09-12,TRN-581871,DELPROOF-11517199
EWB682749232,INV-2026-01459,29VM96N7KBNK1ZE,09L5NFLTQ6801ZC,DL,AP,DELIVERED,2026-07-17,TRN-517268,DELPROOF-35770431
EWB736985164,INV-2026-01460,1934KUQAAJ841ZP,0950OP7XMR8F1ZG,AP,UP,GENERATED,2026-09-20,TRN-543080,DELPROOF-60466746
EWB606301849,INV-2026-01461,37N2LM1CBHT91ZR,19CBZAMD270S1ZR,DL,KA,GENERATED,2026-08-21,TRN-863698,DELPROOF-78893352
EWB568980833,INV-2026-01462,33WU3BFXB4Y41ZJ,0767LM8E49IT1ZE,KA,RJ,DELIVERED,2026-06-24,TRN-451777,DELPROOF-39244343
EWB918265986,INV-2026-01463,29TEDQMVQWPQ1ZN,33JXL66YA6BA1ZZ,WB,GJ,DELIVERED,2026-08-02,TRN-622270,DELPROOF-95279269
EWB150248164,INV-2026-01464,37HL1737SUUD1ZO,367FXLOZ2RCU1ZX,DL,AP,DELIVERED,2026-09-12,TRN-807457,DELPROOF-63952357
EWB962798033,INV-2026-01465,37QPWDXYASVD1ZA,08V1XXLP8II71ZD,MH,UP,DELIVERED,2026-06-28,TRN-799473,DELPROOF-13563937
EWB310065504,INV-2026-01466,27M4SMZOCXMZ1ZK,27MXPKN3B8PF1ZV,DL,TN,GENERATED,2026-06-24,TRN-858049,DELPROOF-29366368
EWB130304218,INV-2026-01467,09WPVS7HZIOY1ZJ,24UCNRI2I3971ZH,TN,WB,IN_TRANSIT,2026-07-09,TRN-764151,DELPROOF-20374863
EWB432119837,INV-2026-01468,296U3U6H0UFX1ZX,27JR6EET0DY51ZS,GJ,KA,DELIVERED,2026-07-24,TRN-494226,DELPROOF-07981287
EWB988473309,INV-2026-01469,299GNLPYO2M21ZU,09VC9AQX6RZC1ZL,UP,TN,IN_TRANSIT,2026-09-04,TRN-624239,DELPROOF-59736839
EWB799266329,INV-2026-01470,24TY3ADDQHKG1ZA,24AJSSUUQO1V1ZQ,TN,KA,DELIVERED,2026-06-25,TRN-966258,DELPROOF-88797617
EWB594356080,INV-2026-01471,36FAZZ81SDW41ZQ,2762C1JLOPO61ZI,KA,WB,GENERATED,2026-08-14,TRN-949196,DELPROOF-88911287
EWB158463194,INV-2026-01472,07P0E36S2Z481ZD,36A7D0WTWS3Y1ZN,KA,WB,IN_TRANSIT,2026-06-24,TRN-307022,DELPROOF-45061716
EWB167217428,INV-2026-01473,27SYJAFCO3S61ZP,09E4QGM5V2WW1ZF,RJ,MH,IN_TRANSIT,2026-08-20,TRN-954927,DELPROOF-84573263
EWB756202000,INV-2026-01474,0923GDPPQ0Y91ZD,37KX9DVNU80B1ZZ,KA,TN,DELIVERED,2026-09-11,TRN-482007,DELPROOF-80397299
EWB420912276,INV-2026-01475,33OC50H2CWTG1ZY,193V23GXJ0MQ1ZS,KA,MH,DELIVERED,2026-08-14,TRN-699678,DELPROOF-10282198
EWB183828268,INV-2026-01476,09YK8516SP181ZM,0923GDPPQ0Y91ZD,AP,KA,GENERATED,2026-07-27,TRN-100372,DELPROOF-63035197
EWB845156358,INV-2026-01477,19AYYOSYEOZ91ZX,36QJNV8Z2FLU1ZJ,GJ,TN,DELIVERED,2026-07-31,TRN-454190,DELPROOF-02395189
EWB755866996,INV-2026-01478,27CR6C1PY6Q91ZV,2402WPJCF07V1ZB,UP,AP,DELIVERED,2026-09-20,TRN-466841,DELPROOF-52107834
EWB555552771,INV-2026-01479,36NAWJGQU6H31ZJ,29050E6MPSJ91ZU,MH,TS,GENERATED,2026-06-14,TRN-935034,DELPROOF-76262743
EWB429311185,INV-2026-01480,37DL918SLOME1ZV,36QJNV8Z2FLU1ZJ,DL,WB,DELIVERED,2026-09-03,TRN-597249,DELPROOF-74944042
EWB855207346,INV-2026-01481,33CITFOYQBKK1ZO,36U9W0TE52VX1ZQ,MH,WB,GENERATED,2026-08-17,TRN-734647,DELPROOF-58946051
EWB914672588,INV-2026-01482,24DLFWDUH7VD1ZM,09E3CUP8IJL21ZW,KA,UP,DELIVERED,2026-08-25,TRN-444001,DELPROOF-69869929
EWB899763603,INV-2026-01483,097UJODCK8281ZR,33Y3Q69FLGUQ1ZY,DL,DL,GENERATED,2026-06-17,TRN-395609,DELPROOF-18476590
EWB781259925,INV-2026-01484,09GSTQMGVU4I1ZQ,1941J2PATD931ZD,WB,DL,IN_TRANSIT,2026-08-30,TRN-430352,DELPROOF-30808817
EWB895939001,INV-2026-01485,37RF3NAPLGW11ZU,081W1WUDCBL41ZC,WB,UP,IN_TRANSIT,2026-08-06,TRN-496456,DELPROOF-97090177
EWB867649235,INV-2026-01486,331S9RYLLWB71ZQ,19PGBA9IN2XR1ZZ,WB,DL,GENERATED,2026-07-26,TRN-603081,DELPROOF-57005940
EWB307981534,INV-2026-01487,090IMJYJCMRS1ZD,2402WPJCF07V1ZB,DL,UP,DELIVERED,2026-08-01,TRN-468965,DELPROOF-11623376
EWB925407924,INV-2026-01488,074MJDXO100V1ZG,08FUU5F07B1I1ZI,AP,TS,IN_TRANSIT,2026-09-07,TRN-101491,DELPROOF-83876689
EWB954762481,INV-2026-01489,337NZBXFV7FI1ZS,29FKJNAWNGA41ZY,KA,MH,GENERATED,2026-08-07,TRN-118607,DELPROOF-87280200
EWB275652541,INV-2026-01490,09TGGZ62FE9U1ZO,37KX9DVNU80B1ZZ,WB,KA,DELIVERED,2026-09-15,TRN-121091,DELPROOF-53227450
EWB966469616,INV-2026-01491,07RF899OFPVI1ZL,09KO4BUSU9F81ZO,WB,RJ,IN_TRANSIT,2026-07-04,TRN-723085,DELPROOF-89241396
EWB977428111,INV-2026-01492,098P6BEFFLZM1ZQ,33AZCCBLSKRT1ZX,KA,TS,DELIVERED,2026-07-14,TRN-584210,DELPROOF-40848971
EWB500604354,INV-2026-01493,27H8RQ9NZ6121ZG,07END7H10KYH1ZS,UP,DL,DELIVERED,2026-09-02,TRN-545667,DELPROOF-76354322
EWB613378770,INV-2026-01494,29H4GG24479Q1ZR,29A2FQZTIO4M1ZM,TN,WB,IN_TRANSIT,2026-06-17,TRN-912877,DELPROOF-82784001
EWB449691465,INV-2026-01495,271K4FPL3X2J1ZC,27RE4V9KYPOF1ZJ,RJ,DL,GENERATED,2026-08-11,TRN-466240,DELPROOF-62301697
EWB699393226,INV-2026-01496,37DYCPN0P1XS1ZG,27CR6C1PY6Q91ZV,GJ,GJ,GENERATED,2026-07-27,TRN-962617,DELPROOF-35795216
EWB550338160,INV-2026-01497,09JDBL1G3Y2T1ZM,07JTUW9OHTUG1ZR,GJ,DL,GENERATED,2026-08-22,TRN-633582,DELPROOF-92199209
EWB623139117,INV-2026-01498,368TANA6U48G1ZT,08MF4NNKM95D1ZX,TN,TS,DELIVERED,2026-08-04,TRN-458081,DELPROOF-30957109
EWB850980350,INV-2026-01499,249NB74X2EK31ZW,27FAW1LXXD8T1ZY,RJ,RJ,GENERATED,2026-08-02,TRN-909006,DELPROOF-94144143
EWB211940053,INV-2026-01500,37KKVPJRMEYY1ZY,37YM90PKR1IF1ZQ,AP,GJ,GENERATED,2026-06-26,TRN-616691,DELPROOF-78055506
EWB557485659,INV-2026-01501,37W4A7FQ9P961ZU,08NSM43D8W3Z1ZN,MH,TS,DELIVERED,2026-07-08,TRN-591597,DELPROOF-93822808
EWB659553617,INV-2026-01502,19M2LHGCSOTD1ZH,09G29D2FF5L61ZB,TS,AP,GENERATED,2026-06-13,TRN-585930,DELPROOF-46277336
EWB111377566,INV-2026-01503,09YL68NTK63N1ZZ,3763BTKF6XDN1ZV,TN,AP,GENERATED,2026-09-15,TRN-511361,DELPROOF-79351119
EWB783357644,INV-2026-01504,19WWPM3X15DT1ZM,08VKAP6ZPXVW1ZY,DL,DL,DELIVERED,2026-08-19,TRN-817229,DELPROOF-39746057
EWB819055595,INV-2026-01505,240KQD8UNPIO1ZI,330HL9XPSEIM1ZS,MH,MH,IN_TRANSIT,2026-07-22,TRN-130075,DELPROOF-98930667
EWB475530526,INV-2026-01506,09QBSXLUL6LG1ZI,08LLGF309HSU1ZT,TN,TN,DELIVERED,2026-07-23,TRN-369869,DELPROOF-64310045
EWB564901460,INV-2026-01507,27HPVKU8H5R81ZL,08NSM43D8W3Z1ZN,AP,MH,GENERATED,2026-09-04,TRN-297687,DELPROOF-13891728
EWB297887691,INV-2026-01508,24OROI5J8YIT1ZZ,37T7S1GD1T531ZV,UP,TS,IN_TRANSIT,2026-06-14,TRN-548443,DELPROOF-39819148
EWB149402280,INV-2026-01509,36NGMX1GM32W1ZO,19JFVYB6LI071ZL,GJ,TS,GENERATED,2026-09-28,TRN-376553,DELPROOF-70140389
EWB411390315,INV-2026-01510,24NHQNJVDPNG1ZU,29JT70EBPY9E1ZQ,GJ,DL,DELIVERED,2026-06-26,TRN-744185,DELPROOF-41624924
EWB658146452,INV-2026-01511,24Q1RDXCK36H1ZX,24LJX8XGSIC41ZZ,UP,RJ,DELIVERED,2026-09-10,TRN-869621,DELPROOF-53406672
EWB331804577,INV-2026-01512,240YIR02M77R1ZV,37UEQ4D7D7GD1ZK,MH,AP,IN_TRANSIT,2026-08-07,TRN-869490,DELPROOF-80343063
EWB345372101,INV-2026-01513,0921HD4Y89OR1ZT,33CITFOYQBKK1ZO,MH,DL,IN_TRANSIT,2026-08-07,TRN-319067,DELPROOF-26614102
EWB435341544,INV-2026-01514,19U1OE5EI28D1ZQ,37ZDY3O1ICNS1ZR,KA,TN,IN_TRANSIT,2026-08-10,TRN-999870,DELPROOF-51738444
EWB706214051,INV-2026-01515,073CHO3XJVOE1ZG,332V2HEIFJFC1ZZ,UP,RJ,IN_TRANSIT,2026-09-06,TRN-727405,DELPROOF-20441245
EWB827644730,INV-2026-01516,09GPJNVWRXGK1ZH,33DY5EGTBXPS1ZN,WB,KA,IN_TRANSIT,2026-09-25,TRN-920631,DELPROOF-25723751
EWB519461892,INV-2026-01517,24VS9J6LNF041ZX,097Q5EGVLKDN1ZM,UP,AP,IN_TRANSIT,2026-09-03,TRN-735481,DELPROOF-35557584
EWB784630278,INV-2026-01518,24UE421VMEFO1ZW,190K5QZZKW3G1ZH,MH,WB,IN_TRANSIT,2026-07-24,TRN-363219,DELPROOF-56899521
EWB656973658,INV-2026-01519,09B0UKOEFUKP1ZT,09MLH13C71UD1ZZ,DL,GJ,IN_TRANSIT,2026-09-12,TRN-655267,DELPROOF-60756596
EWB908738897,INV-2026-01520,37ALULDRYHR31ZV,27PF0R8U7WPG1ZB,UP,AP,DELIVERED,2026-08-16,TRN-163800,DELPROOF-06160665
EWB144725552,INV-2026-01521,27Q4S2FTGI881ZR,08JAE58HUXG21ZL,MH,RJ,IN_TRANSIT,2026-06-14,TRN-100100,DELPROOF-68467232
EWB468151233,INV-2026-01522,37SQ0P82KB701ZX,0893TYT7D5J61ZX,WB,UP,DELIVERED,2026-07-06,TRN-862964,DELPROOF-06327230
EWB605072314,INV-2026-01523,0952E77DYVGD1ZG,08MF4NNKM95D1ZX,WB,TN,IN_TRANSIT,2026-07-17,TRN-516508,DELPROOF-73400886
EWB576293768,INV-2026-01524,36XQ9JB354MY1ZN,19AYYOSYEOZ91ZX,MH,WB,GENERATED,2026-10-03,TRN-156059,DELPROOF-44467520
EWB878492476,INV-2026-01525,296SWK2RV2391ZL,27BCVARLW3MG1ZZ,UP,UP,GENERATED,2026-07-29,TRN-600861,DELPROOF-12350741
EWB572790113,INV-2026-01526,33JXL66YA6BA1ZZ,27BCVARLW3MG1ZZ,TN,WB,DELIVERED,2026-09-14,TRN-728162,DELPROOF-67380801
EWB599827497,INV-2026-01527,071E1630POCR1ZX,08LBB8NMT3YP1ZQ,MH,KA,GENERATED,2026-08-11,TRN-814087,DELPROOF-61000838
EWB826027091,INV-2026-01528,37W4A7FQ9P961ZU,36JZR5SWK8TE1ZL,DL,UP,DELIVERED,2026-09-28,TRN-843299,DELPROOF-07396187
EWB943586211,INV-2026-01529,246V4ESDNAI81ZT,19HVL66SAJXX1ZM,DL,WB,DELIVERED,2026-08-23,TRN-122657,DELPROOF-18630905
EWB806629969,INV-2026-01530,33DY5EGTBXPS1ZN,29KNKBF2P7KK1ZF,WB,TS,DELIVERED,2026-08-03,TRN-299390,DELPROOF-10142937
EWB282877108,INV-2026-01531,36Z1OA3VF02G1ZT,37T04CHSDING1ZV,TN,MH,DELIVERED,2026-09-14,TRN-884425,DELPROOF-83464446
EWB659751060,INV-2026-01532,27RGREWDS0HP1ZP,1963LBQGU3OB1ZV,DL,WB,IN_TRANSIT,2026-07-29,TRN-725001,DELPROOF-75320204
EWB250276828,INV-2026-01533,07PJZE1XTAR01ZJ,24DO8E7FLQHR1ZP,UP,MH,DELIVERED,2026-08-30,TRN-542193,DELPROOF-58066992
EWB250353535,INV-2026-01534,29JT70EBPY9E1ZQ,243PGSF3YN721ZA,TS,GJ,GENERATED,2026-09-12,TRN-912405,DELPROOF-87544166
EWB998468376,INV-2026-01535,243PGSF3YN721ZA,09QVDK6DRN4O1ZP,TS,WB,IN_TRANSIT,2026-08-17,TRN-385385,DELPROOF-36987910
EWB539883772,INV-2026-01536,37Z6146VEY0A1ZN,07HOWQ1GAZ5U1ZG,GJ,MH,DELIVERED,2026-07-10,TRN-148990,DELPROOF-59064496
EWB306393403,INV-2026-01537,33RR8IQRT0071ZN,36FEWVZNVKSP1ZZ,GJ,KA,DELIVERED,2026-09-24,TRN-175004,DELPROOF-64666687
EWB350080858,INV-2026-01538,08LEKVL9PTK41ZG,19YS280XKXWD1ZY,RJ,DL,DELIVERED,2026-07-29,TRN-142385,DELPROOF-63614422
EWB379007094,INV-2026-01539,27IARONTDI9O1ZH,082ATQYYV37D1ZH,UP,RJ,GENERATED,2026-09-09,TRN-701409,DELPROOF-82973483
EWB330558593,INV-2026-01540,33GXP5CITUF81ZB,36OI9WM1SAV91ZB,WB,TS,GENERATED,2026-08-08,TRN-875083,DELPROOF-24544538
EWB373406819,INV-2026-01541,240YIR02M77R1ZV,08UJT9T11PHP1ZX,TN,UP,IN_TRANSIT,2026-09-24,TRN-790294,DELPROOF-90122410
EWB188360252,INV-2026-01542,24JJBFSA5UZL1ZW,36PW6M9HKHJG1ZR,MH,MH,DELIVERED,2026-08-06,TRN-220378,DELPROOF-42916949
EWB908861127,INV-2026-01543,090IMJYJCMRS1ZD,197ZQPPOAU8P1ZY,UP,TS,GENERATED,2026-09-30,TRN-329279,DELPROOF-64324195
EWB120334105,INV-2026-01544,37TL8N3E54N61ZM,37KX9DVNU80B1ZZ,TN,TN,DELIVERED,2026-09-08,TRN-321248,DELPROOF-99487552
EWB195176933,INV-2026-01545,33VUQT2LWHED1ZG,2402WPJCF07V1ZB,TS,UP,GENERATED,2026-08-26,TRN-569458,DELPROOF-92347625
EWB255864682,INV-2026-01546,24XVDA4L3KHY1ZE,09JA0ASSNH2O1ZD,MH,RJ,DELIVERED,2026-06-06,TRN-911809,DELPROOF-27311471
EWB105272236,INV-2026-01547,361U24ZQFEZK1ZE,19I08L0HG9NC1ZA,DL,KA,IN_TRANSIT,2026-09-26,TRN-607060,DELPROOF-22900896
EWB897573323,INV-2026-01548,36I5P5NVQEBW1ZS,19U2T0JESGQ41ZB,KA,AP,DELIVERED,2026-07-16,TRN-858856,DELPROOF-49081696
EWB344164316,INV-2026-01549,36PGYVYV2GQU1ZB,37QY0HU97NG01ZA,DL,UP,IN_TRANSIT,2026-08-22,TRN-837095,DELPROOF-09138114
EWB245848204,INV-2026-01550,37ZOLNNTXRGN1ZL,19RL69VSYXBB1ZE,TS,MH,DELIVERED,2026-06-14,TRN-560293,DELPROOF-07777997
EWB857925474,INV-2026-01551,09EJCY127H6G1ZL,244UNY181ACJ1ZB,KA,KA,DELIVERED,2026-07-24,TRN-277725,DELPROOF-34068760
EWB212261481,INV-2026-01552,07JJFGJK2N7Z1ZP,09DF4HRA13611ZB,UP,WB,IN_TRANSIT,2026-07-01,TRN-289177,DELPROOF-48579192
EWB160798047,INV-2026-01553,19EVL7FQ8ABY1ZQ,27P38QOLDFOR1ZV,GJ,RJ,GENERATED,2026-09-10,TRN-977140,DELPROOF-49640956
EWB840360686,INV-2026-01554,29955CF72GNN1ZT,29389YZTKKFZ1ZW,AP,TN,GENERATED,2026-08-06,TRN-863981,DELPROOF-31283731
EWB211843821,INV-2026-01555,072TIXC7URVQ1ZR,24ZKNHPVRWBR1ZB,GJ,DL,GENERATED,2026-08-30,TRN-836553,DELPROOF-62620672
EWB114663310,INV-2026-01556,365XIN9DL5TG1ZQ,2977TNQETMNI1ZP,TS,GJ,DELIVERED,2026-08-20,TRN-741307,DELPROOF-71847083
EWB696514928,INV-2026-01557,375T82DDL7FK1ZL,19WTEK17M6J31ZP,AP,TN,DELIVERED,2026-09-25,TRN-311836,DELPROOF-65015317
EWB207597000,INV-2026-01558,27FAW1LXXD8T1ZY,2748VFCX7LXX1ZE,UP,TS,IN_TRANSIT,2026-06-04,TRN-602038,DELPROOF-44077479
EWB405261876,INV-2026-01559,33R09SKDGIGA1ZR,098P6BEFFLZM1ZQ,RJ,AP,GENERATED,2026-06-12,TRN-716330,DELPROOF-53209032
EWB942672978,INV-2026-01560,097UJODCK8281ZR,083TRP0J43D51ZH,WB,MH,DELIVERED,2026-09-26,TRN-769060,DELPROOF-25033632
EWB342544020,INV-2026-01561,36LVR7MGATND1ZD,076DGG5GR0XA1ZF,TS,KA,IN_TRANSIT,2026-06-09,TRN-199269,DELPROOF-60454854
EWB781410586,INV-2026-01562,36FXQ7BZEGBL1ZZ,08JSRD9Q46NO1ZS,KA,AP,IN_TRANSIT,2026-06-29,TRN-699650,DELPROOF-42692679
EWB122430391,INV-2026-01563,375T82DDL7FK1ZL,3739IIXHAIAW1ZO,UP,GJ,GENERATED,2026-09-20,TRN-732933,DELPROOF-64946558
EWB435507564,INV-2026-01564,33C83GY1FKOL1ZD,09GPJNVWRXGK1ZH,GJ,TS,IN_TRANSIT,2026-08-25,TRN-850762,DELPROOF-86548316
EWB630734042,INV-2026-01565,24OROI5J8YIT1ZZ,08HR07N8VOEU1ZB,DL,UP,GENERATED,2026-07-21,TRN-734185,DELPROOF-56566646
EWB558683403,INV-2026-01566,097Q5EGVLKDN1ZM,37A37E1J7V2A1ZZ,MH,DL,GENERATED,2026-06-20,TRN-443104,DELPROOF-64412970
EWB823933815,INV-2026-01567,36MJBQE7CKW51ZL,09TGGZ62FE9U1ZO,KA,RJ,DELIVERED,2026-09-01,TRN-728859,DELPROOF-14884219
EWB617608057,INV-2026-01568,07C9R4X1V4DX1ZQ,37DYCPN0P1XS1ZG,RJ,GJ,GENERATED,2026-09-20,TRN-327120,DELPROOF-56684268
EWB743183736,INV-2026-01569,2731YHXSO7VB1ZF,24TY3ADDQHKG1ZA,GJ,WB,GENERATED,2026-06-06,TRN-476034,DELPROOF-64549388
EWB671058683,INV-2026-01570,19BPH1VE8SUS1ZF,37S4F8CGVYIE1ZS,RJ,KA,GENERATED,2026-08-22,TRN-948430,DELPROOF-93811189
EWB536140302,INV-2026-01571,29MGP6YWK5JR1ZL,37N2LM1CBHT91ZR,UP,RJ,DELIVERED,2026-10-02,TRN-798125,DELPROOF-67096135
EWB570078780,INV-2026-01572,07Q8QMXETIZU1ZX,0952E77DYVGD1ZG,TN,TN,GENERATED,2026-07-13,TRN-936672,DELPROOF-44492484
EWB226282796,INV-2026-01573,36ALCKZ3VWLO1ZR,19AUUJ02GRXP1ZS,WB,KA,GENERATED,2026-08-25,TRN-814553,DELPROOF-21547741
EWB370978260,INV-2026-01574,29NUI3DO70021ZF,36NVN439ENGA1ZX,RJ,RJ,IN_TRANSIT,2026-10-01,TRN-276021,DELPROOF-98747996
EWB881072276,INV-2026-01575,330HL9XPSEIM1ZS,29VM96N7KBNK1ZE,DL,AP,IN_TRANSIT,2026-09-19,TRN-781339,DELPROOF-75096182
EWB628816379,INV-2026-01576,07YJ3D6M1FMP1ZP,242SO19V58B11ZS,TS,DL,DELIVERED,2026-07-04,TRN-507874,DELPROOF-27337310
EWB646755765,INV-2026-01577,36600X28PIJK1ZD,37KX9DVNU80B1ZZ,TS,RJ,GENERATED,2026-07-02,TRN-113771,DELPROOF-43737455
EWB761986565,INV-2026-01578,331T2TALA7531ZJ,37W4A7FQ9P961ZU,UP,AP,DELIVERED,2026-09-28,TRN-381401,DELPROOF-36732982
EWB854855264,INV-2026-01579,08IUE2WNF5CA1ZC,33VUQT2LWHED1ZG,GJ,TN,GENERATED,2026-07-03,TRN-703355,DELPROOF-68719331
EWB590539914,INV-2026-01580,19GX25FPLO1U1ZP,36JI0Y6DPBHS1ZA,RJ,TN,DELIVERED,2026-10-02,TRN-891372,DELPROOF-87898236
EWB694874804,INV-2026-01581,09ZRLF8A9KEP1ZA,19875AUD9K9T1ZP,TS,TS,DELIVERED,2026-06-08,TRN-814050,DELPROOF-48665424
EWB585241456,INV-2026-01582,27CKQH3ERAM41ZB,1941CRO04BYV1ZA,MH,DL,DELIVERED,2026-07-09,TRN-622645,DELPROOF-47912895
EWB391263520,INV-2026-01583,0762HDXC6RIJ1ZJ,360JUM42WSC31ZY,WB,TS,GENERATED,2026-09-15,TRN-872701,DELPROOF-77667043
EWB502345969,INV-2026-01584,33TL2UG05WH21ZK,249M6MG87OI01ZE,WB,GJ,IN_TRANSIT,2026-09-18,TRN-312978,DELPROOF-98763508
EWB631172352,INV-2026-01585,330RS210Q2LG1ZY,27QCOOTNJLCQ1ZL,DL,UP,DELIVERED,2026-07-17,TRN-198017,DELPROOF-55118558
EWB840780487,INV-2026-01586,37Q3K8A7RV4N1ZL,09QBSXLUL6LG1ZI,UP,WB,GENERATED,2026-10-07,TRN-980096,DELPROOF-87662483
EWB651109959,INV-2026-01587,36AHUKWQVR1H1ZR,37NZASYWDRKU1ZN,TS,GJ,GENERATED,2026-07-05,TRN-436911,DELPROOF-02554187
EWB228619247,INV-2026-01588,194C3EVWCHM41ZX,29O1PVLND5811ZK,AP,AP,DELIVERED,2026-08-25,TRN-469018,DELPROOF-33546758
EWB217031226,INV-2026-01589,36XXVA2IEUC11ZG,096OM1FB8C7X1ZX,KA,MH,IN_TRANSIT,2026-08-19,TRN-938419,DELPROOF-07299668
EWB880299819,INV-2026-01590,0874QR14VUYV1ZZ,09N6NBYZM2421ZN,AP,GJ,GENERATED,2026-06-19,TRN-244324,DELPROOF-14357153
EWB695922747,INV-2026-01591,09ASFEN0B09Z1ZH,27IS2GY9YTJU1ZO,UP,KA,IN_TRANSIT,2026-06-26,TRN-269442,DELPROOF-98012361
EWB885783138,INV-2026-01592,37KKVPJRMEYY1ZY,08791ZYRRU7Z1ZJ,RJ,AP,GENERATED,2026-07-24,TRN-103372,DELPROOF-85579490
EWB745712287,INV-2026-01593,074I6R8SO5WI1ZQ,29NPR424TKB91ZM,UP,MH,GENERATED,2026-08-19,TRN-695224,DELPROOF-13259540
EWB997272589,INV-2026-01594,36F2CTG08ZZK1ZJ,3763BTKF6XDN1ZV,MH,UP,IN_TRANSIT,2026-08-21,TRN-160330,DELPROOF-15799879
EWB616945535,INV-2026-01595,27N8ND7G0L3R1ZQ,071E1630POCR1ZX,DL,RJ,DELIVERED,2026-07-09,TRN-611697,DELPROOF-49273783
EWB870474059,INV-2026-01596,190K5QZZKW3G1ZH,08IDSECHU3YC1ZN,RJ,UP,GENERATED,2026-09-23,TRN-109158,DELPROOF-47128482
EWB942681790,INV-2026-01597,271K4FPL3X2J1ZC,27M4SMZOCXMZ1ZK,TS,WB,IN_TRANSIT,2026-07-30,TRN-392051,DELPROOF-43558263
EWB948818803,INV-2026-01598,37T7S1GD1T531ZV,33AZCCBLSKRT1ZX,KA,KA,DELIVERED,2026-06-19,TRN-307464,DELPROOF-23749237
EWB359078695,INV-2026-01599,3313CD5GLQJ51ZQ,091N6KVPUC8D1ZY,MH,GJ,DELIVERED,2026-09-23,TRN-450742,DELPROOF-43037177
EWB960266286,INV-2026-01600,248M1G9FK2ST1ZX,367GBDGBXNRW1ZS,MH,WB,DELIVERED,2026-08-23,TRN-547076,DELPROOF-53298380
EWB533203540,INV-2026-01601,27SLH9BH811K1ZD,29WJM2C8QIZK1ZC,MH,RJ,GENERATED,2026-07-30,TRN-206711,DELPROOF-30230586
EWB124466240,INV-2026-01602,36TWG7NFDINU1ZM,37R6K2VMWWYZ1ZV,KA,WB,GENERATED,2026-07-17,TRN-706572,DELPROOF-20050935
EWB736634127,INV-2026-01603,27CKQH3ERAM41ZB,37XW2EOWLCFS1ZY,DL,MH,DELIVERED,2026-06-24,TRN-342626,DELPROOF-58948842
EWB109009065,INV-2026-01604,09JKLCP9UW161ZO,36ZQ991P778R1ZL,RJ,RJ,DELIVERED,2026-09-22,TRN-942778,DELPROOF-35730895
EWB198578912,INV-2026-01605,2928DITMOWNX1ZZ,29L1YA1RYZTB1ZS,GJ,GJ,DELIVERED,2026-06-15,TRN-911763,DELPROOF-22956968
EWB619306086,INV-2026-01606,37S4F8CGVYIE1ZS,372IHOY7DV7C1ZC,WB,WB,DELIVERED,2026-09-18,TRN-894697,DELPROOF-91868294
EWB484899246,INV-2026-01607,07Q8QMXETIZU1ZX,29MGP6YWK5JR1ZL,RJ,MH,IN_TRANSIT,2026-08-03,TRN-636188,DELPROOF-50724815
EWB958911722,INV-2026-01608,33NN6TJ9XPF01ZA,36XCS1XSRQLN1ZW,TN,AP,DELIVERED,2026-08-24,TRN-585791,DELPROOF-70894341
EWB678398991,INV-2026-01609,07N9UZERYF091ZY,24VS0CDK36M81ZI,UP,MH,DELIVERED,2026-09-08,TRN-663789,DELPROOF-73521774
EWB742067364,INV-2026-01610,37T04CHSDING1ZV,2430VVIJVDDW1ZT,TS,TS,DELIVERED,2026-06-12,TRN-461655,DELPROOF-96029893
EWB613296216,INV-2026-01611,199VCCMTPKQ51ZC,37U84XYJOA211ZA,MH,DL,IN_TRANSIT,2026-08-19,TRN-371509,DELPROOF-24890022
EWB665088832,INV-2026-01612,33VV8Y5SIC4S1ZB,0716KJ752H701ZV,RJ,DL,DELIVERED,2026-08-23,TRN-629547,DELPROOF-07557876
EWB405236046,INV-2026-01613,37C2BE3YQY5F1ZS,09BRSZ1N3IUZ1ZG,GJ,MH,GENERATED,2026-10-02,TRN-521651,DELPROOF-63757512
EWB123326798,INV-2026-01614,36FXQ7BZEGBL1ZZ,373UBM9XHCGR1ZW,GJ,GJ,GENERATED,2026-09-28,TRN-470626,DELPROOF-87491292
EWB225733083,INV-2026-01615,296U3U6H0UFX1ZX,19EFQ56Q37CS1ZS,DL,AP,DELIVERED,2026-08-22,TRN-325360,DELPROOF-24512453
EWB176761799,INV-2026-01616,2721B07G2RE61ZX,249NB74X2EK31ZW,TS,TN,GENERATED,2026-07-28,TRN-943538,DELPROOF-81155120
EWB167827511,INV-2026-01617,37N2LM1CBHT91ZR,1941CRO04BYV1ZA,AP,UP,DELIVERED,2026-09-23,TRN-430886,DELPROOF-95792873
EWB458372585,INV-2026-01618,07P0E36S2Z481ZD,07END7H10KYH1ZS,KA,MH,GENERATED,2026-08-07,TRN-251853,DELPROOF-92984687
EWB171872992,INV-2026-01619,09DK8LW2LM341ZT,09ZRLF8A9KEP1ZA,DL,GJ,GENERATED,2026-06-17,TRN-327473,DELPROOF-39189689
EWB287914205,INV-2026-01620,33RSXKJKMPLB1ZB,272TG5PIZX3H1ZC,TS,RJ,GENERATED,2026-06-19,TRN-173620,DELPROOF-05100834
EWB337632661,INV-2026-01621,274BAWZ940VT1ZJ,0845VDB828191ZZ,RJ,WB,GENERATED,2026-08-27,TRN-904848,DELPROOF-82906824
EWB975188762,INV-2026-01622,33ML3SOJPX161ZE,19GB1AJO091C1ZO,DL,RJ,DELIVERED,2026-07-02,TRN-787004,DELPROOF-28209926
EWB804278941,INV-2026-01623,0793ACZSX0GN1ZW,27IARONTDI9O1ZH,UP,TN,GENERATED,2026-06-07,TRN-123238,DELPROOF-33698972
EWB397705152,INV-2026-01624,36N10HLINH8J1ZT,373GQD7WKR1T1ZE,MH,TS,DELIVERED,2026-08-17,TRN-289760,DELPROOF-61496298
EWB554099634,INV-2026-01625,24OROI5J8YIT1ZZ,27YKIPUT7SSO1ZO,KA,TS,GENERATED,2026-06-28,TRN-794001,DELPROOF-42363253
EWB845225507,INV-2026-01626,097UJODCK8281ZR,37ULJGQPQ8R41ZG,TS,UP,IN_TRANSIT,2026-09-15,TRN-937976,DELPROOF-01916134
EWB988942651,INV-2026-01627,37TEAVT8K06M1ZN,07SFA6D9ER941ZR,DL,MH,DELIVERED,2026-07-14,TRN-328723,DELPROOF-77169398
EWB487734461,INV-2026-01628,36GFR27RIU9M1ZI,1934KUQAAJ841ZP,TS,TS,GENERATED,2026-07-30,TRN-525765,DELPROOF-10189684
EWB384572643,INV-2026-01629,37QY0HU97NG01ZA,36OLJQ52WSPO1ZE,TN,TS,IN_TRANSIT,2026-06-16,TRN-318362,DELPROOF-28830748
EWB768425022,INV-2026-01630,3366PB90SPO31ZW,27KMBY9IPA2V1ZM,DL,TN,IN_TRANSIT,2026-09-14,TRN-184544,DELPROOF-58335216
EWB287033788,INV-2026-01631,076DGG5GR0XA1ZF,19IW1SWJCKJL1ZR,TS,AP,DELIVERED,2026-09-21,TRN-349725,DELPROOF-69757679
EWB304523534,INV-2026-01632,37Z6146VEY0A1ZN,36S5NKB4EHOU1ZO,WB,GJ,IN_TRANSIT,2026-09-27,TRN-688025,DELPROOF-09814102
EWB406529250,INV-2026-01633,08Q55IT9BN181ZG,07N9UZERYF091ZY,UP,TS,DELIVERED,2026-07-11,TRN-860070,DELPROOF-14043155
EWB757088425,INV-2026-01634,29GZ6TPBWSXX1ZD,36CYD52ALUNQ1ZP,TS,TS,DELIVERED,2026-08-13,TRN-627815,DELPROOF-13723221
EWB438619169,INV-2026-01635,36BHHLK3YJZ91ZY,29JT70EBPY9E1ZQ,UP,GJ,GENERATED,2026-09-10,TRN-191042,DELPROOF-28043932
EWB490610276,INV-2026-01636,29V5S4TL0THH1ZW,07TZ91X70FQL1ZC,MH,GJ,DELIVERED,2026-08-31,TRN-281649,DELPROOF-75223007
EWB880975253,INV-2026-01637,08M89I9GX32U1ZE,243BBXUX1OXR1ZU,UP,DL,IN_TRANSIT,2026-06-09,TRN-846117,DELPROOF-42292756
EWB418536101,INV-2026-01638,36MJBQE7CKW51ZL,33CITFOYQBKK1ZO,AP,GJ,IN_TRANSIT,2026-06-08,TRN-967118,DELPROOF-01350622
EWB315931790,INV-2026-01639,08CPNCC2KEIV1ZK,074EIJ00HOD71ZP,TS,KA,IN_TRANSIT,2026-09-29,TRN-677291,DELPROOF-49132404
EWB408729000,INV-2026-01640,29H4GG24479Q1ZR,09WPVS7HZIOY1ZJ,KA,KA,DELIVERED,2026-08-18,TRN-683870,DELPROOF-26790444
EWB304704550,INV-2026-01641,24MPQ0HZYJB41ZC,33WGT2LB25481ZP,DL,MH,IN_TRANSIT,2026-08-30,TRN-555188,DELPROOF-04030688
EWB864097272,INV-2026-01642,36KXCQ91YY1J1ZY,29C9LGYTLCQF1ZL,TN,WB,DELIVERED,2026-09-10,TRN-186436,DELPROOF-08099175
EWB452041818,INV-2026-01643,09CWMPEQYDBP1ZF,33ZNWG3ZRZQ01ZS,DL,MH,DELIVERED,2026-08-18,TRN-810019,DELPROOF-67705349
EWB112597031,INV-2026-01644,36JWVHPLHW4O1ZO,19OZ7QMJCENT1ZM,RJ,DL,DELIVERED,2026-08-25,TRN-780587,DELPROOF-45803955
EWB146252980,INV-2026-01645,33AZCCBLSKRT1ZX,19G2GZR7TXCB1ZC,MH,GJ,GENERATED,2026-07-20,TRN-266966,DELPROOF-41905813
EWB927780309,INV-2026-01646,29HOUU9SIJPY1ZS,37KX9DVNU80B1ZZ,TS,WB,GENERATED,2026-07-08,TRN-519743,DELPROOF-81903086
EWB430075895,INV-2026-01647,296JQFWWXR5R1ZC,36W04I3DZXLR1ZF,MH,UP,DELIVERED,2026-09-02,TRN-612934,DELPROOF-41677882
EWB739708720,INV-2026-01648,37NWNGUCZH9I1ZD,24C1XI04B7P41ZB,TS,WB,IN_TRANSIT,2026-06-15,TRN-556583,DELPROOF-80155983
EWB145449795,INV-2026-01649,338SA3IDY3C71ZP,33MQWYUIXNS21ZW,RJ,MH,DELIVERED,2026-08-05,TRN-824551,DELPROOF-94159559
EWB281704577,INV-2026-01650,19BPH1VE8SUS1ZF,27RYIEJ9C0UU1ZI,GJ,GJ,DELIVERED,2026-06-14,TRN-125417,DELPROOF-74223533
EWB459961502,INV-2026-01651,24AJSSUUQO1V1ZQ,08NSM43D8W3Z1ZN,WB,AP,DELIVERED,2026-08-22,TRN-677986,DELPROOF-22775896
EWB562892182,INV-2026-01652,33VUQT2LWHED1ZG,29G1AMRA5RBA1ZV,MH,DL,IN_TRANSIT,2026-09-25,TRN-347548,DELPROOF-11862154
EWB509593671,INV-2026-01653,3389FKBI4O6Q1ZX,24C1RBK9RX641ZT,TS,DL,IN_TRANSIT,2026-09-17,TRN-612136,DELPROOF-61372931
EWB233694093,INV-2026-01654,37WVFGYW6ZBN1ZX,09XB3N27M5P71ZD,DL,TN,IN_TRANSIT,2026-07-14,TRN-177700,DELPROOF-39123815
EWB668050586,INV-2026-01655,365XIN9DL5TG1ZQ,07JJFGJK2N7Z1ZP,GJ,TS,IN_TRANSIT,2026-07-03,TRN-489597,DELPROOF-47052738
EWB141846739,INV-2026-01656,29389YZTKKFZ1ZW,29Y2X15XJXNE1ZC,UP,MH,IN_TRANSIT,2026-06-11,TRN-390456,DELPROOF-59150132
EWB671116135,INV-2026-01657,379RWTF07GBA1ZQ,369BP4M18O1B1ZI,GJ,TN,GENERATED,2026-06-08,TRN-472465,DELPROOF-28019163
EWB601826318,INV-2026-01658,36A75LD7M08L1ZC,27RE4V9KYPOF1ZJ,WB,DL,IN_TRANSIT,2026-08-01,TRN-660934,DELPROOF-05568928
EWB709889435,INV-2026-01659,291KO6XNQXU71ZY,24Q1RDXCK36H1ZX,WB,UP,GENERATED,2026-08-05,TRN-859734,DELPROOF-74773696
EWB605896745,INV-2026-01660,24BRBJEQVVIA1ZA,36F2CTG08ZZK1ZJ,TS,KA,GENERATED,2026-09-28,TRN-994069,DELPROOF-09861022
EWB712086554,INV-2026-01661,072L4X5BWAEN1ZH,24IOYGGVNYRU1ZH,RJ,RJ,DELIVERED,2026-07-24,TRN-803001,DELPROOF-49771234
EWB346074170,INV-2026-01662,337NZBXFV7FI1ZS,36NGMX1GM32W1ZO,MH,DL,IN_TRANSIT,2026-08-14,TRN-564819,DELPROOF-09142723
EWB395989195,INV-2026-01663,24MPQ0HZYJB41ZC,29JJ0V60XNG21ZH,KA,KA,DELIVERED,2026-06-23,TRN-902563,DELPROOF-01160671
EWB662523446,INV-2026-01664,33C83GY1FKOL1ZD,197ZQPPOAU8P1ZY,RJ,DL,DELIVERED,2026-07-23,TRN-534922,DELPROOF-16079125
EWB587910131,INV-2026-01665,24AV1G8NTAFU1ZT,0923GDPPQ0Y91ZD,AP,KA,IN_TRANSIT,2026-09-07,TRN-512979,DELPROOF-88599863
EWB470549136,INV-2026-01666,09U8WPFQ2BHA1ZH,24J8Y6RH05HH1ZH,DL,TS,IN_TRANSIT,2026-06-22,TRN-438754,DELPROOF-03709682
EWB353784763,INV-2026-01667,29WZK4IE86DB1ZM,19GX25FPLO1U1ZP,WB,TN,IN_TRANSIT,2026-07-06,TRN-583984,DELPROOF-58116461
EWB384438731,INV-2026-01668,19CRUYF38DIU1ZN,090ODWMQX5GG1ZM,AP,UP,IN_TRANSIT,2026-07-22,TRN-262916,DELPROOF-45647133
EWB231381397,INV-2026-01669,08WDPJBC01AR1ZU,36S5NKB4EHOU1ZO,MH,TN,GENERATED,2026-09-17,TRN-998704,DELPROOF-80315597
EWB533259864,INV-2026-01670,096OM1FB8C7X1ZX,2928DITMOWNX1ZZ,AP,UP,IN_TRANSIT,2026-09-25,TRN-675089,DELPROOF-80315084
EWB303080813,INV-2026-01671,07F060O4VFK91ZQ,08F4AQ7B7V1W1ZV,AP,GJ,DELIVERED,2026-08-21,TRN-374898,DELPROOF-85544369
EWB705189034,INV-2026-01672,240EN48UACT41ZN,09NB4GH2M5ZJ1ZA,UP,MH,IN_TRANSIT,2026-06-20,TRN-528100,DELPROOF-82566577
EWB682241437,INV-2026-01673,08MKGXUKQ00U1ZF,33H4NRED6M421ZE,GJ,RJ,GENERATED,2026-06-25,TRN-393235,DELPROOF-18529439
EWB626276724,INV-2026-01674,29S95ZOW60ZZ1ZX,27ADNBCJ29YF1ZB,RJ,AP,GENERATED,2026-06-24,TRN-746149,DELPROOF-36995928
EWB772067844,INV-2026-01675,37N2LM1CBHT91ZR,24EFJAWSHMLF1ZW,TN,GJ,DELIVERED,2026-08-02,TRN-277631,DELPROOF-89713249
EWB810154976,INV-2026-01676,085V0175DU231ZI,33YFZ9S9VS1Q1ZE,KA,WB,DELIVERED,2026-07-28,TRN-494420,DELPROOF-79364121
EWB980829132,INV-2026-01677,075MY80TGH3S1ZL,373UBM9XHCGR1ZW,AP,KA,DELIVERED,2026-06-11,TRN-746094,DELPROOF-62908024
EWB568776326,INV-2026-01678,09IIYMYRSVZN1ZM,294KOXHJMIA61ZV,KA,TN,IN_TRANSIT,2026-10-04,TRN-262872,DELPROOF-02813432
EWB372448090,INV-2026-01679,36HE4H3GM1BW1ZV,24QZHECBUQYP1ZH,TN,KA,IN_TRANSIT,2026-08-28,TRN-598830,DELPROOF-79033028
EWB726365433,INV-2026-01680,24YRVXOIEVES1ZS,3641A68T2A3A1ZG,RJ,AP,IN_TRANSIT,2026-08-22,TRN-175236,DELPROOF-22265717
EWB620803104,INV-2026-01681,24CQPHLI5L691ZZ,37T04CHSDING1ZV,TN,KA,GENERATED,2026-08-09,TRN-753000,DELPROOF-44027006
EWB405810061,INV-2026-01682,19Z02XRGHC0C1ZK,07CCI68DS03V1ZM,AP,RJ,IN_TRANSIT,2026-06-17,TRN-503746,DELPROOF-79864156
EWB475180937,INV-2026-01683,19GB1AJO091C1ZO,37KWCYUKND1I1ZT,MH,TN,DELIVERED,2026-07-08,TRN-532323,DELPROOF-83656554
EWB676820001,INV-2026-01684,3383RU7MYOW81ZC,2731YHXSO7VB1ZF,WB,UP,IN_TRANSIT,2026-09-27,TRN-103535,DELPROOF-75739234
EWB303828054,INV-2026-01685,24EFJAWSHMLF1ZW,378E9RIVH6T11ZM,KA,KA,IN_TRANSIT,2026-08-06,TRN-252123,DELPROOF-56229016
EWB354986115,INV-2026-01686,292S8U8ZF0P71ZJ,19BEF46RF7BN1ZG,TN,TN,GENERATED,2026-06-03,TRN-582283,DELPROOF-66120130
EWB835672037,INV-2026-01687,299CSS9TOQW91ZI,24QZHECBUQYP1ZH,RJ,WB,GENERATED,2026-09-23,TRN-250219,DELPROOF-74952237
EWB213074744,INV-2026-01688,09TGGZ62FE9U1ZO,27HAIR4COWGZ1ZP,UP,TN,DELIVERED,2026-06-08,TRN-949555,DELPROOF-20602424
EWB671812391,INV-2026-01689,37OAZTKSZP7G1ZD,37N2LM1CBHT91ZR,AP,TN,DELIVERED,2026-09-28,TRN-387047,DELPROOF-69142286
EWB245208962,INV-2026-01690,27NS6G298CQK1ZJ,191KFK7Y6QXD1ZQ,AP,TN,GENERATED,2026-07-25,TRN-290174,DELPROOF-35208804
EWB842096844,INV-2026-01691,24BRMQG1VED31ZZ,24JR211PV58Y1ZA,RJ,WB,GENERATED,2026-09-03,TRN-810032,DELPROOF-47328832
EWB688297168,INV-2026-01692,09G34IQ7ZJ3S1ZU,24BRBJEQVVIA1ZA,UP,WB,DELIVERED,2026-07-28,TRN-955702,DELPROOF-87327759
EWB737214100,INV-2026-01693,272TG5PIZX3H1ZC,09TGGZ62FE9U1ZO,WB,TS,GENERATED,2026-07-18,TRN-989091,DELPROOF-84742122
EWB360556953,INV-2026-01694,36YZQII4W6OZ1ZV,096OM1FB8C7X1ZX,MH,UP,GENERATED,2026-07-04,TRN-998571,DELPROOF-72276600
EWB717577246,INV-2026-01695,296SWK2RV2391ZL,27TMY91OTKZH1ZR,KA,TN,DELIVERED,2026-07-17,TRN-923382,DELPROOF-85258967
EWB248948830,INV-2026-01696,09PBJEK5RBW21ZW,37EOUBXXQ6MF1ZX,MH,TN,GENERATED,2026-07-05,TRN-557351,DELPROOF-52899891
EWB918857594,INV-2026-01697,37E8BTSMAQ3O1ZJ,19EVL7FQ8ABY1ZQ,UP,AP,DELIVERED,2026-09-03,TRN-443980,DELPROOF-04057556
EWB867268424,INV-2026-01698,36RML29Q2L481ZB,24M7IDAO13TB1ZZ,TS,TS,IN_TRANSIT,2026-06-23,TRN-443874,DELPROOF-74208017
EWB417783855,INV-2026-01699,37RF3NAPLGW11ZU,27IS2GY9YTJU1ZO,GJ,AP,DELIVERED,2026-08-13,TRN-185819,DELPROOF-36649924
EWB180998287,INV-2026-01700,33RMC5S3OFAW1ZT,338SA3IDY3C71ZP,MH,UP,IN_TRANSIT,2026-08-17,TRN-270642,DELPROOF-88190793
EWB875410056,INV-2026-01701,29B98V341ONX1ZX,09OTHLQH7PPC1ZA,WB,MH,DELIVERED,2026-08-17,TRN-528998,DELPROOF-26310122
EWB656581633,INV-2026-01702,2430I6G61PCW1ZD,07DC08FC0TR51ZN,MH,WB,IN_TRANSIT,2026-07-08,TRN-393594,DELPROOF-04035641
EWB885986018,INV-2026-01703,24JR211PV58Y1ZA,09N9T84AZYTJ1ZU,AP,AP,DELIVERED,2026-08-28,TRN-589487,DELPROOF-71588454
EWB700460251,INV-2026-01704,36L5E11E9FTA1ZU,33ML3SOJPX161ZE,AP,MH,DELIVERED,2026-09-09,TRN-707420,DELPROOF-28364168
EWB104910775,INV-2026-01705,339WT2YBUH7J1ZW,2928DITMOWNX1ZZ,RJ,KA,GENERATED,2026-08-15,TRN-650443,DELPROOF-11404048
EWB920531612,INV-2026-01706,3709NTN8EOHD1ZJ,29FS8Q0PXAEC1ZU,UP,TN,DELIVERED,2026-08-15,TRN-361427,DELPROOF-13188981
EWB198281754,INV-2026-01707,27N8ND7G0L3R1ZQ,276314CQE4LO1ZG,MH,RJ,IN_TRANSIT,2026-08-05,TRN-497747,DELPROOF-27327497
EWB265165005,INV-2026-01708,37AW4IOAR4G51ZS,09ZYF2EV4JI41ZS,TN,DL,GENERATED,2026-09-03,TRN-156385,DELPROOF-93717847
EWB882755285,INV-2026-01709,19875AUD9K9T1ZP,333Z6BZ8UUG91ZP,RJ,KA,IN_TRANSIT,2026-09-23,TRN-345503,DELPROOF-42573647
EWB724419403,INV-2026-01710,36QJNV8Z2FLU1ZJ,36L5E11E9FTA1ZU,RJ,UP,DELIVERED,2026-10-01,TRN-880708,DELPROOF-97164466
EWB892870541,INV-2026-01711,24DLFWDUH7VD1ZM,09DK8LW2LM341ZT,DL,AP,DELIVERED,2026-09-29,TRN-770648,DELPROOF-70690177
EWB977700032,INV-2026-01712,27QV5Y21ID9V1ZT,248ESMPF0IEO1ZJ,TS,UP,IN_TRANSIT,2026-07-11,TRN-653738,DELPROOF-56569180
EWB268456105,INV-2026-01713,27CR6C1PY6Q91ZV,08MKGXUKQ00U1ZF,AP,RJ,IN_TRANSIT,2026-07-03,TRN-774869,DELPROOF-01764442
EWB936164719,INV-2026-01714,33R09SKDGIGA1ZR,09JMIYQFY7511ZW,DL,GJ,IN_TRANSIT,2026-08-29,TRN-201843,DELPROOF-41343481
EWB216768506,INV-2026-01715,36N23Y30YSXP1ZL,37XA5S00I85S1ZW,RJ,AP,DELIVERED,2026-06-15,TRN-588551,DELPROOF-73661578
EWB612542278,INV-2026-01716,24KRZD5E9P3J1ZN,240KQD8UNPIO1ZI,RJ,WB,IN_TRANSIT,2026-08-07,TRN-651181,DELPROOF-51878077
EWB302871853,INV-2026-01717,37V71448N7OD1ZJ,365XRSI7EADG1ZG,UP,UP,DELIVERED,2026-08-09,TRN-296669,DELPROOF-92630316
EWB819604593,INV-2026-01718,27IS2GY9YTJU1ZO,378E9RIVH6T11ZM,KA,UP,IN_TRANSIT,2026-09-13,TRN-592683,DELPROOF-88488586
EWB191547237,INV-2026-01719,24D3IRVXD2ZU1ZS,27SLH9BH811K1ZD,AP,DL,IN_TRANSIT,2026-09-23,TRN-164480,DELPROOF-70007154
EWB162896153,INV-2026-01720,19FYO1750CEH1ZK,36TWG7NFDINU1ZM,KA,TS,DELIVERED,2026-06-15,TRN-389959,DELPROOF-51052413
EWB932908626,INV-2026-01721,07PS0132AN411ZJ,19DBIDE6UITJ1ZT,GJ,RJ,GENERATED,2026-07-04,TRN-201603,DELPROOF-60250637
EWB799934474,INV-2026-01722,33X1945NQ4FM1ZV,075MY80TGH3S1ZL,KA,DL,GENERATED,2026-09-14,TRN-124236,DELPROOF-81873161
EWB165628447,INV-2026-01723,336BEDYEJHDZ1ZU,29WJM2C8QIZK1ZC,KA,KA,DELIVERED,2026-09-12,TRN-759050,DELPROOF-80569244
EWB437141236,INV-2026-01724,08GWA44LZ6V71ZQ,29TVZKHIUIT71ZK,KA,GJ,GENERATED,2026-08-11,TRN-498029,DELPROOF-66638637
EWB537036988,INV-2026-01725,24FC79M96ZPX1ZT,07YJ9BOQ0IQ21ZE,TS,MH,IN_TRANSIT,2026-07-28,TRN-693369,DELPROOF-42347925
EWB721775649,INV-2026-01726,071ZN1RIAMWU1ZZ,097UJODCK8281ZR,WB,RJ,GENERATED,2026-06-10,TRN-785289,DELPROOF-23029930
EWB781516846,INV-2026-01727,29GZ6TPBWSXX1ZD,097WR0R35IKG1ZD,DL,WB,IN_TRANSIT,2026-07-02,TRN-396612,DELPROOF-38368898
EWB530896550,INV-2026-01728,09XB3N27M5P71ZD,1912O003E82E1ZL,DL,WB,DELIVERED,2026-06-26,TRN-556296,DELPROOF-34566819
EWB567191636,INV-2026-01729,193V23GXJ0MQ1ZS,27SLH9BH811K1ZD,MH,AP,GENERATED,2026-08-28,TRN-647668,DELPROOF-52833861
EWB231387204,INV-2026-01730,24VS0CDK36M81ZI,27KVR5NBHGPB1ZJ,RJ,TS,DELIVERED,2026-06-24,TRN-590177,DELPROOF-71689409
EWB819495331,INV-2026-01731,335P03WVPUNW1ZC,24SS1A2R5BFY1ZC,TN,TN,DELIVERED,2026-08-03,TRN-700829,DELPROOF-09969795
EWB227235433,INV-2026-01732,08MF4NNKM95D1ZX,29NPR424TKB91ZM,UP,KA,DELIVERED,2026-06-24,TRN-662069,DELPROOF-34617445
EWB813953587,INV-2026-01733,07DMLC8XIZX31ZP,082Z682U6ZV31ZH,RJ,GJ,IN_TRANSIT,2026-09-20,TRN-433464,DELPROOF-59093234
EWB375875893,INV-2026-01734,37PEJZHYAPDS1ZT,33AVEDHR3PCE1ZM,TS,RJ,GENERATED,2026-06-27,TRN-888562,DELPROOF-38242620
EWB364873338,INV-2026-01735,2977TNQETMNI1ZP,376RTC0Z7Q0I1ZP,TS,UP,GENERATED,2026-07-24,TRN-127953,DELPROOF-34080922
EWB904412546,INV-2026-01736,27ST3TA195EQ1ZM,19M2LHGCSOTD1ZH,MH,WB,GENERATED,2026-08-23,TRN-403259,DELPROOF-76206045
EWB339400935,INV-2026-01737,09NGLH62C9T11ZH,24IXDU1EMMX31ZV,KA,UP,GENERATED,2026-10-02,TRN-391637,DELPROOF-39971062
EWB484835024,INV-2026-01738,33AGK6P0N17U1ZU,370R778NRXVO1ZB,GJ,TN,IN_TRANSIT,2026-09-05,TRN-216670,DELPROOF-77961682
EWB711677321,INV-2026-01739,27MOQXHGLG4P1ZX,36FEWVZNVKSP1ZZ,GJ,MH,IN_TRANSIT,2026-08-20,TRN-456079,DELPROOF-53735666
EWB902813881,INV-2026-01740,24UCNRI2I3971ZH,2430VVIJVDDW1ZT,RJ,AP,IN_TRANSIT,2026-09-19,TRN-779236,DELPROOF-59960145
EWB131167296,INV-2026-01741,366GVGT2EEHF1ZR,197ZQPPOAU8P1ZY,UP,MH,IN_TRANSIT,2026-06-27,TRN-530762,DELPROOF-20335542
EWB293850795,INV-2026-01742,08BVSIGBIAF91ZY,37ICJDAN085R1ZM,MH,UP,IN_TRANSIT,2026-06-23,TRN-503774,DELPROOF-23527629
EWB850825349,INV-2026-01743,091O5HD4HSBR1ZD,29YECAZRP9DX1ZN,GJ,UP,DELIVERED,2026-06-24,TRN-779388,DELPROOF-71773519
EWB443570621,INV-2026-01744,08VUBF99U26U1ZM,36600X28PIJK1ZD,RJ,AP,IN_TRANSIT,2026-09-19,TRN-143507,DELPROOF-13130147
EWB822136122,INV-2026-01745,37T04CHSDING1ZV,37YM90PKR1IF1ZQ,AP,RJ,DELIVERED,2026-08-15,TRN-436443,DELPROOF-38876320
EWB315976593,INV-2026-01746,19Z02XRGHC0C1ZK,36G0FN9XUY411ZH,UP,KA,GENERATED,2026-06-30,TRN-813635,DELPROOF-14600654
EWB221743522,INV-2026-01747,27CKQH3ERAM41ZB,246NYYCJ4Q0R1ZP,KA,KA,DELIVERED,2026-06-21,TRN-668893,DELPROOF-10294657
EWB304364144,INV-2026-01748,19OZ7QMJCENT1ZM,37QPWDXYASVD1ZA,TS,DL,DELIVERED,2026-10-04,TRN-896673,DELPROOF-73734383
EWB705849377,INV-2026-01749,19Y3GDILK1QY1ZT,376EK6X6LGOI1ZM,WB,RJ,DELIVERED,2026-07-19,TRN-432898,DELPROOF-39925067
EWB452376881,INV-2026-01750,36FKRIG7JVDI1ZI,09VMK2ZYZSIL1ZS,DL,UP,IN_TRANSIT,2026-06-15,TRN-516097,DELPROOF-42527542
EWB334912147,INV-2026-01751,37N3V1WNP9OC1ZH,077P9JYQN15I1ZI,GJ,KA,GENERATED,2026-08-24,TRN-617264,DELPROOF-88509743
EWB308585679,INV-2026-01752,07YJ3D6M1FMP1ZP,330RS210Q2LG1ZY,KA,DL,IN_TRANSIT,2026-06-10,TRN-936162,DELPROOF-86598988
EWB265729035,INV-2026-01753,19SVIWXYYTUW1ZK,0782K8RYQF8W1ZV,MH,GJ,GENERATED,2026-09-08,TRN-377398,DELPROOF-44018399
EWB562369822,INV-2026-01754,08XQM334L1VZ1ZL,0793ACZSX0GN1ZW,DL,AP,GENERATED,2026-07-28,TRN-515447,DELPROOF-99424536
EWB220785712,INV-2026-01755,085V0175DU231ZI,19RL69VSYXBB1ZE,DL,RJ,GENERATED,2026-09-24,TRN-123209,DELPROOF-43490711
EWB555991123,INV-2026-01756,19WVTKH861PQ1ZH,24BRBJEQVVIA1ZA,GJ,RJ,DELIVERED,2026-08-09,TRN-191086,DELPROOF-95105271
EWB433749406,INV-2026-01757,072GJ8K8C9G31ZP,09YL68NTK63N1ZZ,GJ,TS,GENERATED,2026-09-11,TRN-545850,DELPROOF-17699255
EWB604064389,INV-2026-01758,19UW2XH6QIHP1ZM,37YMENVG3KK01ZT,AP,DL,DELIVERED,2026-09-23,TRN-182313,DELPROOF-17510881
EWB493472133,INV-2026-01759,27N9J3GC9HOX1ZD,24MPQ0HZYJB41ZC,WB,TN,GENERATED,2026-06-12,TRN-832947,DELPROOF-88177522
EWB303586308,INV-2026-01760,37NWNGUCZH9I1ZD,36FWYJXRPJ1E1ZN,TS,KA,DELIVERED,2026-07-27,TRN-914185,DELPROOF-18725981
EWB449493424,INV-2026-01761,090IMJYJCMRS1ZD,372RVNDFDW791ZU,WB,TN,DELIVERED,2026-10-01,TRN-686307,DELPROOF-17872753
EWB772692226,INV-2026-01762,24V46WYSIRRK1ZY,07RPP7R93FEZ1ZE,DL,UP,IN_TRANSIT,2026-07-09,TRN-529031,DELPROOF-60308060
EWB218812565,INV-2026-01763,09L5NFLTQ6801ZC,27DWKZIRNK6Z1ZG,KA,WB,IN_TRANSIT,2026-07-17,TRN-385424,DELPROOF-07201341
EWB710128011,INV-2026-01764,36PGYVYV2GQU1ZB,29YBHQGHLZRU1ZT,WB,TS,DELIVERED,2026-07-24,TRN-502418,DELPROOF-01224544
EWB375920599,INV-2026-01765,27RE4V9KYPOF1ZJ,1934KUQAAJ841ZP,MH,RJ,IN_TRANSIT,2026-06-04,TRN-479977,DELPROOF-06413454
EWB270725009,INV-2026-01766,335URTXUYUCE1ZC,36AGVLKW1XSR1ZO,MH,MH,IN_TRANSIT,2026-08-09,TRN-760152,DELPROOF-50639605
EWB388442828,INV-2026-01767,076QE7AJUL7W1ZC,24C1XI04B7P41ZB,UP,TN,GENERATED,2026-08-29,TRN-740145,DELPROOF-58539974
EWB140459524,INV-2026-01768,19C1YOHMI9AY1ZF,09GSTQMGVU4I1ZQ,KA,TN,IN_TRANSIT,2026-07-05,TRN-666982,DELPROOF-87976074
EWB244765601,INV-2026-01769,29FLQBMAE38S1ZP,36F2CTG08ZZK1ZJ,TS,MH,GENERATED,2026-09-26,TRN-171581,DELPROOF-74251503
EWB644462610,INV-2026-01770,33AGK6P0N17U1ZU,091SAXT8JH341ZS,DL,GJ,DELIVERED,2026-08-23,TRN-139264,DELPROOF-93645466
EWB235067700,INV-2026-01771,09VZB0OIH5CS1ZJ,339WT2YBUH7J1ZW,TS,GJ,DELIVERED,2026-07-02,TRN-964119,DELPROOF-97050146
EWB161672960,INV-2026-01772,37S4F8CGVYIE1ZS,091SAXT8JH341ZS,KA,WB,IN_TRANSIT,2026-09-20,TRN-700009,DELPROOF-44832245
EWB417732316,INV-2026-01773,33ZM3618LEU61ZW,08NSM43D8W3Z1ZN,AP,GJ,GENERATED,2026-07-29,TRN-441142,DELPROOF-45565356
EWB646674410,INV-2026-01774,29050E6MPSJ91ZU,24TP0LZJJEGE1ZR,GJ,MH,DELIVERED,2026-09-16,TRN-836585,DELPROOF-61283745
EWB688553931,INV-2026-01775,091SAXT8JH341ZS,09FOP8QZJULI1ZF,TN,AP,DELIVERED,2026-06-15,TRN-356706,DELPROOF-81685246
EWB652991870,INV-2026-01776,09NT0MQ8ABKA1ZE,2928DITMOWNX1ZZ,TN,TS,IN_TRANSIT,2026-08-11,TRN-790006,DELPROOF-58558818
EWB441249941,INV-2026-01777,27CUBZQVQG0X1ZR,0767LM8E49IT1ZE,WB,KA,DELIVERED,2026-09-08,TRN-832299,DELPROOF-69751277
EWB190522135,INV-2026-01778,24DPWVBZ7CN01ZE,37SAV917RMPN1ZK,GJ,KA,GENERATED,2026-08-18,TRN-581127,DELPROOF-37917696
EWB328089097,INV-2026-01779,08VKAP6ZPXVW1ZY,07DC08FC0TR51ZN,TS,MH,GENERATED,2026-08-22,TRN-859418,DELPROOF-88516045
EWB936956393,INV-2026-01780,36T00IV1GGXR1ZD,07GRY58VRW9M1ZV,RJ,GJ,DELIVERED,2026-09-20,TRN-148256,DELPROOF-02206589
EWB154780979,INV-2026-01781,339T9CD1LQJS1ZO,09YL68NTK63N1ZZ,DL,MH,IN_TRANSIT,2026-06-29,TRN-846744,DELPROOF-42590976
EWB767377582,INV-2026-01782,19KXLCD81TWH1ZU,08AHCUA09PCI1ZF,GJ,DL,GENERATED,2026-07-14,TRN-817819,DELPROOF-72073702
EWB274474427,INV-2026-01783,372IHOY7DV7C1ZC,29TOLAQ665DL1ZU,GJ,UP,IN_TRANSIT,2026-09-10,TRN-505679,DELPROOF-30833344
EWB683027385,INV-2026-01784,36NEGN2B4JTJ1ZZ,075IGQPKI7P51ZR,WB,TN,IN_TRANSIT,2026-07-19,TRN-692349,DELPROOF-40856284
EWB714596116,INV-2026-01785,24ZKNHPVRWBR1ZB,09KO4BUSU9F81ZO,GJ,TN,GENERATED,2026-07-10,TRN-236376,DELPROOF-98713813
EWB129428255,INV-2026-01786,3374NL03LLU11ZA,36JWVHPLHW4O1ZO,UP,MH,DELIVERED,2026-06-08,TRN-210037,DELPROOF-91658291
EWB333653361,INV-2026-01787,33HV3A3ZMF8M1ZC,24AJSSUUQO1V1ZQ,KA,RJ,DELIVERED,2026-07-09,TRN-316997,DELPROOF-08305952
EWB806389935,INV-2026-01788,339WT2YBUH7J1ZW,292IV7ZZJ64Q1ZG,KA,TN,GENERATED,2026-07-20,TRN-250089,DELPROOF-04217323
EWB498887753,INV-2026-01789,246V4ESDNAI81ZT,0778S6764CAQ1ZJ,UP,UP,DELIVERED,2026-08-03,TRN-318526,DELPROOF-67093007
EWB636577560,INV-2026-01790,37OAZTKSZP7G1ZD,07HV3IZKY22U1ZB,GJ,TN,IN_TRANSIT,2026-06-18,TRN-519690,DELPROOF-52570848
EWB452217553,INV-2026-01791,336NYQAELYYZ1ZW,24YRVXOIEVES1ZS,TN,KA,DELIVERED,2026-08-03,TRN-931985,DELPROOF-62273841
EWB296139682,INV-2026-01792,08HY25M8KB9W1ZF,376RTC0Z7Q0I1ZP,KA,RJ,DELIVERED,2026-09-01,TRN-131351,DELPROOF-00910855
EWB866886049,INV-2026-01793,19M9Q7FTMFWG1ZM,19A09LZRK79U1ZE,RJ,GJ,IN_TRANSIT,2026-09-30,TRN-823727,DELPROOF-94011479
EWB906349614,INV-2026-01794,08OYTK06AKT71ZW,36NVN439ENGA1ZX,AP,TS,GENERATED,2026-09-22,TRN-558862,DELPROOF-33676033
EWB638858897,INV-2026-01795,24J1QI9MQVAY1ZU,08L3VZZXT9QU1ZB,MH,AP,GENERATED,2026-09-06,TRN-861424,DELPROOF-43460916
EWB603937031,INV-2026-01796,36JZR5SWK8TE1ZL,369BP4M18O1B1ZI,GJ,DL,IN_TRANSIT,2026-08-24,TRN-341355,DELPROOF-01818745
EWB519500414,INV-2026-01797,27HAIR4COWGZ1ZP,37HLZ02Z7NUX1ZE,RJ,UP,DELIVERED,2026-09-05,TRN-539199,DELPROOF-46623639
EWB843979889,INV-2026-01798,333LOUFHW8WL1ZT,36SBUOV6TT9Q1ZY,DL,KA,DELIVERED,2026-07-31,TRN-585598,DELPROOF-38306097
EWB953022837,INV-2026-01799,07JTUW9OHTUG1ZR,071ZN1RIAMWU1ZZ,GJ,WB,GENERATED,2026-07-03,TRN-479902,DELPROOF-82390779
EWB114075759,INV-2026-01800,09L00EZZF8S21ZX,292S8U8ZF0P71ZJ,DL,DL,DELIVERED,2026-07-23,TRN-753448,DELPROOF-82770827
EWB149991982,INV-2026-01801,29828XG8Y72I1ZS,24HHA1PJGFJC1ZW,WB,UP,IN_TRANSIT,2026-07-20,TRN-279381,DELPROOF-56296139
EWB934641129,INV-2026-01802,09P4RXMD8ZVF1ZQ,091O5HD4HSBR1ZD,AP,DL,IN_TRANSIT,2026-08-06,TRN-851214,DELPROOF-63953244
EWB148561709,INV-2026-01803,27QCOOTNJLCQ1ZL,36RNR2KYB3GD1ZS,UP,KA,GENERATED,2026-09-21,TRN-234092,DELPROOF-96005317
EWB719272741,INV-2026-01804,29W5L4RMVVNX1ZH,37O1CJFX5LIK1ZU,WB,UP,DELIVERED,2026-08-21,TRN-678767,DELPROOF-73893383
EWB165939165,INV-2026-01805,07FARK6O0U931ZK,19875AUD9K9T1ZP,AP,RJ,GENERATED,2026-09-02,TRN-479731,DELPROOF-81803347
EWB648903153,INV-2026-01806,36TFEBE5407K1ZI,241SDIEQFB851ZN,RJ,AP,DELIVERED,2026-08-27,TRN-267377,DELPROOF-20016960
EWB267867575,INV-2026-01807,24KRZD5E9P3J1ZN,336NYQAELYYZ1ZW,UP,UP,GENERATED,2026-06-15,TRN-433580,DELPROOF-11795799
EWB505412679,INV-2026-01808,08MF4NNKM95D1ZX,272TG5PIZX3H1ZC,DL,WB,GENERATED,2026-09-25,TRN-246338,DELPROOF-33120371
EWB460377577,INV-2026-01809,29YBHQGHLZRU1ZT,27SYJAFCO3S61ZP,WB,UP,GENERATED,2026-09-16,TRN-520324,DELPROOF-91083333
EWB902996857,INV-2026-01810,372RVNDFDW791ZU,09ISETUK1OOA1ZZ,RJ,RJ,GENERATED,2026-06-12,TRN-368609,DELPROOF-05996249
EWB903363010,INV-2026-01811,29Q05PXT6RID1ZJ,19JEFY3ZB4LD1ZH,RJ,TS,GENERATED,2026-08-11,TRN-432902,DELPROOF-16214784
EWB170930219,INV-2026-01812,36XCS1XSRQLN1ZW,08PSUOVHAUVA1ZZ,UP,TN,DELIVERED,2026-09-24,TRN-790584,DELPROOF-07506121
EWB236580464,INV-2026-01813,24TRIJ2FRNLX1ZT,29G1F8YC8GZK1ZD,AP,KA,IN_TRANSIT,2026-07-24,TRN-317699,DELPROOF-91577330
EWB288159538,INV-2026-01814,078IJTYOLD621ZE,19QFGV0EC14M1ZZ,WB,UP,GENERATED,2026-08-18,TRN-322778,DELPROOF-13476023
EWB880048823,INV-2026-01815,33VV8Y5SIC4S1ZB,27IARONTDI9O1ZH,WB,DL,IN_TRANSIT,2026-06-27,TRN-962018,DELPROOF-27777394
EWB471732465,INV-2026-01816,333Z6BZ8UUG91ZP,24FPODPEHCYO1ZR,UP,KA,IN_TRANSIT,2026-08-18,TRN-467884,DELPROOF-48755033
EWB675957236,INV-2026-01817,27IS2GY9YTJU1ZO,09PBN78BMYYM1ZR,DL,MH,IN_TRANSIT,2026-06-11,TRN-290261,DELPROOF-96496562
EWB353602153,INV-2026-01818,29TVZKHIUIT71ZK,36I5P5NVQEBW1ZS,UP,DL,DELIVERED,2026-07-28,TRN-473514,DELPROOF-11156970
EWB206485849,INV-2026-01819,29L1YA1RYZTB1ZS,37A37E1J7V2A1ZZ,DL,AP,GENERATED,2026-06-10,TRN-549485,DELPROOF-91139539
EWB725835374,INV-2026-01820,334BF5L0RXMI1ZN,36U8NOZEMDMZ1ZI,GJ,AP,DELIVERED,2026-06-16,TRN-828478,DELPROOF-69981713
EWB104053681,INV-2026-01821,27MOQXHGLG4P1ZX,33WGT2LB25481ZP,GJ,TS,GENERATED,2026-08-25,TRN-278539,DELPROOF-01411502
EWB709099949,INV-2026-01822,19N1S3YG8VFU1ZW,27IARONTDI9O1ZH,MH,TN,GENERATED,2026-08-06,TRN-233021,DELPROOF-44920362
EWB822295936,INV-2026-01823,33YFZ9S9VS1Q1ZE,09F124VF89X21ZY,RJ,DL,IN_TRANSIT,2026-06-05,TRN-853003,DELPROOF-93585987
EWB945143356,INV-2026-01824,36Z1OA3VF02G1ZT,37AW4IOAR4G51ZS,TN,TN,DELIVERED,2026-06-11,TRN-501939,DELPROOF-29821765
EWB132841396,INV-2026-01825,240EN48UACT41ZN,24C1XI04B7P41ZB,UP,GJ,GENERATED,2026-08-02,TRN-549455,DELPROOF-62363740
EWB720443088,INV-2026-01826,09VZB0OIH5CS1ZJ,29JJ0V60XNG21ZH,TN,AP,DELIVERED,2026-08-24,TRN-483183,DELPROOF-88498962
EWB739869074,INV-2026-01827,096QMGK2F5FE1ZT,33AVEDHR3PCE1ZM,UP,TS,GENERATED,2026-08-31,TRN-711911,DELPROOF-60675099
EWB917480847,INV-2026-01828,29S95ZOW60ZZ1ZX,2452NLOQTQ681ZT,MH,UP,IN_TRANSIT,2026-09-27,TRN-890707,DELPROOF-67338729
EWB133439009,INV-2026-01829,272TG5PIZX3H1ZC,33ZR1YXR2DHY1ZJ,RJ,UP,DELIVERED,2026-08-03,TRN-509694,DELPROOF-80711679
EWB879234823,INV-2026-01830,33KEPLBX889E1ZP,3366PB90SPO31ZW,DL,GJ,DELIVERED,2026-09-17,TRN-214561,DELPROOF-53452995
EWB658303660,INV-2026-01831,29TOLAQ665DL1ZU,07H3YRGHWZKA1ZF,UP,MH,IN_TRANSIT,2026-06-04,TRN-808407,DELPROOF-43723499
EWB168663870,INV-2026-01832,24UCNRI2I3971ZH,19ACJ4T0SEKK1ZB,MH,AP,IN_TRANSIT,2026-09-22,TRN-819455,DELPROOF-79593632
EWB954918441,INV-2026-01833,37T04CHSDING1ZV,33N14EB8753A1ZW,DL,DL,GENERATED,2026-08-31,TRN-970119,DELPROOF-31234495
EWB191993535,INV-2026-01834,36A75LD7M08L1ZC,29TUL1P36P6Q1ZF,WB,GJ,DELIVERED,2026-06-22,TRN-783750,DELPROOF-10161044
EWB892989099,INV-2026-01835,29EB97PWDBOL1ZU,27N8ND7G0L3R1ZQ,TS,RJ,DELIVERED,2026-08-07,TRN-555026,DELPROOF-19712542
EWB757513858,INV-2026-01836,33MQWYUIXNS21ZW,33ZR1YXR2DHY1ZJ,TN,UP,IN_TRANSIT,2026-07-21,TRN-163747,DELPROOF-90861531
EWB394966522,INV-2026-01837,074EIJ00HOD71ZP,24IOYGGVNYRU1ZH,RJ,MH,GENERATED,2026-09-24,TRN-130799,DELPROOF-91973961
EWB375679374,INV-2026-01838,246NYYCJ4Q0R1ZP,29ETKDUWTN5P1ZE,GJ,TN,GENERATED,2026-09-06,TRN-737184,DELPROOF-20864536
EWB997528534,INV-2026-01839,27MXPKN3B8PF1ZV,372RVNDFDW791ZU,TS,TS,DELIVERED,2026-06-29,TRN-287143,DELPROOF-98747595
EWB668570397,INV-2026-01840,27ZS13C9XQYM1ZY,246RPKZGGM0J1ZT,RJ,RJ,GENERATED,2026-09-15,TRN-769183,DELPROOF-08942768
EWB478626461,INV-2026-01841,07HFSU4SE2KY1ZR,33H4NRED6M421ZE,MH,WB,GENERATED,2026-09-25,TRN-696920,DELPROOF-72571547
EWB170362834,INV-2026-01842,29GJD3EX5MHQ1ZL,3784U89YJB1Q1ZU,WB,RJ,DELIVERED,2026-07-04,TRN-581962,DELPROOF-41323532
EWB872592259,INV-2026-01843,07LC33H8G8T91ZY,19M2LHGCSOTD1ZH,AP,KA,DELIVERED,2026-07-30,TRN-303182,DELPROOF-84899234
EWB251953138,INV-2026-01844,24AV1G8NTAFU1ZT,27N9YE6BGGRM1ZO,TS,TN,DELIVERED,2026-09-20,TRN-350329,DELPROOF-51446782
EWB293768308,INV-2026-01845,37U84XYJOA211ZA,09HRUWA032601ZL,WB,KA,GENERATED,2026-09-04,TRN-170184,DELPROOF-06791892
EWB310033919,INV-2026-01846,1994DNMKZA3O1ZA,27RYIEJ9C0UU1ZI,GJ,GJ,GENERATED,2026-09-30,TRN-316009,DELPROOF-83090723
EWB382200508,INV-2026-01847,29BXLBC8NOG81ZM,24FC79M96ZPX1ZT,TS,AP,IN_TRANSIT,2026-08-09,TRN-263402,DELPROOF-93713185
EWB281059436,INV-2026-01848,36ZWDZ09WFTB1ZF,07HFSU4SE2KY1ZR,UP,TS,DELIVERED,2026-07-20,TRN-361931,DELPROOF-99439881
EWB674035243,INV-2026-01849,29C09ZGNX3VP1ZE,24RWV9NJS96A1ZK,GJ,AP,DELIVERED,2026-08-31,TRN-910617,DELPROOF-19159943
EWB827647812,INV-2026-01850,37M5PUU62RZV1ZY,36X48WZE4EX61ZS,AP,TN,DELIVERED,2026-09-13,TRN-150393,DELPROOF-35944947
EWB184943587,INV-2026-01851,09JMIYQFY7511ZW,37V80LKX1S9X1ZJ,GJ,DL,DELIVERED,2026-07-14,TRN-487115,DELPROOF-49110475
EWB459894926,INV-2026-01852,19SLAYNDN5GJ1ZI,29FS8Q0PXAEC1ZU,DL,MH,IN_TRANSIT,2026-09-16,TRN-549434,DELPROOF-37930407
EWB488829785,INV-2026-01853,338SA3IDY3C71ZP,37KX9DVNU80B1ZZ,KA,MH,GENERATED,2026-09-26,TRN-498293,DELPROOF-85814271
EWB260315927,INV-2026-01854,0899F77LU8EL1ZE,2799HEXW8L851ZI,GJ,GJ,IN_TRANSIT,2026-08-14,TRN-861610,DELPROOF-84598222
EWB758375923,INV-2026-01855,275QBVNPY1AJ1ZJ,334BJ3BQRR871ZH,WB,TN,GENERATED,2026-08-06,TRN-958492,DELPROOF-74257625
EWB197007315,INV-2026-01856,36CYD52ALUNQ1ZP,19SVIWXYYTUW1ZK,TN,GJ,DELIVERED,2026-09-04,TRN-780566,DELPROOF-62979975
EWB659997566,INV-2026-01857,3302BIP18A4J1ZS,079UNFVOBBZ21ZQ,TS,TN,IN_TRANSIT,2026-09-10,TRN-387115,DELPROOF-05952570
EWB763567905,INV-2026-01858,274P61NHVCFW1ZP,09FWB0HPMNZ11ZS,WB,WB,IN_TRANSIT,2026-07-10,TRN-295107,DELPROOF-78229715
EWB868862024,INV-2026-01859,1949PSO1LQSR1ZL,33X1945NQ4FM1ZV,DL,GJ,GENERATED,2026-06-10,TRN-415289,DELPROOF-64928375
EWB317611705,INV-2026-01860,36LVR7MGATND1ZD,33NHQE86O3Z01ZA,RJ,WB,GENERATED,2026-07-23,TRN-158433,DELPROOF-47012468
EWB101224269,INV-2026-01861,37OK63RVWOZQ1ZV,27FQS3D6357O1ZM,AP,WB,GENERATED,2026-09-14,TRN-435745,DELPROOF-02450835
EWB739269441,INV-2026-01862,29SPD2SW24WJ1ZR,29BXLBC8NOG81ZM,RJ,RJ,DELIVERED,2026-09-06,TRN-624525,DELPROOF-03024808
EWB485806890,INV-2026-01863,08XQM334L1VZ1ZL,09ZYF2EV4JI41ZS,DL,TS,DELIVERED,2026-06-30,TRN-571961,DELPROOF-10870004
EWB805179850,INV-2026-01864,193V23GXJ0MQ1ZS,0758KXO9T7E81ZF,TN,DL,DELIVERED,2026-08-18,TRN-329840,DELPROOF-67527720
EWB614330753,INV-2026-01865,33EAS6Y3VG6V1ZZ,33NHQE86O3Z01ZA,TS,GJ,DELIVERED,2026-07-03,TRN-800403,DELPROOF-46620855
EWB866623952,INV-2026-01866,24UBLMNTFK7O1ZP,365XRSI7EADG1ZG,MH,GJ,DELIVERED,2026-09-29,TRN-856276,DELPROOF-19320454
EWB583196422,INV-2026-01867,36V1LTWBJ9UU1ZZ,36600X28PIJK1ZD,WB,WB,IN_TRANSIT,2026-09-06,TRN-444375,DELPROOF-43483183
EWB457277472,INV-2026-01868,37OK63RVWOZQ1ZV,08OX22INIWC51ZA,TS,WB,IN_TRANSIT,2026-07-20,TRN-778007,DELPROOF-19320499
EWB888588683,INV-2026-01869,33TVJ0PTJXFQ1ZI,36FKRIG7JVDI1ZI,GJ,AP,DELIVERED,2026-07-30,TRN-807512,DELPROOF-91793073
EWB902932868,INV-2026-01870,33HV3A3ZMF8M1ZC,36UDS3QSQCQ31ZX,WB,TS,GENERATED,2026-09-07,TRN-345494,DELPROOF-86443843
EWB568671150,INV-2026-01871,33GYSPENGWYX1ZF,24QZHECBUQYP1ZH,AP,MH,DELIVERED,2026-06-22,TRN-131967,DELPROOF-60755775
EWB462001723,INV-2026-01872,27CKQH3ERAM41ZB,29AD3WRDHW9R1ZD,MH,GJ,IN_TRANSIT,2026-08-21,TRN-862688,DELPROOF-69120597
EWB873903652,INV-2026-01873,36HZ364PKNT51ZH,33H9P1EARPHB1ZV,WB,MH,DELIVERED,2026-08-15,TRN-328534,DELPROOF-17894582
EWB435991483,INV-2026-01874,33WU3BFXB4Y41ZJ,29EB97PWDBOL1ZU,DL,DL,DELIVERED,2026-06-18,TRN-447388,DELPROOF-08605725
EWB879624249,INV-2026-01875,1912O003E82E1ZL,36EQY08P0FOD1ZP,RJ,WB,IN_TRANSIT,2026-06-28,TRN-748843,DELPROOF-65779371
EWB383661938,INV-2026-01876,09BR5XQT4P501ZY,19H024KWK5851ZU,AP,RJ,IN_TRANSIT,2026-06-05,TRN-667606,DELPROOF-64588627
EWB585666690,INV-2026-01877,27CUBZQVQG0X1ZR,336E07FPY1AE1ZJ,DL,MH,GENERATED,2026-06-13,TRN-273984,DELPROOF-77318033
EWB893758573,INV-2026-01878,071V9NPUQARY1ZL,09U9TD0V2ZP41ZI,WB,GJ,IN_TRANSIT,2026-09-24,TRN-849759,DELPROOF-63254247
EWB297967929,INV-2026-01879,37ZSXPEFJ31E1ZF,09PQKOJTPV601ZT,TN,KA,IN_TRANSIT,2026-08-11,TRN-690633,DELPROOF-45157986
EWB394284787,INV-2026-01880,27RGREWDS0HP1ZP,08791ZYRRU7Z1ZJ,TS,GJ,GENERATED,2026-06-29,TRN-268121,DELPROOF-81423105
EWB215646667,INV-2026-01881,27ZGFLIG5GKZ1ZI,072L4X5BWAEN1ZH,RJ,UP,IN_TRANSIT,2026-09-04,TRN-993676,DELPROOF-37879767
EWB938929996,INV-2026-01882,29NUI3DO70021ZF,095GZPL1QWEE1ZG,AP,UP,DELIVERED,2026-09-10,TRN-213376,DELPROOF-42460926
EWB635332546,INV-2026-01883,193M73HC9JYP1ZA,331ZM4IX4ZCR1ZG,DL,AP,GENERATED,2026-07-27,TRN-277831,DELPROOF-13998040
EWB791928092,INV-2026-01884,097UJODCK8281ZR,29S95ZOW60ZZ1ZX,MH,RJ,DELIVERED,2026-06-05,TRN-306926,DELPROOF-49788240
EWB677102744,INV-2026-01885,37FTDRLUXM601ZA,36MJBQE7CKW51ZL,TS,KA,GENERATED,2026-09-09,TRN-670343,DELPROOF-57367019
EWB718710941,INV-2026-01886,0861M3J1HA0W1ZN,08NYARNNEZTE1ZD,MH,MH,GENERATED,2026-09-22,TRN-613352,DELPROOF-43046773
EWB273390888,INV-2026-01887,24CQPHLI5L691ZZ,37BBKJY2NZ7V1ZD,AP,TS,GENERATED,2026-09-24,TRN-925506,DELPROOF-03941049
EWB577265734,INV-2026-01888,2995E5IZ31YR1ZS,373UBM9XHCGR1ZW,TN,DL,DELIVERED,2026-07-08,TRN-710155,DELPROOF-62849851
EWB790804863,INV-2026-01889,2762C1JLOPO61ZI,29WO8NBHNAL31ZG,MH,RJ,DELIVERED,2026-06-17,TRN-116399,DELPROOF-01208291
EWB753913183,INV-2026-01890,29TOUHYLU6K71ZN,2928DITMOWNX1ZZ,AP,GJ,GENERATED,2026-07-25,TRN-290760,DELPROOF-98326612
EWB389999578,INV-2026-01891,37XFQJ3HXJ3A1ZN,36AHUKWQVR1H1ZR,DL,TN,IN_TRANSIT,2026-07-20,TRN-950699,DELPROOF-40723678
EWB768472272,INV-2026-01892,19JY5OP9LBSM1ZT,37AWQ57LY7501ZX,WB,KA,DELIVERED,2026-08-06,TRN-313274,DELPROOF-81116128
EWB291169915,INV-2026-01893,29828XG8Y72I1ZS,24IOYGGVNYRU1ZH,GJ,UP,IN_TRANSIT,2026-09-26,TRN-278820,DELPROOF-39728134
EWB729721175,INV-2026-01894,29RTIG7ZD9B71ZK,27KMBY9IPA2V1ZM,AP,UP,IN_TRANSIT,2026-07-10,TRN-518002,DELPROOF-49108709
EWB122299398,INV-2026-01895,27TMFEK2O7FH1ZQ,19A09LZRK79U1ZE,MH,GJ,GENERATED,2026-08-11,TRN-567425,DELPROOF-50323719
EWB438191348,INV-2026-01896,081W1WUDCBL41ZC,24MPQ0HZYJB41ZC,KA,TS,DELIVERED,2026-08-05,TRN-169127,DELPROOF-57465028
EWB950988488,INV-2026-01897,24M7IDAO13TB1ZZ,19JY5OP9LBSM1ZT,TN,KA,GENERATED,2026-08-03,TRN-822199,DELPROOF-43854619
EWB553502449,INV-2026-01898,296JQFWWXR5R1ZC,07HFSU4SE2KY1ZR,RJ,TN,IN_TRANSIT,2026-07-20,TRN-126633,DELPROOF-78662062
EWB392905873,INV-2026-01899,36H30153SFLS1ZE,360AJUFQYMBN1ZU,TS,GJ,DELIVERED,2026-08-15,TRN-381300,DELPROOF-39298188
EWB669983347,INV-2026-01900,24IXDU1EMMX31ZV,07BPQGA6X85Z1ZX,TS,RJ,IN_TRANSIT,2026-08-09,TRN-240221,DELPROOF-68047600
EWB808903851,INV-2026-01901,1912II826GYU1ZO,24TP0LZJJEGE1ZR,DL,RJ,GENERATED,2026-08-28,TRN-991741,DELPROOF-32737745
EWB209575946,INV-2026-01902,08791ZYRRU7Z1ZJ,090ODWMQX5GG1ZM,UP,GJ,DELIVERED,2026-09-20,TRN-826785,DELPROOF-69923686
EWB616464385,INV-2026-01903,08VUBF99U26U1ZM,36ZQ991P778R1ZL,UP,MH,DELIVERED,2026-06-27,TRN-486520,DELPROOF-76711378
EWB365292740,INV-2026-01904,24HHA1PJGFJC1ZW,36AHUKWQVR1H1ZR,KA,RJ,IN_TRANSIT,2026-10-04,TRN-879806,DELPROOF-88729069
EWB173472636,INV-2026-01905,29232UTVG9KU1ZQ,33AVEDHR3PCE1ZM,KA,KA,IN_TRANSIT,2026-06-03,TRN-476249,DELPROOF-15399830
EWB109473925,INV-2026-01906,37CVSQAME4YR1ZH,19MRUNJDU0IS1ZB,DL,RJ,DELIVERED,2026-06-28,TRN-455672,DELPROOF-93397517
EWB529732269,INV-2026-01907,37DL918SLOME1ZV,07H3YRGHWZKA1ZF,UP,KA,GENERATED,2026-10-02,TRN-508076,DELPROOF-71001493
EWB430179648,INV-2026-01908,33ZNWG3ZRZQ01ZS,2402WPJCF07V1ZB,UP,TS,IN_TRANSIT,2026-06-27,TRN-903556,DELPROOF-78492823
EWB855439652,INV-2026-01909,37WVFGYW6ZBN1ZX,08REV361XSNB1ZQ,WB,KA,GENERATED,2026-06-08,TRN-316517,DELPROOF-59655086
EWB503877657,INV-2026-01910,07NY20479T6V1ZV,299CSS9TOQW91ZI,WB,GJ,DELIVERED,2026-06-14,TRN-572416,DELPROOF-30612600
EWB354663693,INV-2026-01911,27X2ZVL9E9ZR1ZG,33IT6XIYZVNL1ZO,TN,AP,IN_TRANSIT,2026-06-10,TRN-931078,DELPROOF-84867080
EWB655029143,INV-2026-01912,24UBLMNTFK7O1ZP,091O5HD4HSBR1ZD,RJ,DL,DELIVERED,2026-07-03,TRN-672860,DELPROOF-82916195
EWB565917435,INV-2026-01913,27MQT788G35S1ZE,09JMIYQFY7511ZW,UP,AP,GENERATED,2026-06-11,TRN-920499,DELPROOF-92189958
EWB390911661,INV-2026-01914,27GWCDZ6X4FM1ZL,24XVDA4L3KHY1ZE,KA,UP,DELIVERED,2026-06-29,TRN-776836,DELPROOF-03560330
EWB994250716,INV-2026-01915,198CD31NRXD31ZS,07AHCPZTC69Q1ZJ,WB,UP,DELIVERED,2026-06-17,TRN-224192,DELPROOF-71207224
EWB339730098,INV-2026-01916,27ZS13C9XQYM1ZY,33FNOTIA41SS1ZZ,TN,AP,IN_TRANSIT,2026-07-07,TRN-496911,DELPROOF-65371625
EWB261993854,INV-2026-01917,0793ACZSX0GN1ZW,19ACJ4T0SEKK1ZB,WB,GJ,DELIVERED,2026-07-05,TRN-603540,DELPROOF-91068493
EWB538655031,INV-2026-01918,27Q4S2FTGI881ZR,29TOUHYLU6K71ZN,KA,GJ,DELIVERED,2026-09-15,TRN-121706,DELPROOF-04080599
EWB158146321,INV-2026-01919,37JVLCG1J5EW1ZE,37SNTP8AK8S21ZV,TS,RJ,IN_TRANSIT,2026-07-17,TRN-728088,DELPROOF-88656750
EWB723884561,INV-2026-01920,37HL1737SUUD1ZO,19FYO1750CEH1ZK,MH,TS,DELIVERED,2026-07-14,TRN-864663,DELPROOF-53559529
EWB830088238,INV-2026-01921,097UJODCK8281ZR,08XLSEUNNRLS1ZQ,UP,GJ,IN_TRANSIT,2026-08-20,TRN-487584,DELPROOF-78796870
EWB650253207,INV-2026-01922,09OEMQGY27VY1ZK,37O2Y8B0H54P1ZH,TS,GJ,IN_TRANSIT,2026-08-07,TRN-233650,DELPROOF-37588637
EWB544765960,INV-2026-01923,24K8WRU1XEMI1ZU,33GYSPENGWYX1ZF,UP,GJ,GENERATED,2026-09-05,TRN-727631,DELPROOF-74610706
EWB239093017,INV-2026-01924,072L4X5BWAEN1ZH,29NPR424TKB91ZM,DL,WB,DELIVERED,2026-08-21,TRN-818407,DELPROOF-27924700
EWB804301554,INV-2026-01925,337NZBXFV7FI1ZS,19H6NHKSQNAL1ZN,TS,AP,IN_TRANSIT,2026-06-30,TRN-305313,DELPROOF-37562998
EWB317757547,INV-2026-01926,095GZPL1QWEE1ZG,08IUE2WNF5CA1ZC,KA,AP,DELIVERED,2026-07-14,TRN-622952,DELPROOF-06644559
EWB782793086,INV-2026-01927,24EFJAWSHMLF1ZW,37ZSXPEFJ31E1ZF,DL,MH,DELIVERED,2026-08-18,TRN-797894,DELPROOF-96117704
EWB550485460,INV-2026-01928,1941CRO04BYV1ZA,36TWG7NFDINU1ZM,KA,TN,GENERATED,2026-06-27,TRN-520701,DELPROOF-78589114
EWB989233701,INV-2026-01929,0767LM8E49IT1ZE,33H4NRED6M421ZE,KA,TN,DELIVERED,2026-06-09,TRN-186596,DELPROOF-12969039
EWB696614751,INV-2026-01930,19EZ7BH25LLO1ZR,08F4AQ7B7V1W1ZV,GJ,UP,GENERATED,2026-09-13,TRN-357414,DELPROOF-31679289
EWB116096314,INV-2026-01931,08IUE2WNF5CA1ZC,24VS9J6LNF041ZX,MH,RJ,IN_TRANSIT,2026-09-06,TRN-495672,DELPROOF-23328863
EWB295477906,INV-2026-01932,36U8NOZEMDMZ1ZI,1949PSO1LQSR1ZL,UP,KA,DELIVERED,2026-09-30,TRN-563063,DELPROOF-79262447
EWB725706236,INV-2026-01933,09ZRLF8A9KEP1ZA,08M89I9GX32U1ZE,GJ,MH,DELIVERED,2026-07-17,TRN-701890,DELPROOF-38547394
EWB494977706,INV-2026-01934,27CKQH3ERAM41ZB,07SBJDX0PKOV1ZQ,KA,GJ,GENERATED,2026-06-22,TRN-825732,DELPROOF-25065502
EWB210220905,INV-2026-01935,37OAZTKSZP7G1ZD,08REV361XSNB1ZQ,WB,TN,DELIVERED,2026-09-24,TRN-180990,DELPROOF-50213848
EWB640239333,INV-2026-01936,29TVZKHIUIT71ZK,24VS0CDK36M81ZI,RJ,RJ,DELIVERED,2026-07-22,TRN-458578,DELPROOF-63000514
EWB647566273,INV-2026-01937,24DURVFFFIA31ZN,073CHO3XJVOE1ZG,AP,UP,IN_TRANSIT,2026-07-03,TRN-472097,DELPROOF-20430997
EWB998248794,INV-2026-01938,37V71448N7OD1ZJ,24XI64HAA34H1ZX,DL,AP,DELIVERED,2026-07-31,TRN-507473,DELPROOF-99676461
EWB547922873,INV-2026-01939,07F060O4VFK91ZQ,27T6YRIADDUR1ZC,GJ,WB,IN_TRANSIT,2026-06-12,TRN-421886,DELPROOF-47124332
EWB311055727,INV-2026-01940,36X48WZE4EX61ZS,2928DITMOWNX1ZZ,GJ,MH,GENERATED,2026-06-21,TRN-745954,DELPROOF-48322175
EWB773280908,INV-2026-01941,27TMY91OTKZH1ZR,33H4NRED6M421ZE,TS,DL,IN_TRANSIT,2026-08-21,TRN-726300,DELPROOF-81177051
EWB148876343,INV-2026-01942,29TOLAQ665DL1ZU,33ZPCD1406XL1ZV,TS,TS,DELIVERED,2026-08-27,TRN-956498,DELPROOF-60376490
EWB496736582,INV-2026-01943,36TWG7NFDINU1ZM,37AWQ57LY7501ZX,AP,WB,IN_TRANSIT,2026-08-31,TRN-523702,DELPROOF-66675674
EWB363579392,INV-2026-01944,24DJGF1C8WQU1ZS,29XN0GUO4KH21ZT,AP,AP,GENERATED,2026-06-05,TRN-957067,DELPROOF-54713348
EWB680370880,INV-2026-01945,36TFEBE5407K1ZI,33T7ZEWVIYTW1ZB,MH,RJ,GENERATED,2026-06-13,TRN-787314,DELPROOF-02132158
EWB755577378,INV-2026-01946,37QY0HU97NG01ZA,2402WPJCF07V1ZB,KA,AP,GENERATED,2026-09-30,TRN-925204,DELPROOF-72311615
EWB201127754,INV-2026-01947,33KEPLBX889E1ZP,09TGGZ62FE9U1ZO,TS,TS,GENERATED,2026-08-17,TRN-400065,DELPROOF-95099620
EWB951503555,INV-2026-01948,27RGB93WKCS41ZI,37ULJGQPQ8R41ZG,MH,AP,DELIVERED,2026-08-19,TRN-704178,DELPROOF-12587925
EWB723125030,INV-2026-01949,079UNFVOBBZ21ZQ,24YRVXOIEVES1ZS,UP,UP,GENERATED,2026-09-16,TRN-954055,DELPROOF-62926940
EWB260795372,INV-2026-01950,24VS0CDK36M81ZI,27ZGFLIG5GKZ1ZI,KA,TS,IN_TRANSIT,2026-07-29,TRN-969413,DELPROOF-39882377
EWB885621768,INV-2026-01951,09VUNLPAIH0P1ZL,095F1HGAV42T1ZC,WB,TS,DELIVERED,2026-09-09,TRN-193237,DELPROOF-10991031
EWB341476930,INV-2026-01952,08BVSIGBIAF91ZY,08ITMOFMMWI91ZQ,RJ,AP,DELIVERED,2026-07-01,TRN-127261,DELPROOF-65421643
EWB244586730,INV-2026-01953,3307S387J5IE1ZZ,36UDS3QSQCQ31ZX,UP,GJ,GENERATED,2026-09-26,TRN-448338,DELPROOF-64396035
EWB816042672,INV-2026-01954,27N9J3GC9HOX1ZD,07SJ84TC2QSI1ZZ,AP,AP,DELIVERED,2026-07-12,TRN-468213,DELPROOF-01518117
EWB861099538,INV-2026-01955,07C21O0Z5QRU1ZY,29FS8Q0PXAEC1ZU,RJ,MH,DELIVERED,2026-09-05,TRN-788266,DELPROOF-19099274
EWB972482459,INV-2026-01956,368B97EGT2HS1ZN,3307S387J5IE1ZZ,WB,RJ,IN_TRANSIT,2026-08-24,TRN-232975,DELPROOF-83204211
EWB424696934,INV-2026-01957,0758KXO9T7E81ZF,09E4QGM5V2WW1ZF,DL,KA,IN_TRANSIT,2026-07-02,TRN-927568,DELPROOF-41309097
EWB340112835,INV-2026-01958,33TVJ0PTJXFQ1ZI,196E1ZHWY9HE1ZC,DL,GJ,DELIVERED,2026-06-18,TRN-114129,DELPROOF-59815598
EWB692852231,INV-2026-01959,19GB1AJO091C1ZO,19VNNVBZW5AP1ZK,AP,TS,IN_TRANSIT,2026-06-09,TRN-473785,DELPROOF-85050790
EWB780547016,INV-2026-01960,33JZC58CU47S1ZM,27T6YRIADDUR1ZC,GJ,DL,GENERATED,2026-08-23,TRN-703929,DELPROOF-34822979
EWB239811010,INV-2026-01961,19IW1SWJCKJL1ZR,240KQD8UNPIO1ZI,WB,UP,IN_TRANSIT,2026-07-03,TRN-666841,DELPROOF-06111741
EWB409966537,INV-2026-01962,19OZ7QMJCENT1ZM,37JC36OQOLOE1ZA,WB,TS,GENERATED,2026-08-05,TRN-299851,DELPROOF-07859641
EWB627805415,INV-2026-01963,24HHA1PJGFJC1ZW,369C70PA8JX51ZN,AP,AP,GENERATED,2026-09-01,TRN-192102,DELPROOF-29174785
EWB726968991,INV-2026-01964,08FUU5F07B1I1ZI,24TP0LZJJEGE1ZR,UP,MH,IN_TRANSIT,2026-08-11,TRN-780186,DELPROOF-63718131
EWB181476459,INV-2026-01965,24OCLYT8W5RT1ZT,24JR211PV58Y1ZA,TS,KA,IN_TRANSIT,2026-09-25,TRN-157293,DELPROOF-00120271
EWB797059449,INV-2026-01966,37ICJDAN085R1ZM,365GJLQM5K8P1ZC,WB,UP,GENERATED,2026-07-11,TRN-990651,DELPROOF-55662108
EWB708211525,INV-2026-01967,378DRC11ERTJ1ZT,076UAMWJPIWU1ZI,KA,RJ,DELIVERED,2026-08-21,TRN-204752,DELPROOF-96980366
EWB665262989,INV-2026-01968,27TZE5R5UQPG1ZB,33S2FX0ZKWIJ1ZX,WB,WB,IN_TRANSIT,2026-08-28,TRN-283140,DELPROOF-16723110
EWB918249091,INV-2026-01969,37KWCYUKND1I1ZT,331R9Z27UJDL1ZU,TS,KA,IN_TRANSIT,2026-09-19,TRN-763887,DELPROOF-41907551
EWB382970584,INV-2026-01970,33ZNWG3ZRZQ01ZS,36BHHLK3YJZ91ZY,UP,MH,GENERATED,2026-09-09,TRN-443605,DELPROOF-49142450
EWB788332416,INV-2026-01971,36QJNV8Z2FLU1ZJ,27T6YRIADDUR1ZC,UP,AP,DELIVERED,2026-06-23,TRN-871664,DELPROOF-21757031
EWB351611608,INV-2026-01972,09E3CUP8IJL21ZW,36X8ERTB74RS1ZF,AP,AP,GENERATED,2026-09-29,TRN-354162,DELPROOF-25383733
EWB319274194,INV-2026-01973,24X8SYLEMRUY1ZN,29YBHQGHLZRU1ZT,TS,AP,DELIVERED,2026-06-11,TRN-924260,DELPROOF-80506718
EWB674435073,INV-2026-01974,3312VJ99T2D51ZE,19A09LZRK79U1ZE,GJ,WB,DELIVERED,2026-08-31,TRN-940600,DELPROOF-86610307
EWB171836289,INV-2026-01975,37WVFGYW6ZBN1ZX,193M73HC9JYP1ZA,GJ,TS,GENERATED,2026-06-20,TRN-134095,DELPROOF-55820418
EWB400962811,INV-2026-01976,2704UX5QRL1N1ZK,36P0NEC8UYO51ZY,UP,AP,DELIVERED,2026-09-13,TRN-379867,DELPROOF-96737714
EWB317631512,INV-2026-01977,2977TNQETMNI1ZP,09OXKO8G8QYN1ZN,TN,AP,IN_TRANSIT,2026-06-21,TRN-605516,DELPROOF-22202359
EWB259461562,INV-2026-01978,27S832EJX5TD1ZQ,07HFSU4SE2KY1ZR,WB,TS,DELIVERED,2026-10-01,TRN-292135,DELPROOF-63364129
EWB607650101,INV-2026-01979,096QMGK2F5FE1ZT,271K4FPL3X2J1ZC,AP,RJ,DELIVERED,2026-06-28,TRN-535089,DELPROOF-76849779
EWB182038913,INV-2026-01980,29ZGF9Q5RDOQ1ZH,24C1XI04B7P41ZB,GJ,DL,IN_TRANSIT,2026-08-06,TRN-190818,DELPROOF-84777217
EWB678131997,INV-2026-01981,36GWY7D78HWK1ZZ,27V1A0Q24BOZ1ZK,DL,GJ,IN_TRANSIT,2026-09-15,TRN-233614,DELPROOF-46069052
EWB462435337,INV-2026-01982,24VS9J6LNF041ZX,08QQ5L2XOIOT1ZV,AP,KA,GENERATED,2026-08-06,TRN-119242,DELPROOF-49029136
EWB784914704,INV-2026-01983,24JDTVV2Y4XK1ZQ,09ASFEN0B09Z1ZH,DL,DL,GENERATED,2026-07-06,TRN-732070,DELPROOF-88945971
EWB316049854,INV-2026-01984,2937DL9FC1XX1ZS,24J8Y6RH05HH1ZH,AP,TS,IN_TRANSIT,2026-08-30,TRN-911714,DELPROOF-40807744
EWB133650814,INV-2026-01985,377SO8W5038H1ZT,24DO8E7FLQHR1ZP,KA,MH,DELIVERED,2026-08-28,TRN-275371,DELPROOF-65076201
EWB245938651,INV-2026-01986,09GXNX4SN6SM1ZL,36T00IV1GGXR1ZD,TS,TN,DELIVERED,2026-06-18,TRN-522949,DELPROOF-03145969
EWB525035685,INV-2026-01987,24FC79M96ZPX1ZT,249PML9LN1P01ZT,KA,UP,GENERATED,2026-07-24,TRN-876309,DELPROOF-76730519
EWB587657869,INV-2026-01988,29B98V341ONX1ZX,37R6K2VMWWYZ1ZV,GJ,TS,IN_TRANSIT,2026-08-12,TRN-590164,DELPROOF-65924712
EWB778430683,INV-2026-01989,09DP2FMR0TJO1ZN,088Z3V6DIXFW1ZS,AP,DL,IN_TRANSIT,2026-06-29,TRN-635486,DELPROOF-80518654
EWB745742516,INV-2026-01990,091O5HD4HSBR1ZD,3312VJ99T2D51ZE,DL,AP,IN_TRANSIT,2026-06-23,TRN-180246,DELPROOF-19317087
EWB554014406,INV-2026-01991,24R3UV43MCO01ZC,29UPPGBIVSCU1ZN,MH,TS,GENERATED,2026-10-01,TRN-530257,DELPROOF-98717875
EWB408738471,INV-2026-01992,366GVGT2EEHF1ZR,19B3XMDKRLC01ZV,RJ,MH,DELIVERED,2026-08-12,TRN-604699,DELPROOF-63328969
EWB450244490,INV-2026-01993,09ASFEN0B09Z1ZH,33H6NQQB9LZS1ZI,TS,UP,IN_TRANSIT,2026-08-13,TRN-291412,DELPROOF-38173334
EWB504515943,INV-2026-01994,09QBSXLUL6LG1ZI,27XK5BXJ2POP1ZM,GJ,KA,IN_TRANSIT,2026-08-28,TRN-981203,DELPROOF-86831419
EWB142760467,INV-2026-01995,24K03W0FGEA91ZT,07END7H10KYH1ZS,KA,RJ,GENERATED,2026-07-03,TRN-130010,DELPROOF-16221179
EWB943969528,INV-2026-01996,09VMK2ZYZSIL1ZS,08BVSIGBIAF91ZY,AP,UP,GENERATED,2026-09-23,TRN-908893,DELPROOF-72095220
EWB937268933,INV-2026-01997,33CPKLV69EOX1ZV,09OXKO8G8QYN1ZN,DL,UP,DELIVERED,2026-06-24,TRN-716827,DELPROOF-13445713
EWB450289420,INV-2026-01998,36Z1OA3VF02G1ZT,092ZUFDNU4I51ZV,TN,TS,GENERATED,2026-07-23,TRN-479972,DELPROOF-87814477
EWB496038995,INV-2026-01999,09GSTQMGVU4I1ZQ,08L3VZZXT9QU1ZB,GJ,RJ,GENERATED,2026-08-05,TRN-706967,DELPROOF-82988480
EWB296514248,INV-2026-02000,09FWB0HPMNZ11ZS,24ZZF8ADF7PC1ZH,TN,KA,IN_TRANSIT,2026-06-16,TRN-684891,DELPROOF-02495123
EWB172653062,INV-2026-02001,37M5PUU62RZV1ZY,24SS1A2R5BFY1ZC,GJ,WB,IN_TRANSIT,2026-09-24,TRN-785906,DELPROOF-00713388
EWB134031978,INV-2026-02002,09YK8516SP181ZM,37IYNO667VGP1ZK,WB,UP,IN_TRANSIT,2026-07-30,TRN-610434,DELPROOF-71950184
EWB314944566,INV-2026-02003,0874QR14VUYV1ZZ,07RTT3NUPUY01ZW,RJ,GJ,IN_TRANSIT,2026-07-31,TRN-795860,DELPROOF-44582235
EWB882289954,INV-2026-02004,19OZ7QMJCENT1ZM,24MPQ0HZYJB41ZC,TN,TS,GENERATED,2026-08-08,TRN-294656,DELPROOF-61801356
EWB162577825,INV-2026-02005,09N9T84AZYTJ1ZU,09DCLI6978V01ZB,DL,DL,DELIVERED,2026-06-23,TRN-429931,DELPROOF-87827201
EWB669630418,INV-2026-02006,196E1ZHWY9HE1ZC,24BUNKNQT3WV1ZE,UP,WB,GENERATED,2026-09-28,TRN-228338,DELPROOF-63316046
EWB676852733,INV-2026-02007,33FG51BXW76I1ZC,27SYJAFCO3S61ZP,RJ,UP,IN_TRANSIT,2026-06-28,TRN-400894,DELPROOF-33921089
EWB442705677,INV-2026-02008,09GXNX4SN6SM1ZL,0923GDPPQ0Y91ZD,TN,GJ,DELIVERED,2026-07-09,TRN-591439,DELPROOF-37408593
EWB292059367,INV-2026-02009,077P9JYQN15I1ZI,09L00EZZF8S21ZX,GJ,TS,DELIVERED,2026-08-21,TRN-342442,DELPROOF-56476387
EWB389058074,INV-2026-02010,36ZC7D2KD1PO1ZV,08FNKOMV2XCD1ZV,UP,DL,IN_TRANSIT,2026-09-07,TRN-742760,DELPROOF-38207851
EWB496443481,INV-2026-02011,27BOGKAH2XJQ1ZZ,36WTEKTSG7FX1ZX,AP,TS,DELIVERED,2026-07-21,TRN-716310,DELPROOF-05086817
EWB473918866,INV-2026-02012,29L1YA1RYZTB1ZS,27T6YRIADDUR1ZC,DL,KA,GENERATED,2026-08-31,TRN-535734,DELPROOF-79994244
EWB496979434,INV-2026-02013,29Q05PXT6RID1ZJ,29050E6MPSJ91ZU,MH,AP,DELIVERED,2026-09-12,TRN-843718,DELPROOF-39749721
EWB936880741,INV-2026-02014,07ASEH5E5RWS1ZE,09FOP8QZJULI1ZF,RJ,RJ,IN_TRANSIT,2026-08-20,TRN-558110,DELPROOF-35211769
EWB657688189,INV-2026-02015,071E1630POCR1ZX,24VT3X8VE00H1ZZ,TS,DL,DELIVERED,2026-07-13,TRN-838915,DELPROOF-57148299
EWB278068761,INV-2026-02016,29L1YA1RYZTB1ZS,33NHQE86O3Z01ZA,UP,WB,GENERATED,2026-08-06,TRN-259970,DELPROOF-57842515
EWB735288951,INV-2026-02017,271K4FPL3X2J1ZC,335URTXUYUCE1ZC,TN,AP,GENERATED,2026-06-09,TRN-593389,DELPROOF-34151688
EWB670063508,INV-2026-02018,19WTEK17M6J31ZP,07YHQIN9N6XC1ZI,GJ,TS,GENERATED,2026-09-24,TRN-208522,DELPROOF-91501384
EWB370112186,INV-2026-02019,193V23GXJ0MQ1ZS,24RWV9NJS96A1ZK,GJ,UP,DELIVERED,2026-07-04,TRN-315347,DELPROOF-46693328
EWB739818792,INV-2026-02020,09NT0MQ8ABKA1ZE,08GGSOU6NJ2N1ZZ,TN,TS,DELIVERED,2026-09-12,TRN-901194,DELPROOF-01428808
EWB239845468,INV-2026-02021,193V23GXJ0MQ1ZS,278GUAS173RI1ZG,GJ,KA,GENERATED,2026-07-29,TRN-796010,DELPROOF-30859916
EWB426695993,INV-2026-02022,2977TNQETMNI1ZP,36JWVHPLHW4O1ZO,TS,DL,IN_TRANSIT,2026-08-12,TRN-852834,DELPROOF-03961985
EWB102940677,INV-2026-02023,24DURVFFFIA31ZN,08QQ5L2XOIOT1ZV,TS,MH,IN_TRANSIT,2026-10-04,TRN-326128,DELPROOF-98907595
EWB667260716,INV-2026-02024,37ZDY3O1ICNS1ZR,333LOUFHW8WL1ZT,WB,MH,DELIVERED,2026-08-07,TRN-327491,DELPROOF-76860305
EWB370265779,INV-2026-02025,271K4FPL3X2J1ZC,29GZ6TPBWSXX1ZD,TN,RJ,GENERATED,2026-09-10,TRN-533690,DELPROOF-55907507
EWB467105888,INV-2026-02026,1912II826GYU1ZO,37ZDY3O1ICNS1ZR,UP,UP,IN_TRANSIT,2026-07-07,TRN-685189,DELPROOF-72851408
EWB189558979,INV-2026-02027,194C3EVWCHM41ZX,36Z5TOZO32TC1ZS,UP,RJ,GENERATED,2026-06-05,TRN-541547,DELPROOF-36910077
EWB946666891,INV-2026-02028,27SYJAFCO3S61ZP,372RVNDFDW791ZU,DL,DL,DELIVERED,2026-10-03,TRN-102683,DELPROOF-07960727
EWB245002651,INV-2026-02029,33XN4D24N9YG1ZB,07GPJ60SRYZX1ZN,TN,WB,GENERATED,2026-08-31,TRN-991149,DELPROOF-49893529
EWB127827855,INV-2026-02030,09VUNLPAIH0P1ZL,19H07WPH6FE01ZL,TN,KA,GENERATED,2026-09-27,TRN-181369,DELPROOF-76588640
EWB848031355,INV-2026-02031,27N8ND7G0L3R1ZQ,19DNWT2FES5C1ZQ,KA,TS,IN_TRANSIT,2026-08-20,TRN-328344,DELPROOF-98422691
EWB661964927,INV-2026-02032,36PGYVYV2GQU1ZB,37DYCPN0P1XS1ZG,GJ,TS,DELIVERED,2026-08-10,TRN-453479,DELPROOF-22341784
EWB636234001,INV-2026-02033,37R6K2VMWWYZ1ZV,27KVR5NBHGPB1ZJ,UP,MH,DELIVERED,2026-07-24,TRN-276710,DELPROOF-15693994
EWB946613057,INV-2026-02034,29WO8NBHNAL31ZG,27WVA984UVKY1ZP,TN,UP,IN_TRANSIT,2026-09-08,TRN-421728,DELPROOF-46483028
EWB614126393,INV-2026-02035,37DYCPN0P1XS1ZG,09NB4GH2M5ZJ1ZA,MH,KA,GENERATED,2026-07-30,TRN-833574,DELPROOF-99295750
EWB421016493,INV-2026-02036,19C1YOHMI9AY1ZF,2748VFCX7LXX1ZE,GJ,RJ,GENERATED,2026-07-29,TRN-598860,DELPROOF-82781564
EWB896580710,INV-2026-02037,19M9Q7FTMFWG1ZM,27SYJAFCO3S61ZP,MH,WB,IN_TRANSIT,2026-06-22,TRN-704377,DELPROOF-82171732
EWB332642232,INV-2026-02038,0893TYT7D5J61ZX,091SAXT8JH341ZS,AP,TS,GENERATED,2026-07-03,TRN-933568,DELPROOF-75141106
EWB357248363,INV-2026-02039,37YM90PKR1IF1ZQ,33KEPLBX889E1ZP,MH,WB,GENERATED,2026-08-28,TRN-820321,DELPROOF-25857579
EWB796593519,INV-2026-02040,24J8Y6RH05HH1ZH,194DV56ONXD71ZX,AP,RJ,IN_TRANSIT,2026-09-24,TRN-358984,DELPROOF-86837949
EWB242636539,INV-2026-02041,3646ESMRWGEB1ZE,08FUU5F07B1I1ZI,KA,TN,GENERATED,2026-07-06,TRN-852916,DELPROOF-63836409
EWB881599903,INV-2026-02042,37V71448N7OD1ZJ,24J8Y6RH05HH1ZH,TN,DL,GENERATED,2026-06-08,TRN-217242,DELPROOF-33443107
EWB524566420,INV-2026-02043,094DMC2RH2XK1ZZ,37EOUBXXQ6MF1ZX,MH,WB,DELIVERED,2026-07-17,TRN-551985,DELPROOF-79843060
EWB149399255,INV-2026-02044,09JCHZJQ8CXX1ZV,27T6YRIADDUR1ZC,RJ,TS,DELIVERED,2026-08-18,TRN-135994,DELPROOF-19272471
EWB747137049,INV-2026-02045,29HOUU9SIJPY1ZS,07KA34MQA78R1ZA,MH,GJ,DELIVERED,2026-07-09,TRN-418105,DELPROOF-99940509
EWB361764936,INV-2026-02046,29OORBT6SAPB1ZQ,241T2EP768SY1ZA,KA,GJ,IN_TRANSIT,2026-09-16,TRN-223410,DELPROOF-67968375
EWB846311132,INV-2026-02047,09VUNLPAIH0P1ZL,278HL88KZRUI1ZM,MH,MH,GENERATED,2026-07-30,TRN-530822,DELPROOF-48127635
EWB970968318,INV-2026-02048,29828XG8Y72I1ZS,076JXNNNGBPJ1ZI,MH,GJ,DELIVERED,2026-08-20,TRN-231824,DELPROOF-44622752
EWB121554225,INV-2026-02049,09JA0ASSNH2O1ZD,36PGYVYV2GQU1ZB,AP,TS,GENERATED,2026-10-05,TRN-313194,DELPROOF-24558478
EWB668796713,INV-2026-02050,27KMBY9IPA2V1ZM,19486I3CE8ZN1ZA,AP,UP,GENERATED,2026-09-29,TRN-608993,DELPROOF-27256189
EWB959955555,INV-2026-02051,098DD22555JX1ZS,33R09SKDGIGA1ZR,WB,DL,IN_TRANSIT,2026-06-07,TRN-749867,DELPROOF-51533236
EWB324859278,INV-2026-02052,24TY3ADDQHKG1ZA,29XJN6FOKZIX1ZW,MH,AP,IN_TRANSIT,2026-06-15,TRN-807252,DELPROOF-44922354
EWB947228573,INV-2026-02053,193M73HC9JYP1ZA,3607OXK8C1GR1ZA,KA,MH,IN_TRANSIT,2026-08-20,TRN-484348,DELPROOF-21781448
EWB307610833,INV-2026-02054,27VM2P9E6GBP1ZQ,24D7YXW1TBRW1ZP,TN,TN,GENERATED,2026-07-29,TRN-419919,DELPROOF-69165928
EWB777745343,INV-2026-02055,08UJT9T11PHP1ZX,36A75LD7M08L1ZC,UP,KA,IN_TRANSIT,2026-07-18,TRN-815398,DELPROOF-80533720
EWB402280991,INV-2026-02056,29A2FQZTIO4M1ZM,2731YHXSO7VB1ZF,DL,UP,IN_TRANSIT,2026-08-21,TRN-224698,DELPROOF-59538832
EWB700302313,INV-2026-02057,08WDPJBC01AR1ZU,076JXNNNGBPJ1ZI,MH,WB,GENERATED,2026-09-16,TRN-494919,DELPROOF-85010821
EWB756940438,INV-2026-02058,33TL2UG05WH21ZK,337F0I9G5DZX1ZK,KA,TS,IN_TRANSIT,2026-09-17,TRN-520595,DELPROOF-44483182
EWB834545917,INV-2026-02059,08OYTK06AKT71ZW,24TP0LZJJEGE1ZR,TS,RJ,DELIVERED,2026-08-15,TRN-522257,DELPROOF-18004579
EWB632060795,INV-2026-02060,29TVZKHIUIT71ZK,24TP0LZJJEGE1ZR,TS,MH,DELIVERED,2026-06-21,TRN-845181,DELPROOF-85016534
EWB756978168,INV-2026-02061,24CL9LCQH1UF1ZZ,09FOP8QZJULI1ZF,TS,TN,DELIVERED,2026-07-05,TRN-932135,DELPROOF-99340016
EWB755192006,INV-2026-02062,274BAWZ940VT1ZJ,09JDBL1G3Y2T1ZM,UP,DL,IN_TRANSIT,2026-06-19,TRN-519516,DELPROOF-37379944
EWB560298387,INV-2026-02063,36V1LTWBJ9UU1ZZ,37E9FPZUE8YF1ZB,AP,RJ,DELIVERED,2026-09-02,TRN-238383,DELPROOF-01819461
EWB596452045,INV-2026-02064,072TIXC7URVQ1ZR,07BMXNSZOKGT1ZH,AP,TS,IN_TRANSIT,2026-09-23,TRN-316460,DELPROOF-21122322
EWB837934135,INV-2026-02065,33JZC58CU47S1ZM,33XN2ELALQ261ZR,TS,GJ,GENERATED,2026-09-02,TRN-970650,DELPROOF-73194902
EWB136906259,INV-2026-02066,24UCNRI2I3971ZH,271D9S9HBN5E1ZJ,RJ,MH,DELIVERED,2026-08-23,TRN-236258,DELPROOF-08185017
EWB115865451,INV-2026-02067,08R4SOR8WM9L1ZA,33OV953A5O471ZA,RJ,KA,IN_TRANSIT,2026-07-08,TRN-538534,DELPROOF-17134124
EWB228726504,INV-2026-02068,08ITMOFMMWI91ZQ,3302BIP18A4J1ZS,TN,TS,DELIVERED,2026-06-22,TRN-270130,DELPROOF-65642614
EWB122012420,INV-2026-02069,375T82DDL7FK1ZL,07LC33H8G8T91ZY,UP,UP,IN_TRANSIT,2026-08-01,TRN-271595,DELPROOF-64882976
EWB883302045,INV-2026-02070,072TIXC7URVQ1ZR,08REV361XSNB1ZQ,TN,MH,IN_TRANSIT,2026-09-09,TRN-656504,DELPROOF-43561892
EWB581616252,INV-2026-02071,19AYYOSYEOZ91ZX,0923GDPPQ0Y91ZD,WB,MH,GENERATED,2026-08-22,TRN-597396,DELPROOF-83408787
EWB816541140,INV-2026-02072,33N7G8B2ZXII1ZX,33XN2ELALQ261ZR,GJ,DL,DELIVERED,2026-10-03,TRN-579081,DELPROOF-05124022
EWB185630733,INV-2026-02073,36NEGN2B4JTJ1ZZ,241T2EP768SY1ZA,UP,WB,IN_TRANSIT,2026-07-31,TRN-775116,DELPROOF-19419726
EWB713107907,INV-2026-02074,08ITMOFMMWI91ZQ,08UJT9T11PHP1ZX,KA,RJ,GENERATED,2026-08-25,TRN-236240,DELPROOF-56933506
EWB715214314,INV-2026-02075,27VM2P9E6GBP1ZQ,19N1S3YG8VFU1ZW,RJ,AP,DELIVERED,2026-06-29,TRN-520510,DELPROOF-29334891
EWB716493388,INV-2026-02076,24SS1A2R5BFY1ZC,331S9RYLLWB71ZQ,KA,KA,GENERATED,2026-08-11,TRN-178631,DELPROOF-18325650
EWB282665257,INV-2026-02077,36XXVA2IEUC11ZG,275QBVNPY1AJ1ZJ,GJ,TS,DELIVERED,2026-06-27,TRN-777615,DELPROOF-08266690
EWB437182824,INV-2026-02078,335P03WVPUNW1ZC,27ZS13C9XQYM1ZY,TN,MH,GENERATED,2026-08-02,TRN-237860,DELPROOF-44161728
EWB541324124,INV-2026-02079,076DGG5GR0XA1ZF,08P98RL9QFCP1ZJ,TN,AP,IN_TRANSIT,2026-08-23,TRN-938685,DELPROOF-97667162
EWB243969267,INV-2026-02080,296SWK2RV2391ZL,07LOD9R7ANQJ1ZK,AP,KA,IN_TRANSIT,2026-07-01,TRN-544565,DELPROOF-33166402
EWB469045142,INV-2026-02081,095GZPL1QWEE1ZG,36600X28PIJK1ZD,UP,DL,GENERATED,2026-06-14,TRN-497234,DELPROOF-23835836
EWB842155468,INV-2026-02082,27Q4S2FTGI881ZR,24R3UV43MCO01ZC,GJ,KA,GENERATED,2026-08-28,TRN-606802,DELPROOF-78036088
EWB193415530,INV-2026-02083,09N6NBYZM2421ZN,24E4PO1I3MSD1ZL,WB,DL,IN_TRANSIT,2026-06-14,TRN-325096,DELPROOF-37559180
EWB201987109,INV-2026-02084,07PMQK8SZ7IW1ZC,37O1CJFX5LIK1ZU,TN,MH,IN_TRANSIT,2026-06-10,TRN-104248,DELPROOF-59159953
EWB996763921,INV-2026-02085,37PEJZHYAPDS1ZT,29NPR424TKB91ZM,MH,TN,GENERATED,2026-09-15,TRN-442911,DELPROOF-15016905
EWB136561322,INV-2026-02086,29GJD3EX5MHQ1ZL,37V80LKX1S9X1ZJ,TS,MH,GENERATED,2026-09-28,TRN-321749,DELPROOF-04743038
EWB107349746,INV-2026-02087,07YHQIN9N6XC1ZI,07H5SW2292MT1ZP,DL,TN,IN_TRANSIT,2026-07-09,TRN-296202,DELPROOF-51849041
EWB742333938,INV-2026-02088,296U3U6H0UFX1ZX,2799HEXW8L851ZI,RJ,TS,DELIVERED,2026-09-18,TRN-670059,DELPROOF-24885970
EWB582512275,INV-2026-02089,09NGLH62C9T11ZH,19FYO1750CEH1ZK,UP,GJ,GENERATED,2026-09-09,TRN-718656,DELPROOF-44917508
EWB881733123,INV-2026-02090,296U3U6H0UFX1ZX,09NXZDZB5F5T1ZV,GJ,RJ,GENERATED,2026-09-12,TRN-397222,DELPROOF-43701448
EWB553685676,INV-2026-02091,080JQQNVCEQF1ZG,36EQY08P0FOD1ZP,UP,TN,DELIVERED,2026-09-28,TRN-736970,DELPROOF-43381369
EWB324607000,INV-2026-02092,08NSM43D8W3Z1ZN,36N23Y30YSXP1ZL,MH,AP,DELIVERED,2026-09-14,TRN-983100,DELPROOF-53358175
EWB379683865,INV-2026-02093,0762HDXC6RIJ1ZJ,29B98V341ONX1ZX,GJ,KA,GENERATED,2026-06-27,TRN-888672,DELPROOF-98034720
EWB696547965,INV-2026-02094,29XJN6FOKZIX1ZW,1934KUQAAJ841ZP,GJ,AP,DELIVERED,2026-09-27,TRN-227426,DELPROOF-44305197
EWB296462715,INV-2026-02095,24IOYGGVNYRU1ZH,08H9NKLYBWGM1ZN,DL,WB,GENERATED,2026-08-09,TRN-434409,DELPROOF-76305255
EWB108997725,INV-2026-02096,0716KJ752H701ZV,3763BTKF6XDN1ZV,DL,WB,IN_TRANSIT,2026-09-18,TRN-316658,DELPROOF-87579529
EWB156865210,INV-2026-02097,379RWTF07GBA1ZQ,24TY3ADDQHKG1ZA,WB,RJ,GENERATED,2026-10-05,TRN-489948,DELPROOF-95333678
EWB524206085,INV-2026-02098,096F7QNEZW9H1ZE,29V5S4TL0THH1ZW,GJ,TS,IN_TRANSIT,2026-08-03,TRN-157769,DELPROOF-45407825
EWB911914825,INV-2026-02099,19TNGVN1KICJ1ZM,278HL88KZRUI1ZM,AP,MH,DELIVERED,2026-09-14,TRN-943932,DELPROOF-72551412
EWB531392506,INV-2026-02100,2402WPJCF07V1ZB,09BR5XQT4P501ZY,RJ,TN,DELIVERED,2026-07-17,TRN-472367,DELPROOF-64664156
EWB932265097,INV-2026-02101,07KA34MQA78R1ZA,24C6UZHR5XFF1ZX,AP,GJ,DELIVERED,2026-08-15,TRN-463240,DELPROOF-63012166
EWB404767041,INV-2026-02102,33C83GY1FKOL1ZD,07N9UZERYF091ZY,RJ,TN,DELIVERED,2026-10-05,TRN-873731,DELPROOF-07003002
EWB201343345,INV-2026-02103,33FG51BXW76I1ZC,247X5RRNYCIH1ZE,AP,MH,DELIVERED,2026-09-22,TRN-368823,DELPROOF-98843663
EWB936494842,INV-2026-02104,072L4X5BWAEN1ZH,27ST3TA195EQ1ZM,DL,TS,IN_TRANSIT,2026-09-03,TRN-985712,DELPROOF-91285642
EWB227368722,INV-2026-02105,07BPQGA6X85Z1ZX,37RQ8RTM4J3D1ZA,KA,RJ,IN_TRANSIT,2026-08-31,TRN-161452,DELPROOF-27572480
EWB681954301,INV-2026-02106,27JR6EET0DY51ZS,37WZZG4C4EPZ1ZK,KA,RJ,GENERATED,2026-07-06,TRN-510770,DELPROOF-48004246
EWB385159551,INV-2026-02107,07YHQIN9N6XC1ZI,07RYE89FX5RX1ZY,TS,TN,GENERATED,2026-06-18,TRN-163535,DELPROOF-83212795
EWB876518532,INV-2026-02108,09CWMPEQYDBP1ZF,07Q8QMXETIZU1ZX,AP,WB,DELIVERED,2026-07-01,TRN-525690,DELPROOF-03837881
EWB763973052,INV-2026-02109,07JTUW9OHTUG1ZR,091O5HD4HSBR1ZD,WB,AP,GENERATED,2026-08-02,TRN-188066,DELPROOF-22085692
EWB856095021,INV-2026-02110,19OZ7QMJCENT1ZM,0950OP7XMR8F1ZG,DL,AP,DELIVERED,2026-08-06,TRN-378969,DELPROOF-03367036
EWB894282421,INV-2026-02111,070M24US73W11ZV,24J1QI9MQVAY1ZU,GJ,DL,IN_TRANSIT,2026-08-30,TRN-132595,DELPROOF-39989792
EWB566021916,INV-2026-02112,07YJ9BOQ0IQ21ZE,09G34IQ7ZJ3S1ZU,RJ,WB,GENERATED,2026-06-26,TRN-219200,DELPROOF-37611664
EWB462624096,INV-2026-02113,339T9CD1LQJS1ZO,37E8BTSMAQ3O1ZJ,DL,KA,IN_TRANSIT,2026-09-12,TRN-771252,DELPROOF-37136371
EWB960131002,INV-2026-02114,24NBNPJDN2MI1ZF,2928DITMOWNX1ZZ,AP,MH,IN_TRANSIT,2026-09-04,TRN-966998,DELPROOF-42553509
EWB999214235,INV-2026-02115,09ISETUK1OOA1ZZ,19KXLCD81TWH1ZU,MH,KA,IN_TRANSIT,2026-06-12,TRN-190858,DELPROOF-46575967
EWB599132839,INV-2026-02116,07ASEH5E5RWS1ZE,3687K9TPZ1J81ZO,TS,KA,IN_TRANSIT,2026-06-05,TRN-104788,DELPROOF-90437841
EWB996291578,INV-2026-02117,07CCI68DS03V1ZM,29L9OT7TXKDO1ZR,UP,UP,DELIVERED,2026-09-21,TRN-849602,DELPROOF-81563242
EWB868470570,INV-2026-02118,24EHE2ATN2TW1ZC,37R6K2VMWWYZ1ZV,UP,RJ,IN_TRANSIT,2026-09-24,TRN-570060,DELPROOF-84732022
EWB158674444,INV-2026-02119,37OK63RVWOZQ1ZV,29YBHQGHLZRU1ZT,WB,WB,GENERATED,2026-07-10,TRN-915152,DELPROOF-63520122
EWB325583154,INV-2026-02120,09ZYF2EV4JI41ZS,191LLKSTN3CP1ZS,MH,UP,DELIVERED,2026-07-01,TRN-578900,DELPROOF-29918591
EWB437777520,INV-2026-02121,09TGGZ62FE9U1ZO,24VS9J6LNF041ZX,KA,RJ,GENERATED,2026-08-28,TRN-321956,DELPROOF-90497678
EWB716232868,INV-2026-02122,07WIXZ2C9ROS1ZW,07END7H10KYH1ZS,UP,TN,DELIVERED,2026-08-22,TRN-402871,DELPROOF-29097352
EWB624648772,INV-2026-02123,24UCNRI2I3971ZH,07RTT3NUPUY01ZW,WB,TN,GENERATED,2026-09-05,TRN-570953,DELPROOF-22094131
EWB164898616,INV-2026-02124,1941J2PATD931ZD,09XB3N27M5P71ZD,KA,TN,IN_TRANSIT,2026-08-18,TRN-169843,DELPROOF-59459644
EWB334609196,INV-2026-02125,19875AUD9K9T1ZP,095935A0L7251ZZ,DL,AP,GENERATED,2026-07-24,TRN-991505,DELPROOF-32441944
EWB522619713,INV-2026-02126,270PT2DA8DBF1ZA,36N10HLINH8J1ZT,GJ,UP,IN_TRANSIT,2026-06-16,TRN-677287,DELPROOF-63240846
EWB479476210,INV-2026-02127,373GQD7WKR1T1ZE,09QBSXLUL6LG1ZI,GJ,KA,IN_TRANSIT,2026-09-29,TRN-996300,DELPROOF-95733200
EWB121052848,INV-2026-02128,37OJWLRKXJTM1ZV,07WYPSWLDOQ51ZV,TS,TS,IN_TRANSIT,2026-06-16,TRN-907125,DELPROOF-51889746
EWB942996130,INV-2026-02129,074MJDXO100V1ZG,37Y8N1UTOXIE1ZX,AP,RJ,IN_TRANSIT,2026-07-17,TRN-618145,DELPROOF-39632014
EWB683206040,INV-2026-02130,37ICJDAN085R1ZM,19Y1Z682R6ZL1ZY,WB,KA,DELIVERED,2026-09-05,TRN-866203,DELPROOF-27095460
EWB232943248,INV-2026-02131,07RTT3NUPUY01ZW,362BNE6LOH251ZL,UP,DL,DELIVERED,2026-07-08,TRN-515551,DELPROOF-47252483
EWB323877421,INV-2026-02132,24IOYGGVNYRU1ZH,24K03W0FGEA91ZT,DL,KA,GENERATED,2026-07-26,TRN-181016,DELPROOF-74388036
EWB232267731,INV-2026-02133,29828XG8Y72I1ZS,36N10HLINH8J1ZT,GJ,KA,IN_TRANSIT,2026-07-01,TRN-498954,DELPROOF-80132799
EWB891388996,INV-2026-02134,36V1LTWBJ9UU1ZZ,0832U1IQ2BAJ1ZD,KA,AP,DELIVERED,2026-07-14,TRN-351269,DELPROOF-14057371
EWB543745947,INV-2026-02135,24FPODPEHCYO1ZR,33CITFOYQBKK1ZO,DL,RJ,GENERATED,2026-06-12,TRN-762349,DELPROOF-20001655
EWB271679937,INV-2026-02136,24OROI5J8YIT1ZZ,19FPL7QHVKVL1ZA,KA,WB,DELIVERED,2026-07-23,TRN-888850,DELPROOF-12724354
EWB875267073,INV-2026-02137,07GRY58VRW9M1ZV,19BPH1VE8SUS1ZF,MH,WB,GENERATED,2026-08-11,TRN-793229,DELPROOF-99016519
EWB277983612,INV-2026-02138,08JC2GOUIFEZ1ZA,09L5NFLTQ6801ZC,AP,MH,IN_TRANSIT,2026-06-24,TRN-435208,DELPROOF-18185681
EWB251732491,INV-2026-02139,299CSS9TOQW91ZI,08IUE2WNF5CA1ZC,MH,AP,IN_TRANSIT,2026-09-01,TRN-727026,DELPROOF-28990753
EWB237642481,INV-2026-02140,299CSS9TOQW91ZI,33Y84ZZ2P6EE1ZA,WB,AP,DELIVERED,2026-06-16,TRN-754990,DELPROOF-75272684
EWB156955178,INV-2026-02141,24UBLMNTFK7O1ZP,078YI340SQCN1ZE,GJ,GJ,GENERATED,2026-07-31,TRN-737838,DELPROOF-73111841
EWB585125834,INV-2026-02142,370R778NRXVO1ZB,27RE4V9KYPOF1ZJ,RJ,KA,GENERATED,2026-08-03,TRN-166763,DELPROOF-03756029
EWB393894450,INV-2026-02143,27L8MWOB4FDD1ZV,096YO6Z1T2XC1ZA,WB,WB,GENERATED,2026-09-01,TRN-237634,DELPROOF-48077073
EWB119495976,INV-2026-02144,1994DNMKZA3O1ZA,29JZP97BMZRR1ZX,TN,MH,GENERATED,2026-09-09,TRN-898400,DELPROOF-18182510
EWB866452619,INV-2026-02145,09NT0MQ8ABKA1ZE,29DRMSWJJJKS1ZK,RJ,RJ,DELIVERED,2026-06-28,TRN-831647,DELPROOF-71462220
EWB815230508,INV-2026-02146,09Q4TA5IVROC1ZT,369EHWHG0U431ZO,KA,GJ,IN_TRANSIT,2026-06-15,TRN-972229,DELPROOF-93936685
EWB956545252,INV-2026-02147,360JUM42WSC31ZY,37F0RIY4KL9A1ZP,AP,DL,GENERATED,2026-08-14,TRN-924605,DELPROOF-42685326
EWB507735812,INV-2026-02148,19Y1Z682R6ZL1ZY,24CL9LCQH1UF1ZZ,DL,AP,GENERATED,2026-08-17,TRN-643347,DELPROOF-00572425
EWB322255194,INV-2026-02149,29B98V341ONX1ZX,19PGBA9IN2XR1ZZ,TN,UP,GENERATED,2026-06-16,TRN-875727,DELPROOF-27784293
EWB267271865,INV-2026-02150,24NHQNJVDPNG1ZU,09XB3N27M5P71ZD,TN,TN,GENERATED,2026-06-14,TRN-801085,DELPROOF-33816940
EWB373048343,INV-2026-02151,33WGT2LB25481ZP,37ZSXPEFJ31E1ZF,AP,DL,IN_TRANSIT,2026-10-02,TRN-693517,DELPROOF-26825871
EWB961374581,INV-2026-02152,27V1A0Q24BOZ1ZK,09ASFEN0B09Z1ZH,MH,RJ,DELIVERED,2026-06-04,TRN-700902,DELPROOF-75393535
EWB572027959,INV-2026-02153,37FKVZS8UFX21ZB,29J76BIVISS81ZI,TN,DL,DELIVERED,2026-07-05,TRN-991558,DELPROOF-91275392
EWB519929793,INV-2026-02154,29232UTVG9KU1ZQ,373XQ8VA8X8L1ZX,KA,KA,DELIVERED,2026-08-03,TRN-411219,DELPROOF-13764794
EWB519717418,INV-2026-02155,082ATQYYV37D1ZH,07RTT3NUPUY01ZW,KA,WB,DELIVERED,2026-09-19,TRN-879973,DELPROOF-38470435
EWB203177073,INV-2026-02156,09BRSZ1N3IUZ1ZG,09VC9AQX6RZC1ZL,KA,MH,GENERATED,2026-07-21,TRN-388877,DELPROOF-73401995
EWB166747734,INV-2026-02157,0874QR14VUYV1ZZ,36S5NKB4EHOU1ZO,WB,AP,IN_TRANSIT,2026-09-18,TRN-488466,DELPROOF-42084260
EWB929007493,INV-2026-02158,24VFRUK94IW51ZA,33ZNWG3ZRZQ01ZS,RJ,WB,GENERATED,2026-08-09,TRN-698038,DELPROOF-02617357
EWB244156450,INV-2026-02159,07DMLC8XIZX31ZP,36FAZZ81SDW41ZQ,UP,AP,IN_TRANSIT,2026-09-07,TRN-168175,DELPROOF-20927740
EWB642815960,INV-2026-02160,243PGSF3YN721ZA,07WIXZ2C9ROS1ZW,WB,KA,DELIVERED,2026-09-18,TRN-722899,DELPROOF-30481977
EWB314867378,INV-2026-02161,246NYYCJ4Q0R1ZP,36FKRIG7JVDI1ZI,MH,KA,IN_TRANSIT,2026-06-23,TRN-928092,DELPROOF-73138831
EWB926686110,INV-2026-02162,08791ZYRRU7Z1ZJ,29G1AMRA5RBA1ZV,KA,WB,DELIVERED,2026-08-25,TRN-191116,DELPROOF-06980189
EWB677751292,INV-2026-02163,07YCG1FJGBVY1ZN,27N8ND7G0L3R1ZQ,DL,TN,GENERATED,2026-06-05,TRN-167148,DELPROOF-42067084
EWB679454685,INV-2026-02164,07YHQIN9N6XC1ZI,19CRUYF38DIU1ZN,UP,UP,GENERATED,2026-09-08,TRN-777475,DELPROOF-27835842
EWB155908163,INV-2026-02165,3607OXK8C1GR1ZA,335P03WVPUNW1ZC,KA,RJ,GENERATED,2026-08-03,TRN-943647,DELPROOF-74967535
EWB768739824,INV-2026-02166,09IIYMYRSVZN1ZM,244KII1NQ0EI1ZX,KA,KA,DELIVERED,2026-09-18,TRN-481898,DELPROOF-94580157
EWB762588488,INV-2026-02167,37N2LM1CBHT91ZR,33RSXKJKMPLB1ZB,RJ,UP,DELIVERED,2026-09-29,TRN-987953,DELPROOF-47022218
EWB346348060,INV-2026-02168,07HFSU4SE2KY1ZR,37A37E1J7V2A1ZZ,DL,MH,DELIVERED,2026-06-16,TRN-359145,DELPROOF-20424358
EWB298060476,INV-2026-02169,19NE6IT1EKKH1ZX,37T7S1GD1T531ZV,TS,AP,DELIVERED,2026-09-09,TRN-151882,DELPROOF-61283163
EWB627936471,INV-2026-02170,07HOWQ1GAZ5U1ZG,093KPUG99W591ZQ,TS,GJ,DELIVERED,2026-06-09,TRN-857958,DELPROOF-47925940
EWB598857504,INV-2026-02171,19MRUNJDU0IS1ZB,193V23GXJ0MQ1ZS,DL,RJ,GENERATED,2026-06-09,TRN-300465,DELPROOF-62874058
EWB742386923,INV-2026-02172,09V51ZLBORIQ1ZJ,19G2GZR7TXCB1ZC,UP,MH,DELIVERED,2026-10-01,TRN-989322,DELPROOF-82652602
EWB946892885,INV-2026-02173,36WS44C68AU91ZD,373E950ID0331ZR,TN,KA,GENERATED,2026-07-03,TRN-936798,DELPROOF-02212810
EWB196061747,INV-2026-02174,19U2T0JESGQ41ZB,37Z6146VEY0A1ZN,UP,UP,IN_TRANSIT,2026-06-25,TRN-115612,DELPROOF-07133215
EWB843525612,INV-2026-02175,36Z1OA3VF02G1ZT,36X8ERTB74RS1ZF,AP,KA,GENERATED,2026-08-25,TRN-532068,DELPROOF-57970655
EWB647361772,INV-2026-02176,097WR0R35IKG1ZD,29G1AMRA5RBA1ZV,TS,AP,GENERATED,2026-08-09,TRN-873916,DELPROOF-64459927
EWB694301455,INV-2026-02177,27IARONTDI9O1ZH,27ZS13C9XQYM1ZY,AP,MH,IN_TRANSIT,2026-08-07,TRN-468760,DELPROOF-19902332
EWB150449396,INV-2026-02178,365GJLQM5K8P1ZC,08LLGF309HSU1ZT,UP,TN,DELIVERED,2026-06-10,TRN-820787,DELPROOF-63154758
EWB842473113,INV-2026-02179,3374NL03LLU11ZA,24RWV9NJS96A1ZK,DL,UP,DELIVERED,2026-07-26,TRN-670286,DELPROOF-61320165
EWB835922200,INV-2026-02180,29TUL1P36P6Q1ZF,08GEFQJG02U11ZF,TS,KA,DELIVERED,2026-07-23,TRN-436466,DELPROOF-82943689
EWB818668582,INV-2026-02181,243PGSF3YN721ZA,0987XW69HZGO1ZN,KA,GJ,IN_TRANSIT,2026-08-18,TRN-997021,DELPROOF-75018151
EWB337925278,INV-2026-02182,27CR6C1PY6Q91ZV,370S2UTBTTY91ZF,DL,DL,IN_TRANSIT,2026-07-06,TRN-264108,DELPROOF-89746563
EWB233465476,INV-2026-02183,08OYTK06AKT71ZW,2430I6G61PCW1ZD,GJ,WB,GENERATED,2026-07-22,TRN-743540,DELPROOF-96170718
EWB778856902,INV-2026-02184,19H07WPH6FE01ZL,27VPYMB5M9J91ZB,DL,RJ,GENERATED,2026-08-17,TRN-871775,DELPROOF-59398459
EWB243507689,INV-2026-02185,33RFCD6MZSGI1ZO,29JZ09OWGMF41ZK,TS,RJ,DELIVERED,2026-07-25,TRN-617819,DELPROOF-88765242
EWB685194137,INV-2026-02186,33ALFWYPEEK01ZZ,3366PB90SPO31ZW,KA,DL,GENERATED,2026-09-22,TRN-941053,DELPROOF-18243665
EWB989203422,INV-2026-02187,19EVL7FQ8ABY1ZQ,36NRWZC4XL991ZQ,GJ,KA,IN_TRANSIT,2026-09-28,TRN-458397,DELPROOF-66308484
EWB709914094,INV-2026-02188,29G1AMRA5RBA1ZV,36UDS3QSQCQ31ZX,WB,UP,DELIVERED,2026-07-29,TRN-111814,DELPROOF-76609273
EWB644723543,INV-2026-02189,37Q3K8A7RV4N1ZL,249OE9419QZP1ZM,UP,RJ,DELIVERED,2026-07-29,TRN-163036,DELPROOF-46095906
EWB997819164,INV-2026-02190,2452NLOQTQ681ZT,07WIXZ2C9ROS1ZW,TN,DL,DELIVERED,2026-08-27,TRN-481622,DELPROOF-69368564
EWB476697547,INV-2026-02191,36QJNV8Z2FLU1ZJ,24QZHECBUQYP1ZH,UP,RJ,GENERATED,2026-09-02,TRN-159775,DELPROOF-95492562
EWB216716012,INV-2026-02192,074MJDXO100V1ZG,33NHQE86O3Z01ZA,UP,WB,IN_TRANSIT,2026-06-15,TRN-628743,DELPROOF-84865677
EWB730402215,INV-2026-02193,198CD31NRXD31ZS,27MOQXHGLG4P1ZX,WB,DL,DELIVERED,2026-07-14,TRN-119210,DELPROOF-95315154
EWB287552441,INV-2026-02194,27VBNHI6HABA1ZG,07ASEH5E5RWS1ZE,AP,AP,DELIVERED,2026-07-08,TRN-114731,DELPROOF-74382666
EWB202977982,INV-2026-02195,0845VDB828191ZZ,36T00IV1GGXR1ZD,KA,WB,IN_TRANSIT,2026-07-24,TRN-772432,DELPROOF-74651245
EWB435019975,INV-2026-02196,36OI9WM1SAV91ZB,24NBNPJDN2MI1ZF,DL,WB,GENERATED,2026-07-08,TRN-870581,DELPROOF-21448490
EWB105801119,INV-2026-02197,24RWV9NJS96A1ZK,0832U1IQ2BAJ1ZD,TS,MH,DELIVERED,2026-08-24,TRN-818867,DELPROOF-87311457
EWB743481885,INV-2026-02198,095WFCPKJCSL1ZO,29WZK4IE86DB1ZM,DL,GJ,IN_TRANSIT,2026-06-11,TRN-694901,DELPROOF-39993945
EWB994570085,INV-2026-02199,077P9JYQN15I1ZI,07SJ84TC2QSI1ZZ,MH,RJ,GENERATED,2026-08-19,TRN-505485,DELPROOF-25006520
EWB794339370,INV-2026-02200,19AYYOSYEOZ91ZX,096YO6Z1T2XC1ZA,DL,GJ,DELIVERED,2026-09-06,TRN-114844,DELPROOF-79785353
EWB313796366,INV-2026-02201,370S2UTBTTY91ZF,08VKAP6ZPXVW1ZY,GJ,GJ,IN_TRANSIT,2026-06-13,TRN-134680,DELPROOF-55960333
EWB253298987,INV-2026-02202,24Q15FBS4WVT1ZX,37RQ8RTM4J3D1ZA,AP,WB,GENERATED,2026-09-06,TRN-724083,DELPROOF-82578745
EWB399602831,INV-2026-02203,19NGIXMC4SX21ZH,368TANA6U48G1ZT,GJ,DL,IN_TRANSIT,2026-09-13,TRN-547493,DELPROOF-91199861
EWB457448298,INV-2026-02204,33CITFOYQBKK1ZO,373GQD7WKR1T1ZE,MH,WB,DELIVERED,2026-06-09,TRN-756423,DELPROOF-98479397
EWB146304727,INV-2026-02205,36BTD5OAIINM1ZJ,19AYYOSYEOZ91ZX,GJ,KA,GENERATED,2026-07-26,TRN-359153,DELPROOF-86829985
EWB597503347,INV-2026-02206,37NWNGUCZH9I1ZD,36KXCQ91YY1J1ZY,MH,TS,IN_TRANSIT,2026-08-13,TRN-537492,DELPROOF-25497915
EWB285049734,INV-2026-02207,07AHCPZTC69Q1ZJ,27H8RQ9NZ6121ZG,MH,GJ,DELIVERED,2026-08-07,TRN-939797,DELPROOF-79770283
EWB458680147,INV-2026-02208,07GPJ60SRYZX1ZN,2796KHUB2RTS1ZM,WB,MH,DELIVERED,2026-09-30,TRN-743406,DELPROOF-55564656
EWB386716764,INV-2026-02209,29WLQ6EXNWZR1ZX,33X1945NQ4FM1ZV,AP,AP,DELIVERED,2026-10-01,TRN-545594,DELPROOF-02410497
EWB206877654,INV-2026-02210,07NY20479T6V1ZV,09IIYMYRSVZN1ZM,MH,DL,GENERATED,2026-07-04,TRN-283068,DELPROOF-81396350
EWB236385840,INV-2026-02211,360AJUFQYMBN1ZU,24E4PO1I3MSD1ZL,AP,DL,GENERATED,2026-08-20,TRN-213564,DELPROOF-33385807
EWB618290710,INV-2026-02212,331M264UPJ161ZC,36UDS3QSQCQ31ZX,UP,TS,IN_TRANSIT,2026-08-17,TRN-635851,DELPROOF-66397204
EWB492757513,INV-2026-02213,07AHCPZTC69Q1ZJ,29SPD2SW24WJ1ZR,DL,AP,DELIVERED,2026-08-19,TRN-860520,DELPROOF-24055743
EWB139234326,INV-2026-02214,37XGSPLTI8991ZA,070M24US73W11ZV,WB,TS,DELIVERED,2026-08-23,TRN-698575,DELPROOF-82301918
EWB337291245,INV-2026-02215,24IXDU1EMMX31ZV,2731YHXSO7VB1ZF,MH,TS,DELIVERED,2026-07-31,TRN-725746,DELPROOF-58837090
EWB389565393,INV-2026-02216,37M5PUU62RZV1ZY,0845VDB828191ZZ,GJ,KA,DELIVERED,2026-07-26,TRN-570481,DELPROOF-42919933
EWB214116148,INV-2026-02217,29TEDQMVQWPQ1ZN,24FWY8AV2OSG1ZF,UP,TS,IN_TRANSIT,2026-07-28,TRN-350545,DELPROOF-66774256
EWB939963744,INV-2026-02218,077P9JYQN15I1ZI,096QMGK2F5FE1ZT,UP,TS,GENERATED,2026-06-06,TRN-835101,DELPROOF-20633006
EWB848672241,INV-2026-02219,37FLOAZ1RO031ZC,36OI9WM1SAV91ZB,DL,TN,DELIVERED,2026-08-01,TRN-975057,DELPROOF-04259530
EWB112451484,INV-2026-02220,369BP4M18O1B1ZI,29XJN6FOKZIX1ZW,TS,GJ,DELIVERED,2026-08-03,TRN-999136,DELPROOF-75839486
EWB821067111,INV-2026-02221,2402WPJCF07V1ZB,07H3YRGHWZKA1ZF,TN,TN,DELIVERED,2026-06-04,TRN-952479,DELPROOF-17822484
EWB182239485,INV-2026-02222,37FLOAZ1RO031ZC,19ETIUYMO0PQ1ZC,AP,MH,IN_TRANSIT,2026-09-21,TRN-563087,DELPROOF-56410692
EWB416711913,INV-2026-02223,19H6NHKSQNAL1ZN,19AGHFT9ZZCG1ZK,KA,AP,GENERATED,2026-08-27,TRN-546431,DELPROOF-66941563
EWB528105758,INV-2026-02224,3681IQY5SXAW1ZK,29RTIG7ZD9B71ZK,KA,GJ,IN_TRANSIT,2026-09-17,TRN-116483,DELPROOF-21026638
EWB788159897,INV-2026-02225,27XK5BXJ2POP1ZM,07LOD9R7ANQJ1ZK,TS,KA,DELIVERED,2026-07-15,TRN-213333,DELPROOF-33118269
EWB363675856,INV-2026-02226,19G2GZR7TXCB1ZC,37T7S1GD1T531ZV,TN,AP,DELIVERED,2026-08-22,TRN-113980,DELPROOF-44653053
EWB470427553,INV-2026-02227,27ZNBQH7M35I1ZV,33TGDUQ6DDTB1ZW,DL,TN,DELIVERED,2026-09-30,TRN-767524,DELPROOF-94153519
EWB687007486,INV-2026-02228,27ZNBQH7M35I1ZV,332WYJXTJGCE1ZD,GJ,WB,IN_TRANSIT,2026-09-30,TRN-248215,DELPROOF-24831567
EWB610180861,INV-2026-02229,19LDOL65WVJX1ZY,08XLSEUNNRLS1ZQ,RJ,TN,DELIVERED,2026-06-21,TRN-560684,DELPROOF-87026721
EWB645411470,INV-2026-02230,29TRC85EHPZR1ZT,07HFSU4SE2KY1ZR,WB,MH,GENERATED,2026-08-15,TRN-980681,DELPROOF-75345381
EWB955473521,INV-2026-02231,27TMY91OTKZH1ZR,19U2T0JESGQ41ZB,DL,RJ,IN_TRANSIT,2026-09-25,TRN-443269,DELPROOF-27319700
EWB988232089,INV-2026-02232,09U8WPFQ2BHA1ZH,0981L51FLMNA1ZS,DL,DL,GENERATED,2026-06-12,TRN-569893,DELPROOF-41173508
EWB341201449,INV-2026-02233,077P9JYQN15I1ZI,08MF4NNKM95D1ZX,DL,DL,GENERATED,2026-06-14,TRN-637855,DELPROOF-03704719
EWB251832909,INV-2026-02234,36G0FN9XUY411ZH,33JZC58CU47S1ZM,AP,GJ,IN_TRANSIT,2026-06-26,TRN-678069,DELPROOF-15035414
EWB705831983,INV-2026-02235,09ISETUK1OOA1ZZ,07RTT3NUPUY01ZW,AP,UP,DELIVERED,2026-08-09,TRN-959764,DELPROOF-40494449
EWB794210978,INV-2026-02236,09IIYMYRSVZN1ZM,33H4NRED6M421ZE,RJ,KA,IN_TRANSIT,2026-06-11,TRN-383037,DELPROOF-94944576
EWB719758448,INV-2026-02237,0984Z4UR2YUP1ZL,29X08N6Q7NC81ZR,DL,UP,GENERATED,2026-06-29,TRN-646030,DELPROOF-04163128
EWB198143001,INV-2026-02238,2928DITMOWNX1ZZ,36T00IV1GGXR1ZD,GJ,TN,GENERATED,2026-07-17,TRN-387125,DELPROOF-49216730
EWB887660274,INV-2026-02239,08HR07N8VOEU1ZB,074MJDXO100V1ZG,RJ,MH,IN_TRANSIT,2026-08-05,TRN-835337,DELPROOF-13131358
EWB437082874,INV-2026-02240,368XMOE545VY1ZA,29DRMSWJJJKS1ZK,RJ,RJ,GENERATED,2026-07-23,TRN-483060,DELPROOF-20249119
EWB907263193,INV-2026-02241,24V25AO20U9I1ZQ,19JFVYB6LI071ZL,UP,DL,DELIVERED,2026-07-31,TRN-300418,DELPROOF-72740952
EWB797022204,INV-2026-02242,07GDD8MWE7761ZT,36DLAXAHHXKW1ZB,WB,DL,IN_TRANSIT,2026-07-24,TRN-328934,DELPROOF-55942146
EWB444692685,INV-2026-02243,27ZGFLIG5GKZ1ZI,27W8GAKH3YCQ1ZD,TN,GJ,DELIVERED,2026-08-25,TRN-563748,DELPROOF-33705713
EWB830243253,INV-2026-02244,19EVL7FQ8ABY1ZQ,24X8SYLEMRUY1ZN,TN,UP,DELIVERED,2026-10-02,TRN-798512,DELPROOF-13720931
EWB993785052,INV-2026-02245,09TGGZ62FE9U1ZO,36UDS3QSQCQ31ZX,AP,TS,GENERATED,2026-09-06,TRN-114065,DELPROOF-72766599
EWB636656280,INV-2026-02246,278GUAS173RI1ZG,07BPQGA6X85Z1ZX,KA,AP,GENERATED,2026-06-05,TRN-648935,DELPROOF-81823712
EWB603376459,INV-2026-02247,08FNKOMV2XCD1ZV,29O1PVLND5811ZK,TS,GJ,GENERATED,2026-07-18,TRN-952541,DELPROOF-26434337
EWB860836142,INV-2026-02248,08E226PARSG71ZX,07Q8QMXETIZU1ZX,TN,DL,IN_TRANSIT,2026-09-01,TRN-354055,DELPROOF-83911384
EWB988148269,INV-2026-02249,24R3UV43MCO01ZC,37ZOLNNTXRGN1ZL,RJ,GJ,GENERATED,2026-10-01,TRN-739494,DELPROOF-93189562
EWB391228546,INV-2026-02250,097WR0R35IKG1ZD,36V1LTWBJ9UU1ZZ,RJ,GJ,DELIVERED,2026-07-06,TRN-416312,DELPROOF-61483103
EWB801598601,INV-2026-02251,090ODWMQX5GG1ZM,33CPKLV69EOX1ZV,KA,WB,DELIVERED,2026-07-12,TRN-297113,DELPROOF-69601778
EWB828180944,INV-2026-02252,33GXP5CITUF81ZB,33TGDUQ6DDTB1ZW,TN,MH,GENERATED,2026-08-26,TRN-230196,DELPROOF-22267070
EWB991831120,INV-2026-02253,29ATWYAM1N0L1ZG,08M89I9GX32U1ZE,RJ,MH,DELIVERED,2026-08-12,TRN-461603,DELPROOF-88360491
EWB508544761,INV-2026-02254,331R9Z27UJDL1ZU,29JT70EBPY9E1ZQ,DL,UP,IN_TRANSIT,2026-08-26,TRN-138919,DELPROOF-01104210
EWB720705315,INV-2026-02255,07BPQGA6X85Z1ZX,07F060O4VFK91ZQ,AP,GJ,DELIVERED,2026-09-22,TRN-457946,DELPROOF-76717403
EWB643764537,INV-2026-02256,37ICJDAN085R1ZM,37T7S1GD1T531ZV,AP,RJ,DELIVERED,2026-09-21,TRN-652629,DELPROOF-80329148
EWB731794820,INV-2026-02257,29WO8NBHNAL31ZG,37OAZTKSZP7G1ZD,MH,UP,GENERATED,2026-09-22,TRN-211083,DELPROOF-66763939
EWB606527921,INV-2026-02258,27IS2GY9YTJU1ZO,336NYQAELYYZ1ZW,KA,TS,DELIVERED,2026-10-02,TRN-834066,DELPROOF-76921718
EWB477277774,INV-2026-02259,08XLSEUNNRLS1ZQ,07C9R4X1V4DX1ZQ,WB,KA,IN_TRANSIT,2026-09-12,TRN-654580,DELPROOF-68781278
EWB959937668,INV-2026-02260,37XA5S00I85S1ZW,338SA3IDY3C71ZP,UP,TN,GENERATED,2026-09-25,TRN-499768,DELPROOF-16522306
EWB704037166,INV-2026-02261,09DP2FMR0TJO1ZN,36W04I3DZXLR1ZF,KA,TN,IN_TRANSIT,2026-06-07,TRN-343802,DELPROOF-32773106
EWB129284779,INV-2026-02262,33CPKLV69EOX1ZV,291AFDTOHRNQ1ZH,UP,TN,GENERATED,2026-07-18,TRN-308054,DELPROOF-19433423
EWB482289725,INV-2026-02263,33Y6452H2ZQU1ZD,36Z5TOZO32TC1ZS,TS,MH,IN_TRANSIT,2026-08-10,TRN-618359,DELPROOF-62764484
EWB452482451,INV-2026-02264,077H9G1A07H21ZW,37JVLCG1J5EW1ZE,UP,KA,DELIVERED,2026-06-13,TRN-193526,DELPROOF-95762345
EWB881893607,INV-2026-02265,3313CD5GLQJ51ZQ,294KOXHJMIA61ZV,GJ,GJ,GENERATED,2026-09-08,TRN-211934,DELPROOF-58313297
EWB469367748,INV-2026-02266,19JY5OP9LBSM1ZT,097Q5EGVLKDN1ZM,RJ,UP,IN_TRANSIT,2026-07-02,TRN-845588,DELPROOF-09824084
EWB819951113,INV-2026-02267,07KA34MQA78R1ZA,19KXLCD81TWH1ZU,TN,TS,GENERATED,2026-08-27,TRN-116444,DELPROOF-38097951
EWB832923269,INV-2026-02268,24CQPHLI5L691ZZ,29XN0GUO4KH21ZT,UP,UP,DELIVERED,2026-07-25,TRN-108882,DELPROOF-90997061
EWB669975678,INV-2026-02269,19QIOB0NLW0V1ZQ,37Y8N1UTOXIE1ZX,TN,TS,GENERATED,2026-06-08,TRN-668883,DELPROOF-69085965
EWB924629497,INV-2026-02270,367FXLOZ2RCU1ZX,36G0FN9XUY411ZH,RJ,AP,GENERATED,2026-07-22,TRN-612226,DELPROOF-40030974
EWB805794921,INV-2026-02271,295VRZ38EFE91ZT,331R9Z27UJDL1ZU,WB,TS,GENERATED,2026-07-13,TRN-449273,DELPROOF-88012714
EWB867559887,INV-2026-02272,07C9R4X1V4DX1ZQ,27Y6QKTC89K81ZW,TS,UP,IN_TRANSIT,2026-10-01,TRN-575683,DELPROOF-21340628
EWB987511522,INV-2026-02273,09G29D2FF5L61ZB,24V46WYSIRRK1ZY,GJ,MH,GENERATED,2026-09-20,TRN-719241,DELPROOF-84510044
EWB986681267,INV-2026-02274,2430VVIJVDDW1ZT,36IP3TVF51Z51ZB,DL,KA,GENERATED,2026-06-26,TRN-528438,DELPROOF-00683915
EWB874295223,INV-2026-02275,36HZ364PKNT51ZH,096QMGK2F5FE1ZT,AP,MH,GENERATED,2026-06-23,TRN-295651,DELPROOF-38214479
EWB435711066,INV-2026-02276,191KFK7Y6QXD1ZQ,0793ACZSX0GN1ZW,MH,AP,GENERATED,2026-07-13,TRN-490164,DELPROOF-40088685
EWB919828157,INV-2026-02277,37CVSQAME4YR1ZH,09OTHLQH7PPC1ZA,AP,GJ,IN_TRANSIT,2026-09-14,TRN-820550,DELPROOF-19929908
EWB834220599,INV-2026-02278,37T7S1GD1T531ZV,19BPH1VE8SUS1ZF,TN,GJ,GENERATED,2026-10-01,TRN-994040,DELPROOF-54355972
EWB739388572,INV-2026-02279,08ITMOFMMWI91ZQ,196E1ZHWY9HE1ZC,WB,KA,DELIVERED,2026-08-12,TRN-850206,DELPROOF-16564454
EWB910181602,INV-2026-02280,081W1WUDCBL41ZC,09L00EZZF8S21ZX,TN,RJ,IN_TRANSIT,2026-09-03,TRN-294996,DELPROOF-83233867
EWB158112944,INV-2026-02281,09JCHZJQ8CXX1ZV,24JR211PV58Y1ZA,KA,KA,IN_TRANSIT,2026-07-06,TRN-701059,DELPROOF-06869225
EWB930317422,INV-2026-02282,08VKAP6ZPXVW1ZY,36GWY7D78HWK1ZZ,UP,UP,DELIVERED,2026-08-17,TRN-876884,DELPROOF-58499974
EWB937184869,INV-2026-02283,08QIMQODPXNF1ZP,36HK403UXH9A1ZY,DL,MH,DELIVERED,2026-07-22,TRN-744277,DELPROOF-96824000
EWB519925445,INV-2026-02284,24V46WYSIRRK1ZY,29AD3WRDHW9R1ZD,GJ,GJ,DELIVERED,2026-09-05,TRN-766405,DELPROOF-43959367
EWB356061463,INV-2026-02285,07LOD9R7ANQJ1ZK,36TFEBE5407K1ZI,TS,TN,IN_TRANSIT,2026-08-17,TRN-526461,DELPROOF-85172804
EWB885451793,INV-2026-02286,3389FKBI4O6Q1ZX,36XQ9JB354MY1ZN,TS,WB,GENERATED,2026-07-09,TRN-776517,DELPROOF-94045158
EWB345333393,INV-2026-02287,07SFA6D9ER941ZR,09OXKO8G8QYN1ZN,GJ,UP,DELIVERED,2026-09-21,TRN-206152,DELPROOF-15825701
EWB154573624,INV-2026-02288,376U79XBPH5C1ZG,08NYARNNEZTE1ZD,RJ,KA,IN_TRANSIT,2026-09-10,TRN-980292,DELPROOF-81725826
EWB770192048,INV-2026-02289,09OEMQGY27VY1ZK,19WVTKH861PQ1ZH,MH,TN,DELIVERED,2026-06-12,TRN-589481,DELPROOF-61572015
EWB793765511,INV-2026-02290,27FAW1LXXD8T1ZY,24AV1G8NTAFU1ZT,UP,KA,IN_TRANSIT,2026-07-25,TRN-354968,DELPROOF-71243130
EWB959690310,INV-2026-02291,373GQD7WKR1T1ZE,24U5CZECCFS71ZH,RJ,AP,IN_TRANSIT,2026-08-01,TRN-406065,DELPROOF-10919102
EWB121915894,INV-2026-02292,07FKHDIU1JTK1ZA,1934KUQAAJ841ZP,GJ,RJ,GENERATED,2026-06-05,TRN-659270,DELPROOF-63136728
EWB847176600,INV-2026-02293,091NKBTFSHB01ZM,0923O359TSUJ1ZR,UP,UP,DELIVERED,2026-07-30,TRN-129583,DELPROOF-89766652
EWB793013453,INV-2026-02294,09XB3N27M5P71ZD,29TUL1P36P6Q1ZF,KA,RJ,GENERATED,2026-09-02,TRN-998824,DELPROOF-67527659
EWB620961101,INV-2026-02295,0952DEZH0CD81ZA,33XN2ELALQ261ZR,GJ,TN,GENERATED,2026-07-30,TRN-200083,DELPROOF-26661156
EWB978083041,INV-2026-02296,29N91FY6YO8D1ZI,09OEMQGY27VY1ZK,KA,AP,IN_TRANSIT,2026-07-14,TRN-916647,DELPROOF-96855920
EWB698924773,INV-2026-02297,37QPWDXYASVD1ZA,246NYYCJ4Q0R1ZP,KA,DL,IN_TRANSIT,2026-08-09,TRN-661461,DELPROOF-03417608
EWB320300420,INV-2026-02298,08ITMOFMMWI91ZQ,37AW4IOAR4G51ZS,GJ,KA,GENERATED,2026-08-30,TRN-541758,DELPROOF-29719439
EWB242342892,INV-2026-02299,27TD96QE3RZS1ZI,09VYLKFXHKC81ZX,AP,MH,IN_TRANSIT,2026-08-20,TRN-744963,DELPROOF-07577478
EWB832916697,INV-2026-02300,09V51ZLBORIQ1ZJ,33R09SKDGIGA1ZR,KA,MH,GENERATED,2026-08-13,TRN-208265,DELPROOF-18629583
EWB829237421,INV-2026-02301,36I5P5NVQEBW1ZS,29R7S20CV3TL1ZC,WB,TN,DELIVERED,2026-07-05,TRN-962492,DELPROOF-44397231
EWB519319269,INV-2026-02302,07KPK7YSWNXF1ZQ,24EFJAWSHMLF1ZW,DL,MH,GENERATED,2026-07-23,TRN-945218,DELPROOF-83527625
EWB218734971,INV-2026-02303,19NE6IT1EKKH1ZX,24IOYGGVNYRU1ZH,UP,WB,IN_TRANSIT,2026-09-01,TRN-197475,DELPROOF-53260682
EWB486222867,INV-2026-02304,095935A0L7251ZZ,09QEQ7Z7E5RD1ZE,MH,RJ,GENERATED,2026-08-21,TRN-371482,DELPROOF-58958196
EWB188256679,INV-2026-02305,096YO6Z1T2XC1ZA,19WTEK17M6J31ZP,KA,UP,DELIVERED,2026-08-28,TRN-935206,DELPROOF-72590826
EWB922411226,INV-2026-02306,2977TNQETMNI1ZP,1912O003E82E1ZL,TS,GJ,DELIVERED,2026-07-05,TRN-375939,DELPROOF-30761818
EWB918557730,INV-2026-02307,07WYPSWLDOQ51ZV,076QE7AJUL7W1ZC,TS,DL,IN_TRANSIT,2026-08-27,TRN-428442,DELPROOF-89259994
EWB969384858,INV-2026-02308,07HHUZ83YUXY1ZN,29FS8Q0PXAEC1ZU,TN,GJ,DELIVERED,2026-07-13,TRN-600986,DELPROOF-25760796
EWB854383091,INV-2026-02309,37BBKJY2NZ7V1ZD,27JR6EET0DY51ZS,KA,WB,IN_TRANSIT,2026-09-01,TRN-272836,DELPROOF-09098099
EWB173880306,INV-2026-02310,07F5A7QY8YB71ZU,37M6X7P7AHUG1ZX,GJ,RJ,GENERATED,2026-09-19,TRN-532259,DELPROOF-16892843
EWB623962430,INV-2026-02311,07RF899OFPVI1ZL,24V25AO20U9I1ZQ,WB,MH,GENERATED,2026-06-18,TRN-412942,DELPROOF-13968830
EWB329530983,INV-2026-02312,1912O003E82E1ZL,36FWYJXRPJ1E1ZN,MH,WB,GENERATED,2026-09-10,TRN-595862,DELPROOF-69074270
EWB781841734,INV-2026-02313,36NRWZC4XL991ZQ,33YUJ7YKTXG41ZA,RJ,TN,DELIVERED,2026-08-22,TRN-167071,DELPROOF-00294873
EWB476981896,INV-2026-02314,29A2FQZTIO4M1ZM,24LGB0S0R2SD1ZQ,TS,RJ,IN_TRANSIT,2026-07-29,TRN-887457,DELPROOF-44112577
EWB332879556,INV-2026-02315,27TMFEK2O7FH1ZQ,37WZZG4C4EPZ1ZK,KA,DL,DELIVERED,2026-06-18,TRN-989357,DELPROOF-71977314
EWB455084243,INV-2026-02316,37V80LKX1S9X1ZJ,29G1F8YC8GZK1ZD,AP,DL,GENERATED,2026-08-09,TRN-696830,DELPROOF-11896397
EWB855389469,INV-2026-02317,07JTUW9OHTUG1ZR,33UPLVQEXUYH1ZE,RJ,AP,IN_TRANSIT,2026-09-09,TRN-330334,DELPROOF-89162578
EWB548589449,INV-2026-02318,09PBJEK5RBW21ZW,36L90AOBT3281ZU,AP,AP,GENERATED,2026-07-14,TRN-222067,DELPROOF-83901347
EWB709572564,INV-2026-02319,08V6OH9SDBDW1ZZ,07RYE89FX5RX1ZY,KA,WB,DELIVERED,2026-09-12,TRN-924698,DELPROOF-54619332
EWB294390639,INV-2026-02320,339T9CD1LQJS1ZO,33NN6TJ9XPF01ZA,UP,TN,IN_TRANSIT,2026-09-24,TRN-467705,DELPROOF-67803119
EWB869358572,INV-2026-02321,07RTT3NUPUY01ZW,33UPLVQEXUYH1ZE,TN,RJ,DELIVERED,2026-06-28,TRN-442415,DELPROOF-38930159
EWB781962059,INV-2026-02322,37ALULDRYHR31ZV,240KQD8UNPIO1ZI,MH,RJ,GENERATED,2026-06-09,TRN-379777,DELPROOF-14280842
EWB774696105,INV-2026-02323,27TZE5R5UQPG1ZB,37JC36OQOLOE1ZA,TN,GJ,GENERATED,2026-08-25,TRN-452152,DELPROOF-90315056
EWB530554472,INV-2026-02324,331ZM4IX4ZCR1ZG,19DBIDE6UITJ1ZT,RJ,WB,IN_TRANSIT,2026-08-27,TRN-697333,DELPROOF-60836250
EWB408044147,INV-2026-02325,08F678K52QC11ZH,36PW6M9HKHJG1ZR,DL,GJ,GENERATED,2026-07-08,TRN-794294,DELPROOF-71674746
EWB309566967,INV-2026-02326,37WVFGYW6ZBN1ZX,33ZR1YXR2DHY1ZJ,KA,DL,GENERATED,2026-09-26,TRN-985610,DELPROOF-63064183
EWB570711263,INV-2026-02327,33NHQE86O3Z01ZA,24C1XI04B7P41ZB,MH,TS,IN_TRANSIT,2026-06-27,TRN-335518,DELPROOF-13300819
EWB123791480,INV-2026-02328,29Q05PXT6RID1ZJ,249NB74X2EK31ZW,MH,UP,GENERATED,2026-07-05,TRN-341425,DELPROOF-19973242
EWB174323640,INV-2026-02329,249NB74X2EK31ZW,27K32OOUXQS11ZE,DL,KA,IN_TRANSIT,2026-06-25,TRN-214945,DELPROOF-89226906
EWB464123195,INV-2026-02330,24LJX8XGSIC41ZZ,19I08L0HG9NC1ZA,DL,KA,GENERATED,2026-06-23,TRN-107889,DELPROOF-65546503
EWB750895386,INV-2026-02331,09OEMQGY27VY1ZK,33Y6452H2ZQU1ZD,AP,MH,IN_TRANSIT,2026-09-05,TRN-781818,DELPROOF-96149041
EWB730012148,INV-2026-02332,0925SQ8CROYR1ZO,299DYFNGP41S1ZO,AP,RJ,IN_TRANSIT,2026-08-14,TRN-958019,DELPROOF-70336893
EWB137473615,INV-2026-02333,299GNLPYO2M21ZU,096F7QNEZW9H1ZE,TN,AP,GENERATED,2026-07-25,TRN-785892,DELPROOF-19013052
EWB836740235,INV-2026-02334,37V80LKX1S9X1ZJ,29JOV58TOE3P1ZF,RJ,WB,IN_TRANSIT,2026-08-31,TRN-447587,DELPROOF-51939677
EWB217470233,INV-2026-02335,37ZOLNNTXRGN1ZL,33TVJ0PTJXFQ1ZI,TS,TS,GENERATED,2026-08-03,TRN-727464,DELPROOF-05778244
EWB481709534,INV-2026-02336,08MF4NNKM95D1ZX,24NHQNJVDPNG1ZU,MH,WB,GENERATED,2026-06-14,TRN-248333,DELPROOF-99867202
EWB559253635,INV-2026-02337,096OM1FB8C7X1ZX,37LDSFR4MUEK1ZH,UP,KA,IN_TRANSIT,2026-09-06,TRN-348653,DELPROOF-45839360
EWB327025585,INV-2026-02338,074I6R8SO5WI1ZQ,36TFEBE5407K1ZI,TS,KA,DELIVERED,2026-08-03,TRN-605418,DELPROOF-65543969
EWB507644764,INV-2026-02339,09YL68NTK63N1ZZ,36DLAXAHHXKW1ZB,KA,KA,GENERATED,2026-09-27,TRN-926203,DELPROOF-07165629
EWB646539432,INV-2026-02340,078CYNL63GAG1ZS,0981L51FLMNA1ZS,WB,WB,DELIVERED,2026-06-22,TRN-759954,DELPROOF-20689360
EWB811278451,INV-2026-02341,08V6OH9SDBDW1ZZ,081W1WUDCBL41ZC,TN,MH,GENERATED,2026-06-15,TRN-367162,DELPROOF-30611537
EWB939980806,INV-2026-02342,19WVTKH861PQ1ZH,37LDSFR4MUEK1ZH,MH,RJ,IN_TRANSIT,2026-09-18,TRN-832618,DELPROOF-93273184
EWB292122510,INV-2026-02343,296JIXUB4IBH1ZH,27T1ELOU83G41ZV,WB,KA,DELIVERED,2026-08-23,TRN-239502,DELPROOF-69265746
EWB740338628,INV-2026-02344,27N9J3GC9HOX1ZD,08ITMOFMMWI91ZQ,DL,KA,DELIVERED,2026-07-27,TRN-410052,DELPROOF-27235758
EWB170270685,INV-2026-02345,29NPR424TKB91ZM,08MF4NNKM95D1ZX,WB,AP,GENERATED,2026-06-19,TRN-609140,DELPROOF-65301652
EWB884092254,INV-2026-02346,37XGSPLTI8991ZA,24V46WYSIRRK1ZY,TN,UP,IN_TRANSIT,2026-09-01,TRN-651801,DELPROOF-98088999
EWB573323968,INV-2026-02347,07SFA6D9ER941ZR,19A09LZRK79U1ZE,TN,AP,IN_TRANSIT,2026-08-17,TRN-187585,DELPROOF-90705153
EWB516914753,INV-2026-02348,08GEFQJG02U11ZF,29JT70EBPY9E1ZQ,AP,TS,DELIVERED,2026-09-10,TRN-321172,DELPROOF-49112954
EWB179759682,INV-2026-02349,19NGIXMC4SX21ZH,29L9OT7TXKDO1ZR,MH,AP,DELIVERED,2026-07-24,TRN-502491,DELPROOF-00506934
EWB258231437,INV-2026-02350,33R9P6HJB2JT1ZU,27S832EJX5TD1ZQ,GJ,TN,DELIVERED,2026-08-12,TRN-542079,DELPROOF-82428412
EWB609311986,INV-2026-02351,33VUQT2LWHED1ZG,33R09SKDGIGA1ZR,TS,KA,IN_TRANSIT,2026-09-06,TRN-580431,DELPROOF-34916818
EWB751953705,INV-2026-02352,09ZRKBFQXLBV1ZM,09L5NFLTQ6801ZC,UP,DL,GENERATED,2026-08-29,TRN-992472,DELPROOF-49526457
EWB413574544,INV-2026-02353,24VS0CDK36M81ZI,09YK8516SP181ZM,MH,UP,IN_TRANSIT,2026-09-28,TRN-889698,DELPROOF-63464702
EWB119158086,INV-2026-02354,24UBLMNTFK7O1ZP,372IHOY7DV7C1ZC,TS,WB,IN_TRANSIT,2026-06-03,TRN-775061,DELPROOF-15592791
EWB247386813,INV-2026-02355,36EQY08P0FOD1ZP,08H9NKLYBWGM1ZN,TN,DL,IN_TRANSIT,2026-07-25,TRN-666987,DELPROOF-09602646
EWB938705368,INV-2026-02356,33GYSPENGWYX1ZF,2799HEXW8L851ZI,TS,TN,GENERATED,2026-07-23,TRN-838761,DELPROOF-00012454
EWB372879442,INV-2026-02357,19JFVYB6LI071ZL,24EHE2ATN2TW1ZC,DL,GJ,GENERATED,2026-07-24,TRN-404943,DELPROOF-55698726
EWB923661314,INV-2026-02358,27ADNBCJ29YF1ZB,373XQ8VA8X8L1ZX,UP,KA,GENERATED,2026-09-17,TRN-564662,DELPROOF-62337968
EWB254811062,INV-2026-02359,198CD31NRXD31ZS,29955CF72GNN1ZT,RJ,UP,GENERATED,2026-07-26,TRN-628884,DELPROOF-30449026
EWB906614222,INV-2026-02360,198CD31NRXD31ZS,29TRC85EHPZR1ZT,RJ,MH,DELIVERED,2026-09-09,TRN-959428,DELPROOF-55639086
EWB308752307,INV-2026-02361,09VUNLPAIH0P1ZL,19UW2XH6QIHP1ZM,MH,AP,GENERATED,2026-08-08,TRN-690312,DELPROOF-44898487
EWB585046392,INV-2026-02362,19JFVYB6LI071ZL,19DBIDE6UITJ1ZT,KA,TN,GENERATED,2026-09-14,TRN-399659,DELPROOF-50947563
EWB916388757,INV-2026-02363,36FKRIG7JVDI1ZI,19Y1Z682R6ZL1ZY,MH,TN,DELIVERED,2026-09-16,TRN-820965,DELPROOF-02507043
EWB910110294,INV-2026-02364,088Z3V6DIXFW1ZS,36MQIYFRWSKP1ZZ,GJ,DL,IN_TRANSIT,2026-07-23,TRN-781764,DELPROOF-27825615
EWB707363794,INV-2026-02365,36SBUOV6TT9Q1ZY,24IOYGGVNYRU1ZH,WB,UP,DELIVERED,2026-09-29,TRN-273863,DELPROOF-08332750
EWB677411757,INV-2026-02366,07OUZE66VW9B1ZX,33RMC5S3OFAW1ZT,MH,MH,IN_TRANSIT,2026-08-20,TRN-309649,DELPROOF-78128758
EWB358496209,INV-2026-02367,33DY5EGTBXPS1ZN,19CBZAMD270S1ZR,TN,GJ,IN_TRANSIT,2026-08-06,TRN-176916,DELPROOF-61212328
EWB101258423,INV-2026-02368,19LDOL65WVJX1ZY,09B0UKOEFUKP1ZT,MH,DL,DELIVERED,2026-06-11,TRN-531595,DELPROOF-18681499
EWB655635587,INV-2026-02369,36AGVLKW1XSR1ZO,19JY5OP9LBSM1ZT,DL,RJ,IN_TRANSIT,2026-09-14,TRN-688899,DELPROOF-31661769
EWB577549327,INV-2026-02370,33S2FX0ZKWIJ1ZX,09F124VF89X21ZY,TS,RJ,GENERATED,2026-07-15,TRN-480429,DELPROOF-66959974
EWB255514365,INV-2026-02371,0861M3J1HA0W1ZN,291AFDTOHRNQ1ZH,TS,UP,GENERATED,2026-08-31,TRN-899434,DELPROOF-73958402
EWB346345158,INV-2026-02372,36HK403UXH9A1ZY,37DYCPN0P1XS1ZG,GJ,AP,IN_TRANSIT,2026-08-22,TRN-914966,DELPROOF-79517069
EWB602424979,INV-2026-02373,27TD96QE3RZS1ZI,272TG5PIZX3H1ZC,GJ,DL,IN_TRANSIT,2026-10-05,TRN-119506,DELPROOF-45795214
EWB229139773,INV-2026-02374,19LDOL65WVJX1ZY,196E1ZHWY9HE1ZC,UP,TS,GENERATED,2026-08-14,TRN-599609,DELPROOF-20197857
EWB845792285,INV-2026-02375,37NWNGUCZH9I1ZD,095GZPL1QWEE1ZG,MH,KA,DELIVERED,2026-09-07,TRN-189963,DELPROOF-34868430
EWB320895437,INV-2026-02376,09U8WPFQ2BHA1ZH,36PGVTN4YPKW1ZD,KA,UP,DELIVERED,2026-10-03,TRN-635427,DELPROOF-55931135
EWB422770930,INV-2026-02377,0950OP7XMR8F1ZG,27BCVARLW3MG1ZZ,KA,KA,GENERATED,2026-07-27,TRN-728229,DELPROOF-08887506
EWB564424126,INV-2026-02378,3389FKBI4O6Q1ZX,3374NL03LLU11ZA,KA,TN,GENERATED,2026-06-25,TRN-826213,DELPROOF-20940502
EWB711173699,INV-2026-02379,19GX25FPLO1U1ZP,29JZ09OWGMF41ZK,RJ,WB,GENERATED,2026-09-08,TRN-437490,DELPROOF-33051810
EWB407488488,INV-2026-02380,366GVGT2EEHF1ZR,09GPP1NOQU9Y1ZD,KA,MH,IN_TRANSIT,2026-07-05,TRN-575984,DELPROOF-06596719
EWB141642810,INV-2026-02381,37LVXWQZXEBB1ZP,24DJGF1C8WQU1ZS,DL,GJ,GENERATED,2026-09-19,TRN-254671,DELPROOF-82911868
EWB558624928,INV-2026-02382,27M4SMZOCXMZ1ZK,27TMY91OTKZH1ZR,AP,RJ,IN_TRANSIT,2026-09-26,TRN-698349,DELPROOF-67026225
EWB915709437,INV-2026-02383,29N91FY6YO8D1ZI,07WIXZ2C9ROS1ZW,AP,WB,IN_TRANSIT,2026-06-19,TRN-426011,DELPROOF-59595134
EWB647531332,INV-2026-02384,2937DL9FC1XX1ZS,0925SQ8CROYR1ZO,AP,GJ,GENERATED,2026-08-04,TRN-388614,DELPROOF-10000553
EWB197671459,INV-2026-02385,29BUZPHD7NDJ1ZU,248IOGXPBWHV1ZM,WB,UP,IN_TRANSIT,2026-07-24,TRN-664963,DELPROOF-71617727
EWB552872695,INV-2026-02386,19MRUNJDU0IS1ZB,19GA24SMUX2R1ZV,WB,TN,GENERATED,2026-09-12,TRN-469899,DELPROOF-54741414
EWB663401087,INV-2026-02387,33KEPLBX889E1ZP,33ZPCD1406XL1ZV,UP,TN,DELIVERED,2026-07-17,TRN-784333,DELPROOF-64421997
EWB830188672,INV-2026-02388,368XMOE545VY1ZA,33S2FX0ZKWIJ1ZX,AP,TN,GENERATED,2026-07-16,TRN-982721,DELPROOF-24697936
EWB286971905,INV-2026-02389,379RWTF07GBA1ZQ,09DK8LW2LM341ZT,AP,GJ,GENERATED,2026-07-18,TRN-220112,DELPROOF-34185234
EWB294584042,INV-2026-02390,27CUBZQVQG0X1ZR,09NT0MQ8ABKA1ZE,RJ,GJ,GENERATED,2026-07-04,TRN-245921,DELPROOF-25820516
EWB747380639,INV-2026-02391,292HOQ5E7L7W1ZX,19VPUZ11BJKX1ZK,DL,TS,IN_TRANSIT,2026-08-29,TRN-303872,DELPROOF-24248676
EWB627673316,INV-2026-02392,19WTEK17M6J31ZP,24Q1RDXCK36H1ZX,RJ,UP,GENERATED,2026-08-19,TRN-642250,DELPROOF-90742152
EWB476882562,INV-2026-02393,27CUBZQVQG0X1ZR,365XRSI7EADG1ZG,DL,MH,IN_TRANSIT,2026-06-21,TRN-714409,DELPROOF-42148744
EWB692809807,INV-2026-02394,082ATQYYV37D1ZH,36N10HLINH8J1ZT,DL,AP,IN_TRANSIT,2026-08-30,TRN-537790,DELPROOF-24761875
EWB480325072,INV-2026-02395,368TANA6U48G1ZT,36U8NOZEMDMZ1ZI,UP,UP,IN_TRANSIT,2026-08-25,TRN-755116,DELPROOF-25529248
EWB380106361,INV-2026-02396,33ZM3618LEU61ZW,19GA24SMUX2R1ZV,DL,TS,IN_TRANSIT,2026-10-01,TRN-693117,DELPROOF-98097161
EWB465409572,INV-2026-02397,19CTHPHJ3MUU1ZP,33AVEDHR3PCE1ZM,TS,DL,DELIVERED,2026-07-27,TRN-110431,DELPROOF-89032880
EWB736496149,INV-2026-02398,29TEDQMVQWPQ1ZN,27N9J3GC9HOX1ZD,UP,KA,IN_TRANSIT,2026-08-19,TRN-914370,DELPROOF-34512732
EWB520412231,INV-2026-02399,27S832EJX5TD1ZQ,37OJWLRKXJTM1ZV,AP,TS,GENERATED,2026-09-07,TRN-559868,DELPROOF-62503948
EWB875669061,INV-2026-02400,36N23Y30YSXP1ZL,29Q05PXT6RID1ZJ,GJ,AP,GENERATED,2026-06-29,TRN-179618,DELPROOF-48879759
EWB158228873,INV-2026-02401,36FAZZ81SDW41ZQ,24AF4JGQ6CN81ZQ,KA,GJ,IN_TRANSIT,2026-08-23,TRN-227481,DELPROOF-74283801
EWB703370001,INV-2026-02402,37HLZ02Z7NUX1ZE,09DP2FMR0TJO1ZN,TN,AP,IN_TRANSIT,2026-08-31,TRN-118712,DELPROOF-94697518
EWB880981397,INV-2026-02403,334H20RAPE6W1ZR,19429OMUWAHK1ZZ,UP,TN,IN_TRANSIT,2026-08-10,TRN-406513,DELPROOF-52155417
EWB242174792,INV-2026-02404,09VUNLPAIH0P1ZL,0952DEZH0CD81ZA,TS,DL,DELIVERED,2026-08-15,TRN-713400,DELPROOF-58051377
EWB174028487,INV-2026-02405,3307S387J5IE1ZZ,27YKIPUT7SSO1ZO,GJ,GJ,IN_TRANSIT,2026-07-19,TRN-957893,DELPROOF-89764452
EWB798209558,INV-2026-02406,29KNKBF2P7KK1ZF,24IOYGGVNYRU1ZH,TN,WB,IN_TRANSIT,2026-09-23,TRN-392473,DELPROOF-23746483
EWB545241532,INV-2026-02407,27RE4V9KYPOF1ZJ,08V1XXLP8II71ZD,TS,KA,IN_TRANSIT,2026-07-31,TRN-585277,DELPROOF-03082851
EWB247503038,INV-2026-02408,09JMIYQFY7511ZW,09BR5XQT4P501ZY,UP,UP,GENERATED,2026-08-29,TRN-167366,DELPROOF-59264718
EWB456720506,INV-2026-02409,076UAMWJPIWU1ZI,330HL9XPSEIM1ZS,RJ,TS,GENERATED,2026-07-17,TRN-474521,DELPROOF-73763799
EWB927764999,INV-2026-02410,36V1LTWBJ9UU1ZZ,19CBZAMD270S1ZR,MH,TN,DELIVERED,2026-06-20,TRN-468127,DELPROOF-24329526
EWB272177247,INV-2026-02411,09E4QGM5V2WW1ZF,336BEDYEJHDZ1ZU,AP,MH,IN_TRANSIT,2026-07-01,TRN-500367,DELPROOF-23971873
EWB618726696,INV-2026-02412,08JAE58HUXG21ZL,2452NLOQTQ681ZT,AP,TS,DELIVERED,2026-06-14,TRN-615876,DELPROOF-92702569
EWB135951147,INV-2026-02413,331M264UPJ161ZC,24K8WRU1XEMI1ZU,TN,TN,DELIVERED,2026-07-12,TRN-267388,DELPROOF-35781110
EWB580069831,INV-2026-02414,24DPWVBZ7CN01ZE,27HAIR4COWGZ1ZP,TN,UP,DELIVERED,2026-08-31,TRN-997073,DELPROOF-63776624
EWB289123467,INV-2026-02415,08E226PARSG71ZX,09N9T84AZYTJ1ZU,GJ,AP,GENERATED,2026-07-18,TRN-275159,DELPROOF-07037294
EWB376412591,INV-2026-02416,29ETKDUWTN5P1ZE,37DYCPN0P1XS1ZG,TN,GJ,DELIVERED,2026-06-19,TRN-155185,DELPROOF-04191433
EWB230907440,INV-2026-02417,091NKBTFSHB01ZM,08PJ8T22C50B1ZV,TS,RJ,DELIVERED,2026-06-08,TRN-961857,DELPROOF-51410405
EWB753252458,INV-2026-02418,294S3MEIUR921ZY,19QIOB0NLW0V1ZQ,GJ,UP,DELIVERED,2026-08-24,TRN-914657,DELPROOF-97225022
EWB604076303,INV-2026-02419,379MX2X18HAF1ZE,07QG433E1I1P1ZX,AP,DL,DELIVERED,2026-09-17,TRN-930111,DELPROOF-32694699
EWB616712484,INV-2026-02420,2748VFCX7LXX1ZE,24V46WYSIRRK1ZY,KA,DL,DELIVERED,2026-08-13,TRN-165943,DELPROOF-80814685
EWB310140718,INV-2026-02421,29SPD2SW24WJ1ZR,2452NLOQTQ681ZT,DL,DL,GENERATED,2026-06-07,TRN-601698,DELPROOF-03931556
EWB169540542,INV-2026-02422,07QG433E1I1P1ZX,33EJZXPR2D0V1ZG,MH,KA,IN_TRANSIT,2026-07-01,TRN-570878,DELPROOF-16865173
EWB642699660,INV-2026-02423,2414HOAE527P1ZQ,33GYSPENGWYX1ZF,TS,GJ,IN_TRANSIT,2026-08-03,TRN-402473,DELPROOF-14670214
EWB966454848,INV-2026-02424,360AJUFQYMBN1ZU,29RTIG7ZD9B71ZK,WB,TN,IN_TRANSIT,2026-08-19,TRN-960760,DELPROOF-17152429
EWB488237596,INV-2026-02425,080JQQNVCEQF1ZG,0899F77LU8EL1ZE,TN,WB,DELIVERED,2026-07-07,TRN-532374,DELPROOF-89236865
EWB931766515,INV-2026-02426,19PW2W5506RR1ZN,2748VFCX7LXX1ZE,MH,KA,DELIVERED,2026-08-26,TRN-837761,DELPROOF-14154052
EWB352156977,INV-2026-02427,19Z02XRGHC0C1ZK,08UW0U92T24D1ZO,RJ,RJ,DELIVERED,2026-09-11,TRN-806526,DELPROOF-03463005
EWB224184590,INV-2026-02428,092ZUFDNU4I51ZV,37A37E1J7V2A1ZZ,MH,RJ,DELIVERED,2026-07-14,TRN-128933,DELPROOF-56095291
EWB862301534,INV-2026-02429,336BEDYEJHDZ1ZU,08UJT9T11PHP1ZX,AP,WB,GENERATED,2026-09-09,TRN-722167,DELPROOF-04246255
EWB241418470,INV-2026-02430,07WSOZCTWJLS1ZG,24I7E1DDQLEM1ZY,GJ,MH,GENERATED,2026-08-28,TRN-601331,DELPROOF-27909454
EWB402545023,INV-2026-02431,09NGLH62C9T11ZH,09DCLI6978V01ZB,AP,WB,GENERATED,2026-06-18,TRN-919413,DELPROOF-76482332
EWB649933851,INV-2026-02432,36L90AOBT3281ZU,37ULJGQPQ8R41ZG,DL,TS,IN_TRANSIT,2026-08-06,TRN-644716,DELPROOF-20188882
EWB347423065,INV-2026-02433,19EVL7FQ8ABY1ZQ,193V23GXJ0MQ1ZS,UP,UP,GENERATED,2026-07-09,TRN-529704,DELPROOF-53378637
EWB916023159,INV-2026-02434,194RCB1KJTGQ1ZX,07N9UZERYF091ZY,MH,TN,IN_TRANSIT,2026-08-12,TRN-335014,DELPROOF-27585235
EWB184952956,INV-2026-02435,08R4SOR8WM9L1ZA,09YL68NTK63N1ZZ,WB,AP,DELIVERED,2026-07-19,TRN-946582,DELPROOF-12230525
EWB836181017,INV-2026-02436,09DK8LW2LM341ZT,36NEGN2B4JTJ1ZZ,KA,UP,DELIVERED,2026-08-25,TRN-500856,DELPROOF-03127261
EWB855652208,INV-2026-02437,36OI9WM1SAV91ZB,190N852N5FNP1ZV,MH,RJ,DELIVERED,2026-09-24,TRN-929801,DELPROOF-32493044
EWB483311326,INV-2026-02438,0921HD4Y89OR1ZT,29O1PVLND5811ZK,WB,RJ,GENERATED,2026-07-10,TRN-759099,DELPROOF-05331350
EWB369072673,INV-2026-02439,29C09ZGNX3VP1ZE,37WVFGYW6ZBN1ZX,WB,TN,GENERATED,2026-07-28,TRN-361083,DELPROOF-31408747
EWB864715335,INV-2026-02440,073CHO3XJVOE1ZG,19LDOL65WVJX1ZY,TN,WB,GENERATED,2026-08-09,TRN-769506,DELPROOF-95302809
EWB352451824,INV-2026-02441,27IARONTDI9O1ZH,33XN4D24N9YG1ZB,TN,MH,GENERATED,2026-07-22,TRN-121330,DELPROOF-02559520
EWB730011492,INV-2026-02442,29KNKBF2P7KK1ZF,0923O359TSUJ1ZR,TS,RJ,IN_TRANSIT,2026-07-01,TRN-112579,DELPROOF-02661014
EWB349115480,INV-2026-02443,3687K9TPZ1J81ZO,0778S6764CAQ1ZJ,UP,UP,DELIVERED,2026-08-26,TRN-272790,DELPROOF-73142555
EWB878976321,INV-2026-02444,36NAWJGQU6H31ZJ,08R4SOR8WM9L1ZA,KA,UP,DELIVERED,2026-08-12,TRN-156155,DELPROOF-31868997
EWB165745995,INV-2026-02445,2721B07G2RE61ZX,37IYNO667VGP1ZK,MH,RJ,IN_TRANSIT,2026-08-01,TRN-600615,DELPROOF-73445976
EWB138769122,INV-2026-02446,27JR6EET0DY51ZS,332V2HEIFJFC1ZZ,KA,MH,IN_TRANSIT,2026-09-22,TRN-725135,DELPROOF-10240339
EWB170331482,INV-2026-02447,071V9NPUQARY1ZL,09FWB0HPMNZ11ZS,WB,TN,GENERATED,2026-06-06,TRN-669222,DELPROOF-47297376
EWB697317635,INV-2026-02448,29V5S4TL0THH1ZW,07NYFM7VH30Q1ZB,MH,MH,GENERATED,2026-06-18,TRN-385946,DELPROOF-13069511
EWB446706020,INV-2026-02449,37XFQJ3HXJ3A1ZN,36PGYVYV2GQU1ZB,GJ,MH,IN_TRANSIT,2026-07-31,TRN-690767,DELPROOF-30869528
EWB767402006,INV-2026-02450,29HOUU9SIJPY1ZS,0925SQ8CROYR1ZO,UP,MH,IN_TRANSIT,2026-09-08,TRN-784932,DELPROOF-33148664
EWB593249584,INV-2026-02451,37WVFGYW6ZBN1ZX,19SVIWXYYTUW1ZK,RJ,TS,DELIVERED,2026-08-26,TRN-786641,DELPROOF-41338030
EWB365040492,INV-2026-02452,08LBB8NMT3YP1ZQ,24M7IDAO13TB1ZZ,GJ,TN,GENERATED,2026-07-03,TRN-991774,DELPROOF-96822789
EWB347364409,INV-2026-02453,29DRMSWJJJKS1ZK,09WOW73O1BLO1ZG,TS,TS,IN_TRANSIT,2026-08-24,TRN-816981,DELPROOF-34421583
EWB978672631,INV-2026-02454,367GBDGBXNRW1ZS,24Q99CHJ755N1ZF,UP,GJ,IN_TRANSIT,2026-07-17,TRN-164836,DELPROOF-28714948
EWB148788276,INV-2026-02455,37AWQ57LY7501ZX,2721B07G2RE61ZX,UP,GJ,IN_TRANSIT,2026-09-20,TRN-304165,DELPROOF-92667119
EWB958301575,INV-2026-02456,074EIJ00HOD71ZP,24TP0LZJJEGE1ZR,KA,UP,IN_TRANSIT,2026-09-21,TRN-735733,DELPROOF-25540221
EWB232810740,INV-2026-02457,27TMFEK2O7FH1ZQ,36EQY08P0FOD1ZP,WB,GJ,GENERATED,2026-09-17,TRN-718819,DELPROOF-85315351
EWB808926545,INV-2026-02458,19LDOL65WVJX1ZY,338SA3IDY3C71ZP,UP,AP,IN_TRANSIT,2026-09-19,TRN-103055,DELPROOF-04683815
EWB667151685,INV-2026-02459,24D3IRVXD2ZU1ZS,373E950ID0331ZR,AP,TS,GENERATED,2026-08-14,TRN-752281,DELPROOF-69352504
EWB787754841,INV-2026-02460,19S0765ICAUT1ZI,08MF4NNKM95D1ZX,MH,UP,DELIVERED,2026-09-13,TRN-898917,DELPROOF-07791653
EWB222106336,INV-2026-02461,29G1F8YC8GZK1ZD,27MOQXHGLG4P1ZX,GJ,TN,DELIVERED,2026-08-22,TRN-620788,DELPROOF-12359887
EWB959689815,INV-2026-02462,19N42X2EZC7F1ZN,27Q4S2FTGI881ZR,RJ,UP,DELIVERED,2026-08-19,TRN-486782,DELPROOF-61378710
EWB659237614,INV-2026-02463,093KPUG99W591ZQ,27QV5Y21ID9V1ZT,WB,TS,IN_TRANSIT,2026-09-26,TRN-578904,DELPROOF-71476480
EWB285906282,INV-2026-02464,33N7G8B2ZXII1ZX,372RVNDFDW791ZU,KA,TS,GENERATED,2026-07-20,TRN-465168,DELPROOF-69383237
EWB806892267,INV-2026-02465,19BPH1VE8SUS1ZF,27SLH9BH811K1ZD,UP,KA,IN_TRANSIT,2026-09-11,TRN-521225,DELPROOF-68980905
EWB287677801,INV-2026-02466,29X08N6Q7NC81ZR,09EJCY127H6G1ZL,AP,TS,GENERATED,2026-08-15,TRN-390507,DELPROOF-33756931
EWB415612343,INV-2026-02467,27SLH9BH811K1ZD,19VPUZ11BJKX1ZK,TS,GJ,DELIVERED,2026-06-05,TRN-253929,DELPROOF-59309166
EWB281741312,INV-2026-02468,27QV5Y21ID9V1ZT,271D9S9HBN5E1ZJ,DL,GJ,IN_TRANSIT,2026-09-26,TRN-690893,DELPROOF-14247964
EWB950097830,INV-2026-02469,335URTXUYUCE1ZC,072TIXC7URVQ1ZR,KA,RJ,DELIVERED,2026-06-12,TRN-804296,DELPROOF-25614380
EWB984430686,INV-2026-02470,19C1YOHMI9AY1ZF,27QCOOTNJLCQ1ZL,GJ,DL,GENERATED,2026-07-02,TRN-333481,DELPROOF-52011972
EWB687027026,INV-2026-02471,19SLAYNDN5GJ1ZI,37E8BTSMAQ3O1ZJ,UP,WB,IN_TRANSIT,2026-07-01,TRN-617489,DELPROOF-34013721
EWB123334978,INV-2026-02472,37UEQ4D7D7GD1ZK,37SNTP8AK8S21ZV,UP,UP,GENERATED,2026-09-07,TRN-656244,DELPROOF-64145358
EWB419306807,INV-2026-02473,29GJD3EX5MHQ1ZL,36EQY08P0FOD1ZP,KA,UP,DELIVERED,2026-06-28,TRN-896921,DELPROOF-09577978
EWB390277984,INV-2026-02474,24BRBJEQVVIA1ZA,19GA24SMUX2R1ZV,TN,WB,DELIVERED,2026-08-08,TRN-279237,DELPROOF-23134467
EWB591688646,INV-2026-02475,095F1HGAV42T1ZC,19LDOL65WVJX1ZY,GJ,TN,IN_TRANSIT,2026-07-13,TRN-250150,DELPROOF-81808479
EWB185354531,INV-2026-02476,24O0IPFG8PJV1ZP,36RNR2KYB3GD1ZS,RJ,DL,IN_TRANSIT,2026-06-24,TRN-391775,DELPROOF-98448701
EWB897167567,INV-2026-02477,37PEJZHYAPDS1ZT,0716KJ752H701ZV,AP,WB,DELIVERED,2026-07-29,TRN-299791,DELPROOF-94131249
EWB190109587,INV-2026-02478,37M5PUU62RZV1ZY,33KEPLBX889E1ZP,TS,UP,IN_TRANSIT,2026-09-28,TRN-826084,DELPROOF-75322358
EWB941602513,INV-2026-02479,09V18KGYGGSN1ZN,19N1S3YG8VFU1ZW,UP,KA,IN_TRANSIT,2026-09-10,TRN-891281,DELPROOF-84248206
EWB655330606,INV-2026-02480,24V46WYSIRRK1ZY,377SO8W5038H1ZT,WB,WB,DELIVERED,2026-10-05,TRN-999332,DELPROOF-65207484
EWB415260314,INV-2026-02481,27L8MWOB4FDD1ZV,29NUI3DO70021ZF,WB,KA,IN_TRANSIT,2026-08-17,TRN-985963,DELPROOF-43463738
EWB590649993,INV-2026-02482,24VORK1DJRWE1ZD,36C20LSJWS1Z1ZK,GJ,KA,IN_TRANSIT,2026-09-12,TRN-802681,DELPROOF-59192456
EWB312558576,INV-2026-02483,08JC2GOUIFEZ1ZA,19WVTKH861PQ1ZH,GJ,DL,DELIVERED,2026-08-02,TRN-366578,DELPROOF-90434694
EWB255200536,INV-2026-02484,33QKF4VGE0GY1ZA,27PF0R8U7WPG1ZB,TN,KA,GENERATED,2026-06-12,TRN-425966,DELPROOF-15814937
EWB303642858,INV-2026-02485,09PBN78BMYYM1ZR,09DF4HRA13611ZB,AP,GJ,GENERATED,2026-07-31,TRN-806724,DELPROOF-54171052
EWB514947045,INV-2026-02486,08JAE58HUXG21ZL,366GVGT2EEHF1ZR,GJ,WB,DELIVERED,2026-07-19,TRN-193581,DELPROOF-86049292
EWB988276373,INV-2026-02487,24LGB0S0R2SD1ZQ,332WYJXTJGCE1ZD,AP,WB,GENERATED,2026-09-13,TRN-457569,DELPROOF-44297036
EWB283227676,INV-2026-02488,07H5SW2292MT1ZP,2704UX5QRL1N1ZK,DL,TS,DELIVERED,2026-06-09,TRN-316754,DELPROOF-27162209
EWB333045630,INV-2026-02489,33R09SKDGIGA1ZR,370R778NRXVO1ZB,DL,RJ,IN_TRANSIT,2026-09-06,TRN-774292,DELPROOF-75633107
EWB283534530,INV-2026-02490,09MLH13C71UD1ZZ,3383RU7MYOW81ZC,TS,AP,DELIVERED,2026-09-08,TRN-957349,DELPROOF-20717216
EWB455000598,INV-2026-02491,331M264UPJ161ZC,08NYARNNEZTE1ZD,UP,DL,IN_TRANSIT,2026-07-15,TRN-922822,DELPROOF-94645180
EWB625887451,INV-2026-02492,24X6QD0771HL1ZK,24HHA1PJGFJC1ZW,KA,WB,GENERATED,2026-07-24,TRN-939296,DELPROOF-11355233
EWB994683540,INV-2026-02493,36GCUIDC00M61ZC,09E3CUP8IJL21ZW,TN,GJ,IN_TRANSIT,2026-09-30,TRN-348730,DELPROOF-69795966
EWB552865410,INV-2026-02494,37A37E1J7V2A1ZZ,37BBKJY2NZ7V1ZD,MH,DL,GENERATED,2026-09-21,TRN-510174,DELPROOF-78212762
EWB676171751,INV-2026-02495,29XN0GUO4KH21ZT,29FWW41F7V4K1ZM,MH,DL,GENERATED,2026-09-04,TRN-752163,DELPROOF-01926780
EWB293945188,INV-2026-02496,29VM96N7KBNK1ZE,296SWK2RV2391ZL,MH,UP,IN_TRANSIT,2026-08-16,TRN-214350,DELPROOF-25713233
EWB816232785,INV-2026-02497,36FEWVZNVKSP1ZZ,08QIMQODPXNF1ZP,GJ,WB,GENERATED,2026-09-04,TRN-799667,DELPROOF-49843686
EWB690355412,INV-2026-02498,37LDSFR4MUEK1ZH,09OXKO8G8QYN1ZN,GJ,AP,IN_TRANSIT,2026-06-22,TRN-820959,DELPROOF-63061611
EWB908440424,INV-2026-02499,09QEQ7Z7E5RD1ZE,365XRSI7EADG1ZG,TS,TS,IN_TRANSIT,2026-09-10,TRN-647273,DELPROOF-26933246
EWB856531435,INV-2026-02500,0925SQ8CROYR1ZO,37O1CJFX5LIK1ZU,MH,WB,IN_TRANSIT,2026-08-06,TRN-509597,DELPROOF-66678255
EWB920955749,INV-2026-02501,08QQ5L2XOIOT1ZV,09FOP8QZJULI1ZF,TS,TS,DELIVERED,2026-08-12,TRN-208259,DELPROOF-08509355
EWB649215403,INV-2026-02502,246V4ESDNAI81ZT,24R3UV43MCO01ZC,RJ,UP,DELIVERED,2026-09-07,TRN-709957,DELPROOF-64358108
EWB415514233,INV-2026-02503,375T82DDL7FK1ZL,36IP3TVF51Z51ZB,KA,KA,GENERATED,2026-08-18,TRN-404028,DELPROOF-60404086
EWB941382331,INV-2026-02504,19Z02XRGHC0C1ZK,09JKLCP9UW161ZO,GJ,TN,DELIVERED,2026-09-06,TRN-607814,DELPROOF-76434429
EWB290995053,INV-2026-02505,365XIN9DL5TG1ZQ,33TVJ0PTJXFQ1ZI,GJ,UP,DELIVERED,2026-07-19,TRN-205721,DELPROOF-97774011
EWB728764483,INV-2026-02506,33RSXKJKMPLB1ZB,362BNE6LOH251ZL,MH,GJ,IN_TRANSIT,2026-09-07,TRN-180564,DELPROOF-44153850
EWB390902069,INV-2026-02507,09K6ILCG6FAR1ZK,37U84XYJOA211ZA,GJ,MH,DELIVERED,2026-09-05,TRN-696111,DELPROOF-56462164
EWB105703317,INV-2026-02508,36L5E11E9FTA1ZU,09USGEHN0Z1R1ZD,RJ,MH,DELIVERED,2026-10-02,TRN-375057,DELPROOF-58927545
EWB143308440,INV-2026-02509,272TG5PIZX3H1ZC,09VUNLPAIH0P1ZL,RJ,RJ,DELIVERED,2026-08-28,TRN-683176,DELPROOF-02549488
EWB334507191,INV-2026-02510,08KE2GJR81BM1ZO,33GYSPENGWYX1ZF,TN,KA,GENERATED,2026-06-16,TRN-836183,DELPROOF-72854677
EWB435783754,INV-2026-02511,37R6K2VMWWYZ1ZV,37ICJDAN085R1ZM,AP,MH,GENERATED,2026-08-13,TRN-655914,DELPROOF-28866300
EWB597839378,INV-2026-02512,08JAE58HUXG21ZL,27V1A0Q24BOZ1ZK,TN,DL,DELIVERED,2026-07-31,TRN-455647,DELPROOF-47916865
EWB163363858,INV-2026-02513,27TMY91OTKZH1ZR,095F1HGAV42T1ZC,GJ,TN,IN_TRANSIT,2026-07-10,TRN-573578,DELPROOF-31941641
EWB644449430,INV-2026-02514,08OYTK06AKT71ZW,36NGMX1GM32W1ZO,DL,WB,IN_TRANSIT,2026-07-11,TRN-817547,DELPROOF-11493520
EWB453719740,INV-2026-02515,09F124VF89X21ZY,08791ZYRRU7Z1ZJ,WB,RJ,GENERATED,2026-06-27,TRN-312666,DELPROOF-47822362
EWB269470755,INV-2026-02516,08FUU5F07B1I1ZI,299CSS9TOQW91ZI,DL,DL,IN_TRANSIT,2026-10-01,TRN-362658,DELPROOF-62678313
EWB595229489,INV-2026-02517,27ZGFLIG5GKZ1ZI,09VMK2ZYZSIL1ZS,TS,WB,DELIVERED,2026-08-25,TRN-184514,DELPROOF-64696692
EWB301587170,INV-2026-02518,09FWB0HPMNZ11ZS,29GJD3EX5MHQ1ZL,RJ,AP,GENERATED,2026-07-31,TRN-191085,DELPROOF-15675675
EWB645260486,INV-2026-02519,373XQ8VA8X8L1ZX,24D7YXW1TBRW1ZP,TN,AP,DELIVERED,2026-06-30,TRN-477526,DELPROOF-42584261
EWB483994982,INV-2026-02520,0925SQ8CROYR1ZO,24FPODPEHCYO1ZR,TN,TN,GENERATED,2026-06-06,TRN-750675,DELPROOF-55947457
EWB162900950,INV-2026-02521,36YZQII4W6OZ1ZV,33N7G8B2ZXII1ZX,UP,KA,IN_TRANSIT,2026-09-26,TRN-917304,DELPROOF-96692617
EWB130674831,INV-2026-02522,09U8WPFQ2BHA1ZH,0762HDXC6RIJ1ZJ,DL,TN,DELIVERED,2026-07-18,TRN-715785,DELPROOF-17848743
EWB258096781,INV-2026-02523,19HVL66SAJXX1ZM,29GJD3EX5MHQ1ZL,WB,DL,DELIVERED,2026-08-23,TRN-711804,DELPROOF-68359890
EWB655030677,INV-2026-02524,331FPE60QRAQ1ZH,19H6NHKSQNAL1ZN,TN,MH,DELIVERED,2026-07-15,TRN-161415,DELPROOF-99962845
EWB911956999,INV-2026-02525,19QFGV0EC14M1ZZ,29UPPGBIVSCU1ZN,MH,AP,IN_TRANSIT,2026-08-13,TRN-370882,DELPROOF-31829258
EWB867993495,INV-2026-02526,27MXPKN3B8PF1ZV,3677Q9VJUHBP1ZP,TN,KA,DELIVERED,2026-10-04,TRN-121930,DELPROOF-88819808
EWB848434479,INV-2026-02527,090ODWMQX5GG1ZM,09U9TD0V2ZP41ZI,TN,UP,IN_TRANSIT,2026-09-17,TRN-981792,DELPROOF-35441888
EWB754593467,INV-2026-02528,3763BTKF6XDN1ZV,33FNOTIA41SS1ZZ,UP,DL,DELIVERED,2026-07-03,TRN-733141,DELPROOF-89612754
EWB277366809,INV-2026-02529,24XVDA4L3KHY1ZE,29AD3WRDHW9R1ZD,UP,KA,GENERATED,2026-08-16,TRN-482537,DELPROOF-23928054
EWB395224908,INV-2026-02530,33RR8IQRT0071ZN,08NSM43D8W3Z1ZN,TS,KA,GENERATED,2026-07-03,TRN-215882,DELPROOF-52909835
EWB754398446,INV-2026-02531,19Q9J2H1TLOM1ZF,37SQ0P82KB701ZX,TN,UP,GENERATED,2026-07-05,TRN-837518,DELPROOF-71764504
EWB964590698,INV-2026-02532,09ZYF2EV4JI41ZS,09OEMQGY27VY1ZK,DL,WB,DELIVERED,2026-09-28,TRN-263675,DELPROOF-42697243
EWB578588315,INV-2026-02533,29S95ZOW60ZZ1ZX,242SO19V58B11ZS,AP,WB,IN_TRANSIT,2026-08-20,TRN-757273,DELPROOF-34921922
EWB222496555,INV-2026-02534,24DLFWDUH7VD1ZM,29WLQ6EXNWZR1ZX,TS,RJ,IN_TRANSIT,2026-09-21,TRN-146604,DELPROOF-72001715
EWB626614753,INV-2026-02535,29J76BIVISS81ZI,29Q05PXT6RID1ZJ,TS,UP,DELIVERED,2026-08-08,TRN-323707,DELPROOF-30648981
EWB696493672,INV-2026-02536,33OC50H2CWTG1ZY,3607OXK8C1GR1ZA,MH,TN,IN_TRANSIT,2026-06-17,TRN-940411,DELPROOF-19150299
EWB562053187,INV-2026-02537,09NT0MQ8ABKA1ZE,0952E77DYVGD1ZG,TS,AP,IN_TRANSIT,2026-07-24,TRN-461021,DELPROOF-02464430
EWB155461305,INV-2026-02538,27W8GAKH3YCQ1ZD,330PDW5PY6B21ZJ,AP,AP,GENERATED,2026-06-30,TRN-181886,DELPROOF-89368855
EWB218111495,INV-2026-02539,08IO1K7F5OA31ZY,19UUOYC3RWQM1ZL,AP,TS,IN_TRANSIT,2026-06-07,TRN-158435,DELPROOF-66016386
EWB160990259,INV-2026-02540,24DJGF1C8WQU1ZS,078CYNL63GAG1ZS,GJ,KA,GENERATED,2026-09-25,TRN-860644,DELPROOF-67322191
EWB873951886,INV-2026-02541,19BEF46RF7BN1ZG,09U9TD0V2ZP41ZI,GJ,RJ,DELIVERED,2026-07-14,TRN-144979,DELPROOF-55951817
EWB843337255,INV-2026-02542,093KPUG99W591ZQ,29JT70EBPY9E1ZQ,TS,MH,DELIVERED,2026-07-03,TRN-408386,DELPROOF-37077352
EWB822233972,INV-2026-02543,29ZGF9Q5RDOQ1ZH,27ZGFLIG5GKZ1ZI,GJ,WB,GENERATED,2026-09-11,TRN-199675,DELPROOF-98668854
EWB594005571,INV-2026-02544,27S832EJX5TD1ZQ,29X08N6Q7NC81ZR,GJ,UP,DELIVERED,2026-10-03,TRN-439210,DELPROOF-21162247
EWB788076211,INV-2026-02545,08DJE153A5QB1ZQ,08PJ8T22C50B1ZV,UP,UP,DELIVERED,2026-09-04,TRN-465375,DELPROOF-28242112
EWB395619402,INV-2026-02546,36ALCKZ3VWLO1ZR,299CSS9TOQW91ZI,KA,TN,IN_TRANSIT,2026-07-25,TRN-513585,DELPROOF-66177041
EWB461579274,INV-2026-02547,09GSTQMGVU4I1ZQ,24DURVFFFIA31ZN,WB,GJ,GENERATED,2026-08-30,TRN-102259,DELPROOF-04568357
EWB388317827,INV-2026-02548,24AF4JGQ6CN81ZQ,19WVTKH861PQ1ZH,TS,KA,GENERATED,2026-08-28,TRN-431633,DELPROOF-64508972
EWB785426090,INV-2026-02549,19PW2W5506RR1ZN,08GEFQJG02U11ZF,RJ,TS,IN_TRANSIT,2026-07-23,TRN-403598,DELPROOF-55702578
EWB696232458,INV-2026-02550,24CQPHLI5L691ZZ,09BRSZ1N3IUZ1ZG,MH,GJ,DELIVERED,2026-09-04,TRN-871258,DELPROOF-60560132
EWB405278411,INV-2026-02551,095GZPL1QWEE1ZG,071ZN1RIAMWU1ZZ,UP,TN,DELIVERED,2026-06-29,TRN-688794,DELPROOF-73341256
EWB859620196,INV-2026-02552,07PS0132AN411ZJ,08GWA44LZ6V71ZQ,AP,UP,DELIVERED,2026-06-20,TRN-286508,DELPROOF-95804314
EWB124520009,INV-2026-02553,37A37E1J7V2A1ZZ,07TZ91X70FQL1ZC,GJ,DL,GENERATED,2026-08-21,TRN-938500,DELPROOF-17852385
EWB740166923,INV-2026-02554,330HL9XPSEIM1ZS,3763BTKF6XDN1ZV,AP,UP,GENERATED,2026-07-03,TRN-383624,DELPROOF-16177350
EWB603173783,INV-2026-02555,36BTD5OAIINM1ZJ,29HARJHRF34J1ZG,TN,WB,DELIVERED,2026-08-05,TRN-465249,DELPROOF-51591110
EWB932222816,INV-2026-02556,29TRC85EHPZR1ZT,07LC33H8G8T91ZY,RJ,MH,IN_TRANSIT,2026-06-09,TRN-279082,DELPROOF-50546300
EWB934440960,INV-2026-02557,27HAIR4COWGZ1ZP,33R09SKDGIGA1ZR,TN,TN,GENERATED,2026-09-28,TRN-497058,DELPROOF-82189593
EWB205731080,INV-2026-02558,37YM90PKR1IF1ZQ,36GFR27RIU9M1ZI,WB,WB,DELIVERED,2026-07-04,TRN-966855,DELPROOF-00082140
EWB775208472,INV-2026-02559,07END7H10KYH1ZS,079UNFVOBBZ21ZQ,RJ,TN,DELIVERED,2026-08-19,TRN-713970,DELPROOF-90071908
EWB123501686,INV-2026-02560,29NUI3DO70021ZF,36L5E11E9FTA1ZU,UP,GJ,GENERATED,2026-07-14,TRN-354239,DELPROOF-87425136
EWB654707603,INV-2026-02561,36GCUIDC00M61ZC,37A37E1J7V2A1ZZ,TN,TS,GENERATED,2026-07-26,TRN-170433,DELPROOF-86010351
EWB542838379,INV-2026-02562,09NB4GH2M5ZJ1ZA,193V23GXJ0MQ1ZS,TS,AP,GENERATED,2026-06-10,TRN-717535,DELPROOF-05139219
EWB173726285,INV-2026-02563,27ADNBCJ29YF1ZB,0923GDPPQ0Y91ZD,WB,AP,GENERATED,2026-09-11,TRN-363719,DELPROOF-91659167
EWB653640716,INV-2026-02564,36RNR2KYB3GD1ZS,36HK403UXH9A1ZY,RJ,TN,IN_TRANSIT,2026-08-02,TRN-775383,DELPROOF-64997991
EWB304544975,INV-2026-02565,074I6R8SO5WI1ZQ,27AHTHSJR0FZ1ZA,RJ,MH,IN_TRANSIT,2026-09-03,TRN-205385,DELPROOF-24242939
EWB347094917,INV-2026-02566,07GDD8MWE7761ZT,08HSLMWA6TJ31ZJ,RJ,TS,DELIVERED,2026-08-05,TRN-261386,DELPROOF-51566549
EWB948698243,INV-2026-02567,37ASJTK3LIRH1ZV,19DAQJRTMETM1ZG,TN,UP,DELIVERED,2026-07-03,TRN-988329,DELPROOF-98981020
EWB398420557,INV-2026-02568,37T04CHSDING1ZV,07LC33H8G8T91ZY,RJ,GJ,IN_TRANSIT,2026-08-02,TRN-666911,DELPROOF-94413534
EWB395954471,INV-2026-02569,27VBNHI6HABA1ZG,19WXQPF0QPSV1ZV,RJ,DL,IN_TRANSIT,2026-08-09,TRN-640620,DELPROOF-31596920
EWB828069577,INV-2026-02570,0899F77LU8EL1ZE,19A09LZRK79U1ZE,TS,UP,IN_TRANSIT,2026-06-17,TRN-205575,DELPROOF-42497868
EWB712325323,INV-2026-02571,09DF4HRA13611ZB,09PQKOJTPV601ZT,KA,AP,DELIVERED,2026-08-28,TRN-165086,DELPROOF-94365913
EWB450638993,INV-2026-02572,09PBN78BMYYM1ZR,07C9R4X1V4DX1ZQ,TN,MH,IN_TRANSIT,2026-06-18,TRN-785734,DELPROOF-49069690
EWB603037921,INV-2026-02573,331T2TALA7531ZJ,29HARJHRF34J1ZG,AP,UP,IN_TRANSIT,2026-08-09,TRN-970105,DELPROOF-97643023
EWB452898399,INV-2026-02574,36AGVLKW1XSR1ZO,37M6X7P7AHUG1ZX,DL,UP,IN_TRANSIT,2026-09-07,TRN-355613,DELPROOF-67823663
EWB730864608,INV-2026-02575,37S4F8CGVYIE1ZS,07H5SW2292MT1ZP,RJ,RJ,IN_TRANSIT,2026-06-17,TRN-668252,DELPROOF-88692791
EWB174074746,INV-2026-02576,240EN48UACT41ZN,275QBVNPY1AJ1ZJ,RJ,RJ,IN_TRANSIT,2026-09-08,TRN-792871,DELPROOF-98029741
EWB704732764,INV-2026-02577,33E02TOXOU0Y1ZD,33JZC58CU47S1ZM,UP,MH,IN_TRANSIT,2026-07-09,TRN-113673,DELPROOF-68857660
EWB387229342,INV-2026-02578,291KO6XNQXU71ZY,19WVTKH861PQ1ZH,MH,WB,GENERATED,2026-07-10,TRN-356790,DELPROOF-59810755
EWB907523678,INV-2026-02579,2928DITMOWNX1ZZ,27TZE5R5UQPG1ZB,UP,UP,DELIVERED,2026-07-02,TRN-205303,DELPROOF-55490541
EWB382709145,INV-2026-02580,36DLAXAHHXKW1ZB,24CL9LCQH1UF1ZZ,MH,TS,DELIVERED,2026-07-19,TRN-753013,DELPROOF-22026442
EWB932036448,INV-2026-02581,36TFEBE5407K1ZI,337F0I9G5DZX1ZK,MH,DL,DELIVERED,2026-09-15,TRN-970859,DELPROOF-61954994
EWB239852808,INV-2026-02582,19FYO1750CEH1ZK,07YJ3D6M1FMP1ZP,UP,KA,IN_TRANSIT,2026-08-11,TRN-445610,DELPROOF-93061710
EWB560215921,INV-2026-02583,08XQM334L1VZ1ZL,33A8D7204J3M1ZH,UP,UP,DELIVERED,2026-09-13,TRN-265485,DELPROOF-20315642
EWB833407670,INV-2026-02584,081W1WUDCBL41ZC,09QEQ7Z7E5RD1ZE,RJ,UP,GENERATED,2026-09-20,TRN-407042,DELPROOF-53855660
EWB661817618,INV-2026-02585,09H9PTFNM88U1ZA,378E9RIVH6T11ZM,MH,UP,GENERATED,2026-10-01,TRN-999720,DELPROOF-47920066
EWB118560150,INV-2026-02586,36A7D0WTWS3Y1ZN,07END7H10KYH1ZS,UP,GJ,DELIVERED,2026-08-29,TRN-947315,DELPROOF-84042958
EWB561446538,INV-2026-02587,077P9JYQN15I1ZI,096QMGK2F5FE1ZT,GJ,WB,DELIVERED,2026-09-07,TRN-963744,DELPROOF-72076282
EWB448649106,INV-2026-02588,196E1ZHWY9HE1ZC,08AHCUA09PCI1ZF,RJ,TS,IN_TRANSIT,2026-06-24,TRN-762288,DELPROOF-41932870
EWB343539716,INV-2026-02589,08NSM43D8W3Z1ZN,24N36V1MZB3I1ZW,GJ,RJ,DELIVERED,2026-08-12,TRN-732044,DELPROOF-21050560
EWB307895875,INV-2026-02590,3302BIP18A4J1ZS,097UJODCK8281ZR,AP,RJ,IN_TRANSIT,2026-08-07,TRN-473663,DELPROOF-57555119
EWB648906856,INV-2026-02591,08HSLMWA6TJ31ZJ,09WPVS7HZIOY1ZJ,DL,GJ,DELIVERED,2026-07-11,TRN-983388,DELPROOF-36527287
EWB426336350,INV-2026-02592,29L9OT7TXKDO1ZR,29BXLBC8NOG81ZM,TS,KA,DELIVERED,2026-09-06,TRN-907662,DELPROOF-12047236
EWB631769377,INV-2026-02593,2402WPJCF07V1ZB,085V0175DU231ZI,AP,RJ,IN_TRANSIT,2026-07-15,TRN-843710,DELPROOF-58031926
EWB874924134,INV-2026-02594,09Q4TA5IVROC1ZT,367FXLOZ2RCU1ZX,MH,DL,GENERATED,2026-06-13,TRN-228516,DELPROOF-12581422
EWB770176902,INV-2026-02595,24V46WYSIRRK1ZY,09YK8516SP181ZM,MH,MH,GENERATED,2026-08-24,TRN-290835,DELPROOF-81274499
EWB870002925,INV-2026-02596,29TJ54696QZ61ZC,331FPE60QRAQ1ZH,TN,DL,DELIVERED,2026-08-14,TRN-921191,DELPROOF-43499231
EWB251105130,INV-2026-02597,19VPUZ11BJKX1ZK,33NRM31SL7ZX1ZQ,TS,UP,GENERATED,2026-09-05,TRN-370329,DELPROOF-80989651
EWB654480218,INV-2026-02598,24V46WYSIRRK1ZY,08LBB8NMT3YP1ZQ,MH,GJ,GENERATED,2026-08-01,TRN-653818,DELPROOF-90342593
EWB345816868,INV-2026-02599,09BR5XQT4P501ZY,24HKPJ7HME6P1ZM,WB,TS,DELIVERED,2026-09-13,TRN-323049,DELPROOF-72335993
EWB961084166,INV-2026-02600,29NUI3DO70021ZF,29GBCYH3FVL01ZZ,MH,AP,GENERATED,2026-08-23,TRN-157900,DELPROOF-56894509
EWB812268389,INV-2026-02601,36EQY08P0FOD1ZP,07KPK7YSWNXF1ZQ,DL,TS,IN_TRANSIT,2026-09-13,TRN-683470,DELPROOF-62222076
EWB876796944,INV-2026-02602,366GMDRDSFER1ZE,194C3EVWCHM41ZX,MH,AP,GENERATED,2026-08-13,TRN-965137,DELPROOF-26263543
EWB183461980,INV-2026-02603,36FAZZ81SDW41ZQ,36GCUIDC00M61ZC,DL,GJ,DELIVERED,2026-08-14,TRN-587640,DELPROOF-30443966
EWB147573115,INV-2026-02604,09VMK2ZYZSIL1ZS,29JZ09OWGMF41ZK,UP,DL,IN_TRANSIT,2026-06-15,TRN-863657,DELPROOF-96383582
EWB571216812,INV-2026-02605,37KWOALF4V1T1ZU,365GJLQM5K8P1ZC,WB,UP,DELIVERED,2026-09-09,TRN-967130,DELPROOF-92126135
EWB781140641,INV-2026-02606,36ZQ991P778R1ZL,33H4NRED6M421ZE,UP,WB,IN_TRANSIT,2026-06-24,TRN-449845,DELPROOF-31522975
EWB242312702,INV-2026-02607,335URTXUYUCE1ZC,246V4ESDNAI81ZT,UP,TN,GENERATED,2026-09-13,TRN-909735,DELPROOF-03121016
EWB238562549,INV-2026-02608,36PGVTN4YPKW1ZD,33TVJ0PTJXFQ1ZI,TS,GJ,GENERATED,2026-08-09,TRN-604182,DELPROOF-33281375
EWB764360150,INV-2026-02609,19CRUYF38DIU1ZN,27HPVKU8H5R81ZL,TN,UP,DELIVERED,2026-09-10,TRN-978078,DELPROOF-09216375
EWB802770898,INV-2026-02610,33GFDK0Q09JR1ZL,091N6KVPUC8D1ZY,RJ,AP,GENERATED,2026-09-19,TRN-330375,DELPROOF-54331303
EWB196295309,INV-2026-02611,27MXPKN3B8PF1ZV,07YJ9BOQ0IQ21ZE,KA,TN,IN_TRANSIT,2026-09-30,TRN-930463,DELPROOF-02110924
EWB255836544,INV-2026-02612,36EQY08P0FOD1ZP,095F1HGAV42T1ZC,KA,UP,GENERATED,2026-09-21,TRN-479329,DELPROOF-83114034
EWB364718674,INV-2026-02613,37YMENVG3KK01ZT,24BRMQG1VED31ZZ,GJ,GJ,IN_TRANSIT,2026-07-29,TRN-307737,DELPROOF-01226182
EWB334990434,INV-2026-02614,24IXDU1EMMX31ZV,071ZN1RIAMWU1ZZ,UP,RJ,IN_TRANSIT,2026-07-20,TRN-622597,DELPROOF-09333423
EWB211950529,INV-2026-02615,368TANA6U48G1ZT,19Z02XRGHC0C1ZK,MH,TN,DELIVERED,2026-07-03,TRN-871350,DELPROOF-49613473
EWB891806512,INV-2026-02616,1912O003E82E1ZL,29IY5PU5WH501ZI,GJ,DL,GENERATED,2026-08-05,TRN-393390,DELPROOF-01534487
EWB287288109,INV-2026-02617,36BTD5OAIINM1ZJ,37IYNO667VGP1ZK,TN,AP,IN_TRANSIT,2026-08-05,TRN-777808,DELPROOF-01172589
EWB630106898,INV-2026-02618,09NT0MQ8ABKA1ZE,36C20LSJWS1Z1ZK,KA,GJ,IN_TRANSIT,2026-07-28,TRN-125754,DELPROOF-13531730
EWB118573133,INV-2026-02619,330PDW5PY6B21ZJ,29R7S20CV3TL1ZC,RJ,TN,IN_TRANSIT,2026-09-05,TRN-980066,DELPROOF-11249939
EWB938053823,INV-2026-02620,07SJ84TC2QSI1ZZ,09IIYMYRSVZN1ZM,AP,MH,IN_TRANSIT,2026-08-03,TRN-474121,DELPROOF-34990859
EWB134771174,INV-2026-02621,19EFQ56Q37CS1ZS,36U9W0TE52VX1ZQ,TN,WB,GENERATED,2026-06-29,TRN-600434,DELPROOF-18472812
EWB583953870,INV-2026-02622,08NYARNNEZTE1ZD,36RNR2KYB3GD1ZS,MH,UP,GENERATED,2026-08-19,TRN-719389,DELPROOF-25773355
EWB530256776,INV-2026-02623,336BEDYEJHDZ1ZU,24E4PO1I3MSD1ZL,RJ,DL,GENERATED,2026-07-17,TRN-750617,DELPROOF-96021312
EWB415873576,INV-2026-02624,095WFCPKJCSL1ZO,0952DEZH0CD81ZA,TS,GJ,GENERATED,2026-07-22,TRN-279950,DELPROOF-24747003
EWB524466262,INV-2026-02625,0832U1IQ2BAJ1ZD,0716KJ752H701ZV,AP,TS,IN_TRANSIT,2026-07-27,TRN-567399,DELPROOF-94100664
EWB885392833,INV-2026-02626,19M2LHGCSOTD1ZH,33EAS6Y3VG6V1ZZ,KA,DL,IN_TRANSIT,2026-06-04,TRN-392681,DELPROOF-80836948
EWB199353236,INV-2026-02627,27CUBZQVQG0X1ZR,07FKHDIU1JTK1ZA,TS,RJ,IN_TRANSIT,2026-09-19,TRN-685141,DELPROOF-04436343
EWB734024618,INV-2026-02628,09FWB0HPMNZ11ZS,08M89I9GX32U1ZE,TS,AP,DELIVERED,2026-08-31,TRN-548199,DELPROOF-93662380
EWB335471646,INV-2026-02629,27Y6QKTC89K81ZW,27W1PUWSNFFY1ZJ,GJ,DL,DELIVERED,2026-07-23,TRN-148064,DELPROOF-48174904
EWB898349588,INV-2026-02630,337NZBXFV7FI1ZS,33XN2ELALQ261ZR,GJ,UP,GENERATED,2026-07-15,TRN-798739,DELPROOF-27277659
EWB738026587,INV-2026-02631,09JDBL1G3Y2T1ZM,37UEQ4D7D7GD1ZK,AP,UP,IN_TRANSIT,2026-07-15,TRN-784453,DELPROOF-75057134
EWB774316407,INV-2026-02632,07F060O4VFK91ZQ,294KOXHJMIA61ZV,GJ,WB,GENERATED,2026-08-26,TRN-111251,DELPROOF-70265346
EWB475554937,INV-2026-02633,336BEDYEJHDZ1ZU,36Z1OA3VF02G1ZT,RJ,MH,GENERATED,2026-08-11,TRN-516158,DELPROOF-07501617
EWB381443771,INV-2026-02634,29JZP97BMZRR1ZX,37JC36OQOLOE1ZA,KA,DL,IN_TRANSIT,2026-08-02,TRN-975425,DELPROOF-34854383
EWB349606677,INV-2026-02635,07YCG1FJGBVY1ZN,36RML29Q2L481ZB,RJ,DL,IN_TRANSIT,2026-10-01,TRN-871418,DELPROOF-67960552
EWB694645889,INV-2026-02636,097WR0R35IKG1ZD,29FKJNAWNGA41ZY,WB,UP,IN_TRANSIT,2026-09-06,TRN-312049,DELPROOF-15773255
EWB294736052,INV-2026-02637,333Z6BZ8UUG91ZP,07RTT3NUPUY01ZW,TS,AP,IN_TRANSIT,2026-07-05,TRN-599428,DELPROOF-62746211
EWB613238348,INV-2026-02638,07YJ3D6M1FMP1ZP,0950OP7XMR8F1ZG,MH,KA,IN_TRANSIT,2026-07-19,TRN-326571,DELPROOF-59295950
EWB912740930,INV-2026-02639,33GYSPENGWYX1ZF,33E02TOXOU0Y1ZD,TN,TN,GENERATED,2026-09-06,TRN-272225,DELPROOF-55859145
EWB795966451,INV-2026-02640,08F4AQ7B7V1W1ZV,09VQHL097FZR1ZK,RJ,KA,IN_TRANSIT,2026-08-10,TRN-558880,DELPROOF-45980986
EWB171202300,INV-2026-02641,097UJODCK8281ZR,33A8D7204J3M1ZH,WB,TN,IN_TRANSIT,2026-07-17,TRN-912705,DELPROOF-06267563
EWB933345462,INV-2026-02642,37TL8N3E54N61ZM,37XW2EOWLCFS1ZY,GJ,MH,DELIVERED,2026-06-13,TRN-305585,DELPROOF-47366883
EWB713259670,INV-2026-02643,0923O359TSUJ1ZR,37HL1737SUUD1ZO,AP,AP,IN_TRANSIT,2026-08-02,TRN-813966,DELPROOF-21029360
EWB555599804,INV-2026-02644,07ASEH5E5RWS1ZE,193V23GXJ0MQ1ZS,WB,WB,DELIVERED,2026-07-03,TRN-422564,DELPROOF-97830921
EWB473425015,INV-2026-02645,27ADNBCJ29YF1ZB,33GFDK0Q09JR1ZL,RJ,KA,DELIVERED,2026-08-06,TRN-161884,DELPROOF-49058651
EWB918924544,INV-2026-02646,0716KJ752H701ZV,08HY25M8KB9W1ZF,MH,TN,GENERATED,2026-08-12,TRN-453650,DELPROOF-19049518
EWB402918877,INV-2026-02647,24IXDU1EMMX31ZV,09KO4BUSU9F81ZO,MH,UP,DELIVERED,2026-07-08,TRN-202088,DELPROOF-79791327
EWB149585890,INV-2026-02648,36X48WZE4EX61ZS,373UBM9XHCGR1ZW,RJ,RJ,DELIVERED,2026-09-25,TRN-467646,DELPROOF-13211753
EWB791043163,INV-2026-02649,37KKVPJRMEYY1ZY,33JXL66YA6BA1ZZ,TN,AP,IN_TRANSIT,2026-06-27,TRN-433390,DELPROOF-97996320
EWB903073529,INV-2026-02650,36PW6M9HKHJG1ZR,09V51ZLBORIQ1ZJ,DL,TS,DELIVERED,2026-07-23,TRN-916451,DELPROOF-88071024
EWB812776927,INV-2026-02651,19SOGGY5KOV11ZJ,36C20LSJWS1Z1ZK,UP,KA,IN_TRANSIT,2026-09-15,TRN-180556,DELPROOF-98780819
EWB938336101,INV-2026-02652,37SNTP8AK8S21ZV,24J8Y6RH05HH1ZH,KA,TN,IN_TRANSIT,2026-07-21,TRN-747143,DELPROOF-46069527
EWB441497266,INV-2026-02653,194C3EVWCHM41ZX,33ZR1YXR2DHY1ZJ,GJ,GJ,GENERATED,2026-09-13,TRN-794751,DELPROOF-73110685
EWB319217424,INV-2026-02654,27I3OQYFOQMF1ZW,27CUBZQVQG0X1ZR,TS,TN,IN_TRANSIT,2026-07-24,TRN-909292,DELPROOF-01690096
EWB441695825,INV-2026-02655,29JT70EBPY9E1ZQ,29VM96N7KBNK1ZE,KA,MH,IN_TRANSIT,2026-08-04,TRN-248334,DELPROOF-42308935
EWB681721503,INV-2026-02656,19LP7DFJCP0T1ZK,07C4RTWUZKAM1ZS,DL,MH,IN_TRANSIT,2026-07-30,TRN-973834,DELPROOF-79196756
EWB887087578,INV-2026-02657,37WVFGYW6ZBN1ZX,36L90AOBT3281ZU,UP,TS,GENERATED,2026-08-30,TRN-666548,DELPROOF-05851078
EWB349916386,INV-2026-02658,296SWK2RV2391ZL,36NEGN2B4JTJ1ZZ,TS,RJ,DELIVERED,2026-06-23,TRN-328959,DELPROOF-66398315
EWB572372590,INV-2026-02659,07GPJ60SRYZX1ZN,33N14EB8753A1ZW,UP,WB,IN_TRANSIT,2026-08-12,TRN-991882,DELPROOF-04710691
EWB472212855,INV-2026-02660,09MLH13C71UD1ZZ,36NWBGDQEWUH1ZP,TN,KA,DELIVERED,2026-06-07,TRN-910161,DELPROOF-12403486
EWB559018526,INV-2026-02661,07WSOZCTWJLS1ZG,33VV8Y5SIC4S1ZB,MH,WB,DELIVERED,2026-06-14,TRN-918586,DELPROOF-87251000
EWB667743915,INV-2026-02662,24K03W0FGEA91ZT,37YM90PKR1IF1ZQ,AP,DL,DELIVERED,2026-09-01,TRN-227013,DELPROOF-47203500
EWB825822881,INV-2026-02663,33H9P1EARPHB1ZV,36C20LSJWS1Z1ZK,WB,TS,GENERATED,2026-10-04,TRN-242498,DELPROOF-53215140
EWB318903553,INV-2026-02664,291AFDTOHRNQ1ZH,36V1LTWBJ9UU1ZZ,WB,MH,GENERATED,2026-08-15,TRN-347798,DELPROOF-19858305
EWB667639889,INV-2026-02665,27RYIEJ9C0UU1ZI,37IYNO667VGP1ZK,RJ,UP,DELIVERED,2026-06-24,TRN-537468,DELPROOF-84428340
EWB889685391,INV-2026-02666,27S832EJX5TD1ZQ,3383RU7MYOW81ZC,RJ,MH,DELIVERED,2026-06-23,TRN-740759,DELPROOF-30501764
EWB724948626,INV-2026-02667,08MKGXUKQ00U1ZF,33NHQE86O3Z01ZA,WB,UP,DELIVERED,2026-09-08,TRN-624141,DELPROOF-03789990
EWB214730490,INV-2026-02668,33XN2ELALQ261ZR,19N42X2EZC7F1ZN,WB,KA,GENERATED,2026-06-29,TRN-504382,DELPROOF-59097782
EWB672502751,INV-2026-02669,08E226PARSG71ZX,36OI9WM1SAV91ZB,KA,TN,IN_TRANSIT,2026-09-03,TRN-453575,DELPROOF-10906349
EWB423206984,INV-2026-02670,19QFGV0EC14M1ZZ,094DMC2RH2XK1ZZ,RJ,RJ,IN_TRANSIT,2026-06-25,TRN-674009,DELPROOF-77081145
EWB720896612,INV-2026-02671,19ETIUYMO0PQ1ZC,19VPUZ11BJKX1ZK,TS,WB,IN_TRANSIT,2026-07-07,TRN-955947,DELPROOF-75999532
EWB618549382,INV-2026-02672,19WVTKH861PQ1ZH,29050E6MPSJ91ZU,AP,UP,GENERATED,2026-06-11,TRN-628452,DELPROOF-55729702
EWB201311425,INV-2026-02673,09JDBL1G3Y2T1ZM,0987XW69HZGO1ZN,RJ,MH,DELIVERED,2026-06-24,TRN-612364,DELPROOF-40695054
EWB910050082,INV-2026-02674,076UAMWJPIWU1ZI,1912O003E82E1ZL,TS,UP,IN_TRANSIT,2026-07-28,TRN-179317,DELPROOF-22276748
EWB596368145,INV-2026-02675,09P4RXMD8ZVF1ZQ,36OLJQ52WSPO1ZE,WB,WB,DELIVERED,2026-08-03,TRN-767107,DELPROOF-79608636
EWB477512190,INV-2026-02676,09HRUWA032601ZL,07C9R4X1V4DX1ZQ,GJ,AP,IN_TRANSIT,2026-08-31,TRN-295480,DELPROOF-12302950
EWB611484175,INV-2026-02677,33N7G8B2ZXII1ZX,09ISETUK1OOA1ZZ,MH,UP,DELIVERED,2026-08-26,TRN-837292,DELPROOF-23489621
EWB145632383,INV-2026-02678,190DRIMR25I71ZA,24KRZD5E9P3J1ZN,GJ,GJ,IN_TRANSIT,2026-09-12,TRN-631510,DELPROOF-05539526
EWB637540545,INV-2026-02679,36DLAXAHHXKW1ZB,37ZSXPEFJ31E1ZF,TN,WB,GENERATED,2026-07-21,TRN-692519,DELPROOF-82077974
EWB853195257,INV-2026-02680,36NEGN2B4JTJ1ZZ,37AW4IOAR4G51ZS,TN,MH,IN_TRANSIT,2026-06-27,TRN-116998,DELPROOF-50783186
EWB681204206,INV-2026-02681,336NYQAELYYZ1ZW,24FWY8AV2OSG1ZF,TS,MH,IN_TRANSIT,2026-07-06,TRN-539682,DELPROOF-32347427
EWB822871738,INV-2026-02682,070M24US73W11ZV,24DLFWDUH7VD1ZM,AP,WB,GENERATED,2026-07-23,TRN-105757,DELPROOF-46477815
EWB164069160,INV-2026-02683,24DJGF1C8WQU1ZS,24FWY8AV2OSG1ZF,GJ,TS,GENERATED,2026-08-29,TRN-516304,DELPROOF-23566313
EWB956914236,INV-2026-02684,24LGB0S0R2SD1ZQ,37O2Y8B0H54P1ZH,GJ,TN,DELIVERED,2026-07-16,TRN-131424,DELPROOF-37687558
EWB265436669,INV-2026-02685,09FWB0HPMNZ11ZS,09P4RXMD8ZVF1ZQ,TN,RJ,IN_TRANSIT,2026-08-17,TRN-116242,DELPROOF-79524918
EWB255323504,INV-2026-02686,330RS210Q2LG1ZY,27HPVKU8H5R81ZL,WB,AP,IN_TRANSIT,2026-09-21,TRN-227011,DELPROOF-77118452
EWB327097595,INV-2026-02687,33A8D7204J3M1ZH,334H20RAPE6W1ZR,RJ,TS,IN_TRANSIT,2026-09-12,TRN-518673,DELPROOF-34444913
EWB326642601,INV-2026-02688,076DGG5GR0XA1ZF,36ZC7D2KD1PO1ZV,GJ,WB,GENERATED,2026-09-28,TRN-613208,DELPROOF-98185991
EWB432605549,INV-2026-02689,07C21O0Z5QRU1ZY,24BRMQG1VED31ZZ,AP,RJ,DELIVERED,2026-07-14,TRN-657980,DELPROOF-26633816
EWB548043890,INV-2026-02690,096YO6Z1T2XC1ZA,1912II826GYU1ZO,GJ,UP,GENERATED,2026-09-01,TRN-489826,DELPROOF-01337883
EWB190514712,INV-2026-02691,09GSTQMGVU4I1ZQ,190N852N5FNP1ZV,DL,KA,GENERATED,2026-07-02,TRN-688338,DELPROOF-96801341
EWB600232247,INV-2026-02692,09VZB0OIH5CS1ZJ,19QFGV0EC14M1ZZ,DL,RJ,GENERATED,2026-08-13,TRN-913755,DELPROOF-95114978
EWB891192867,INV-2026-02693,37ICJDAN085R1ZM,36MV9E40KZUJ1ZZ,RJ,AP,IN_TRANSIT,2026-08-12,TRN-123591,DELPROOF-56169641
EWB149183495,INV-2026-02694,36PW6M9HKHJG1ZR,08GWA44LZ6V71ZQ,UP,TS,DELIVERED,2026-09-25,TRN-420975,DELPROOF-37490141
EWB482467976,INV-2026-02695,09GSTQMGVU4I1ZQ,09QVDK6DRN4O1ZP,TN,RJ,IN_TRANSIT,2026-06-24,TRN-209106,DELPROOF-08012234
EWB603925189,INV-2026-02696,246S5ZXQOMTS1ZY,36NVN439ENGA1ZX,TN,DL,IN_TRANSIT,2026-06-28,TRN-138295,DELPROOF-01093926
EWB638572264,INV-2026-02697,076UAMWJPIWU1ZI,33I1B0Z3NX391ZP,MH,KA,IN_TRANSIT,2026-06-23,TRN-762581,DELPROOF-31343881
EWB643386595,INV-2026-02698,19UW2XH6QIHP1ZM,07H5SW2292MT1ZP,WB,MH,GENERATED,2026-06-04,TRN-746166,DELPROOF-17743031
EWB831035992,INV-2026-02699,24NHQNJVDPNG1ZU,36U8NOZEMDMZ1ZI,DL,UP,GENERATED,2026-09-28,TRN-309250,DELPROOF-59477563
EWB464525484,INV-2026-02700,33R09SKDGIGA1ZR,37ULJGQPQ8R41ZG,KA,KA,DELIVERED,2026-06-03,TRN-275744,DELPROOF-52883212
EWB628646430,INV-2026-02701,36MQIYFRWSKP1ZZ,27TMFEK2O7FH1ZQ,DL,RJ,DELIVERED,2026-08-14,TRN-656155,DELPROOF-20206432
EWB354068775,INV-2026-02702,198CD31NRXD31ZS,09VZB0OIH5CS1ZJ,GJ,UP,GENERATED,2026-07-20,TRN-668674,DELPROOF-25430841
EWB699236449,INV-2026-02703,092ZUFDNU4I51ZV,36MQIYFRWSKP1ZZ,DL,UP,IN_TRANSIT,2026-08-28,TRN-283290,DELPROOF-13180460
EWB766384909,INV-2026-02704,241T2EP768SY1ZA,27QCOOTNJLCQ1ZL,MH,DL,GENERATED,2026-07-15,TRN-901351,DELPROOF-19542058
EWB237298395,INV-2026-02705,24HHA1PJGFJC1ZW,27U118QQVAEC1ZU,GJ,KA,DELIVERED,2026-08-08,TRN-770360,DELPROOF-27015586
EWB555566108,INV-2026-02706,37ZDY3O1ICNS1ZR,33ZR1YXR2DHY1ZJ,TN,RJ,GENERATED,2026-09-23,TRN-584469,DELPROOF-88844495
EWB989899332,INV-2026-02707,24X6QD0771HL1ZK,37VC7HR6C2CU1ZN,TN,TS,GENERATED,2026-07-06,TRN-748187,DELPROOF-78105884
EWB419955228,INV-2026-02708,072Y8FV2BC2N1ZM,27X2ZVL9E9ZR1ZG,MH,RJ,IN_TRANSIT,2026-07-23,TRN-608699,DELPROOF-21331433
EWB918240129,INV-2026-02709,096QMGK2F5FE1ZT,331ZM4IX4ZCR1ZG,AP,DL,GENERATED,2026-08-25,TRN-407125,DELPROOF-36319852
EWB511214092,INV-2026-02710,07NYFM7VH30Q1ZB,275QBVNPY1AJ1ZJ,KA,GJ,DELIVERED,2026-06-12,TRN-635985,DELPROOF-01395070
EWB339529006,INV-2026-02711,36H30153SFLS1ZE,097UJODCK8281ZR,TS,KA,DELIVERED,2026-07-15,TRN-570054,DELPROOF-57271012
EWB410594673,INV-2026-02712,37N3V1WNP9OC1ZH,37BBKJY2NZ7V1ZD,MH,TS,DELIVERED,2026-06-18,TRN-398398,DELPROOF-52515264
EWB986210348,INV-2026-02713,27VBNHI6HABA1ZG,37DZNZ9C65FP1ZW,AP,TN,IN_TRANSIT,2026-07-02,TRN-116293,DELPROOF-45086925
EWB983813795,INV-2026-02714,33OV953A5O471ZA,074MJDXO100V1ZG,GJ,MH,IN_TRANSIT,2026-06-08,TRN-632436,DELPROOF-73014346
EWB728133053,INV-2026-02715,27I3OQYFOQMF1ZW,37NZASYWDRKU1ZN,RJ,TS,GENERATED,2026-09-28,TRN-836362,DELPROOF-50067212
EWB335115503,INV-2026-02716,364XGMPW5D3G1ZM,299GNLPYO2M21ZU,GJ,MH,IN_TRANSIT,2026-09-06,TRN-657689,DELPROOF-90199169
EWB466469675,INV-2026-02717,27W8GAKH3YCQ1ZD,248IOGXPBWHV1ZM,WB,WB,DELIVERED,2026-09-13,TRN-347042,DELPROOF-50474952
EWB917500928,INV-2026-02718,24EHE2ATN2TW1ZC,09TGGZ62FE9U1ZO,DL,DL,DELIVERED,2026-09-05,TRN-475484,DELPROOF-29061979
EWB496161956,INV-2026-02719,08QQ5L2XOIOT1ZV,07HOWQ1GAZ5U1ZG,MH,RJ,DELIVERED,2026-09-17,TRN-432599,DELPROOF-24705105
EWB536627819,INV-2026-02720,29X08N6Q7NC81ZR,33A8D7204J3M1ZH,DL,DL,GENERATED,2026-07-01,TRN-605631,DELPROOF-91490615
EWB698454232,INV-2026-02721,27K32OOUXQS11ZE,37RQ8RTM4J3D1ZA,AP,MH,IN_TRANSIT,2026-09-20,TRN-166646,DELPROOF-28347365
EWB222903092,INV-2026-02722,24HKPJ7HME6P1ZM,373GQD7WKR1T1ZE,WB,DL,DELIVERED,2026-06-03,TRN-779586,DELPROOF-35680519
EWB988904144,INV-2026-02723,24CL9LCQH1UF1ZZ,09OTHLQH7PPC1ZA,WB,MH,DELIVERED,2026-09-22,TRN-161016,DELPROOF-14777639
EWB873603959,INV-2026-02724,29HOUU9SIJPY1ZS,27CR6C1PY6Q91ZV,KA,WB,IN_TRANSIT,2026-07-21,TRN-565009,DELPROOF-78509027
EWB378791426,INV-2026-02725,37F0RIY4KL9A1ZP,3763BTKF6XDN1ZV,GJ,RJ,DELIVERED,2026-06-05,TRN-883009,DELPROOF-76010801
EWB731481771,INV-2026-02726,19SLAYNDN5GJ1ZI,27TZE5R5UQPG1ZB,KA,DL,GENERATED,2026-06-27,TRN-161215,DELPROOF-52058849
EWB614313339,INV-2026-02727,07GPJ60SRYZX1ZN,090ODWMQX5GG1ZM,TN,TS,GENERATED,2026-08-13,TRN-998616,DELPROOF-97278139
EWB405553858,INV-2026-02728,33AZCCBLSKRT1ZX,37RF3NAPLGW11ZU,DL,TN,DELIVERED,2026-07-18,TRN-922093,DELPROOF-10172214
EWB900315456,INV-2026-02729,24VT3X8VE00H1ZZ,0950OP7XMR8F1ZG,AP,MH,DELIVERED,2026-09-20,TRN-804713,DELPROOF-48139196
EWB576121165,INV-2026-02730,08V1XXLP8II71ZD,29TUL1P36P6Q1ZF,AP,KA,IN_TRANSIT,2026-07-25,TRN-662506,DELPROOF-64857628
EWB567055465,INV-2026-02731,2796KHUB2RTS1ZM,36XXVA2IEUC11ZG,AP,WB,DELIVERED,2026-07-07,TRN-740004,DELPROOF-95977539
EWB800190354,INV-2026-02732,2748VFCX7LXX1ZE,37ASJTK3LIRH1ZV,TN,RJ,IN_TRANSIT,2026-07-08,TRN-745126,DELPROOF-54276139
EWB185461795,INV-2026-02733,37A37E1J7V2A1ZZ,339T9CD1LQJS1ZO,TN,UP,DELIVERED,2026-07-20,TRN-727402,DELPROOF-27913122
EWB523781926,INV-2026-02734,37SQ0P82KB701ZX,27VBNHI6HABA1ZG,TN,MH,IN_TRANSIT,2026-06-18,TRN-544533,DELPROOF-71833778
EWB108367875,INV-2026-02735,073CHO3XJVOE1ZG,271K4FPL3X2J1ZC,MH,RJ,DELIVERED,2026-09-22,TRN-338277,DELPROOF-22950745
EWB387405923,INV-2026-02736,36SBUOV6TT9Q1ZY,29GBCYH3FVL01ZZ,WB,KA,IN_TRANSIT,2026-07-19,TRN-183199,DELPROOF-71895424
EWB555053129,INV-2026-02737,24DPWVBZ7CN01ZE,07DMLC8XIZX31ZP,WB,WB,DELIVERED,2026-09-23,TRN-274429,DELPROOF-16617964
EWB374886877,INV-2026-02738,09DCLI6978V01ZB,36Z1OA3VF02G1ZT,RJ,WB,IN_TRANSIT,2026-06-10,TRN-916297,DELPROOF-16158105
EWB984709457,INV-2026-02739,37O2Y8B0H54P1ZH,3681IQY5SXAW1ZK,AP,TN,IN_TRANSIT,2026-09-10,TRN-747776,DELPROOF-63502108
EWB793614450,INV-2026-02740,2937DL9FC1XX1ZS,33GXP5CITUF81ZB,MH,DL,DELIVERED,2026-09-27,TRN-772237,DELPROOF-77361918
EWB363132083,INV-2026-02741,36JI0Y6DPBHS1ZA,24D7YXW1TBRW1ZP,RJ,TS,IN_TRANSIT,2026-07-08,TRN-742097,DELPROOF-20694864
EWB820244693,INV-2026-02742,37IYNO667VGP1ZK,08L3VZZXT9QU1ZB,WB,TS,DELIVERED,2026-09-07,TRN-427670,DELPROOF-21148565
EWB970355353,INV-2026-02743,19UW2XH6QIHP1ZM,08FNKOMV2XCD1ZV,WB,KA,DELIVERED,2026-07-28,TRN-796788,DELPROOF-71101247
EWB287920196,INV-2026-02744,33W6JL2L5B561ZB,08REV361XSNB1ZQ,AP,RJ,GENERATED,2026-08-03,TRN-985507,DELPROOF-94047152
EWB507847627,INV-2026-02745,07YCG1FJGBVY1ZN,24VS9J6LNF041ZX,TS,AP,GENERATED,2026-09-26,TRN-108267,DELPROOF-33652464
EWB772114657,INV-2026-02746,33JZC58CU47S1ZM,29IY5PU5WH501ZI,RJ,DL,DELIVERED,2026-09-16,TRN-508797,DELPROOF-09668222
EWB248773371,INV-2026-02747,19EZ7BH25LLO1ZR,27VPYMB5M9J91ZB,GJ,UP,GENERATED,2026-08-07,TRN-652039,DELPROOF-85721896
EWB771088520,INV-2026-02748,299DYFNGP41S1ZO,08R4SOR8WM9L1ZA,RJ,WB,GENERATED,2026-07-12,TRN-469313,DELPROOF-83570984
EWB510189212,INV-2026-02749,24O0IPFG8PJV1ZP,08JSRD9Q46NO1ZS,TN,GJ,GENERATED,2026-08-15,TRN-674114,DELPROOF-27076990
EWB289071894,INV-2026-02750,29JJ0V60XNG21ZH,37BBKJY2NZ7V1ZD,DL,GJ,GENERATED,2026-07-04,TRN-864255,DELPROOF-83955139
EWB246045775,INV-2026-02751,24K8WRU1XEMI1ZU,0716KJ752H701ZV,RJ,MH,IN_TRANSIT,2026-09-12,TRN-468026,DELPROOF-42946539
EWB903262217,INV-2026-02752,33VV8Y5SIC4S1ZB,08HR07N8VOEU1ZB,TS,RJ,IN_TRANSIT,2026-08-30,TRN-469756,DELPROOF-06262375
EWB598971200,INV-2026-02753,29JT70EBPY9E1ZQ,08PJ8T22C50B1ZV,UP,GJ,DELIVERED,2026-09-21,TRN-525620,DELPROOF-31464525
EWB578992731,INV-2026-02754,27TMY91OTKZH1ZR,0861M3J1HA0W1ZN,MH,WB,DELIVERED,2026-06-27,TRN-368167,DELPROOF-40753148
EWB988301061,INV-2026-02755,09B0UKOEFUKP1ZT,24C1XI04B7P41ZB,RJ,RJ,IN_TRANSIT,2026-09-17,TRN-312258,DELPROOF-65709928
EWB727523304,INV-2026-02756,07KPK7YSWNXF1ZQ,24D3IRVXD2ZU1ZS,GJ,TN,DELIVERED,2026-09-24,TRN-233638,DELPROOF-64312318
EWB699935690,INV-2026-02757,36Z5TOZO32TC1ZS,24BRMQG1VED31ZZ,TN,AP,IN_TRANSIT,2026-06-13,TRN-255249,DELPROOF-12951220
EWB901527758,INV-2026-02758,091O5HD4HSBR1ZD,08P98RL9QFCP1ZJ,WB,GJ,GENERATED,2026-06-26,TRN-201387,DELPROOF-11534725
EWB329232789,INV-2026-02759,0987XW69HZGO1ZN,279L3H03ZB5G1ZP,MH,AP,IN_TRANSIT,2026-09-24,TRN-766910,DELPROOF-46053131
EWB717609223,INV-2026-02760,19VNNVBZW5AP1ZK,19ETIUYMO0PQ1ZC,GJ,TS,DELIVERED,2026-08-02,TRN-329773,DELPROOF-03988988
EWB536763777,INV-2026-02761,33T7ZEWVIYTW1ZB,09NXZDZB5F5T1ZV,KA,TS,GENERATED,2026-07-31,TRN-859156,DELPROOF-85006991
EWB205530400,INV-2026-02762,27MXPKN3B8PF1ZV,29TUL1P36P6Q1ZF,UP,KA,DELIVERED,2026-08-15,TRN-456155,DELPROOF-57724449
EWB575878823,INV-2026-02763,09DK8LW2LM341ZT,37U84XYJOA211ZA,TS,AP,GENERATED,2026-08-29,TRN-574972,DELPROOF-42447072
EWB451252242,INV-2026-02764,337F0I9G5DZX1ZK,33EJZXPR2D0V1ZG,MH,TN,GENERATED,2026-10-04,TRN-819687,DELPROOF-68669100
EWB554166362,INV-2026-02765,36WS44C68AU91ZD,09PBN78BMYYM1ZR,GJ,AP,IN_TRANSIT,2026-09-16,TRN-852026,DELPROOF-81645231
EWB444256581,INV-2026-02766,33IT6XIYZVNL1ZO,36NEGN2B4JTJ1ZZ,WB,TS,DELIVERED,2026-09-04,TRN-636115,DELPROOF-70326002
EWB935303497,INV-2026-02767,0841KHT8XKOD1ZW,366GMDRDSFER1ZE,TS,DL,IN_TRANSIT,2026-08-31,TRN-507607,DELPROOF-12607559
EWB856554176,INV-2026-02768,33H9P1EARPHB1ZV,29GJD3EX5MHQ1ZL,AP,TS,GENERATED,2026-07-17,TRN-192951,DELPROOF-36837605
EWB378934825,INV-2026-02769,37KX9DVNU80B1ZZ,09JMIYQFY7511ZW,UP,TN,IN_TRANSIT,2026-07-20,TRN-301122,DELPROOF-90978817
EWB194632341,INV-2026-02770,29OORBT6SAPB1ZQ,19CRUYF38DIU1ZN,UP,TN,GENERATED,2026-09-14,TRN-458391,DELPROOF-89935568
EWB599974352,INV-2026-02771,191LLKSTN3CP1ZS,37QPWDXYASVD1ZA,WB,AP,DELIVERED,2026-07-21,TRN-567642,DELPROOF-20164765
EWB479223496,INV-2026-02772,07YCG1FJGBVY1ZN,33NVQRFXNTF01ZL,DL,GJ,IN_TRANSIT,2026-07-06,TRN-813705,DELPROOF-79060768
EWB689305470,INV-2026-02773,37A37E1J7V2A1ZZ,19WVTKH861PQ1ZH,TS,TN,DELIVERED,2026-09-13,TRN-909998,DELPROOF-44070522
EWB775303848,INV-2026-02774,097WR0R35IKG1ZD,19GB1AJO091C1ZO,TS,RJ,IN_TRANSIT,2026-09-29,TRN-249097,DELPROOF-77927241
EWB569878465,INV-2026-02775,37FTDRLUXM601ZA,36XQ9JB354MY1ZN,KA,KA,DELIVERED,2026-07-27,TRN-731953,DELPROOF-71384755
EWB435699942,INV-2026-02776,37HL1737SUUD1ZO,369C70PA8JX51ZN,AP,DL,DELIVERED,2026-08-09,TRN-887311,DELPROOF-58203723
EWB852595575,INV-2026-02777,299GNLPYO2M21ZU,37NZASYWDRKU1ZN,GJ,RJ,IN_TRANSIT,2026-08-14,TRN-378297,DELPROOF-77370599
EWB112894543,INV-2026-02778,2995E5IZ31YR1ZS,083TRP0J43D51ZH,MH,MH,DELIVERED,2026-09-08,TRN-102623,DELPROOF-69932459
EWB957967525,INV-2026-02779,19N42X2EZC7F1ZN,29YBHQGHLZRU1ZT,TN,KA,DELIVERED,2026-09-29,TRN-168817,DELPROOF-80077059
EWB159588889,INV-2026-02780,373GQD7WKR1T1ZE,29DRMSWJJJKS1ZK,GJ,MH,IN_TRANSIT,2026-08-15,TRN-276595,DELPROOF-60864753
EWB853699133,INV-2026-02781,19Y1Z682R6ZL1ZY,33XN4D24N9YG1ZB,WB,GJ,DELIVERED,2026-09-01,TRN-888127,DELPROOF-87335542
EWB178144837,INV-2026-02782,33IT6XIYZVNL1ZO,27IS2GY9YTJU1ZO,AP,UP,GENERATED,2026-06-24,TRN-543050,DELPROOF-17236027
EWB615472957,INV-2026-02783,0925SQ8CROYR1ZO,37XA5S00I85S1ZW,KA,GJ,GENERATED,2026-09-17,TRN-489718,DELPROOF-75579472
EWB237232494,INV-2026-02784,275QBVNPY1AJ1ZJ,2721B07G2RE61ZX,UP,KA,IN_TRANSIT,2026-08-17,TRN-187238,DELPROOF-08420040
EWB436170752,INV-2026-02785,36KNJMVRYDC11ZA,24TY3ADDQHKG1ZA,AP,DL,GENERATED,2026-07-12,TRN-382051,DELPROOF-71408243
EWB982748738,INV-2026-02786,24LJX8XGSIC41ZZ,19MRUNJDU0IS1ZB,GJ,DL,DELIVERED,2026-08-10,TRN-978305,DELPROOF-81393664
EWB752155180,INV-2026-02787,24Q99CHJ755N1ZF,37FTDRLUXM601ZA,DL,TS,GENERATED,2026-08-31,TRN-663789,DELPROOF-48402901
EWB609355447,INV-2026-02788,27EG3ZGARFI41ZZ,37O1CJFX5LIK1ZU,DL,TN,IN_TRANSIT,2026-09-02,TRN-113268,DELPROOF-89157999
EWB962016276,INV-2026-02789,27QCOOTNJLCQ1ZL,24C1RBK9RX641ZT,RJ,WB,GENERATED,2026-09-09,TRN-203074,DELPROOF-43293085
EWB957308769,INV-2026-02790,08LBB8NMT3YP1ZQ,331FPE60QRAQ1ZH,TN,TS,IN_TRANSIT,2026-07-14,TRN-570307,DELPROOF-41493179
EWB799115938,INV-2026-02791,3383RU7MYOW81ZC,29H4GG24479Q1ZR,KA,TN,GENERATED,2026-08-10,TRN-786034,DELPROOF-58891134
EWB787032876,INV-2026-02792,362BNE6LOH251ZL,08DJE153A5QB1ZQ,AP,AP,DELIVERED,2026-07-26,TRN-365752,DELPROOF-62246990
EWB100602393,INV-2026-02793,07QG433E1I1P1ZX,274P61NHVCFW1ZP,TS,TN,DELIVERED,2026-09-09,TRN-374088,DELPROOF-47039747
EWB690366075,INV-2026-02794,2731YHXSO7VB1ZF,24C1RBK9RX641ZT,RJ,TS,IN_TRANSIT,2026-08-03,TRN-268883,DELPROOF-86486519
EWB668933635,INV-2026-02795,08P98RL9QFCP1ZJ,332V2HEIFJFC1ZZ,GJ,TS,DELIVERED,2026-09-22,TRN-549457,DELPROOF-81919357
EWB487557386,INV-2026-02796,09U8WPFQ2BHA1ZH,36GWY7D78HWK1ZZ,AP,RJ,DELIVERED,2026-07-16,TRN-520007,DELPROOF-06173486
EWB512923562,INV-2026-02797,337NZBXFV7FI1ZS,19VPUZ11BJKX1ZK,DL,TS,IN_TRANSIT,2026-08-10,TRN-560655,DELPROOF-10209422
EWB632576436,INV-2026-02798,07SBJDX0PKOV1ZQ,339T9CD1LQJS1ZO,MH,AP,GENERATED,2026-07-23,TRN-514949,DELPROOF-27239584
EWB756402891,INV-2026-02799,07P0E36S2Z481ZD,24DJGF1C8WQU1ZS,TS,RJ,IN_TRANSIT,2026-07-20,TRN-720932,DELPROOF-28682999
EWB652738318,INV-2026-02800,36H30153SFLS1ZE,08GEFQJG02U11ZF,TN,AP,IN_TRANSIT,2026-08-05,TRN-255528,DELPROOF-82802529
EWB203476508,INV-2026-02801,36A7D0WTWS3Y1ZN,3646ESMRWGEB1ZE,GJ,DL,GENERATED,2026-08-12,TRN-760709,DELPROOF-89110669
EWB747715599,INV-2026-02802,3307S387J5IE1ZZ,09N9T84AZYTJ1ZU,RJ,DL,DELIVERED,2026-07-24,TRN-182428,DELPROOF-20970695
EWB287724324,INV-2026-02803,33IT6XIYZVNL1ZO,27RYIEJ9C0UU1ZI,WB,WB,IN_TRANSIT,2026-08-22,TRN-883377,DELPROOF-31467661
EWB620296325,INV-2026-02804,33CXLL4ZKLOO1ZJ,29EB97PWDBOL1ZU,DL,TS,DELIVERED,2026-07-16,TRN-623647,DELPROOF-74518103
EWB437292421,INV-2026-02805,33R09SKDGIGA1ZR,29ZGF9Q5RDOQ1ZH,MH,RJ,IN_TRANSIT,2026-06-25,TRN-938905,DELPROOF-07899062
EWB160265414,INV-2026-02806,19JFVYB6LI071ZL,19B3XMDKRLC01ZV,MH,MH,IN_TRANSIT,2026-08-17,TRN-184743,DELPROOF-31758062
EWB784468728,INV-2026-02807,199VCCMTPKQ51ZC,09YL68NTK63N1ZZ,MH,MH,DELIVERED,2026-08-23,TRN-689726,DELPROOF-92888452
EWB727257216,INV-2026-02808,36600X28PIJK1ZD,33N14EB8753A1ZW,RJ,TS,GENERATED,2026-06-27,TRN-985674,DELPROOF-90770506
EWB299747661,INV-2026-02809,19DNWT2FES5C1ZQ,27SFHVMLJEKB1ZT,WB,AP,GENERATED,2026-09-28,TRN-891770,DELPROOF-12004072
EWB748974702,INV-2026-02810,36FEWVZNVKSP1ZZ,07F060O4VFK91ZQ,KA,WB,GENERATED,2026-09-16,TRN-925418,DELPROOF-24749116
EWB679412236,INV-2026-02811,29C09ZGNX3VP1ZE,278HL88KZRUI1ZM,RJ,DL,GENERATED,2026-09-25,TRN-967487,DELPROOF-05620381
EWB456088155,INV-2026-02812,24D7YXW1TBRW1ZP,29BUZPHD7NDJ1ZU,TS,AP,DELIVERED,2026-09-15,TRN-587684,DELPROOF-95241412
EWB896821322,INV-2026-02813,36DLAXAHHXKW1ZB,24QZHECBUQYP1ZH,DL,TN,DELIVERED,2026-09-19,TRN-111534,DELPROOF-93229043
EWB782221929,INV-2026-02814,369BP4M18O1B1ZI,37SQ0P82KB701ZX,RJ,TN,GENERATED,2026-07-23,TRN-333039,DELPROOF-45072689
EWB926127187,INV-2026-02815,36I5P5NVQEBW1ZS,29G1AMRA5RBA1ZV,KA,MH,DELIVERED,2026-06-25,TRN-132936,DELPROOF-95187653
EWB994628445,INV-2026-02816,27W8GAKH3YCQ1ZD,0874QR14VUYV1ZZ,TS,AP,DELIVERED,2026-09-04,TRN-938388,DELPROOF-25266297
EWB886603466,INV-2026-02817,33ALFWYPEEK01ZZ,36V1LTWBJ9UU1ZZ,KA,GJ,DELIVERED,2026-09-05,TRN-200255,DELPROOF-05125100
EWB481683270,INV-2026-02818,0952E77DYVGD1ZG,27RGREWDS0HP1ZP,UP,DL,GENERATED,2026-07-17,TRN-918326,DELPROOF-79019161
EWB412497867,INV-2026-02819,36AHUKWQVR1H1ZR,076DGG5GR0XA1ZF,TN,UP,GENERATED,2026-09-26,TRN-217180,DELPROOF-67045164
EWB872628902,INV-2026-02820,09B0UKOEFUKP1ZT,0845VDB828191ZZ,AP,WB,DELIVERED,2026-08-21,TRN-143804,DELPROOF-26998589
EWB343755755,INV-2026-02821,37Y8N1UTOXIE1ZX,09DP2FMR0TJO1ZN,WB,RJ,GENERATED,2026-09-13,TRN-199323,DELPROOF-22287634
EWB574750114,INV-2026-02822,36W04I3DZXLR1ZF,29JOV58TOE3P1ZF,TS,GJ,DELIVERED,2026-09-19,TRN-887440,DELPROOF-46249500
EWB939234990,INV-2026-02823,27TZE5R5UQPG1ZB,24DLFWDUH7VD1ZM,GJ,UP,GENERATED,2026-07-12,TRN-391294,DELPROOF-96042323
EWB600886398,INV-2026-02824,09BRSZ1N3IUZ1ZG,19U1OE5EI28D1ZQ,MH,MH,DELIVERED,2026-08-20,TRN-539124,DELPROOF-38247258
EWB935004662,INV-2026-02825,27HAIR4COWGZ1ZP,190DRIMR25I71ZA,AP,GJ,GENERATED,2026-08-17,TRN-222956,DELPROOF-88342865
EWB955240769,INV-2026-02826,1994DNMKZA3O1ZA,08QNYY95G5DO1ZF,AP,KA,GENERATED,2026-08-06,TRN-331394,DELPROOF-32938764
EWB802855392,INV-2026-02827,088QTTY5Y2JR1ZH,193V23GXJ0MQ1ZS,WB,DL,DELIVERED,2026-07-29,TRN-123686,DELPROOF-37722110
EWB603333772,INV-2026-02828,29DRMSWJJJKS1ZK,33GFDK0Q09JR1ZL,TN,UP,IN_TRANSIT,2026-06-24,TRN-176250,DELPROOF-79734620
EWB722076281,INV-2026-02829,37OAZTKSZP7G1ZD,29HARJHRF34J1ZG,UP,TS,DELIVERED,2026-06-30,TRN-451887,DELPROOF-05704076
EWB930585640,INV-2026-02830,37RQ8RTM4J3D1ZA,3784U89YJB1Q1ZU,RJ,TN,GENERATED,2026-09-10,TRN-520387,DELPROOF-62735188
EWB118850580,INV-2026-02831,09P4RXMD8ZVF1ZQ,2402WPJCF07V1ZB,RJ,RJ,IN_TRANSIT,2026-10-02,TRN-119659,DELPROOF-50719502
EWB906533013,INV-2026-02832,08JYV5G10UR51ZK,37XW2EOWLCFS1ZY,RJ,KA,IN_TRANSIT,2026-06-22,TRN-279933,DELPROOF-46764827
EWB170089416,INV-2026-02833,29XJN6FOKZIX1ZW,09HRUWA032601ZL,MH,KA,DELIVERED,2026-07-22,TRN-950555,DELPROOF-04507334
EWB212941350,INV-2026-02834,19WXQPF0QPSV1ZV,37NZASYWDRKU1ZN,AP,RJ,IN_TRANSIT,2026-07-26,TRN-389852,DELPROOF-92483633
EWB702692084,INV-2026-02835,1994DNMKZA3O1ZA,36NVN439ENGA1ZX,KA,UP,DELIVERED,2026-06-21,TRN-839129,DELPROOF-69080990
EWB309011072,INV-2026-02836,0778S6764CAQ1ZJ,27WBPA274IR81ZB,RJ,MH,IN_TRANSIT,2026-07-31,TRN-275125,DELPROOF-44812837
EWB259094646,INV-2026-02837,0793ACZSX0GN1ZW,29955CF72GNN1ZT,WB,MH,IN_TRANSIT,2026-09-23,TRN-323896,DELPROOF-89251806
EWB655985061,INV-2026-02838,24V46WYSIRRK1ZY,099QEZG5WZAW1ZM,RJ,UP,IN_TRANSIT,2026-09-12,TRN-991905,DELPROOF-33400197
EWB815301696,INV-2026-02839,191KFK7Y6QXD1ZQ,19N42X2EZC7F1ZN,KA,TS,IN_TRANSIT,2026-06-07,TRN-521305,DELPROOF-29654358
EWB554969922,INV-2026-02840,29C9LGYTLCQF1ZL,29JGKCQY26561ZA,RJ,AP,GENERATED,2026-09-04,TRN-150840,DELPROOF-16428065
EWB566797749,INV-2026-02841,07YCG1FJGBVY1ZN,07FARK6O0U931ZK,GJ,RJ,IN_TRANSIT,2026-07-13,TRN-759538,DELPROOF-56949466
EWB261491459,INV-2026-02842,19JEFY3ZB4LD1ZH,33FG51BXW76I1ZC,TN,TS,DELIVERED,2026-06-04,TRN-742805,DELPROOF-62207255
EWB760034219,INV-2026-02843,08DJE153A5QB1ZQ,27RYIEJ9C0UU1ZI,UP,GJ,GENERATED,2026-09-24,TRN-352418,DELPROOF-65160013
EWB643968096,INV-2026-02844,33A8D7204J3M1ZH,19BPH1VE8SUS1ZF,WB,DL,DELIVERED,2026-07-15,TRN-572398,DELPROOF-52956696
EWB510901690,INV-2026-02845,331FPE60QRAQ1ZH,19N42X2EZC7F1ZN,TN,UP,GENERATED,2026-07-13,TRN-534446,DELPROOF-11355985
EWB939949731,INV-2026-02846,36NWBGDQEWUH1ZP,190N852N5FNP1ZV,AP,RJ,GENERATED,2026-06-25,TRN-257662,DELPROOF-44454891
EWB622239804,INV-2026-02847,37KKVPJRMEYY1ZY,0950OP7XMR8F1ZG,UP,RJ,GENERATED,2026-06-24,TRN-358136,DELPROOF-99714767
EWB138328775,INV-2026-02848,08LEKVL9PTK41ZG,33E02TOXOU0Y1ZD,MH,UP,GENERATED,2026-09-13,TRN-325865,DELPROOF-00310709
EWB930949141,INV-2026-02849,373GQD7WKR1T1ZE,27NS6G298CQK1ZJ,TS,GJ,GENERATED,2026-07-03,TRN-959223,DELPROOF-24509105
EWB244171769,INV-2026-02850,27D0RLEXDW6L1ZO,07QG433E1I1P1ZX,GJ,UP,DELIVERED,2026-09-04,TRN-652949,DELPROOF-50784621
EWB747982653,INV-2026-02851,0899F77LU8EL1ZE,33GYSPENGWYX1ZF,KA,UP,GENERATED,2026-08-07,TRN-935494,DELPROOF-27715582
EWB367873211,INV-2026-02852,36AHUKWQVR1H1ZR,364XGMPW5D3G1ZM,KA,AP,DELIVERED,2026-06-17,TRN-656197,DELPROOF-96214414
EWB186883491,INV-2026-02853,24CMCOCO2ZTD1ZG,37NOX8FK20761ZT,KA,TN,GENERATED,2026-07-14,TRN-162612,DELPROOF-60763160
EWB250197981,INV-2026-02854,36WUCX67XKWQ1ZX,095F1HGAV42T1ZC,WB,MH,DELIVERED,2026-06-14,TRN-535432,DELPROOF-35900866
EWB735551870,INV-2026-02855,36MLXZVO52701ZQ,19ACJ4T0SEKK1ZB,GJ,TN,GENERATED,2026-06-26,TRN-338978,DELPROOF-67379346
EWB230891550,INV-2026-02856,24U5CZECCFS71ZH,191LLKSTN3CP1ZS,AP,WB,GENERATED,2026-08-27,TRN-381067,DELPROOF-80086614
EWB840856001,INV-2026-02857,247X5RRNYCIH1ZE,33R9P6HJB2JT1ZU,UP,DL,DELIVERED,2026-06-10,TRN-172330,DELPROOF-95009428
EWB802562040,INV-2026-02858,33ZR1YXR2DHY1ZJ,37FTDRLUXM601ZA,TN,UP,GENERATED,2026-07-23,TRN-494639,DELPROOF-60357644
EWB630724643,INV-2026-02859,33ZG9JJ0076E1ZJ,24C1XI04B7P41ZB,WB,TS,GENERATED,2026-06-18,TRN-146669,DELPROOF-72818105
EWB661005746,INV-2026-02860,095WFCPKJCSL1ZO,08HY25M8KB9W1ZF,AP,WB,IN_TRANSIT,2026-07-14,TRN-338289,DELPROOF-57287654
EWB714768745,INV-2026-02861,376RTC0Z7Q0I1ZP,074I6R8SO5WI1ZQ,GJ,WB,IN_TRANSIT,2026-08-29,TRN-199810,DELPROOF-54440972
EWB759838684,INV-2026-02862,19G2GZR7TXCB1ZC,24AF4JGQ6CN81ZQ,DL,TN,DELIVERED,2026-07-16,TRN-485007,DELPROOF-16373023
EWB443379846,INV-2026-02863,08QIMQODPXNF1ZP,248ESMPF0IEO1ZJ,MH,WB,DELIVERED,2026-07-21,TRN-965794,DELPROOF-39587982
EWB572885336,INV-2026-02864,07RYE89FX5RX1ZY,331S9RYLLWB71ZQ,TN,UP,DELIVERED,2026-08-10,TRN-950056,DELPROOF-88271376
EWB648826814,INV-2026-02865,27Q4S2FTGI881ZR,24LGB0S0R2SD1ZQ,UP,RJ,DELIVERED,2026-06-13,TRN-342869,DELPROOF-94233625
EWB577420644,INV-2026-02866,36NEGN2B4JTJ1ZZ,36RNR2KYB3GD1ZS,WB,DL,GENERATED,2026-09-25,TRN-795716,DELPROOF-66870397
EWB939134630,INV-2026-02867,07OUZE66VW9B1ZX,09KO4BUSU9F81ZO,WB,MH,GENERATED,2026-08-19,TRN-732131,DELPROOF-25761326
EWB540922639,INV-2026-02868,33EJZXPR2D0V1ZG,2430I6G61PCW1ZD,TN,MH,IN_TRANSIT,2026-06-17,TRN-952366,DELPROOF-87510588
EWB560369741,INV-2026-02869,336E07FPY1AE1ZJ,333LOUFHW8WL1ZT,TS,TS,IN_TRANSIT,2026-07-24,TRN-235981,DELPROOF-24836150
EWB297198558,INV-2026-02870,27RYIEJ9C0UU1ZI,275QBVNPY1AJ1ZJ,DL,KA,GENERATED,2026-07-01,TRN-967606,DELPROOF-17008129
EWB975970358,INV-2026-02871,296SWK2RV2391ZL,37S4F8CGVYIE1ZS,MH,RJ,IN_TRANSIT,2026-06-18,TRN-825645,DELPROOF-77755475
EWB810500610,INV-2026-02872,078CYNL63GAG1ZS,24XHG403NJBC1ZE,DL,RJ,GENERATED,2026-08-30,TRN-353347,DELPROOF-42431113
EWB374095925,INV-2026-02873,36I5P5NVQEBW1ZS,272TG5PIZX3H1ZC,DL,WB,DELIVERED,2026-06-07,TRN-137687,DELPROOF-42093296
EWB138351338,INV-2026-02874,24XI64HAA34H1ZX,07YHQIN9N6XC1ZI,MH,KA,GENERATED,2026-06-08,TRN-486290,DELPROOF-50270777
EWB885505041,INV-2026-02875,29Q05PXT6RID1ZJ,07DC08FC0TR51ZN,WB,UP,GENERATED,2026-08-26,TRN-550360,DELPROOF-47096520
EWB209940552,INV-2026-02876,29SPD2SW24WJ1ZR,36ZQ991P778R1ZL,TN,DL,GENERATED,2026-08-23,TRN-998608,DELPROOF-02389294
EWB385349895,INV-2026-02877,334H20RAPE6W1ZR,244UNY181ACJ1ZB,KA,MH,DELIVERED,2026-08-30,TRN-347325,DELPROOF-29883300
EWB655169092,INV-2026-02878,083TRP0J43D51ZH,08LLGF309HSU1ZT,MH,TN,IN_TRANSIT,2026-06-07,TRN-814259,DELPROOF-61338483
EWB600713951,INV-2026-02879,19AGHFT9ZZCG1ZK,19SFFCXHGNZE1ZH,DL,KA,IN_TRANSIT,2026-09-08,TRN-510851,DELPROOF-63826754
EWB717913443,INV-2026-02880,37JVLCG1J5EW1ZE,37ICJDAN085R1ZM,TS,DL,DELIVERED,2026-06-21,TRN-322208,DELPROOF-30750808
EWB451912076,INV-2026-02881,27IS2GY9YTJU1ZO,08OYTK06AKT71ZW,AP,KA,GENERATED,2026-06-19,TRN-206313,DELPROOF-79619302
EWB742836665,INV-2026-02882,078YI340SQCN1ZE,36NEGN2B4JTJ1ZZ,TN,DL,DELIVERED,2026-09-01,TRN-434555,DELPROOF-36959116
EWB725050498,INV-2026-02883,339T9CD1LQJS1ZO,27DWKZIRNK6Z1ZG,DL,WB,GENERATED,2026-07-27,TRN-591712,DELPROOF-57055681
EWB467862845,INV-2026-02884,37XGSPLTI8991ZA,08Q55IT9BN181ZG,KA,KA,GENERATED,2026-08-14,TRN-668162,DELPROOF-99259922
EWB386814607,INV-2026-02885,24TP0LZJJEGE1ZR,19GB1AJO091C1ZO,RJ,TN,GENERATED,2026-08-30,TRN-890600,DELPROOF-82733168
EWB355370081,INV-2026-02886,33FNOTIA41SS1ZZ,33QKF4VGE0GY1ZA,UP,DL,GENERATED,2026-09-09,TRN-570008,DELPROOF-31425381
EWB796583446,INV-2026-02887,194RCB1KJTGQ1ZX,335URTXUYUCE1ZC,KA,KA,DELIVERED,2026-06-03,TRN-509251,DELPROOF-20450350
EWB585543570,INV-2026-02888,27EG3ZGARFI41ZZ,33YUJ7YKTXG41ZA,DL,RJ,IN_TRANSIT,2026-09-02,TRN-708084,DELPROOF-94782148
EWB489319748,INV-2026-02889,19E0Q5ZJAUCY1ZG,33A8D7204J3M1ZH,MH,UP,DELIVERED,2026-08-05,TRN-410254,DELPROOF-76077275
EWB670281488,INV-2026-02890,33R9P6HJB2JT1ZU,333Z6BZ8UUG91ZP,AP,RJ,IN_TRANSIT,2026-08-01,TRN-612820,DELPROOF-10200638
EWB892987674,INV-2026-02891,24OROI5J8YIT1ZZ,09KO4BUSU9F81ZO,WB,TN,DELIVERED,2026-08-16,TRN-875400,DELPROOF-89835302
EWB945558728,INV-2026-02892,19PGBA9IN2XR1ZZ,09JDBL1G3Y2T1ZM,WB,TN,GENERATED,2026-09-27,TRN-757605,DELPROOF-63636786
EWB110996470,INV-2026-02893,08XQM334L1VZ1ZL,33UPLVQEXUYH1ZE,GJ,KA,GENERATED,2026-08-22,TRN-937983,DELPROOF-48092112
EWB383199173,INV-2026-02894,36F2CTG08ZZK1ZJ,36P0NEC8UYO51ZY,TN,MH,DELIVERED,2026-07-22,TRN-258624,DELPROOF-93710029
EWB103083245,INV-2026-02895,09AM148P0TVH1ZH,19E0Q5ZJAUCY1ZG,WB,GJ,IN_TRANSIT,2026-07-23,TRN-106190,DELPROOF-81876528
EWB254062752,INV-2026-02896,08F678K52QC11ZH,27GWCDZ6X4FM1ZL,TS,UP,GENERATED,2026-07-18,TRN-765544,DELPROOF-65900931
EWB244754677,INV-2026-02897,19A09LZRK79U1ZE,19SLAYNDN5GJ1ZI,WB,RJ,IN_TRANSIT,2026-08-02,TRN-102660,DELPROOF-52722748
EWB196734445,INV-2026-02898,29S95ZOW60ZZ1ZX,07P0E36S2Z481ZD,DL,KA,DELIVERED,2026-09-19,TRN-979669,DELPROOF-76742808
EWB359567432,INV-2026-02899,364XGMPW5D3G1ZM,082Z682U6ZV31ZH,WB,MH,DELIVERED,2026-08-07,TRN-621578,DELPROOF-90357600
EWB476932690,INV-2026-02900,09EJCY127H6G1ZL,36IT2018U9N71ZF,UP,WB,GENERATED,2026-10-02,TRN-495847,DELPROOF-65495906
EWB331165003,INV-2026-02901,29TUL1P36P6Q1ZF,08GEFQJG02U11ZF,WB,TN,DELIVERED,2026-08-15,TRN-668623,DELPROOF-36876571
EWB574326799,INV-2026-02902,33FNOTIA41SS1ZZ,291AFDTOHRNQ1ZH,AP,AP,GENERATED,2026-07-09,TRN-695977,DELPROOF-89706502
EWB198924035,INV-2026-02903,24NHQNJVDPNG1ZU,36CYD52ALUNQ1ZP,TS,KA,IN_TRANSIT,2026-06-05,TRN-693783,DELPROOF-88399026
EWB934789977,INV-2026-02904,0845VDB828191ZZ,19DAQJRTMETM1ZG,WB,MH,GENERATED,2026-08-03,TRN-913659,DELPROOF-64250321
EWB170166854,INV-2026-02905,24HKPJ7HME6P1ZM,099QEZG5WZAW1ZM,KA,GJ,DELIVERED,2026-07-26,TRN-423077,DELPROOF-17287946
EWB534202722,INV-2026-02906,336BEDYEJHDZ1ZU,37OAZTKSZP7G1ZD,UP,WB,IN_TRANSIT,2026-09-22,TRN-993888,DELPROOF-80083559
EWB835272880,INV-2026-02907,33NHQE86O3Z01ZA,27TD96QE3RZS1ZI,MH,UP,IN_TRANSIT,2026-07-22,TRN-447580,DELPROOF-93318972
EWB230486014,INV-2026-02908,095935A0L7251ZZ,07YJ3D6M1FMP1ZP,DL,DL,GENERATED,2026-07-18,TRN-221505,DELPROOF-81073264
EWB853435667,INV-2026-02909,08HR07N8VOEU1ZB,09XNPSV8DKMU1ZQ,UP,RJ,IN_TRANSIT,2026-08-26,TRN-588050,DELPROOF-91348615
EWB646663786,INV-2026-02910,36FXQ7BZEGBL1ZZ,37A37E1J7V2A1ZZ,TN,AP,IN_TRANSIT,2026-07-08,TRN-690297,DELPROOF-65554877
EWB668412850,INV-2026-02911,198CD31NRXD31ZS,1912II826GYU1ZO,MH,TS,IN_TRANSIT,2026-07-02,TRN-726529,DELPROOF-31141010
EWB151065714,INV-2026-02912,08FUU5F07B1I1ZI,364XGMPW5D3G1ZM,UP,GJ,DELIVERED,2026-07-04,TRN-219120,DELPROOF-88309767
EWB236875401,INV-2026-02913,3681IQY5SXAW1ZK,36P0NEC8UYO51ZY,GJ,WB,DELIVERED,2026-07-05,TRN-635179,DELPROOF-46802485
EWB476850459,INV-2026-02914,19UUOYC3RWQM1ZL,33RSXKJKMPLB1ZB,MH,WB,GENERATED,2026-06-08,TRN-316040,DELPROOF-02080873
EWB757923071,INV-2026-02915,09VUNLPAIH0P1ZL,27XK5BXJ2POP1ZM,AP,RJ,IN_TRANSIT,2026-08-15,TRN-546605,DELPROOF-08103467
EWB659485124,INV-2026-02916,3366PB90SPO31ZW,368XMOE545VY1ZA,KA,AP,IN_TRANSIT,2026-06-28,TRN-142841,DELPROOF-86637356
EWB202382303,INV-2026-02917,36PGYVYV2GQU1ZB,249NB74X2EK31ZW,TS,DL,DELIVERED,2026-08-23,TRN-940059,DELPROOF-30503257
EWB536021992,INV-2026-02918,091NKBTFSHB01ZM,29WJM2C8QIZK1ZC,TN,UP,IN_TRANSIT,2026-09-15,TRN-448778,DELPROOF-83588227
EWB711756197,INV-2026-02919,09PBJEK5RBW21ZW,36G0FN9XUY411ZH,RJ,MH,DELIVERED,2026-06-18,TRN-329601,DELPROOF-35629710
EWB887513566,INV-2026-02920,29GBCYH3FVL01ZZ,36TWG7NFDINU1ZM,RJ,RJ,IN_TRANSIT,2026-06-07,TRN-849661,DELPROOF-14149352
EWB951825254,INV-2026-02921,0987XW69HZGO1ZN,33DY5EGTBXPS1ZN,UP,GJ,DELIVERED,2026-06-25,TRN-630265,DELPROOF-73263722
EWB700059341,INV-2026-02922,271D9S9HBN5E1ZJ,09B0UKOEFUKP1ZT,TN,WB,DELIVERED,2026-09-07,TRN-486942,DELPROOF-38611507
EWB772458812,INV-2026-02923,07C4RTWUZKAM1ZS,09P4RXMD8ZVF1ZQ,TN,AP,GENERATED,2026-09-19,TRN-245928,DELPROOF-31723572
EWB611028329,INV-2026-02924,0952E77DYVGD1ZG,36GWY7D78HWK1ZZ,GJ,GJ,GENERATED,2026-07-16,TRN-973328,DELPROOF-34409753
EWB546058338,INV-2026-02925,1934KUQAAJ841ZP,09NB4GH2M5ZJ1ZA,KA,GJ,IN_TRANSIT,2026-09-17,TRN-573583,DELPROOF-37518546
EWB540488933,INV-2026-02926,0832U1IQ2BAJ1ZD,33OV953A5O471ZA,MH,RJ,IN_TRANSIT,2026-08-06,TRN-974091,DELPROOF-33621343
EWB829322142,INV-2026-02927,193M73HC9JYP1ZA,29MGP6YWK5JR1ZL,WB,DL,GENERATED,2026-08-21,TRN-761751,DELPROOF-14852759
EWB665288544,INV-2026-02928,08PJ8T22C50B1ZV,09FWB0HPMNZ11ZS,RJ,TN,IN_TRANSIT,2026-06-22,TRN-108707,DELPROOF-21508095
EWB206148092,INV-2026-02929,372RVNDFDW791ZU,37XFQJ3HXJ3A1ZN,WB,RJ,DELIVERED,2026-09-13,TRN-515762,DELPROOF-40070659
EWB422500300,INV-2026-02930,36NRWZC4XL991ZQ,37AD1IOR56FA1ZM,DL,TN,GENERATED,2026-06-26,TRN-468504,DELPROOF-05735419
EWB362162932,INV-2026-02931,378E9RIVH6T11ZM,37XA5S00I85S1ZW,TS,TS,DELIVERED,2026-08-11,TRN-289484,DELPROOF-90600655
EWB164188973,INV-2026-02932,37LVXWQZXEBB1ZP,37PEJZHYAPDS1ZT,UP,DL,GENERATED,2026-07-06,TRN-962238,DELPROOF-11795068
EWB722036446,INV-2026-02933,09V51ZLBORIQ1ZJ,08NSM43D8W3Z1ZN,GJ,GJ,DELIVERED,2026-10-03,TRN-142743,DELPROOF-94309512
EWB853603701,INV-2026-02934,36GCUIDC00M61ZC,0981L51FLMNA1ZS,DL,RJ,GENERATED,2026-08-31,TRN-535310,DELPROOF-60755590
EWB716904167,INV-2026-02935,37ZOLNNTXRGN1ZL,37A37E1J7V2A1ZZ,RJ,KA,IN_TRANSIT,2026-09-20,TRN-699924,DELPROOF-12181880
EWB624046432,INV-2026-02936,09JDBL1G3Y2T1ZM,27IARONTDI9O1ZH,WB,GJ,IN_TRANSIT,2026-08-31,TRN-638421,DELPROOF-36321338
EWB855554443,INV-2026-02937,19ETIUYMO0PQ1ZC,27ZNBQH7M35I1ZV,AP,DL,GENERATED,2026-08-04,TRN-272820,DELPROOF-88082726
EWB461241829,INV-2026-02938,27HPVKU8H5R81ZL,36N10HLINH8J1ZT,GJ,AP,GENERATED,2026-09-18,TRN-673494,DELPROOF-68690934
EWB541593585,INV-2026-02939,24MPQ0HZYJB41ZC,078YI340SQCN1ZE,MH,MH,IN_TRANSIT,2026-09-09,TRN-231568,DELPROOF-38617751
EWB769292997,INV-2026-02940,2414HOAE527P1ZQ,07YJ3D6M1FMP1ZP,UP,TS,DELIVERED,2026-06-25,TRN-303232,DELPROOF-19058499
EWB193672216,INV-2026-02941,09P06IDIIOH61ZC,334X0BS3LWW71ZM,TN,GJ,DELIVERED,2026-08-28,TRN-826714,DELPROOF-08753954
EWB168128346,INV-2026-02942,29DRMSWJJJKS1ZK,24TP0LZJJEGE1ZR,GJ,WB,IN_TRANSIT,2026-07-12,TRN-148752,DELPROOF-00590893
EWB611410828,INV-2026-02943,36AHUKWQVR1H1ZR,2762C1JLOPO61ZI,AP,DL,IN_TRANSIT,2026-08-12,TRN-111237,DELPROOF-17279389
EWB461415279,INV-2026-02944,36BTD5OAIINM1ZJ,24IXDU1EMMX31ZV,DL,TN,GENERATED,2026-06-05,TRN-118612,DELPROOF-01672624
EWB828852922,INV-2026-02945,09ISETUK1OOA1ZZ,37U84XYJOA211ZA,RJ,TS,IN_TRANSIT,2026-07-12,TRN-354460,DELPROOF-74277302
EWB703642366,INV-2026-02946,24DPWVBZ7CN01ZE,36MJBQE7CKW51ZL,MH,AP,GENERATED,2026-07-17,TRN-350826,DELPROOF-79779968
EWB826222709,INV-2026-02947,09U9TD0V2ZP41ZI,19C1YOHMI9AY1ZF,MH,KA,DELIVERED,2026-08-16,TRN-336679,DELPROOF-66578012
EWB763676160,INV-2026-02948,29O1PVLND5811ZK,37M6X7P7AHUG1ZX,UP,TS,DELIVERED,2026-08-02,TRN-799619,DELPROOF-20671158
EWB216310062,INV-2026-02949,29JZ09OWGMF41ZK,08CNWMBXEK0Q1ZH,MH,UP,GENERATED,2026-08-11,TRN-708172,DELPROOF-26058894
EWB153973544,INV-2026-02950,36AHUKWQVR1H1ZR,19EZ7BH25LLO1ZR,RJ,TN,GENERATED,2026-09-19,TRN-168486,DELPROOF-36657226
EWB741774607,INV-2026-02951,37JC36OQOLOE1ZA,07KA34MQA78R1ZA,TN,KA,IN_TRANSIT,2026-06-21,TRN-689763,DELPROOF-51993184
EWB346043893,INV-2026-02952,246S5ZXQOMTS1ZY,09DCLI6978V01ZB,TS,WB,DELIVERED,2026-07-10,TRN-985398,DELPROOF-63229759
EWB246598610,INV-2026-02953,24K8WRU1XEMI1ZU,27VM2P9E6GBP1ZQ,MH,MH,DELIVERED,2026-07-06,TRN-880654,DELPROOF-48841315
EWB583530446,INV-2026-02954,33RSXKJKMPLB1ZB,07LC33H8G8T91ZY,RJ,TN,GENERATED,2026-08-26,TRN-568311,DELPROOF-73825522
EWB203893501,INV-2026-02955,0716KJ752H701ZV,09G34IQ7ZJ3S1ZU,TN,TS,IN_TRANSIT,2026-08-23,TRN-992671,DELPROOF-31400653
EWB245780459,INV-2026-02956,36X48WZE4EX61ZS,3641A68T2A3A1ZG,AP,TS,IN_TRANSIT,2026-06-19,TRN-320447,DELPROOF-27095975
EWB936513540,INV-2026-02957,08IUE2WNF5CA1ZC,37ASJTK3LIRH1ZV,RJ,UP,GENERATED,2026-06-12,TRN-654479,DELPROOF-32381453
EWB489597612,INV-2026-02958,37S4F8CGVYIE1ZS,29GBCYH3FVL01ZZ,GJ,DL,IN_TRANSIT,2026-07-28,TRN-563282,DELPROOF-62595981
EWB224679635,INV-2026-02959,24XI64HAA34H1ZX,27Y6QKTC89K81ZW,MH,RJ,IN_TRANSIT,2026-06-08,TRN-959827,DELPROOF-34929127
EWB563480209,INV-2026-02960,37YMENVG3KK01ZT,33OC50H2CWTG1ZY,WB,UP,DELIVERED,2026-06-18,TRN-775914,DELPROOF-17151765
EWB709792301,INV-2026-02961,2731YHXSO7VB1ZF,369EHWHG0U431ZO,AP,MH,IN_TRANSIT,2026-07-16,TRN-230705,DELPROOF-79430143
EWB611350084,INV-2026-02962,077H9G1A07H21ZW,27KMBY9IPA2V1ZM,GJ,KA,DELIVERED,2026-07-28,TRN-362727,DELPROOF-61303753
EWB426303312,INV-2026-02963,29VZHWJR64DP1ZI,29LD4D6AF58C1ZZ,RJ,GJ,IN_TRANSIT,2026-07-28,TRN-242305,DELPROOF-50261627
EWB192783428,INV-2026-02964,271K4FPL3X2J1ZC,19RL69VSYXBB1ZE,TS,WB,DELIVERED,2026-09-27,TRN-485621,DELPROOF-89729033
EWB919304797,INV-2026-02965,367FXLOZ2RCU1ZX,29RTIG7ZD9B71ZK,AP,AP,IN_TRANSIT,2026-08-21,TRN-773754,DELPROOF-68203543
EWB336146543,INV-2026-02966,27Q4S2FTGI881ZR,082ATQYYV37D1ZH,AP,TS,GENERATED,2026-06-10,TRN-447277,DELPROOF-66271957
EWB414438786,INV-2026-02967,27ZNBQH7M35I1ZV,3784U89YJB1Q1ZU,WB,KA,IN_TRANSIT,2026-09-18,TRN-723018,DELPROOF-36248568
EWB561403019,INV-2026-02968,36EQY08P0FOD1ZP,36MV9E40KZUJ1ZZ,GJ,RJ,DELIVERED,2026-09-13,TRN-200395,DELPROOF-11850833
EWB673736112,INV-2026-02969,29GBM65Q57TE1ZW,37DZNZ9C65FP1ZW,TN,MH,GENERATED,2026-08-17,TRN-562514,DELPROOF-91619524
EWB632635028,INV-2026-02970,24JJBFSA5UZL1ZW,24CMCOCO2ZTD1ZG,GJ,KA,DELIVERED,2026-08-02,TRN-342460,DELPROOF-68416415
EWB874032275,INV-2026-02971,1949PSO1LQSR1ZL,29R7S20CV3TL1ZC,KA,KA,DELIVERED,2026-09-04,TRN-153835,DELPROOF-20420536
EWB251234087,INV-2026-02972,07NY20479T6V1ZV,09VUNLPAIH0P1ZL,WB,GJ,IN_TRANSIT,2026-06-29,TRN-779803,DELPROOF-22277212
EWB956806726,INV-2026-02973,19U1OE5EI28D1ZQ,09OXKO8G8QYN1ZN,DL,KA,DELIVERED,2026-07-19,TRN-331705,DELPROOF-38145163
EWB149848249,INV-2026-02974,19JFVYB6LI071ZL,37U84XYJOA211ZA,UP,MH,GENERATED,2026-09-01,TRN-500171,DELPROOF-61288687
EWB128027485,INV-2026-02975,3687K9TPZ1J81ZO,093KPUG99W591ZQ,RJ,TS,DELIVERED,2026-07-22,TRN-785915,DELPROOF-02334033
EWB506378327,INV-2026-02976,072Y8FV2BC2N1ZM,29BXLBC8NOG81ZM,MH,TS,DELIVERED,2026-09-21,TRN-284751,DELPROOF-07993321
EWB842552920,INV-2026-02977,276314CQE4LO1ZG,37GNXB5JTB9X1ZU,DL,UP,GENERATED,2026-09-29,TRN-811352,DELPROOF-96791385
EWB537643621,INV-2026-02978,37Z6146VEY0A1ZN,275QBVNPY1AJ1ZJ,TN,RJ,IN_TRANSIT,2026-08-15,TRN-740811,DELPROOF-34887750
EWB120191580,INV-2026-02979,24UE421VMEFO1ZW,24K03W0FGEA91ZT,TS,DL,IN_TRANSIT,2026-09-08,TRN-349609,DELPROOF-92510802
EWB786373490,INV-2026-02980,19U2T0JESGQ41ZB,24UCNRI2I3971ZH,TS,TN,GENERATED,2026-08-29,TRN-143269,DELPROOF-55094735
EWB508040082,INV-2026-02981,094DMC2RH2XK1ZZ,37ICJDAN085R1ZM,TS,WB,GENERATED,2026-09-21,TRN-385219,DELPROOF-72784535
EWB914687830,INV-2026-02982,37Z6146VEY0A1ZN,29JGKCQY26561ZA,AP,RJ,DELIVERED,2026-07-07,TRN-388798,DELPROOF-35838840
EWB728918621,INV-2026-02983,19G2GZR7TXCB1ZC,24VT3X8VE00H1ZZ,RJ,TS,IN_TRANSIT,2026-09-12,TRN-429799,DELPROOF-26582773
EWB452655557,INV-2026-02984,072TIXC7URVQ1ZR,336E07FPY1AE1ZJ,KA,RJ,IN_TRANSIT,2026-08-30,TRN-566776,DELPROOF-17481948
EWB124757388,INV-2026-02985,37OAZTKSZP7G1ZD,19Q9J2H1TLOM1ZF,TN,TS,DELIVERED,2026-08-31,TRN-590195,DELPROOF-14637453
EWB833058856,INV-2026-02986,36A7D0WTWS3Y1ZN,08FNKOMV2XCD1ZV,MH,TN,IN_TRANSIT,2026-08-30,TRN-927950,DELPROOF-10472060
EWB536110297,INV-2026-02987,33SDUHH03G951ZO,09E3CUP8IJL21ZW,TS,TS,GENERATED,2026-09-25,TRN-604672,DELPROOF-64780390
EWB631487964,INV-2026-02988,360JUM42WSC31ZY,33RMC5S3OFAW1ZT,TS,TN,GENERATED,2026-07-29,TRN-154807,DELPROOF-28798886
EWB324838579,INV-2026-02989,27VBNHI6HABA1ZG,24DURVFFFIA31ZN,MH,RJ,GENERATED,2026-08-06,TRN-287830,DELPROOF-85599051
EWB340530097,INV-2026-02990,24TRIJ2FRNLX1ZT,29S95ZOW60ZZ1ZX,TS,DL,DELIVERED,2026-06-20,TRN-277605,DELPROOF-07155246
EWB570114532,INV-2026-02991,36NGMX1GM32W1ZO,27ZNBQH7M35I1ZV,RJ,RJ,DELIVERED,2026-09-01,TRN-320454,DELPROOF-90879919
EWB269496474,INV-2026-02992,33MQWYUIXNS21ZW,36X48WZE4EX61ZS,TS,UP,DELIVERED,2026-07-28,TRN-433903,DELPROOF-22998946
EWB708983147,INV-2026-02993,09U8WPFQ2BHA1ZH,33GFDK0Q09JR1ZL,DL,GJ,GENERATED,2026-08-02,TRN-983082,DELPROOF-35959425
EWB950231477,INV-2026-02994,36PGVTN4YPKW1ZD,36JWVHPLHW4O1ZO,AP,AP,IN_TRANSIT,2026-07-25,TRN-141277,DELPROOF-31482572
EWB868869781,INV-2026-02995,19RL69VSYXBB1ZE,08CPNCC2KEIV1ZK,DL,UP,IN_TRANSIT,2026-07-09,TRN-357044,DELPROOF-79479091
EWB737309381,INV-2026-02996,19BPH1VE8SUS1ZF,27FQS3D6357O1ZM,UP,TN,IN_TRANSIT,2026-07-22,TRN-967614,DELPROOF-52420324
EWB672165691,INV-2026-02997,09WOW73O1BLO1ZG,29TVZKHIUIT71ZK,RJ,UP,IN_TRANSIT,2026-07-18,TRN-260581,DELPROOF-04034821
EWB145768515,INV-2026-02998,08DJE153A5QB1ZQ,37T04CHSDING1ZV,AP,WB,DELIVERED,2026-08-26,TRN-508954,DELPROOF-01150743
EWB135148367,INV-2026-02999,09N9T84AZYTJ1ZU,19CRUYF38DIU1ZN,WB,TS,GENERATED,2026-09-12,TRN-453447,DELPROOF-48617041
EWB546537862,INV-2026-03000,36C20LSJWS1Z1ZK,08DJE153A5QB1ZQ,MH,KA,DELIVERED,2026-09-16,TRN-305979,DELPROOF-10328885
EWB731844066,INV-2026-03001,099QEZG5WZAW1ZM,37LVXWQZXEBB1ZP,AP,DL,DELIVERED,2026-07-31,TRN-387012,DELPROOF-06803212
EWB727020942,INV-2026-03002,09YK8516SP181ZM,360RXXF36WA71ZQ,DL,TS,DELIVERED,2026-06-15,TRN-127389,DELPROOF-73448020
EWB239112743,INV-2026-03003,33HV3A3ZMF8M1ZC,27TZE5R5UQPG1ZB,MH,TS,GENERATED,2026-08-10,TRN-242944,DELPROOF-71161233
EWB830193498,INV-2026-03004,09L00EZZF8S21ZX,37QPWDXYASVD1ZA,TN,DL,IN_TRANSIT,2026-08-26,TRN-383876,DELPROOF-66508580
EWB970077842,INV-2026-03005,08PSUOVHAUVA1ZZ,332V2HEIFJFC1ZZ,MH,UP,GENERATED,2026-09-25,TRN-929300,DELPROOF-00386190
EWB459270644,INV-2026-03006,27NS6G298CQK1ZJ,19SOGGY5KOV11ZJ,WB,TS,DELIVERED,2026-06-18,TRN-773393,DELPROOF-74303351
EWB485301637,INV-2026-03007,27ADNBCJ29YF1ZB,081W1WUDCBL41ZC,RJ,KA,DELIVERED,2026-08-04,TRN-348758,DELPROOF-43592247
EWB845235403,INV-2026-03008,36JWVHPLHW4O1ZO,08OS5HRQAP5I1ZN,AP,RJ,GENERATED,2026-07-17,TRN-562997,DELPROOF-52394543
EWB865611381,INV-2026-03009,09QZCUCTSUFL1ZQ,19FYO1750CEH1ZK,WB,RJ,DELIVERED,2026-09-14,TRN-973735,DELPROOF-15587067
EWB492876143,INV-2026-03010,096F7QNEZW9H1ZE,29828XG8Y72I1ZS,RJ,TN,IN_TRANSIT,2026-08-15,TRN-149915,DELPROOF-86895733
EWB389655035,INV-2026-03011,24BUNKNQT3WV1ZE,37NOX8FK20761ZT,TN,UP,GENERATED,2026-06-11,TRN-586431,DELPROOF-03612138
EWB974493493,INV-2026-03012,36NRWZC4XL991ZQ,244UNY181ACJ1ZB,UP,AP,DELIVERED,2026-07-11,TRN-263045,DELPROOF-07715342
EWB423409884,INV-2026-03013,33Y84ZZ2P6EE1ZA,29S95ZOW60ZZ1ZX,TS,WB,GENERATED,2026-07-30,TRN-629995,DELPROOF-82997288
EWB649748835,INV-2026-03014,19NE6IT1EKKH1ZX,361U24ZQFEZK1ZE,KA,TN,GENERATED,2026-07-24,TRN-219233,DELPROOF-28728103
EWB182419846,INV-2026-03015,37AD1IOR56FA1ZM,33Y3Q69FLGUQ1ZY,GJ,RJ,GENERATED,2026-06-22,TRN-511558,DELPROOF-65716900
EWB413494174,INV-2026-03016,08M89I9GX32U1ZE,362BNE6LOH251ZL,KA,TS,DELIVERED,2026-09-09,TRN-584272,DELPROOF-55415844
EWB808498643,INV-2026-03017,365XIN9DL5TG1ZQ,07AHCPZTC69Q1ZJ,TN,TN,GENERATED,2026-06-22,TRN-657712,DELPROOF-14724993
EWB263448126,INV-2026-03018,09N6NBYZM2421ZN,07C4RTWUZKAM1ZS,KA,WB,IN_TRANSIT,2026-07-26,TRN-568870,DELPROOF-05083261
EWB428622430,INV-2026-03019,29V5S4TL0THH1ZW,09ASFEN0B09Z1ZH,UP,GJ,IN_TRANSIT,2026-07-16,TRN-191522,DELPROOF-86750087
EWB840579153,INV-2026-03020,37CVSQAME4YR1ZH,29WZK4IE86DB1ZM,KA,RJ,IN_TRANSIT,2026-09-11,TRN-468964,DELPROOF-54742169
EWB465549708,INV-2026-03021,24V46WYSIRRK1ZY,24J1QI9MQVAY1ZU,WB,KA,GENERATED,2026-09-12,TRN-865478,DELPROOF-05972861
EWB385008052,INV-2026-03022,076DGG5GR0XA1ZF,07F060O4VFK91ZQ,AP,RJ,GENERATED,2026-08-01,TRN-500364,DELPROOF-18874862
EWB666096270,INV-2026-03023,3312VJ99T2D51ZE,0806NKWFG3MW1ZS,KA,MH,GENERATED,2026-07-03,TRN-500682,DELPROOF-49989686
EWB518870300,INV-2026-03024,095935A0L7251ZZ,09ASFEN0B09Z1ZH,AP,UP,DELIVERED,2026-06-09,TRN-661587,DELPROOF-93368084
EWB383382877,INV-2026-03025,373XQ8VA8X8L1ZX,19ETIUYMO0PQ1ZC,UP,GJ,IN_TRANSIT,2026-07-12,TRN-304112,DELPROOF-59423198
EWB843687755,INV-2026-03026,377RL2YJ09741ZU,37AWQ57LY7501ZX,WB,KA,GENERATED,2026-09-12,TRN-960901,DELPROOF-45114612
EWB373780019,INV-2026-03027,07YCG1FJGBVY1ZN,24NHQNJVDPNG1ZU,UP,TN,DELIVERED,2026-08-02,TRN-792595,DELPROOF-78611806
EWB657988290,INV-2026-03028,33SDUHH03G951ZO,27S832EJX5TD1ZQ,KA,GJ,DELIVERED,2026-06-11,TRN-288528,DELPROOF-81449783
EWB926129153,INV-2026-03029,0987XW69HZGO1ZN,24AJSSUUQO1V1ZQ,KA,MH,GENERATED,2026-07-27,TRN-348474,DELPROOF-63791879
EWB102154425,INV-2026-03030,27N9J3GC9HOX1ZD,36HZ364PKNT51ZH,DL,WB,DELIVERED,2026-07-01,TRN-490161,DELPROOF-83908538
EWB103568144,INV-2026-03031,29KNKBF2P7KK1ZF,24VS0CDK36M81ZI,DL,DL,IN_TRANSIT,2026-08-10,TRN-521414,DELPROOF-93391830
EWB945416336,INV-2026-03032,07QG433E1I1P1ZX,08ITMOFMMWI91ZQ,MH,TN,IN_TRANSIT,2026-08-14,TRN-357934,DELPROOF-95318825
EWB758183501,INV-2026-03033,19JFVYB6LI071ZL,190DRIMR25I71ZA,WB,TS,GENERATED,2026-10-02,TRN-242222,DELPROOF-38227000
EWB634002438,INV-2026-03034,331FPE60QRAQ1ZH,27MQT788G35S1ZE,RJ,TN,IN_TRANSIT,2026-07-14,TRN-576462,DELPROOF-26711160
EWB997877191,INV-2026-03035,365XRSI7EADG1ZG,09FOP8QZJULI1ZF,TN,GJ,GENERATED,2026-07-08,TRN-326842,DELPROOF-36647635
EWB146329543,INV-2026-03036,19ETIUYMO0PQ1ZC,36XXVA2IEUC11ZG,TN,TS,GENERATED,2026-08-06,TRN-452690,DELPROOF-91941386
EWB508790213,INV-2026-03037,33AZCCBLSKRT1ZX,24FC79M96ZPX1ZT,AP,TN,IN_TRANSIT,2026-07-29,TRN-600985,DELPROOF-04193189
EWB632414604,INV-2026-03038,19U2T0JESGQ41ZB,07WYPSWLDOQ51ZV,MH,TS,IN_TRANSIT,2026-09-21,TRN-622896,DELPROOF-07820830
EWB702070911,INV-2026-03039,07DALMJEGQTO1ZA,19EFQ56Q37CS1ZS,AP,WB,DELIVERED,2026-07-10,TRN-357398,DELPROOF-57372877
EWB527851749,INV-2026-03040,27HAIR4COWGZ1ZP,07NYFM7VH30Q1ZB,TN,MH,DELIVERED,2026-08-12,TRN-594758,DELPROOF-30435401
EWB786014310,INV-2026-03041,2414HOAE527P1ZQ,19N42X2EZC7F1ZN,GJ,TN,IN_TRANSIT,2026-09-08,TRN-831573,DELPROOF-23610097
EWB157732483,INV-2026-03042,36JWVHPLHW4O1ZO,360RXXF36WA71ZQ,MH,DL,GENERATED,2026-06-22,TRN-216868,DELPROOF-02726728
EWB387952627,INV-2026-03043,078YI340SQCN1ZE,196E1ZHWY9HE1ZC,KA,AP,DELIVERED,2026-09-23,TRN-104076,DELPROOF-97996889
EWB613441057,INV-2026-03044,36NVN439ENGA1ZX,27IS2GY9YTJU1ZO,WB,UP,DELIVERED,2026-06-14,TRN-808552,DELPROOF-45467277
EWB439088243,INV-2026-03045,09G34IQ7ZJ3S1ZU,075MY80TGH3S1ZL,TS,TN,GENERATED,2026-07-17,TRN-455720,DELPROOF-47377932
EWB206978114,INV-2026-03046,378E9RIVH6T11ZM,29XJN6FOKZIX1ZW,AP,RJ,GENERATED,2026-08-04,TRN-674238,DELPROOF-87137825
EWB239479350,INV-2026-03047,33EJZXPR2D0V1ZG,19GX25FPLO1U1ZP,RJ,TN,DELIVERED,2026-08-15,TRN-586998,DELPROOF-57350611
EWB829786307,INV-2026-03048,27RE4V9KYPOF1ZJ,191LLKSTN3CP1ZS,WB,DL,DELIVERED,2026-07-31,TRN-422156,DELPROOF-94582474
EWB203483026,INV-2026-03049,0782K8RYQF8W1ZV,36NAWJGQU6H31ZJ,TN,UP,DELIVERED,2026-08-21,TRN-976116,DELPROOF-01274853
EWB346921501,INV-2026-03050,33YUJ7YKTXG41ZA,08PSUOVHAUVA1ZZ,UP,UP,DELIVERED,2026-07-22,TRN-320937,DELPROOF-54505076
EWB303882699,INV-2026-03051,37EOUBXXQ6MF1ZX,24Q99CHJ755N1ZF,GJ,AP,DELIVERED,2026-07-18,TRN-513692,DELPROOF-34745809
EWB937890580,INV-2026-03052,098P6BEFFLZM1ZQ,33RSXKJKMPLB1ZB,MH,MH,GENERATED,2026-08-31,TRN-392757,DELPROOF-63294012
EWB359627438,INV-2026-03053,08791ZYRRU7Z1ZJ,07F060O4VFK91ZQ,KA,MH,DELIVERED,2026-07-01,TRN-698883,DELPROOF-23625826
EWB529654118,INV-2026-03054,090IMJYJCMRS1ZD,378DRC11ERTJ1ZT,GJ,DL,GENERATED,2026-06-26,TRN-581283,DELPROOF-98385555
EWB483193964,INV-2026-03055,379MX2X18HAF1ZE,37OAZTKSZP7G1ZD,GJ,AP,DELIVERED,2026-07-03,TRN-147681,DELPROOF-05278851
EWB852898776,INV-2026-03056,24XHG403NJBC1ZE,37JC36OQOLOE1ZA,RJ,TS,IN_TRANSIT,2026-09-23,TRN-541233,DELPROOF-53971219
EWB515465028,INV-2026-03057,090ODWMQX5GG1ZM,29O1PVLND5811ZK,AP,UP,GENERATED,2026-08-19,TRN-723043,DELPROOF-45135673
EWB610583392,INV-2026-03058,337NZBXFV7FI1ZS,29X08N6Q7NC81ZR,TN,WB,DELIVERED,2026-06-09,TRN-131417,DELPROOF-49583924
EWB392416596,INV-2026-03059,37EOUBXXQ6MF1ZX,08WDPJBC01AR1ZU,GJ,WB,IN_TRANSIT,2026-06-24,TRN-981588,DELPROOF-48578714
EWB441280543,INV-2026-03060,366GMDRDSFER1ZE,37SQ0P82KB701ZX,GJ,RJ,DELIVERED,2026-08-04,TRN-885628,DELPROOF-60858941
EWB263511137,INV-2026-03061,296JQFWWXR5R1ZC,336E07FPY1AE1ZJ,WB,DL,DELIVERED,2026-07-09,TRN-793670,DELPROOF-96922439
EWB607179194,INV-2026-03062,24IOYGGVNYRU1ZH,0716KJ752H701ZV,TN,TS,IN_TRANSIT,2026-07-21,TRN-390783,DELPROOF-60234020
EWB704677424,INV-2026-03063,37O2Y8B0H54P1ZH,3681IQY5SXAW1ZK,KA,KA,DELIVERED,2026-06-06,TRN-611044,DELPROOF-77591299
EWB417680137,INV-2026-03064,193V23GXJ0MQ1ZS,331M264UPJ161ZC,UP,MH,IN_TRANSIT,2026-08-18,TRN-389688,DELPROOF-90500990
EWB169114201,INV-2026-03065,0861M3J1HA0W1ZN,09ZRKBFQXLBV1ZM,GJ,UP,IN_TRANSIT,2026-08-08,TRN-967998,DELPROOF-22256808
EWB985990471,INV-2026-03066,3681IQY5SXAW1ZK,33Y8GY39BU4U1ZW,UP,DL,IN_TRANSIT,2026-09-23,TRN-756024,DELPROOF-45864914
EWB448455951,INV-2026-03067,240EN48UACT41ZN,096OM1FB8C7X1ZX,RJ,AP,DELIVERED,2026-06-18,TRN-299639,DELPROOF-61240033
EWB234653279,INV-2026-03068,09ZRLF8A9KEP1ZA,29JZ09OWGMF41ZK,WB,AP,IN_TRANSIT,2026-08-29,TRN-985502,DELPROOF-96575303
EWB804496759,INV-2026-03069,37F0RIY4KL9A1ZP,099QEZG5WZAW1ZM,UP,RJ,IN_TRANSIT,2026-09-08,TRN-952891,DELPROOF-40621623
EWB433282206,INV-2026-03070,33Y3Q69FLGUQ1ZY,07JJFGJK2N7Z1ZP,DL,GJ,IN_TRANSIT,2026-07-23,TRN-204596,DELPROOF-50638082
EWB319870489,INV-2026-03071,19JY5OP9LBSM1ZT,07JJFGJK2N7Z1ZP,RJ,WB,DELIVERED,2026-08-27,TRN-152325,DELPROOF-25842327
EWB586822447,INV-2026-03072,37KWOALF4V1T1ZU,08VUBF99U26U1ZM,GJ,KA,GENERATED,2026-08-01,TRN-989990,DELPROOF-33642416
EWB639580373,INV-2026-03073,24LJX8XGSIC41ZZ,19GB1AJO091C1ZO,WB,WB,DELIVERED,2026-09-04,TRN-809363,DELPROOF-06052931
EWB786788165,INV-2026-03074,334H20RAPE6W1ZR,09USGEHN0Z1R1ZD,DL,TS,IN_TRANSIT,2026-06-27,TRN-503150,DELPROOF-67283511
EWB983296786,INV-2026-03075,29ATWYAM1N0L1ZG,36Z5TOZO32TC1ZS,WB,TN,DELIVERED,2026-06-07,TRN-263752,DELPROOF-21003597
EWB144393337,INV-2026-03076,0952DEZH0CD81ZA,37T04CHSDING1ZV,TN,WB,IN_TRANSIT,2026-09-18,TRN-681819,DELPROOF-99670802
EWB954054073,INV-2026-03077,33NRM31SL7ZX1ZQ,27TMFEK2O7FH1ZQ,RJ,GJ,DELIVERED,2026-08-01,TRN-872968,DELPROOF-78781830
EWB173700597,INV-2026-03078,27SYJAFCO3S61ZP,29955CF72GNN1ZT,KA,MH,GENERATED,2026-07-29,TRN-459520,DELPROOF-22582300
EWB763204615,INV-2026-03079,36MV9E40KZUJ1ZZ,29H4GG24479Q1ZR,RJ,RJ,DELIVERED,2026-08-16,TRN-807426,DELPROOF-83485801
EWB657875591,INV-2026-03080,36L90AOBT3281ZU,36GWY7D78HWK1ZZ,GJ,TS,GENERATED,2026-09-12,TRN-384904,DELPROOF-46781923
EWB903867076,INV-2026-03081,248ESMPF0IEO1ZJ,336NYQAELYYZ1ZW,WB,MH,DELIVERED,2026-09-22,TRN-219249,DELPROOF-92262494
EWB987002933,INV-2026-03082,19Y3GDILK1QY1ZT,07Q8QMXETIZU1ZX,KA,GJ,IN_TRANSIT,2026-06-30,TRN-236978,DELPROOF-92806698
EWB747533776,INV-2026-03083,37VC7HR6C2CU1ZN,295VRZ38EFE91ZT,TN,UP,DELIVERED,2026-08-29,TRN-888033,DELPROOF-73549989
EWB485046595,INV-2026-03084,24TP0LZJJEGE1ZR,29FKJNAWNGA41ZY,GJ,AP,IN_TRANSIT,2026-08-13,TRN-749726,DELPROOF-52238134
EWB495576651,INV-2026-03085,36MV9E40KZUJ1ZZ,0845VDB828191ZZ,DL,UP,DELIVERED,2026-08-18,TRN-903877,DELPROOF-49072025
EWB817699080,INV-2026-03086,24JDTVV2Y4XK1ZQ,19VNNVBZW5AP1ZK,MH,DL,GENERATED,2026-08-20,TRN-551691,DELPROOF-01011636
EWB852438163,INV-2026-03087,09GPP1NOQU9Y1ZD,33FNOTIA41SS1ZZ,RJ,UP,GENERATED,2026-07-31,TRN-133607,DELPROOF-15137156
EWB930871203,INV-2026-03088,09VC9AQX6RZC1ZL,19PW2W5506RR1ZN,UP,DL,DELIVERED,2026-09-10,TRN-465923,DELPROOF-44754842
EWB294334949,INV-2026-03089,36JI0Y6DPBHS1ZA,33TGDUQ6DDTB1ZW,GJ,GJ,DELIVERED,2026-09-26,TRN-314029,DELPROOF-96847329
EWB243047561,INV-2026-03090,271K4FPL3X2J1ZC,09N6NBYZM2421ZN,KA,AP,DELIVERED,2026-09-14,TRN-336690,DELPROOF-22045747
EWB551264103,INV-2026-03091,071ZN1RIAMWU1ZZ,19DNWT2FES5C1ZQ,AP,MH,IN_TRANSIT,2026-06-28,TRN-764479,DELPROOF-89971357
EWB823946335,INV-2026-03092,24I7E1DDQLEM1ZY,36WS44C68AU91ZD,RJ,UP,IN_TRANSIT,2026-08-20,TRN-267339,DELPROOF-51278328
EWB358006487,INV-2026-03093,33ZNWG3ZRZQ01ZS,29G1F8YC8GZK1ZD,AP,WB,GENERATED,2026-07-12,TRN-590454,DELPROOF-60138092
EWB788126208,INV-2026-03094,09QEQ7Z7E5RD1ZE,37LVXWQZXEBB1ZP,DL,MH,IN_TRANSIT,2026-08-26,TRN-843752,DELPROOF-07241742
EWB775232738,INV-2026-03095,199GVBMQQ7491ZO,0845VDB828191ZZ,AP,KA,IN_TRANSIT,2026-07-27,TRN-469765,DELPROOF-39029466
EWB883976816,INV-2026-03096,3641A68T2A3A1ZG,27T6YRIADDUR1ZC,TN,GJ,DELIVERED,2026-08-18,TRN-573024,DELPROOF-05220045
EWB497652269,INV-2026-03097,19FYO1750CEH1ZK,37XW2EOWLCFS1ZY,DL,RJ,GENERATED,2026-08-28,TRN-422824,DELPROOF-77536313
EWB946849663,INV-2026-03098,296JIXUB4IBH1ZH,19CRUYF38DIU1ZN,AP,RJ,DELIVERED,2026-06-29,TRN-582078,DELPROOF-40501142
EWB632287684,INV-2026-03099,0952E77DYVGD1ZG,09B0UKOEFUKP1ZT,TN,DL,IN_TRANSIT,2026-09-23,TRN-552818,DELPROOF-29387630
EWB734836288,INV-2026-03100,37XGSPLTI8991ZA,09FOP8QZJULI1ZF,WB,TS,IN_TRANSIT,2026-09-26,TRN-163572,DELPROOF-82038334
EWB551865251,INV-2026-03101,19EZ7BH25LLO1ZR,330RS210Q2LG1ZY,KA,TS,IN_TRANSIT,2026-09-09,TRN-965213,DELPROOF-57241136
EWB684579867,INV-2026-03102,08WDPJBC01AR1ZU,19JY5OP9LBSM1ZT,DL,RJ,DELIVERED,2026-06-14,TRN-947405,DELPROOF-90210443
EWB893341158,INV-2026-03103,27RE4V9KYPOF1ZJ,08MKGXUKQ00U1ZF,RJ,MH,IN_TRANSIT,2026-08-21,TRN-130043,DELPROOF-59036617
EWB723856185,INV-2026-03104,366GMDRDSFER1ZE,37AW4IOAR4G51ZS,TS,TS,IN_TRANSIT,2026-09-15,TRN-810417,DELPROOF-97577951
EWB399233536,INV-2026-03105,24V46WYSIRRK1ZY,07Q8QMXETIZU1ZX,TN,GJ,DELIVERED,2026-09-26,TRN-645465,DELPROOF-80044101
EWB565905035,INV-2026-03106,37AW4IOAR4G51ZS,37ASJTK3LIRH1ZV,TN,MH,IN_TRANSIT,2026-08-01,TRN-856234,DELPROOF-80469460
EWB853473765,INV-2026-03107,19Q4KREG167D1ZA,19ERBYEAWHML1ZT,TN,WB,DELIVERED,2026-07-25,TRN-740985,DELPROOF-51784159
EWB925273466,INV-2026-03108,37U84XYJOA211ZA,24VS0CDK36M81ZI,GJ,RJ,IN_TRANSIT,2026-09-17,TRN-794344,DELPROOF-16390100
EWB198309053,INV-2026-03109,07SBJDX0PKOV1ZQ,074MJDXO100V1ZG,GJ,TN,GENERATED,2026-10-03,TRN-764548,DELPROOF-34078173
EWB100479302,INV-2026-03110,33OV953A5O471ZA,36ZQ991P778R1ZL,WB,KA,GENERATED,2026-07-03,TRN-379718,DELPROOF-57022490
EWB284188067,INV-2026-03111,27M4SMZOCXMZ1ZK,24D3IRVXD2ZU1ZS,UP,AP,DELIVERED,2026-09-09,TRN-305040,DELPROOF-02117038
EWB377389229,INV-2026-03112,09ISETUK1OOA1ZZ,27ZGFLIG5GKZ1ZI,DL,DL,GENERATED,2026-08-02,TRN-669837,DELPROOF-75186596
EWB237805305,INV-2026-03113,37N3V1WNP9OC1ZH,08HR07N8VOEU1ZB,WB,KA,IN_TRANSIT,2026-09-30,TRN-664482,DELPROOF-50730246
EWB636377736,INV-2026-03114,33JXL66YA6BA1ZZ,275QBVNPY1AJ1ZJ,WB,DL,GENERATED,2026-06-11,TRN-127354,DELPROOF-14289936
EWB228809207,INV-2026-03115,0806NKWFG3MW1ZS,08VKAP6ZPXVW1ZY,GJ,AP,DELIVERED,2026-07-16,TRN-934634,DELPROOF-39526217
EWB205953425,INV-2026-03116,333Z6BZ8UUG91ZP,27TD96QE3RZS1ZI,TN,WB,IN_TRANSIT,2026-08-31,TRN-710026,DELPROOF-94043320
EWB632099301,INV-2026-03117,19BPH1VE8SUS1ZF,37XW2EOWLCFS1ZY,AP,GJ,IN_TRANSIT,2026-07-24,TRN-533988,DELPROOF-38976528
EWB717501560,INV-2026-03118,27QV5Y21ID9V1ZT,09L00EZZF8S21ZX,DL,AP,GENERATED,2026-08-28,TRN-783564,DELPROOF-85613833
EWB440800673,INV-2026-03119,36MJBQE7CKW51ZL,19WXQPF0QPSV1ZV,GJ,TS,DELIVERED,2026-08-13,TRN-778956,DELPROOF-04418866
EWB928631409,INV-2026-03120,33YUJ7YKTXG41ZA,378E9RIVH6T11ZM,UP,GJ,IN_TRANSIT,2026-07-04,TRN-588404,DELPROOF-71886026
EWB684679795,INV-2026-03121,07FARK6O0U931ZK,292HOQ5E7L7W1ZX,KA,WB,IN_TRANSIT,2026-07-31,TRN-208447,DELPROOF-81993755
EWB827605529,INV-2026-03122,37HL1737SUUD1ZO,373E950ID0331ZR,MH,AP,GENERATED,2026-09-04,TRN-320232,DELPROOF-40402412
EWB819142672,INV-2026-03123,33RR8IQRT0071ZN,08JC2GOUIFEZ1ZA,WB,MH,GENERATED,2026-10-06,TRN-890723,DELPROOF-59604632
EWB378045214,INV-2026-03124,369BP4M18O1B1ZI,33R9P6HJB2JT1ZU,WB,KA,GENERATED,2026-07-17,TRN-146209,DELPROOF-21382985
EWB747190015,INV-2026-03125,19SFFCXHGNZE1ZH,072GJ8K8C9G31ZP,KA,DL,IN_TRANSIT,2026-06-25,TRN-270318,DELPROOF-47407535
EWB315402623,INV-2026-03126,3784U89YJB1Q1ZU,24JDTVV2Y4XK1ZQ,DL,TS,GENERATED,2026-06-20,TRN-961368,DELPROOF-51518979
EWB184302437,INV-2026-03127,07GRY58VRW9M1ZV,3312VJ99T2D51ZE,KA,AP,IN_TRANSIT,2026-07-28,TRN-912631,DELPROOF-21157760
EWB596113318,INV-2026-03128,249M6MG87OI01ZE,27M4SMZOCXMZ1ZK,KA,TN,GENERATED,2026-07-18,TRN-409410,DELPROOF-13964808
EWB797455920,INV-2026-03129,33DY5EGTBXPS1ZN,08NSM43D8W3Z1ZN,GJ,TS,GENERATED,2026-06-12,TRN-396145,DELPROOF-92942049
EWB152142764,INV-2026-03130,27RE4V9KYPOF1ZJ,37XA5S00I85S1ZW,TN,GJ,DELIVERED,2026-06-28,TRN-372201,DELPROOF-78758151
EWB172261866,INV-2026-03131,33RMC5S3OFAW1ZT,24U5CZECCFS71ZH,DL,KA,IN_TRANSIT,2026-08-19,TRN-492519,DELPROOF-93725629
EWB274626555,INV-2026-03132,078YI340SQCN1ZE,24TY3ADDQHKG1ZA,KA,TN,IN_TRANSIT,2026-09-15,TRN-820618,DELPROOF-66399747
EWB384271842,INV-2026-03133,09A1EIPICERH1ZM,19N42X2EZC7F1ZN,MH,AP,IN_TRANSIT,2026-06-16,TRN-242689,DELPROOF-61037332
EWB832744044,INV-2026-03134,37ULJGQPQ8R41ZG,2762C1JLOPO61ZI,DL,DL,DELIVERED,2026-09-17,TRN-438492,DELPROOF-30124883
EWB343542246,INV-2026-03135,33H9P1EARPHB1ZV,08IDSECHU3YC1ZN,RJ,WB,DELIVERED,2026-06-19,TRN-722057,DELPROOF-57442835
EWB244037971,INV-2026-03136,29WZK4IE86DB1ZM,19UW2XH6QIHP1ZM,TS,RJ,GENERATED,2026-08-29,TRN-574455,DELPROOF-97311746
EWB464822979,INV-2026-03137,08BVSIGBIAF91ZY,09GXNX4SN6SM1ZL,RJ,GJ,GENERATED,2026-08-18,TRN-761732,DELPROOF-28457358
EWB633764990,INV-2026-03138,36G0FN9XUY411ZH,33RMC5S3OFAW1ZT,TS,DL,DELIVERED,2026-07-26,TRN-116291,DELPROOF-17357452
EWB582757692,INV-2026-03139,3681IQY5SXAW1ZK,09NT0MQ8ABKA1ZE,MH,RJ,GENERATED,2026-06-18,TRN-947736,DELPROOF-14952925
EWB825276971,INV-2026-03140,09NT0MQ8ABKA1ZE,08MF4NNKM95D1ZX,TN,GJ,IN_TRANSIT,2026-08-05,TRN-691747,DELPROOF-79443233
EWB116645725,INV-2026-03141,29955CF72GNN1ZT,07PMQK8SZ7IW1ZC,WB,AP,IN_TRANSIT,2026-09-29,TRN-289342,DELPROOF-79165164
EWB473917741,INV-2026-03142,27H8RQ9NZ6121ZG,27EG3ZGARFI41ZZ,KA,TS,IN_TRANSIT,2026-09-24,TRN-829455,DELPROOF-32304889
EWB423250524,INV-2026-03143,29C09ZGNX3VP1ZE,24OCLYT8W5RT1ZT,RJ,MH,IN_TRANSIT,2026-08-28,TRN-330674,DELPROOF-13430823
EWB281488061,INV-2026-03144,24J1QI9MQVAY1ZU,27J5D5E3H0Y41ZT,RJ,TN,GENERATED,2026-07-30,TRN-855122,DELPROOF-72612222
EWB943026297,INV-2026-03145,09HRUWA032601ZL,08UW0U92T24D1ZO,DL,AP,GENERATED,2026-07-30,TRN-835357,DELPROOF-64816804
EWB665368310,INV-2026-03146,29XJN6FOKZIX1ZW,08JSRD9Q46NO1ZS,KA,WB,IN_TRANSIT,2026-08-18,TRN-101268,DELPROOF-93425829
EWB470816289,INV-2026-03147,29JOV58TOE3P1ZF,09PBN78BMYYM1ZR,DL,MH,IN_TRANSIT,2026-06-22,TRN-624766,DELPROOF-16893430
EWB297529003,INV-2026-03148,365GJLQM5K8P1ZC,27RYIEJ9C0UU1ZI,GJ,UP,GENERATED,2026-06-11,TRN-476535,DELPROOF-94512413
EWB751443462,INV-2026-03149,27VPYMB5M9J91ZB,3313CD5GLQJ51ZQ,MH,MH,GENERATED,2026-06-15,TRN-904966,DELPROOF-02539937
EWB422454472,INV-2026-03150,360RXXF36WA71ZQ,0806NKWFG3MW1ZS,RJ,MH,DELIVERED,2026-08-04,TRN-608473,DELPROOF-62706195
EWB766209690,INV-2026-03151,37DYCPN0P1XS1ZG,09DK8LW2LM341ZT,TN,DL,DELIVERED,2026-07-21,TRN-703505,DELPROOF-72039453
EWB936705980,INV-2026-03152,29TRC85EHPZR1ZT,33YFZ9S9VS1Q1ZE,TS,AP,DELIVERED,2026-08-29,TRN-322216,DELPROOF-28443893
EWB311624592,INV-2026-03153,29JZ09OWGMF41ZK,37RQ8RTM4J3D1ZA,WB,TS,IN_TRANSIT,2026-09-04,TRN-853054,DELPROOF-89119462
EWB581907257,INV-2026-03154,09337KUU4YTN1ZX,36KNJMVRYDC11ZA,UP,KA,IN_TRANSIT,2026-09-11,TRN-432909,DELPROOF-75863335
EWB177012773,INV-2026-03155,37AW4IOAR4G51ZS,09DP2FMR0TJO1ZN,GJ,AP,GENERATED,2026-06-09,TRN-318617,DELPROOF-37363068
EWB672778402,INV-2026-03156,09OEMQGY27VY1ZK,246NYYCJ4Q0R1ZP,RJ,GJ,IN_TRANSIT,2026-06-10,TRN-629444,DELPROOF-79039748
EWB802658576,INV-2026-03157,07C9R4X1V4DX1ZQ,09VYLKFXHKC81ZX,MH,AP,GENERATED,2026-07-05,TRN-599078,DELPROOF-91353084
EWB416220635,INV-2026-03158,36SBUOV6TT9Q1ZY,19CTHPHJ3MUU1ZP,AP,MH,GENERATED,2026-09-12,TRN-774431,DELPROOF-67867308
EWB880440215,INV-2026-03159,2430VVIJVDDW1ZT,334X0BS3LWW71ZM,TN,DL,GENERATED,2026-08-03,TRN-411318,DELPROOF-01077814
EWB835320947,INV-2026-03160,37OK63RVWOZQ1ZV,334BF5L0RXMI1ZN,MH,KA,IN_TRANSIT,2026-06-09,TRN-854807,DELPROOF-51194997
EWB366721233,INV-2026-03161,369BP4M18O1B1ZI,29G1AMRA5RBA1ZV,UP,GJ,GENERATED,2026-09-23,TRN-198209,DELPROOF-18698005
EWB455728954,INV-2026-03162,19GA24SMUX2R1ZV,24AV1G8NTAFU1ZT,RJ,DL,IN_TRANSIT,2026-08-17,TRN-547501,DELPROOF-58121745
EWB819744041,INV-2026-03163,099QEZG5WZAW1ZM,09ISETUK1OOA1ZZ,WB,TN,IN_TRANSIT,2026-07-19,TRN-404371,DELPROOF-04356102
EWB591445699,INV-2026-03164,299DYFNGP41S1ZO,07TZ91X70FQL1ZC,TS,KA,DELIVERED,2026-07-31,TRN-560780,DELPROOF-30841711
EWB464392354,INV-2026-03165,08PJ8T22C50B1ZV,247X5RRNYCIH1ZE,AP,AP,GENERATED,2026-08-30,TRN-836261,DELPROOF-19593732
EWB343049129,INV-2026-03166,360JUM42WSC31ZY,36NRWZC4XL991ZQ,RJ,UP,IN_TRANSIT,2026-10-02,TRN-921352,DELPROOF-90352610
EWB446406436,INV-2026-03167,24O0IPFG8PJV1ZP,0832U1IQ2BAJ1ZD,TS,KA,DELIVERED,2026-08-15,TRN-668796,DELPROOF-54128529
EWB335456295,INV-2026-03168,278GUAS173RI1ZG,294S3MEIUR921ZY,GJ,KA,IN_TRANSIT,2026-10-02,TRN-951666,DELPROOF-49594241
EWB245047485,INV-2026-03169,33X1945NQ4FM1ZV,24FWY8AV2OSG1ZF,WB,KA,DELIVERED,2026-07-25,TRN-224985,DELPROOF-69508693
EWB170188110,INV-2026-03170,33R9P6HJB2JT1ZU,19HVL66SAJXX1ZM,MH,TS,IN_TRANSIT,2026-07-29,TRN-389899,DELPROOF-39522956
EWB317101819,INV-2026-03171,29G1F8YC8GZK1ZD,08OYTK06AKT71ZW,AP,DL,DELIVERED,2026-10-03,TRN-312699,DELPROOF-50839638
EWB840525671,INV-2026-03172,29WJM2C8QIZK1ZC,0841KHT8XKOD1ZW,AP,WB,DELIVERED,2026-06-16,TRN-548445,DELPROOF-58547680
EWB772864647,INV-2026-03173,37DYCPN0P1XS1ZG,37C2BE3YQY5F1ZS,UP,MH,IN_TRANSIT,2026-08-31,TRN-955335,DELPROOF-29677193
EWB325667881,INV-2026-03174,33H9P1EARPHB1ZV,27VM2P9E6GBP1ZQ,WB,AP,GENERATED,2026-07-17,TRN-866605,DELPROOF-72099936
EWB502520257,INV-2026-03175,3312VJ99T2D51ZE,24NBNPJDN2MI1ZF,GJ,RJ,DELIVERED,2026-09-30,TRN-691491,DELPROOF-14303318
EWB307964668,INV-2026-03176,29JJ0V60XNG21ZH,0861M3J1HA0W1ZN,UP,KA,GENERATED,2026-08-15,TRN-394728,DELPROOF-62075524
EWB515745886,INV-2026-03177,3312VJ99T2D51ZE,19DBIDE6UITJ1ZT,TN,TS,DELIVERED,2026-07-26,TRN-458525,DELPROOF-51051077
EWB351768277,INV-2026-03178,095F1HGAV42T1ZC,08E226PARSG71ZX,TS,KA,DELIVERED,2026-06-21,TRN-986265,DELPROOF-58787582
EWB735971583,INV-2026-03179,07WSOZCTWJLS1ZG,36WUCX67XKWQ1ZX,RJ,TS,GENERATED,2026-09-29,TRN-311175,DELPROOF-29701327
EWB773348993,INV-2026-03180,27ADNBCJ29YF1ZB,19875AUD9K9T1ZP,GJ,MH,IN_TRANSIT,2026-08-30,TRN-178451,DELPROOF-42568497
EWB754466550,INV-2026-03181,379RWTF07GBA1ZQ,33NRM31SL7ZX1ZQ,RJ,MH,DELIVERED,2026-06-17,TRN-868248,DELPROOF-08774811
EWB492896724,INV-2026-03182,27SLH9BH811K1ZD,33SDUHH03G951ZO,GJ,GJ,GENERATED,2026-06-18,TRN-442053,DELPROOF-93577240
EWB728750431,INV-2026-03183,36NVN439ENGA1ZX,360JUM42WSC31ZY,TS,DL,IN_TRANSIT,2026-10-05,TRN-881467,DELPROOF-97313808
EWB189417595,INV-2026-03184,09K6ILCG6FAR1ZK,29G1F8YC8GZK1ZD,TS,RJ,GENERATED,2026-08-09,TRN-370560,DELPROOF-53678924
EWB919408970,INV-2026-03185,36QJNV8Z2FLU1ZJ,29BXLBC8NOG81ZM,DL,TS,IN_TRANSIT,2026-08-29,TRN-375229,DELPROOF-38740736
EWB630349977,INV-2026-03186,336NYQAELYYZ1ZW,19Y3GDILK1QY1ZT,TN,DL,GENERATED,2026-06-14,TRN-599859,DELPROOF-91050976
EWB758756831,INV-2026-03187,24UBLMNTFK7O1ZP,076UAMWJPIWU1ZI,TN,DL,DELIVERED,2026-08-17,TRN-749162,DELPROOF-25809046
EWB566127858,INV-2026-03188,366GVGT2EEHF1ZR,36WS44C68AU91ZD,AP,KA,GENERATED,2026-09-01,TRN-838751,DELPROOF-69135709
EWB497814868,INV-2026-03189,08OS5HRQAP5I1ZN,36FWYJXRPJ1E1ZN,TS,WB,GENERATED,2026-07-13,TRN-168575,DELPROOF-50815384
EWB651029833,INV-2026-03190,082Z682U6ZV31ZH,3374NL03LLU11ZA,AP,WB,DELIVERED,2026-09-29,TRN-255711,DELPROOF-99404451
EWB246897334,INV-2026-03191,278GUAS173RI1ZG,332V2HEIFJFC1ZZ,KA,WB,IN_TRANSIT,2026-08-10,TRN-127447,DELPROOF-92125162
EWB320848694,INV-2026-03192,194RCB1KJTGQ1ZX,33AZCCBLSKRT1ZX,AP,TS,DELIVERED,2026-06-11,TRN-331591,DELPROOF-16578395
EWB563415879,INV-2026-03193,33EAS6Y3VG6V1ZZ,37V80LKX1S9X1ZJ,MH,UP,GENERATED,2026-06-22,TRN-228791,DELPROOF-75132097
EWB667053156,INV-2026-03194,29EB97PWDBOL1ZU,29FLQBMAE38S1ZP,KA,DL,GENERATED,2026-06-16,TRN-604479,DELPROOF-49459592
EWB569392102,INV-2026-03195,37KKVPJRMEYY1ZY,07Q8QMXETIZU1ZX,RJ,TS,GENERATED,2026-07-20,TRN-725678,DELPROOF-50299511
EWB137025457,INV-2026-03196,3307S387J5IE1ZZ,19SOGGY5KOV11ZJ,RJ,DL,GENERATED,2026-08-25,TRN-415186,DELPROOF-35440499
EWB118326087,INV-2026-03197,08KE2GJR81BM1ZO,27KMBY9IPA2V1ZM,KA,MH,DELIVERED,2026-09-21,TRN-161183,DELPROOF-89270235
EWB260110208,INV-2026-03198,36L90AOBT3281ZU,199VCCMTPKQ51ZC,GJ,TN,DELIVERED,2026-07-18,TRN-340008,DELPROOF-53531909
EWB978679462,INV-2026-03199,07HHUZ83YUXY1ZN,37E8BTSMAQ3O1ZJ,TN,RJ,DELIVERED,2026-08-28,TRN-730077,DELPROOF-22596275
EWB994013027,INV-2026-03200,36FWYJXRPJ1E1ZN,08IUE2WNF5CA1ZC,TS,WB,GENERATED,2026-06-16,TRN-928902,DELPROOF-15795469
EWB534656648,INV-2026-03201,27BCVARLW3MG1ZZ,08GK6T9DHSZN1ZS,TN,WB,IN_TRANSIT,2026-06-08,TRN-592318,DELPROOF-05074034
EWB661721572,INV-2026-03202,36S5NKB4EHOU1ZO,33R9P6HJB2JT1ZU,UP,UP,DELIVERED,2026-09-28,TRN-209145,DELPROOF-28196623
EWB646336865,INV-2026-03203,07NYFM7VH30Q1ZB,27RGREWDS0HP1ZP,AP,TN,IN_TRANSIT,2026-09-07,TRN-711803,DELPROOF-16174949
EWB427811708,INV-2026-03204,098P6BEFFLZM1ZQ,19Q4KREG167D1ZA,DL,WB,IN_TRANSIT,2026-09-12,TRN-232023,DELPROOF-74842751
EWB350849265,INV-2026-03205,07QG433E1I1P1ZX,365XIN9DL5TG1ZQ,UP,GJ,IN_TRANSIT,2026-09-11,TRN-727818,DELPROOF-39622420
EWB325543578,INV-2026-03206,24J8Y6RH05HH1ZH,19RL69VSYXBB1ZE,DL,WB,GENERATED,2026-09-12,TRN-348980,DELPROOF-70646414
EWB344359431,INV-2026-03207,37YM90PKR1IF1ZQ,24M7IDAO13TB1ZZ,GJ,UP,IN_TRANSIT,2026-08-09,TRN-668312,DELPROOF-42364216
EWB532929930,INV-2026-03208,27X2ZVL9E9ZR1ZG,366GMDRDSFER1ZE,UP,RJ,GENERATED,2026-08-12,TRN-732723,DELPROOF-72967116
EWB675792544,INV-2026-03209,08CNWMBXEK0Q1ZH,37C2BE3YQY5F1ZS,UP,WB,GENERATED,2026-07-11,TRN-475726,DELPROOF-62946488
EWB480416787,INV-2026-03210,19AYYOSYEOZ91ZX,08XQM334L1VZ1ZL,DL,TN,DELIVERED,2026-07-21,TRN-987516,DELPROOF-46878596
EWB555571863,INV-2026-03211,36KNJMVRYDC11ZA,29GZ6TPBWSXX1ZD,AP,GJ,GENERATED,2026-07-03,TRN-634330,DELPROOF-74075680
EWB199955489,INV-2026-03212,33RR8IQRT0071ZN,37GNXB5JTB9X1ZU,MH,GJ,IN_TRANSIT,2026-06-23,TRN-592665,DELPROOF-67193357
EWB922669482,INV-2026-03213,072Y8FV2BC2N1ZM,1912II826GYU1ZO,MH,WB,DELIVERED,2026-06-17,TRN-476715,DELPROOF-70325554
EWB729685075,INV-2026-03214,09CWMPEQYDBP1ZF,369C70PA8JX51ZN,MH,TS,DELIVERED,2026-08-09,TRN-313939,DELPROOF-20305045
EWB869614409,INV-2026-03215,24UBLMNTFK7O1ZP,36TWG7NFDINU1ZM,DL,TN,GENERATED,2026-08-25,TRN-473020,DELPROOF-84483211
EWB192736329,INV-2026-03216,247X5RRNYCIH1ZE,077H9G1A07H21ZW,UP,RJ,GENERATED,2026-07-04,TRN-409691,DELPROOF-83994976
EWB749456876,INV-2026-03217,09E4QGM5V2WW1ZF,27I3OQYFOQMF1ZW,RJ,TN,IN_TRANSIT,2026-08-27,TRN-155499,DELPROOF-42265468
EWB866074235,INV-2026-03218,29NPR424TKB91ZM,24M7IDAO13TB1ZZ,TS,TS,DELIVERED,2026-08-28,TRN-196385,DELPROOF-15760302
EWB209787046,INV-2026-03219,36FAZZ81SDW41ZQ,36T00IV1GGXR1ZD,RJ,DL,DELIVERED,2026-09-26,TRN-238385,DELPROOF-51445458
EWB946076382,INV-2026-03220,36IP3TVF51Z51ZB,090IMJYJCMRS1ZD,MH,RJ,DELIVERED,2026-06-28,TRN-996378,DELPROOF-77230805
EWB418411374,INV-2026-03221,36PGVTN4YPKW1ZD,37RF3NAPLGW11ZU,TS,TS,DELIVERED,2026-06-08,TRN-819290,DELPROOF-26595555
EWB923596558,INV-2026-03222,08BVSIGBIAF91ZY,330RS210Q2LG1ZY,AP,KA,GENERATED,2026-09-21,TRN-949134,DELPROOF-24610621
EWB482355902,INV-2026-03223,33A8D7204J3M1ZH,07C4RTWUZKAM1ZS,RJ,WB,IN_TRANSIT,2026-06-11,TRN-953216,DELPROOF-10043568
EWB470769152,INV-2026-03224,08XQM334L1VZ1ZL,33VV8Y5SIC4S1ZB,MH,MH,DELIVERED,2026-07-08,TRN-488472,DELPROOF-84658014
EWB640319949,INV-2026-03225,24C6UZHR5XFF1ZX,24ZZF8ADF7PC1ZH,GJ,DL,GENERATED,2026-08-16,TRN-382609,DELPROOF-37924356
EWB206120210,INV-2026-03226,24NHQNJVDPNG1ZU,190DRIMR25I71ZA,TN,TN,DELIVERED,2026-10-02,TRN-835194,DELPROOF-02689563
EWB237295340,INV-2026-03227,36CYD52ALUNQ1ZP,36OI9WM1SAV91ZB,AP,AP,GENERATED,2026-06-15,TRN-895344,DELPROOF-07086291
EWB181220200,INV-2026-03228,33R9P6HJB2JT1ZU,37W4A7FQ9P961ZU,TS,MH,DELIVERED,2026-07-16,TRN-757901,DELPROOF-88462169
EWB529967769,INV-2026-03229,08ITMOFMMWI91ZQ,369C70PA8JX51ZN,AP,MH,GENERATED,2026-08-23,TRN-706435,DELPROOF-18081888
EWB327479137,INV-2026-03230,33A8D7204J3M1ZH,0716KJ752H701ZV,RJ,UP,GENERATED,2026-08-26,TRN-697506,DELPROOF-01518759
EWB285816038,INV-2026-03231,27IS2GY9YTJU1ZO,24O0IPFG8PJV1ZP,WB,WB,GENERATED,2026-07-16,TRN-784322,DELPROOF-76350751
EWB660618027,INV-2026-03232,36LVR7MGATND1ZD,36X8ERTB74RS1ZF,TS,TN,GENERATED,2026-09-13,TRN-341131,DELPROOF-19604939
EWB552098421,INV-2026-03233,09VUNLPAIH0P1ZL,36G0FN9XUY411ZH,GJ,WB,DELIVERED,2026-09-29,TRN-475615,DELPROOF-65284925
EWB277073160,INV-2026-03234,09K6ILCG6FAR1ZK,29828XG8Y72I1ZS,TS,TN,IN_TRANSIT,2026-09-24,TRN-996771,DELPROOF-15652393
EWB511329647,INV-2026-03235,08JC2GOUIFEZ1ZA,078IJTYOLD621ZE,GJ,TN,GENERATED,2026-06-30,TRN-292760,DELPROOF-90593929
EWB163774836,INV-2026-03236,24IOYGGVNYRU1ZH,27CKQH3ERAM41ZB,UP,MH,IN_TRANSIT,2026-07-05,TRN-414488,DELPROOF-45224719
EWB232314827,INV-2026-03237,24OROI5J8YIT1ZZ,27N8ND7G0L3R1ZQ,AP,RJ,DELIVERED,2026-06-23,TRN-865802,DELPROOF-31997321
EWB135982931,INV-2026-03238,36V0LG92MJEQ1ZA,27WBPA274IR81ZB,DL,DL,GENERATED,2026-09-16,TRN-786711,DELPROOF-98691873
EWB564302321,INV-2026-03239,249M6MG87OI01ZE,08KE2GJR81BM1ZO,GJ,RJ,GENERATED,2026-07-28,TRN-383381,DELPROOF-03169177
EWB523821613,INV-2026-03240,09P06IDIIOH61ZC,09NXZDZB5F5T1ZV,DL,TS,DELIVERED,2026-06-19,TRN-223702,DELPROOF-80128167
EWB464077719,INV-2026-03241,33ZM3618LEU61ZW,33GXP5CITUF81ZB,MH,RJ,GENERATED,2026-10-01,TRN-377664,DELPROOF-50974046
EWB122278879,INV-2026-03242,090IMJYJCMRS1ZD,09XB3N27M5P71ZD,TS,UP,DELIVERED,2026-08-11,TRN-551212,DELPROOF-12152252
EWB419213819,INV-2026-03243,0874QR14VUYV1ZZ,37U84XYJOA211ZA,UP,MH,GENERATED,2026-07-24,TRN-865567,DELPROOF-76065555
EWB511935663,INV-2026-03244,33T7ZEWVIYTW1ZB,08R4SOR8WM9L1ZA,DL,GJ,DELIVERED,2026-07-05,TRN-542916,DELPROOF-82388380
EWB889061505,INV-2026-03245,37KWOALF4V1T1ZU,360JUM42WSC31ZY,UP,TN,DELIVERED,2026-09-16,TRN-817174,DELPROOF-29697274
EWB902518924,INV-2026-03246,3366PB90SPO31ZW,29MGP6YWK5JR1ZL,KA,WB,DELIVERED,2026-07-09,TRN-592874,DELPROOF-11639994
EWB368924264,INV-2026-03247,090IMJYJCMRS1ZD,24JDTVV2Y4XK1ZQ,AP,DL,IN_TRANSIT,2026-09-14,TRN-699754,DELPROOF-62165823
EWB236465595,INV-2026-03248,0925SQ8CROYR1ZO,36IT2018U9N71ZF,GJ,MH,IN_TRANSIT,2026-09-02,TRN-424877,DELPROOF-68288752
EWB185423904,INV-2026-03249,29WLQ6EXNWZR1ZX,36L5E11E9FTA1ZU,RJ,KA,DELIVERED,2026-09-27,TRN-151923,DELPROOF-82294505
EWB174555805,INV-2026-03250,07LWVMB0IDD01ZU,27TZE5R5UQPG1ZB,TN,AP,DELIVERED,2026-08-01,TRN-923988,DELPROOF-58639798
EWB478376689,INV-2026-03251,0952E77DYVGD1ZG,097UJODCK8281ZR,AP,TN,DELIVERED,2026-08-22,TRN-632664,DELPROOF-25342326
EWB485697826,INV-2026-03252,072TIXC7URVQ1ZR,37U84XYJOA211ZA,TS,AP,IN_TRANSIT,2026-07-27,TRN-712425,DELPROOF-42911049
EWB336601211,INV-2026-03253,36P0NEC8UYO51ZY,27DWKZIRNK6Z1ZG,MH,RJ,IN_TRANSIT,2026-06-24,TRN-366408,DELPROOF-70122373
EWB239451572,INV-2026-03254,24LGB0S0R2SD1ZQ,27SFHVMLJEKB1ZT,WB,DL,IN_TRANSIT,2026-10-02,TRN-646426,DELPROOF-96842058
EWB727135366,INV-2026-03255,08NSM43D8W3Z1ZN,09N6NBYZM2421ZN,TS,MH,GENERATED,2026-09-19,TRN-204210,DELPROOF-22068735
EWB955662937,INV-2026-03256,29HARJHRF34J1ZG,36NWBGDQEWUH1ZP,GJ,DL,IN_TRANSIT,2026-09-13,TRN-589166,DELPROOF-60281231
EWB504958133,INV-2026-03257,19WWPM3X15DT1ZM,29IY5PU5WH501ZI,MH,TN,GENERATED,2026-09-02,TRN-729356,DELPROOF-43539455
EWB231314489,INV-2026-03258,37VC7HR6C2CU1ZN,37OAZTKSZP7G1ZD,MH,KA,DELIVERED,2026-07-05,TRN-105367,DELPROOF-91426110
EWB933767321,INV-2026-03259,24HKPJ7HME6P1ZM,19SOGGY5KOV11ZJ,MH,TS,IN_TRANSIT,2026-09-19,TRN-169991,DELPROOF-45886818
EWB456692180,INV-2026-03260,368XMOE545VY1ZA,33A8D7204J3M1ZH,TN,DL,DELIVERED,2026-06-28,TRN-234449,DELPROOF-68223176
EWB564532246,INV-2026-03261,33ZM3618LEU61ZW,27RYIEJ9C0UU1ZI,GJ,KA,IN_TRANSIT,2026-08-12,TRN-844912,DELPROOF-78735451
EWB288050769,INV-2026-03262,09YK8516SP181ZM,08LEKVL9PTK41ZG,RJ,TN,IN_TRANSIT,2026-08-11,TRN-691166,DELPROOF-99079275
EWB385279592,INV-2026-03263,07BPQGA6X85Z1ZX,19UW2XH6QIHP1ZM,UP,WB,GENERATED,2026-06-29,TRN-721467,DELPROOF-70794232
EWB266853752,INV-2026-03264,24TRIJ2FRNLX1ZT,244KII1NQ0EI1ZX,TN,KA,GENERATED,2026-06-09,TRN-243311,DELPROOF-58080900
EWB101935508,INV-2026-03265,24FPODPEHCYO1ZR,29JGKCQY26561ZA,TN,GJ,DELIVERED,2026-07-29,TRN-232390,DELPROOF-55770697
EWB506822768,INV-2026-03266,33H9P1EARPHB1ZV,33ML3SOJPX161ZE,RJ,RJ,GENERATED,2026-09-06,TRN-178395,DELPROOF-06043324
EWB935943325,INV-2026-03267,33JXL66YA6BA1ZZ,36PW6M9HKHJG1ZR,UP,GJ,GENERATED,2026-09-21,TRN-130938,DELPROOF-84186624
EWB569564383,INV-2026-03268,36BTD5OAIINM1ZJ,0899F77LU8EL1ZE,MH,UP,GENERATED,2026-08-03,TRN-119303,DELPROOF-47159062
EWB498393698,INV-2026-03269,09OEMQGY27VY1ZK,09L00EZZF8S21ZX,DL,TN,GENERATED,2026-09-19,TRN-111585,DELPROOF-86084262
EWB391210121,INV-2026-03270,2430I6G61PCW1ZD,07KPK7YSWNXF1ZQ,RJ,TS,GENERATED,2026-06-13,TRN-179812,DELPROOF-54647893
EWB777784251,INV-2026-03271,36NGMX1GM32W1ZO,37QPWDXYASVD1ZA,DL,UP,GENERATED,2026-09-03,TRN-907799,DELPROOF-06507978
EWB256770657,INV-2026-03272,377KNUFBHGP51ZC,09BRSZ1N3IUZ1ZG,DL,DL,GENERATED,2026-06-30,TRN-118901,DELPROOF-21566499
EWB588089289,INV-2026-03273,08ITMOFMMWI91ZQ,24JJBFSA5UZL1ZW,DL,DL,DELIVERED,2026-09-30,TRN-324493,DELPROOF-47527697
EWB280196479,INV-2026-03274,09DK8LW2LM341ZT,37FKVZS8UFX21ZB,TS,DL,GENERATED,2026-06-12,TRN-314925,DELPROOF-75742653
EWB147747932,INV-2026-03275,09DP2FMR0TJO1ZN,331M264UPJ161ZC,TN,KA,DELIVERED,2026-08-14,TRN-350507,DELPROOF-91351517
EWB857579493,INV-2026-03276,36F2CTG08ZZK1ZJ,33ZNWG3ZRZQ01ZS,DL,GJ,DELIVERED,2026-08-25,TRN-455329,DELPROOF-41539167
EWB566320552,INV-2026-03277,24IXDU1EMMX31ZV,099QEZG5WZAW1ZM,UP,TS,IN_TRANSIT,2026-08-16,TRN-910250,DELPROOF-70520750
EWB721043049,INV-2026-03278,19GA24SMUX2R1ZV,299GNLPYO2M21ZU,TS,TS,DELIVERED,2026-07-30,TRN-594130,DELPROOF-10989812
EWB417991486,INV-2026-03279,074MJDXO100V1ZG,36V0LG92MJEQ1ZA,TS,GJ,DELIVERED,2026-07-23,TRN-951003,DELPROOF-72733352
EWB294756448,INV-2026-03280,29J76BIVISS81ZI,078CYNL63GAG1ZS,GJ,UP,GENERATED,2026-09-09,TRN-193982,DELPROOF-45152256
EWB117144891,INV-2026-03281,24KRZD5E9P3J1ZN,07H5SW2292MT1ZP,DL,MH,IN_TRANSIT,2026-09-05,TRN-461007,DELPROOF-94030194
EWB645032942,INV-2026-03282,19DNWT2FES5C1ZQ,19DBIDE6UITJ1ZT,KA,MH,IN_TRANSIT,2026-07-08,TRN-395491,DELPROOF-15249869
EWB305365010,INV-2026-03283,19LP7DFJCP0T1ZK,27CR6C1PY6Q91ZV,UP,DL,DELIVERED,2026-06-08,TRN-680190,DELPROOF-75994415
EWB837373901,INV-2026-03284,37OK63RVWOZQ1ZV,24V25AO20U9I1ZQ,KA,AP,IN_TRANSIT,2026-09-01,TRN-329271,DELPROOF-64114511
EWB931954259,INV-2026-03285,19BPH1VE8SUS1ZF,248ESMPF0IEO1ZJ,GJ,DL,DELIVERED,2026-06-27,TRN-114727,DELPROOF-17538412
EWB731308120,INV-2026-03286,27EG3ZGARFI41ZZ,08OS5HRQAP5I1ZN,TS,TS,IN_TRANSIT,2026-08-23,TRN-544529,DELPROOF-99206152
EWB185914050,INV-2026-03287,19ETIUYMO0PQ1ZC,08791ZYRRU7Z1ZJ,RJ,TS,DELIVERED,2026-06-30,TRN-212607,DELPROOF-48159382
EWB164545502,INV-2026-03288,29XN0GUO4KH21ZT,33GFDK0Q09JR1ZL,TS,TN,GENERATED,2026-07-04,TRN-493087,DELPROOF-58438510
EWB769221470,INV-2026-03289,24CKQVIIFRCH1ZW,09VZB0OIH5CS1ZJ,TN,UP,DELIVERED,2026-07-07,TRN-254662,DELPROOF-10415399
EWB397916687,INV-2026-03290,33TGDUQ6DDTB1ZW,08PSUOVHAUVA1ZZ,RJ,RJ,DELIVERED,2026-07-18,TRN-858281,DELPROOF-52377637
EWB108911260,INV-2026-03291,336BEDYEJHDZ1ZU,37S4F8CGVYIE1ZS,GJ,UP,DELIVERED,2026-07-21,TRN-937796,DELPROOF-64510965
EWB546370535,INV-2026-03292,36SBUOV6TT9Q1ZY,37KWOALF4V1T1ZU,GJ,WB,IN_TRANSIT,2026-07-20,TRN-964274,DELPROOF-08992287
EWB464283842,INV-2026-03293,096OM1FB8C7X1ZX,367FXLOZ2RCU1ZX,RJ,MH,IN_TRANSIT,2026-08-04,TRN-143142,DELPROOF-30628303
EWB288957945,INV-2026-03294,3307S387J5IE1ZZ,37LVXWQZXEBB1ZP,MH,WB,DELIVERED,2026-10-01,TRN-350151,DELPROOF-97867207
EWB926812650,INV-2026-03295,1934KUQAAJ841ZP,377RL2YJ09741ZU,RJ,WB,DELIVERED,2026-08-03,TRN-932184,DELPROOF-39240769
EWB769775050,INV-2026-03296,33N14EB8753A1ZW,27HPVKU8H5R81ZL,DL,WB,DELIVERED,2026-08-20,TRN-167450,DELPROOF-43698066
EWB597795438,INV-2026-03297,37OK63RVWOZQ1ZV,09JCHZJQ8CXX1ZV,WB,WB,DELIVERED,2026-09-30,TRN-116364,DELPROOF-00632873
EWB624575563,INV-2026-03298,29JJ0V60XNG21ZH,08GEFQJG02U11ZF,KA,WB,IN_TRANSIT,2026-08-31,TRN-460220,DELPROOF-05579521
EWB287453606,INV-2026-03299,338SA3IDY3C71ZP,29G1F8YC8GZK1ZD,TS,MH,IN_TRANSIT,2026-09-23,TRN-823286,DELPROOF-78653030
EWB680234018,INV-2026-03300,29GBCYH3FVL01ZZ,08PSUOVHAUVA1ZZ,UP,GJ,IN_TRANSIT,2026-10-02,TRN-332874,DELPROOF-65311310
EWB766113293,INV-2026-03301,07RYE89FX5RX1ZY,244KII1NQ0EI1ZX,KA,TS,IN_TRANSIT,2026-06-21,TRN-625177,DELPROOF-90964197
EWB974669832,INV-2026-03302,0984Z4UR2YUP1ZL,37KWCYUKND1I1ZT,KA,AP,GENERATED,2026-06-29,TRN-477794,DELPROOF-91313537
EWB889777384,INV-2026-03303,29GBM65Q57TE1ZW,37WVFGYW6ZBN1ZX,TN,GJ,DELIVERED,2026-08-23,TRN-111662,DELPROOF-07181481
EWB939320293,INV-2026-03304,07FKHDIU1JTK1ZA,071V9NPUQARY1ZL,AP,TS,IN_TRANSIT,2026-08-07,TRN-665824,DELPROOF-87504300
EWB274971827,INV-2026-03305,07QG433E1I1P1ZX,378E9RIVH6T11ZM,RJ,GJ,DELIVERED,2026-09-17,TRN-580077,DELPROOF-47217215
EWB383046839,INV-2026-03306,07LOD9R7ANQJ1ZK,27N9YE6BGGRM1ZO,TN,DL,GENERATED,2026-09-08,TRN-165045,DELPROOF-45447856
EWB743936647,INV-2026-03307,0758KXO9T7E81ZF,36LVR7MGATND1ZD,DL,TN,GENERATED,2026-06-20,TRN-925092,DELPROOF-64424682
EWB805194876,INV-2026-03308,33VUQT2LWHED1ZG,0861M3J1HA0W1ZN,TS,GJ,IN_TRANSIT,2026-08-31,TRN-780428,DELPROOF-55636338
EWB700989223,INV-2026-03309,33RMC5S3OFAW1ZT,33RFCD6MZSGI1ZO,TS,TN,IN_TRANSIT,2026-09-11,TRN-249027,DELPROOF-67905238
EWB857014265,INV-2026-03310,37HLZ02Z7NUX1ZE,197ZQPPOAU8P1ZY,DL,DL,DELIVERED,2026-08-16,TRN-425834,DELPROOF-73986572
EWB259609580,INV-2026-03311,27WVA984UVKY1ZP,08REV361XSNB1ZQ,TN,TS,DELIVERED,2026-08-15,TRN-825996,DELPROOF-09128800
EWB147073872,INV-2026-03312,275QBVNPY1AJ1ZJ,075MY80TGH3S1ZL,MH,WB,DELIVERED,2026-09-16,TRN-767328,DELPROOF-00911333
EWB203910583,INV-2026-03313,2402WPJCF07V1ZB,377RL2YJ09741ZU,TN,UP,IN_TRANSIT,2026-07-20,TRN-548425,DELPROOF-93508370
EWB419081862,INV-2026-03314,07HFSU4SE2KY1ZR,27HPVKU8H5R81ZL,MH,WB,GENERATED,2026-09-06,TRN-897088,DELPROOF-49978137
EWB307601075,INV-2026-03315,29S95ZOW60ZZ1ZX,36GCUIDC00M61ZC,UP,GJ,GENERATED,2026-06-14,TRN-815877,DELPROOF-77177145
EWB255020644,INV-2026-03316,08MKGXUKQ00U1ZF,292HOQ5E7L7W1ZX,GJ,RJ,IN_TRANSIT,2026-07-15,TRN-164945,DELPROOF-62503573
EWB922354825,INV-2026-03317,09OXKO8G8QYN1ZN,190K5QZZKW3G1ZH,MH,MH,IN_TRANSIT,2026-06-20,TRN-312964,DELPROOF-29315785
EWB215608878,INV-2026-03318,09JKLCP9UW161ZO,37ASJTK3LIRH1ZV,UP,MH,DELIVERED,2026-07-07,TRN-596753,DELPROOF-35126635
EWB869786277,INV-2026-03319,24I7E1DDQLEM1ZY,07YE088O98BV1ZZ,WB,TS,DELIVERED,2026-09-14,TRN-221449,DELPROOF-02422187
EWB507170617,INV-2026-03320,36F2CTG08ZZK1ZJ,24O0IPFG8PJV1ZP,DL,MH,IN_TRANSIT,2026-08-14,TRN-239172,DELPROOF-19162331
EWB971374922,INV-2026-03321,36GFR27RIU9M1ZI,36S5NKB4EHOU1ZO,WB,WB,IN_TRANSIT,2026-09-15,TRN-765833,DELPROOF-70102510
EWB341459727,INV-2026-03322,243BBXUX1OXR1ZU,29TVZKHIUIT71ZK,UP,RJ,DELIVERED,2026-09-12,TRN-607637,DELPROOF-39693140
EWB298712600,INV-2026-03323,2977TNQETMNI1ZP,29BUZPHD7NDJ1ZU,WB,KA,IN_TRANSIT,2026-08-08,TRN-529500,DELPROOF-92781819
EWB481950280,INV-2026-03324,08FNKOMV2XCD1ZV,08REV361XSNB1ZQ,TS,MH,DELIVERED,2026-09-20,TRN-139308,DELPROOF-27749730
EWB469274271,INV-2026-03325,07JJFGJK2N7Z1ZP,29EB97PWDBOL1ZU,TN,TN,DELIVERED,2026-08-25,TRN-330287,DELPROOF-00610411
EWB969707969,INV-2026-03326,24NBNPJDN2MI1ZF,27WBPA274IR81ZB,TS,TS,IN_TRANSIT,2026-08-21,TRN-587215,DELPROOF-90287357
EWB820896468,INV-2026-03327,24D7YXW1TBRW1ZP,29UPPGBIVSCU1ZN,GJ,WB,IN_TRANSIT,2026-06-29,TRN-138123,DELPROOF-05654894
EWB731091152,INV-2026-03328,27VPYMB5M9J91ZB,29JOV58TOE3P1ZF,RJ,TS,DELIVERED,2026-09-28,TRN-937979,DELPROOF-64394601
EWB361436418,INV-2026-03329,082ATQYYV37D1ZH,09QVDK6DRN4O1ZP,UP,AP,GENERATED,2026-06-29,TRN-370499,DELPROOF-68291625
EWB750848280,INV-2026-03330,3302BIP18A4J1ZS,09ZYF2EV4JI41ZS,DL,GJ,GENERATED,2026-06-18,TRN-896060,DELPROOF-45831806
EWB605806624,INV-2026-03331,36Z1OA3VF02G1ZT,1934KUQAAJ841ZP,TN,MH,IN_TRANSIT,2026-08-08,TRN-190044,DELPROOF-70037484
EWB736352100,INV-2026-03332,368TANA6U48G1ZT,29BUZPHD7NDJ1ZU,AP,DL,GENERATED,2026-09-29,TRN-401440,DELPROOF-20694682
EWB316089634,INV-2026-03333,336E07FPY1AE1ZJ,24X6QD0771HL1ZK,TS,AP,IN_TRANSIT,2026-08-29,TRN-580194,DELPROOF-82648613
EWB585876645,INV-2026-03334,29YBHQGHLZRU1ZT,07RPP7R93FEZ1ZE,MH,DL,DELIVERED,2026-07-09,TRN-740509,DELPROOF-45189018
EWB348854000,INV-2026-03335,29389YZTKKFZ1ZW,36S5NKB4EHOU1ZO,RJ,RJ,DELIVERED,2026-09-14,TRN-134343,DELPROOF-62340635
EWB819123628,INV-2026-03336,08LBB8NMT3YP1ZQ,364XGMPW5D3G1ZM,TN,MH,GENERATED,2026-09-17,TRN-949910,DELPROOF-43602717
EWB431507149,INV-2026-03337,36NAWJGQU6H31ZJ,33CXLL4ZKLOO1ZJ,GJ,KA,DELIVERED,2026-06-18,TRN-894772,DELPROOF-30920652
EWB701131714,INV-2026-03338,33AGK6P0N17U1ZU,074MJDXO100V1ZG,KA,DL,DELIVERED,2026-06-10,TRN-149632,DELPROOF-59111957
EWB513920481,INV-2026-03339,27RGREWDS0HP1ZP,09ISETUK1OOA1ZZ,WB,DL,DELIVERED,2026-07-22,TRN-506912,DELPROOF-63717959
EWB674235679,INV-2026-03340,24LGB0S0R2SD1ZQ,08P98RL9QFCP1ZJ,KA,TS,GENERATED,2026-09-08,TRN-845023,DELPROOF-06148147
EWB406033652,INV-2026-03341,0758KXO9T7E81ZF,08UW0U92T24D1ZO,AP,RJ,DELIVERED,2026-08-26,TRN-988434,DELPROOF-19357007
EWB441386276,INV-2026-03342,27KVR5NBHGPB1ZJ,0925SQ8CROYR1ZO,KA,GJ,GENERATED,2026-08-26,TRN-255057,DELPROOF-86829839
EWB515606930,INV-2026-03343,376EK6X6LGOI1ZM,19DBIDE6UITJ1ZT,TS,AP,IN_TRANSIT,2026-09-23,TRN-381052,DELPROOF-44085532
EWB726547983,INV-2026-03344,07RF899OFPVI1ZL,37DZNZ9C65FP1ZW,DL,DL,GENERATED,2026-09-20,TRN-168431,DELPROOF-68930379
EWB965975465,INV-2026-03345,0841KHT8XKOD1ZW,294052W8LI3I1ZE,DL,KA,DELIVERED,2026-06-05,TRN-631040,DELPROOF-54742505
EWB623826701,INV-2026-03346,29S95ZOW60ZZ1ZX,246V4ESDNAI81ZT,UP,DL,GENERATED,2026-09-29,TRN-172372,DELPROOF-74110329
EWB594432397,INV-2026-03347,09ASFEN0B09Z1ZH,296SWK2RV2391ZL,RJ,KA,DELIVERED,2026-09-11,TRN-233287,DELPROOF-60108239
EWB805483295,INV-2026-03348,24O0IPFG8PJV1ZP,2704UX5QRL1N1ZK,WB,GJ,IN_TRANSIT,2026-08-09,TRN-315722,DELPROOF-38329898
EWB669021874,INV-2026-03349,09ZRLF8A9KEP1ZA,27DWKZIRNK6Z1ZG,GJ,TN,GENERATED,2026-09-17,TRN-443837,DELPROOF-23791641
EWB527659269,INV-2026-03350,36W04I3DZXLR1ZF,29JGKCQY26561ZA,AP,TN,DELIVERED,2026-07-10,TRN-997537,DELPROOF-75826032
EWB688825554,INV-2026-03351,36AHUKWQVR1H1ZR,19N42X2EZC7F1ZN,TN,DL,GENERATED,2026-07-06,TRN-734893,DELPROOF-72056748
EWB463743481,INV-2026-03352,078YI340SQCN1ZE,09GPJNVWRXGK1ZH,DL,TS,DELIVERED,2026-07-17,TRN-513395,DELPROOF-04536546
EWB818359501,INV-2026-03353,299DYFNGP41S1ZO,29BUZPHD7NDJ1ZU,TS,TN,GENERATED,2026-08-29,TRN-508723,DELPROOF-64581687
EWB151880255,INV-2026-03354,248IOGXPBWHV1ZM,37GNXB5JTB9X1ZU,WB,AP,GENERATED,2026-07-21,TRN-654768,DELPROOF-09279851
EWB108183748,INV-2026-03355,0950OP7XMR8F1ZG,36L5E11E9FTA1ZU,UP,AP,DELIVERED,2026-08-12,TRN-767964,DELPROOF-05818937
EWB934198668,INV-2026-03356,29X08N6Q7NC81ZR,33NRM31SL7ZX1ZQ,WB,TS,DELIVERED,2026-08-12,TRN-445067,DELPROOF-12107103
EWB307488636,INV-2026-03357,095GZPL1QWEE1ZG,272TG5PIZX3H1ZC,AP,MH,DELIVERED,2026-07-01,TRN-566123,DELPROOF-62477196
EWB987196093,INV-2026-03358,37AWQ57LY7501ZX,095935A0L7251ZZ,DL,GJ,IN_TRANSIT,2026-09-29,TRN-460538,DELPROOF-90159363
EWB231286711,INV-2026-03359,37WZZG4C4EPZ1ZK,27RGREWDS0HP1ZP,MH,KA,GENERATED,2026-07-29,TRN-854584,DELPROOF-47476780
EWB637165901,INV-2026-03360,36GWY7D78HWK1ZZ,296JQFWWXR5R1ZC,TS,GJ,DELIVERED,2026-09-05,TRN-341283,DELPROOF-70626918
EWB474905363,INV-2026-03361,36U8NOZEMDMZ1ZI,29W5L4RMVVNX1ZH,TS,WB,DELIVERED,2026-06-24,TRN-431529,DELPROOF-30848916
EWB445600043,INV-2026-03362,29TUL1P36P6Q1ZF,36X8ERTB74RS1ZF,MH,KA,IN_TRANSIT,2026-07-26,TRN-974668,DELPROOF-71046718
EWB716735598,INV-2026-03363,09B0UKOEFUKP1ZT,074EIJ00HOD71ZP,RJ,DL,IN_TRANSIT,2026-07-26,TRN-864127,DELPROOF-50779210
EWB542405609,INV-2026-03364,36U9W0TE52VX1ZQ,29BXLBC8NOG81ZM,RJ,WB,IN_TRANSIT,2026-06-14,TRN-231012,DELPROOF-46104663
EWB872971400,INV-2026-03365,07KPK7YSWNXF1ZQ,24DJGF1C8WQU1ZS,MH,AP,DELIVERED,2026-06-09,TRN-278551,DELPROOF-20906020
EWB533409911,INV-2026-03366,073CHO3XJVOE1ZG,09NT0MQ8ABKA1ZE,RJ,AP,GENERATED,2026-09-27,TRN-434634,DELPROOF-10246968
EWB909626804,INV-2026-03367,37NOX8FK20761ZT,19PGBA9IN2XR1ZZ,TN,MH,DELIVERED,2026-06-24,TRN-987041,DELPROOF-13407449
EWB623932298,INV-2026-03368,24D7YXW1TBRW1ZP,36G0FN9XUY411ZH,DL,AP,DELIVERED,2026-06-18,TRN-260598,DELPROOF-44553864
EWB658881108,INV-2026-03369,09YL68NTK63N1ZZ,191LLKSTN3CP1ZS,GJ,TS,DELIVERED,2026-07-25,TRN-651039,DELPROOF-12532180
EWB791810455,INV-2026-03370,24EHE2ATN2TW1ZC,33AVEDHR3PCE1ZM,WB,GJ,IN_TRANSIT,2026-09-08,TRN-398252,DELPROOF-38661844
EWB249473783,INV-2026-03371,36F2CTG08ZZK1ZJ,08F678K52QC11ZH,UP,RJ,GENERATED,2026-08-01,TRN-194636,DELPROOF-31065858
EWB593906079,INV-2026-03372,19UUOYC3RWQM1ZL,27RGB93WKCS41ZI,KA,WB,DELIVERED,2026-09-25,TRN-158429,DELPROOF-21541936
EWB622083891,INV-2026-03373,095WFCPKJCSL1ZO,24OROI5J8YIT1ZZ,MH,UP,GENERATED,2026-07-26,TRN-530014,DELPROOF-74756770
EWB717049087,INV-2026-03374,27AHTHSJR0FZ1ZA,36NGMX1GM32W1ZO,AP,TN,IN_TRANSIT,2026-07-27,TRN-217403,DELPROOF-42518366
EWB307868473,INV-2026-03375,29JT70EBPY9E1ZQ,3383RU7MYOW81ZC,RJ,MH,GENERATED,2026-07-05,TRN-378852,DELPROOF-18303191
EWB107945446,INV-2026-03376,08XQM334L1VZ1ZL,24CQPHLI5L691ZZ,TN,KA,IN_TRANSIT,2026-08-08,TRN-400656,DELPROOF-03687839
EWB827919238,INV-2026-03377,29O1PVLND5811ZK,27VM2P9E6GBP1ZQ,DL,WB,IN_TRANSIT,2026-07-10,TRN-192999,DELPROOF-51024435
EWB228108402,INV-2026-03378,07KA34MQA78R1ZA,246V4ESDNAI81ZT,MH,DL,IN_TRANSIT,2026-09-25,TRN-423028,DELPROOF-71161833
EWB668662501,INV-2026-03379,09YK8516SP181ZM,24UBLMNTFK7O1ZP,AP,AP,IN_TRANSIT,2026-06-05,TRN-164947,DELPROOF-51704656
EWB669747236,INV-2026-03380,08FNKOMV2XCD1ZV,29C09ZGNX3VP1ZE,UP,TS,DELIVERED,2026-08-25,TRN-973256,DELPROOF-41555606
EWB478454089,INV-2026-03381,19HVL66SAJXX1ZM,08JSRD9Q46NO1ZS,MH,UP,IN_TRANSIT,2026-08-09,TRN-316789,DELPROOF-98182529
EWB187127624,INV-2026-03382,336NYQAELYYZ1ZW,29WZK4IE86DB1ZM,UP,TS,DELIVERED,2026-08-31,TRN-694371,DELPROOF-88226940
EWB964021114,INV-2026-03383,36ZQ991P778R1ZL,07RF899OFPVI1ZL,UP,KA,GENERATED,2026-09-05,TRN-617682,DELPROOF-00428677
EWB976304499,INV-2026-03384,37U84XYJOA211ZA,09U8WPFQ2BHA1ZH,KA,WB,GENERATED,2026-08-30,TRN-737478,DELPROOF-65198221
EWB709628085,INV-2026-03385,37KWOALF4V1T1ZU,24BRBJEQVVIA1ZA,WB,RJ,GENERATED,2026-06-09,TRN-862350,DELPROOF-09021171
EWB435250852,INV-2026-03386,37UEQ4D7D7GD1ZK,075MY80TGH3S1ZL,DL,UP,DELIVERED,2026-06-15,TRN-716838,DELPROOF-95485504
EWB678805942,INV-2026-03387,29TUL1P36P6Q1ZF,19NGIXMC4SX21ZH,TS,GJ,IN_TRANSIT,2026-06-13,TRN-451168,DELPROOF-34453066
EWB607776379,INV-2026-03388,291AFDTOHRNQ1ZH,29NV5SN961J81ZJ,RJ,UP,IN_TRANSIT,2026-07-02,TRN-453849,DELPROOF-29154421
EWB197436912,INV-2026-03389,36JWVHPLHW4O1ZO,37XA5S00I85S1ZW,KA,RJ,IN_TRANSIT,2026-07-07,TRN-199347,DELPROOF-94615682
EWB148607893,INV-2026-03390,365XRSI7EADG1ZG,36TFEBE5407K1ZI,GJ,TN,IN_TRANSIT,2026-06-10,TRN-929270,DELPROOF-73949902
EWB314713652,INV-2026-03391,3313CD5GLQJ51ZQ,24FWY8AV2OSG1ZF,AP,TS,IN_TRANSIT,2026-10-02,TRN-115007,DELPROOF-26386140
EWB840207828,INV-2026-03392,33SDUHH03G951ZO,09XB3N27M5P71ZD,RJ,MH,IN_TRANSIT,2026-07-15,TRN-223427,DELPROOF-09927442
EWB647210316,INV-2026-03393,08XQM334L1VZ1ZL,19SFFCXHGNZE1ZH,MH,DL,GENERATED,2026-07-28,TRN-590117,DELPROOF-57424364
EWB893554283,INV-2026-03394,08UW0U92T24D1ZO,27SLH9BH811K1ZD,DL,TS,DELIVERED,2026-09-18,TRN-685129,DELPROOF-29785820
EWB154240235,INV-2026-03395,33T7ZEWVIYTW1ZB,27PF0R8U7WPG1ZB,WB,TN,GENERATED,2026-06-29,TRN-702858,DELPROOF-46081154
EWB668028739,INV-2026-03396,19C1YOHMI9AY1ZF,19VPUZ11BJKX1ZK,KA,DL,GENERATED,2026-08-28,TRN-920857,DELPROOF-80270770
EWB369283005,INV-2026-03397,334H20RAPE6W1ZR,24O0IPFG8PJV1ZP,UP,MH,GENERATED,2026-09-01,TRN-896003,DELPROOF-70024195
EWB206966232,INV-2026-03398,36RML29Q2L481ZB,36600X28PIJK1ZD,WB,RJ,GENERATED,2026-07-05,TRN-201668,DELPROOF-53838186
EWB659787004,INV-2026-03399,24JJBFSA5UZL1ZW,09P06IDIIOH61ZC,TS,DL,GENERATED,2026-08-18,TRN-500887,DELPROOF-34357536
EWB660236479,INV-2026-03400,08KE2GJR81BM1ZO,24Q1RDXCK36H1ZX,WB,GJ,IN_TRANSIT,2026-08-24,TRN-360531,DELPROOF-74519992
EWB806310186,INV-2026-03401,29NQWHOCPY8U1ZD,376RTC0Z7Q0I1ZP,DL,WB,DELIVERED,2026-06-10,TRN-970474,DELPROOF-62509138
EWB720585292,INV-2026-03402,19LP7DFJCP0T1ZK,36MOGBJZEYQQ1ZC,DL,MH,GENERATED,2026-06-21,TRN-697423,DELPROOF-80388846
EWB724339954,INV-2026-03403,09DP2FMR0TJO1ZN,19GX25FPLO1U1ZP,MH,DL,IN_TRANSIT,2026-06-13,TRN-307084,DELPROOF-56977881
EWB272729756,INV-2026-03404,08L3VZZXT9QU1ZB,37WZZG4C4EPZ1ZK,AP,TN,IN_TRANSIT,2026-07-17,TRN-315347,DELPROOF-16067555
EWB850150691,INV-2026-03405,190N852N5FNP1ZV,27MQT788G35S1ZE,RJ,MH,DELIVERED,2026-06-28,TRN-574598,DELPROOF-05548081
EWB867013676,INV-2026-03406,19QIOB0NLW0V1ZQ,0984Z4UR2YUP1ZL,DL,UP,IN_TRANSIT,2026-09-16,TRN-856707,DELPROOF-12446925
EWB135822098,INV-2026-03407,36MQIYFRWSKP1ZZ,24DO8E7FLQHR1ZP,UP,GJ,IN_TRANSIT,2026-09-17,TRN-540890,DELPROOF-70647474
EWB128801651,INV-2026-03408,27QV5Y21ID9V1ZT,2731YHXSO7VB1ZF,AP,MH,GENERATED,2026-08-14,TRN-735132,DELPROOF-52859361
EWB499059982,INV-2026-03409,19CRUYF38DIU1ZN,27CR6C1PY6Q91ZV,KA,TS,DELIVERED,2026-07-29,TRN-444690,DELPROOF-13708184
EWB164597765,INV-2026-03410,299GNLPYO2M21ZU,27W1PUWSNFFY1ZJ,TS,RJ,GENERATED,2026-06-14,TRN-965376,DELPROOF-59410016
EWB501482219,INV-2026-03411,334X0BS3LWW71ZM,33T7ZEWVIYTW1ZB,GJ,AP,DELIVERED,2026-09-19,TRN-155122,DELPROOF-79673059
EWB479500229,INV-2026-03412,29IY5PU5WH501ZI,36NVN439ENGA1ZX,DL,DL,DELIVERED,2026-07-10,TRN-458802,DELPROOF-01556741
EWB340486634,INV-2026-03413,27EG3ZGARFI41ZZ,27KVR5NBHGPB1ZJ,GJ,MH,DELIVERED,2026-06-22,TRN-686124,DELPROOF-09870995
EWB823035814,INV-2026-03414,24LGB0S0R2SD1ZQ,338SA3IDY3C71ZP,RJ,MH,DELIVERED,2026-07-08,TRN-623558,DELPROOF-39420166
EWB514534753,INV-2026-03415,274P61NHVCFW1ZP,08YUVXYBJ17M1ZF,MH,MH,DELIVERED,2026-08-20,TRN-335390,DELPROOF-56948187
EWB880472673,INV-2026-03416,33SDUHH03G951ZO,073CHO3XJVOE1ZG,GJ,GJ,DELIVERED,2026-09-18,TRN-996397,DELPROOF-91434417
EWB723357680,INV-2026-03417,07KPK7YSWNXF1ZQ,24D7YXW1TBRW1ZP,AP,AP,DELIVERED,2026-06-29,TRN-147928,DELPROOF-71439478
EWB139349239,INV-2026-03418,29WO8NBHNAL31ZG,09USGEHN0Z1R1ZD,RJ,UP,GENERATED,2026-07-16,TRN-233173,DELPROOF-77675723
EWB516107468,INV-2026-03419,09PBJEK5RBW21ZW,278GUAS173RI1ZG,TS,GJ,DELIVERED,2026-08-14,TRN-303266,DELPROOF-52565112
EWB374994782,INV-2026-03420,33N14EB8753A1ZW,249M6MG87OI01ZE,TS,DL,IN_TRANSIT,2026-07-15,TRN-870008,DELPROOF-27300156
EWB362062876,INV-2026-03421,072L4X5BWAEN1ZH,274P61NHVCFW1ZP,GJ,WB,DELIVERED,2026-09-19,TRN-318823,DELPROOF-69414025
EWB408392926,INV-2026-03422,2762C1JLOPO61ZI,077H9G1A07H21ZW,TN,KA,DELIVERED,2026-08-02,TRN-796148,DELPROOF-41355680
EWB780806032,INV-2026-03423,33JXL66YA6BA1ZZ,2731YHXSO7VB1ZF,TS,DL,DELIVERED,2026-09-08,TRN-494450,DELPROOF-51840423
EWB410287181,INV-2026-03424,36NAWJGQU6H31ZJ,09U9TD0V2ZP41ZI,UP,KA,GENERATED,2026-08-17,TRN-909731,DELPROOF-80250884
EWB714050015,INV-2026-03425,37DL918SLOME1ZV,09U9TD0V2ZP41ZI,WB,RJ,DELIVERED,2026-06-11,TRN-127451,DELPROOF-66535457
EWB135915479,INV-2026-03426,33FNOTIA41SS1ZZ,08P98RL9QFCP1ZJ,DL,AP,IN_TRANSIT,2026-06-24,TRN-731934,DELPROOF-44607229
EWB145382284,INV-2026-03427,33HV3A3ZMF8M1ZC,37XFQJ3HXJ3A1ZN,RJ,AP,GENERATED,2026-06-27,TRN-382730,DELPROOF-40027374
EWB578670400,INV-2026-03428,36C20LSJWS1Z1ZK,248ESMPF0IEO1ZJ,DL,GJ,IN_TRANSIT,2026-07-30,TRN-634808,DELPROOF-78703587
EWB330497584,INV-2026-03429,27EG3ZGARFI41ZZ,24J1QI9MQVAY1ZU,MH,UP,GENERATED,2026-08-10,TRN-629067,DELPROOF-51316957
EWB243764869,INV-2026-03430,1941CRO04BYV1ZA,27TMFEK2O7FH1ZQ,MH,WB,IN_TRANSIT,2026-07-06,TRN-187884,DELPROOF-84554754
EWB669573931,INV-2026-03431,369C70PA8JX51ZN,19BPH1VE8SUS1ZF,TS,AP,GENERATED,2026-08-15,TRN-934465,DELPROOF-04726937
EWB621181613,INV-2026-03432,07TZ91X70FQL1ZC,29Y2X15XJXNE1ZC,WB,UP,GENERATED,2026-09-03,TRN-254741,DELPROOF-87220692
EWB970844454,INV-2026-03433,19SLAYNDN5GJ1ZI,36XCS1XSRQLN1ZW,TS,WB,IN_TRANSIT,2026-09-22,TRN-988926,DELPROOF-27837958
EWB643762564,INV-2026-03434,37YM90PKR1IF1ZQ,09P06IDIIOH61ZC,KA,DL,GENERATED,2026-06-16,TRN-410377,DELPROOF-67671441
EWB388612900,INV-2026-03435,336BEDYEJHDZ1ZU,070M24US73W11ZV,AP,KA,DELIVERED,2026-09-13,TRN-901154,DELPROOF-09522523
EWB293075736,INV-2026-03436,1949PSO1LQSR1ZL,19875AUD9K9T1ZP,GJ,DL,DELIVERED,2026-08-07,TRN-819821,DELPROOF-18764588
EWB382250211,INV-2026-03437,29H4GG24479Q1ZR,095WFCPKJCSL1ZO,MH,KA,IN_TRANSIT,2026-08-13,TRN-835191,DELPROOF-35997700
EWB240666117,INV-2026-03438,36AGVLKW1XSR1ZO,240EN48UACT41ZN,DL,GJ,GENERATED,2026-08-06,TRN-380997,DELPROOF-81321252
EWB567445571,INV-2026-03439,33X1945NQ4FM1ZV,36IP3TVF51Z51ZB,UP,AP,DELIVERED,2026-06-27,TRN-862589,DELPROOF-29532934
EWB504006570,INV-2026-03440,24C1XI04B7P41ZB,368XMOE545VY1ZA,AP,UP,DELIVERED,2026-06-09,TRN-223319,DELPROOF-31135190
EWB565113416,INV-2026-03441,37FLOAZ1RO031ZC,366GMDRDSFER1ZE,MH,TS,IN_TRANSIT,2026-06-16,TRN-527710,DELPROOF-76946618
EWB846125404,INV-2026-03442,334BJ3BQRR871ZH,36A7D0WTWS3Y1ZN,AP,UP,DELIVERED,2026-07-20,TRN-721909,DELPROOF-81006234
EWB990808549,INV-2026-03443,09KO4BUSU9F81ZO,37YMENVG3KK01ZT,WB,DL,DELIVERED,2026-08-25,TRN-946877,DELPROOF-93849882
EWB293925269,INV-2026-03444,37QY0HU97NG01ZA,09HRUWA032601ZL,AP,MH,IN_TRANSIT,2026-09-14,TRN-167173,DELPROOF-10660907
EWB607049270,INV-2026-03445,19JFVYB6LI071ZL,09XB3N27M5P71ZD,WB,KA,DELIVERED,2026-07-29,TRN-576481,DELPROOF-04608379
EWB922543931,INV-2026-03446,378E9RIVH6T11ZM,37JC36OQOLOE1ZA,AP,MH,DELIVERED,2026-07-28,TRN-878845,DELPROOF-87603752
EWB580153934,INV-2026-03447,09BRSZ1N3IUZ1ZG,09JCHZJQ8CXX1ZV,DL,WB,IN_TRANSIT,2026-06-27,TRN-683123,DELPROOF-87560396
EWB201780279,INV-2026-03448,085V0175DU231ZI,248ESMPF0IEO1ZJ,MH,GJ,GENERATED,2026-06-15,TRN-284590,DELPROOF-34477760
EWB719157005,INV-2026-03449,19PGBA9IN2XR1ZZ,24M7IDAO13TB1ZZ,WB,KA,IN_TRANSIT,2026-08-21,TRN-949274,DELPROOF-66453579
EWB886344018,INV-2026-03450,0950OP7XMR8F1ZG,37T7S1GD1T531ZV,UP,GJ,DELIVERED,2026-07-01,TRN-211964,DELPROOF-34504666
EWB828724750,INV-2026-03451,0981L51FLMNA1ZS,19E0Q5ZJAUCY1ZG,RJ,TS,IN_TRANSIT,2026-09-01,TRN-833384,DELPROOF-50259241
EWB782245708,INV-2026-03452,33NVQRFXNTF01ZL,36DHGUESXNU41ZT,RJ,DL,GENERATED,2026-07-06,TRN-372872,DELPROOF-35216426
EWB614287380,INV-2026-03453,24E4PO1I3MSD1ZL,19SOGGY5KOV11ZJ,UP,TN,IN_TRANSIT,2026-06-27,TRN-724763,DELPROOF-17793732
EWB132566629,INV-2026-03454,07H5SW2292MT1ZP,07C4RTWUZKAM1ZS,WB,GJ,GENERATED,2026-07-05,TRN-905738,DELPROOF-97300764
EWB245492930,INV-2026-03455,37OJWLRKXJTM1ZV,07KPK7YSWNXF1ZQ,UP,RJ,IN_TRANSIT,2026-06-02,TRN-537650,DELPROOF-28238372
EWB832489143,INV-2026-03456,07H5SW2292MT1ZP,37XA5S00I85S1ZW,RJ,TN,IN_TRANSIT,2026-07-02,TRN-624614,DELPROOF-07760232
EWB399063540,INV-2026-03457,36AHUKWQVR1H1ZR,07WSOZCTWJLS1ZG,UP,AP,DELIVERED,2026-09-25,TRN-140525,DELPROOF-45514600
EWB197044063,INV-2026-03458,08ZHRUPFLFCY1ZU,2799HEXW8L851ZI,UP,TN,GENERATED,2026-09-30,TRN-649497,DELPROOF-44667444
EWB896018264,INV-2026-03459,09V51ZLBORIQ1ZJ,0841KHT8XKOD1ZW,DL,TN,IN_TRANSIT,2026-06-23,TRN-355192,DELPROOF-97513508
EWB336459780,INV-2026-03460,37OK63RVWOZQ1ZV,334BF5L0RXMI1ZN,RJ,TS,DELIVERED,2026-07-08,TRN-121471,DELPROOF-25825031
EWB568214878,INV-2026-03461,19ACJ4T0SEKK1ZB,33XN4D24N9YG1ZB,TS,GJ,GENERATED,2026-09-14,TRN-474550,DELPROOF-52480237
EWB750981347,INV-2026-03462,33XN2ELALQ261ZR,27ZS13C9XQYM1ZY,DL,MH,IN_TRANSIT,2026-07-31,TRN-144307,DELPROOF-42757849
EWB793881826,INV-2026-03463,37DYCPN0P1XS1ZG,07WYPSWLDOQ51ZV,TN,KA,DELIVERED,2026-07-09,TRN-991541,DELPROOF-01344831
EWB611689743,INV-2026-03464,09Q4TA5IVROC1ZT,19UUOYC3RWQM1ZL,AP,TN,DELIVERED,2026-09-04,TRN-290922,DELPROOF-87950244
EWB921332052,INV-2026-03465,274BAWZ940VT1ZJ,33JXL66YA6BA1ZZ,TS,RJ,DELIVERED,2026-09-13,TRN-969042,DELPROOF-69536409
EWB290045097,INV-2026-03466,24DPWVBZ7CN01ZE,09337KUU4YTN1ZX,MH,GJ,GENERATED,2026-07-12,TRN-175700,DELPROOF-03981855
EWB276693429,INV-2026-03467,2430I6G61PCW1ZD,09VYLKFXHKC81ZX,DL,DL,DELIVERED,2026-07-01,TRN-164621,DELPROOF-73779807
EWB637121932,INV-2026-03468,19429OMUWAHK1ZZ,33EJZXPR2D0V1ZG,MH,WB,DELIVERED,2026-07-12,TRN-498705,DELPROOF-71703841
EWB350251139,INV-2026-03469,29828XG8Y72I1ZS,29MGP6YWK5JR1ZL,RJ,RJ,DELIVERED,2026-06-11,TRN-288164,DELPROOF-29634248
EWB762561073,INV-2026-03470,33KEPLBX889E1ZP,37LQPB01QCTE1ZT,RJ,DL,IN_TRANSIT,2026-09-29,TRN-443391,DELPROOF-90015692
EWB354838308,INV-2026-03471,37LDSFR4MUEK1ZH,33GFDK0Q09JR1ZL,UP,WB,IN_TRANSIT,2026-06-10,TRN-557240,DELPROOF-64714366
EWB331402018,INV-2026-03472,29Y2X15XJXNE1ZC,08QQ5L2XOIOT1ZV,GJ,UP,GENERATED,2026-09-06,TRN-983814,DELPROOF-90395511
EWB795317602,INV-2026-03473,07YCG1FJGBVY1ZN,37LDSFR4MUEK1ZH,UP,GJ,DELIVERED,2026-06-20,TRN-193766,DELPROOF-66503858
EWB240146928,INV-2026-03474,33Y84ZZ2P6EE1ZA,37T7S1GD1T531ZV,DL,WB,GENERATED,2026-07-29,TRN-170890,DELPROOF-92131747
EWB155696941,INV-2026-03475,073CHO3XJVOE1ZG,09KO4BUSU9F81ZO,UP,WB,IN_TRANSIT,2026-08-09,TRN-233046,DELPROOF-92061674
EWB636455512,INV-2026-03476,3739IIXHAIAW1ZO,24VS0CDK36M81ZI,TS,RJ,IN_TRANSIT,2026-08-19,TRN-471040,DELPROOF-19758516
EWB479878687,INV-2026-03477,27VBNHI6HABA1ZG,29RTIG7ZD9B71ZK,DL,TN,IN_TRANSIT,2026-09-03,TRN-275485,DELPROOF-39529776
EWB487889629,INV-2026-03478,37RQ8RTM4J3D1ZA,27WBPA274IR81ZB,WB,WB,DELIVERED,2026-06-27,TRN-211088,DELPROOF-28655688
EWB414005242,INV-2026-03479,29YECAZRP9DX1ZN,24AJSSUUQO1V1ZQ,TS,WB,GENERATED,2026-06-16,TRN-970298,DELPROOF-83114653
EWB786521635,INV-2026-03480,37KI1IJE2XE01ZI,37C2BE3YQY5F1ZS,KA,AP,IN_TRANSIT,2026-10-03,TRN-282386,DELPROOF-59620428
EWB269443690,INV-2026-03481,337NZBXFV7FI1ZS,29JOV58TOE3P1ZF,DL,TS,GENERATED,2026-07-08,TRN-273744,DELPROOF-77301642
EWB390795843,INV-2026-03482,19AGHFT9ZZCG1ZK,36Z5TOZO32TC1ZS,DL,RJ,DELIVERED,2026-06-07,TRN-778734,DELPROOF-10503054
EWB177323653,INV-2026-03483,24K03W0FGEA91ZT,331S9RYLLWB71ZQ,UP,DL,GENERATED,2026-07-31,TRN-213391,DELPROOF-18365242
EWB758979443,INV-2026-03484,36PGVTN4YPKW1ZD,07WYPSWLDOQ51ZV,DL,DL,DELIVERED,2026-07-01,TRN-106204,DELPROOF-01655293
EWB973333085,INV-2026-03485,36LVR7MGATND1ZD,19S0765ICAUT1ZI,AP,TS,IN_TRANSIT,2026-06-11,TRN-790589,DELPROOF-69065066
EWB396454850,INV-2026-03486,1941J2PATD931ZD,33RFCD6MZSGI1ZO,RJ,UP,IN_TRANSIT,2026-08-29,TRN-892346,DELPROOF-58631376
EWB864623166,INV-2026-03487,24XI64HAA34H1ZX,07YJ9BOQ0IQ21ZE,TN,RJ,IN_TRANSIT,2026-08-31,TRN-697749,DELPROOF-75178381
EWB928394844,INV-2026-03488,07OUZE66VW9B1ZX,3677Q9VJUHBP1ZP,GJ,RJ,DELIVERED,2026-07-22,TRN-262245,DELPROOF-29086595
EWB110252343,INV-2026-03489,372IHOY7DV7C1ZC,24R3UV43MCO01ZC,DL,UP,DELIVERED,2026-06-27,TRN-884550,DELPROOF-88287340
EWB407203807,INV-2026-03490,33DY5EGTBXPS1ZN,24K8WRU1XEMI1ZU,UP,TN,IN_TRANSIT,2026-06-29,TRN-105973,DELPROOF-56443729
EWB175787970,INV-2026-03491,074MJDXO100V1ZG,24C6UZHR5XFF1ZX,MH,MH,GENERATED,2026-08-22,TRN-102809,DELPROOF-47371162
EWB384446949,INV-2026-03492,378DRC11ERTJ1ZT,24D7YXW1TBRW1ZP,DL,UP,IN_TRANSIT,2026-08-08,TRN-577661,DELPROOF-52951054
EWB843607057,INV-2026-03493,33ML3SOJPX161ZE,3302BIP18A4J1ZS,RJ,UP,GENERATED,2026-09-11,TRN-550578,DELPROOF-77467819
EWB529353484,INV-2026-03494,37OAZTKSZP7G1ZD,3366PB90SPO31ZW,AP,KA,IN_TRANSIT,2026-07-13,TRN-420498,DELPROOF-74017661
EWB670310010,INV-2026-03495,29GZ6TPBWSXX1ZD,36RNR2KYB3GD1ZS,AP,MH,GENERATED,2026-08-21,TRN-761367,DELPROOF-90325486
EWB952047697,INV-2026-03496,29G1F8YC8GZK1ZD,09Q4TA5IVROC1ZT,AP,AP,IN_TRANSIT,2026-08-25,TRN-388568,DELPROOF-42063702
EWB431854899,INV-2026-03497,1934KUQAAJ841ZP,07P0E36S2Z481ZD,KA,TN,GENERATED,2026-09-17,TRN-121395,DELPROOF-87800370
EWB764226768,INV-2026-03498,0845VDB828191ZZ,1912II826GYU1ZO,GJ,KA,IN_TRANSIT,2026-07-09,TRN-891756,DELPROOF-59351661
EWB614364070,INV-2026-03499,27VPYMB5M9J91ZB,075IGQPKI7P51ZR,GJ,TN,IN_TRANSIT,2026-07-18,TRN-964621,DELPROOF-60036827
EWB805343216,INV-2026-03500,270PT2DA8DBF1ZA,37JC36OQOLOE1ZA,TN,AP,IN_TRANSIT,2026-07-27,TRN-174999,DELPROOF-55315289
EWB255339316,INV-2026-03501,37GINSAVOCIR1ZB,29828XG8Y72I1ZS,TS,AP,DELIVERED,2026-08-14,TRN-791514,DELPROOF-65130839
EWB178194860,INV-2026-03502,0952E77DYVGD1ZG,27TD96QE3RZS1ZI,MH,KA,IN_TRANSIT,2026-06-24,TRN-649467,DELPROOF-42910333
EWB738062316,INV-2026-03503,334BJ3BQRR871ZH,24N36V1MZB3I1ZW,GJ,KA,GENERATED,2026-10-03,TRN-812066,DELPROOF-13549835
EWB772389822,INV-2026-03504,08LEKVL9PTK41ZG,29TEDQMVQWPQ1ZN,MH,AP,IN_TRANSIT,2026-09-09,TRN-293669,DELPROOF-65077962
EWB668048227,INV-2026-03505,248ESMPF0IEO1ZJ,081W1WUDCBL41ZC,AP,UP,DELIVERED,2026-08-09,TRN-770296,DELPROOF-98300376
EWB277196978,INV-2026-03506,296SWK2RV2391ZL,0762HDXC6RIJ1ZJ,TN,KA,GENERATED,2026-07-21,TRN-485199,DELPROOF-11714765
EWB918706771,INV-2026-03507,29KNKBF2P7KK1ZF,36RML29Q2L481ZB,KA,UP,DELIVERED,2026-08-12,TRN-520770,DELPROOF-71627784
EWB935094505,INV-2026-03508,36FKRIG7JVDI1ZI,37FTDRLUXM601ZA,TS,UP,DELIVERED,2026-06-23,TRN-644905,DELPROOF-76854321
EWB540608937,INV-2026-03509,33ZPCD1406XL1ZV,370R778NRXVO1ZB,MH,KA,GENERATED,2026-09-20,TRN-900992,DELPROOF-27894507
EWB986241764,INV-2026-03510,27BOGKAH2XJQ1ZZ,29S95ZOW60ZZ1ZX,TN,UP,DELIVERED,2026-07-08,TRN-549643,DELPROOF-54814190
EWB985382341,INV-2026-03511,09VC9AQX6RZC1ZL,37U84XYJOA211ZA,KA,AP,IN_TRANSIT,2026-07-07,TRN-225697,DELPROOF-31116011
EWB133394392,INV-2026-03512,08UJT9T11PHP1ZX,29389YZTKKFZ1ZW,DL,GJ,IN_TRANSIT,2026-09-20,TRN-641099,DELPROOF-20186200
EWB128694956,INV-2026-03513,334BJ3BQRR871ZH,33Y6452H2ZQU1ZD,UP,RJ,DELIVERED,2026-08-12,TRN-794419,DELPROOF-81732626
EWB474640302,INV-2026-03514,096YO6Z1T2XC1ZA,330RS210Q2LG1ZY,TS,MH,GENERATED,2026-06-28,TRN-344784,DELPROOF-07352748
EWB350951530,INV-2026-03515,08QNYY95G5DO1ZF,373GQD7WKR1T1ZE,TN,MH,DELIVERED,2026-07-22,TRN-855212,DELPROOF-64786619
EWB815494774,INV-2026-03516,24XVDA4L3KHY1ZE,27BOGKAH2XJQ1ZZ,UP,GJ,IN_TRANSIT,2026-06-30,TRN-913256,DELPROOF-83041415
EWB606089644,INV-2026-03517,08GK6T9DHSZN1ZS,29H4GG24479Q1ZR,MH,KA,IN_TRANSIT,2026-08-01,TRN-704883,DELPROOF-38870743
EWB882489206,INV-2026-03518,299DYFNGP41S1ZO,08YUVXYBJ17M1ZF,AP,TS,GENERATED,2026-06-17,TRN-219242,DELPROOF-41457951
EWB560092702,INV-2026-03519,19EVL7FQ8ABY1ZQ,29HOUU9SIJPY1ZS,UP,UP,DELIVERED,2026-09-06,TRN-364220,DELPROOF-11147649
EWB730390124,INV-2026-03520,24JJBFSA5UZL1ZW,37E8BTSMAQ3O1ZJ,RJ,DL,GENERATED,2026-09-04,TRN-532217,DELPROOF-82598468
EWB716971961,INV-2026-03521,37FKVZS8UFX21ZB,2721B07G2RE61ZX,AP,TS,GENERATED,2026-09-07,TRN-800842,DELPROOF-56580720
EWB521405365,INV-2026-03522,37M6X7P7AHUG1ZX,33H4NRED6M421ZE,WB,KA,DELIVERED,2026-06-13,TRN-518095,DELPROOF-81246180
EWB193499629,INV-2026-03523,096YO6Z1T2XC1ZA,078IJTYOLD621ZE,RJ,TN,GENERATED,2026-06-30,TRN-496383,DELPROOF-21991985
EWB994829364,INV-2026-03524,33W6JL2L5B561ZB,19NGIXMC4SX21ZH,AP,TS,DELIVERED,2026-09-06,TRN-547845,DELPROOF-93361057
EWB650970443,INV-2026-03525,0762HDXC6RIJ1ZJ,09KO4BUSU9F81ZO,DL,DL,GENERATED,2026-07-12,TRN-586799,DELPROOF-40788675
EWB721970058,INV-2026-03526,07ASEH5E5RWS1ZE,097NVV28UE1M1ZV,MH,AP,GENERATED,2026-06-26,TRN-967070,DELPROOF-76834693
EWB556543453,INV-2026-03527,09L00EZZF8S21ZX,27MOQXHGLG4P1ZX,DL,UP,GENERATED,2026-06-04,TRN-824933,DELPROOF-04749307
EWB684476435,INV-2026-03528,29XJN6FOKZIX1ZW,076QE7AJUL7W1ZC,UP,TS,GENERATED,2026-09-16,TRN-773175,DELPROOF-54435797
EWB231600755,INV-2026-03529,36N23Y30YSXP1ZL,37ASJTK3LIRH1ZV,TS,GJ,DELIVERED,2026-06-18,TRN-312970,DELPROOF-43366858
EWB933061572,INV-2026-03530,37SQ0P82KB701ZX,3641A68T2A3A1ZG,GJ,AP,IN_TRANSIT,2026-08-21,TRN-162369,DELPROOF-65666951
EWB177905067,INV-2026-03531,36DHGUESXNU41ZT,37SAV917RMPN1ZK,AP,TS,IN_TRANSIT,2026-07-01,TRN-422466,DELPROOF-09851885
EWB505696891,INV-2026-03532,36YZQII4W6OZ1ZV,07NY20479T6V1ZV,AP,UP,GENERATED,2026-07-20,TRN-207817,DELPROOF-13667552
EWB893019722,INV-2026-03533,078CYNL63GAG1ZS,07PJZE1XTAR01ZJ,DL,UP,IN_TRANSIT,2026-06-30,TRN-931408,DELPROOF-95453552
EWB489854518,INV-2026-03534,08YUVXYBJ17M1ZF,19WWPM3X15DT1ZM,GJ,RJ,DELIVERED,2026-09-11,TRN-570136,DELPROOF-62542569
EWB112596358,INV-2026-03535,09N9T84AZYTJ1ZU,36PW6M9HKHJG1ZR,WB,AP,IN_TRANSIT,2026-08-28,TRN-593785,DELPROOF-18936669
EWB722937639,INV-2026-03536,366GVGT2EEHF1ZR,19WTEK17M6J31ZP,KA,KA,IN_TRANSIT,2026-09-05,TRN-765172,DELPROOF-38988899
EWB905363718,INV-2026-03537,29WZK4IE86DB1ZM,270PT2DA8DBF1ZA,WB,UP,GENERATED,2026-06-10,TRN-119546,DELPROOF-03893083
EWB362144595,INV-2026-03538,33TVJ0PTJXFQ1ZI,08KE2GJR81BM1ZO,GJ,KA,IN_TRANSIT,2026-06-24,TRN-683893,DELPROOF-31832100
EWB963734262,INV-2026-03539,3312VJ99T2D51ZE,27IARONTDI9O1ZH,TS,DL,DELIVERED,2026-07-11,TRN-877767,DELPROOF-90755952
EWB986745927,INV-2026-03540,083TRP0J43D51ZH,29W5L4RMVVNX1ZH,AP,UP,DELIVERED,2026-06-11,TRN-194664,DELPROOF-15719885
EWB193728785,INV-2026-03541,29IRDLK9EN7D1ZK,0767LM8E49IT1ZE,TS,KA,GENERATED,2026-09-30,TRN-341205,DELPROOF-31296291
EWB476148630,INV-2026-03542,36NVN439ENGA1ZX,36MOGBJZEYQQ1ZC,RJ,MH,GENERATED,2026-07-23,TRN-322884,DELPROOF-12200353
EWB903342669,INV-2026-03543,08XQM334L1VZ1ZL,36XCS1XSRQLN1ZW,WB,MH,IN_TRANSIT,2026-07-24,TRN-533901,DELPROOF-75025423
EWB630235905,INV-2026-03544,07H3YRGHWZKA1ZF,27CR6C1PY6Q91ZV,MH,AP,GENERATED,2026-10-01,TRN-223793,DELPROOF-43920056
EWB428518871,INV-2026-03545,07RYE89FX5RX1ZY,190DRIMR25I71ZA,DL,WB,DELIVERED,2026-08-29,TRN-631344,DELPROOF-94426274
EWB758832920,INV-2026-03546,33XN4D24N9YG1ZB,2402WPJCF07V1ZB,TS,TS,GENERATED,2026-10-01,TRN-714594,DELPROOF-34721958
EWB127865968,INV-2026-03547,19S0765ICAUT1ZI,336BEDYEJHDZ1ZU,AP,TN,GENERATED,2026-06-26,TRN-100699,DELPROOF-13273409
EWB542296356,INV-2026-03548,1934KUQAAJ841ZP,19CRUYF38DIU1ZN,MH,GJ,GENERATED,2026-08-12,TRN-355183,DELPROOF-16427864
EWB226276755,INV-2026-03549,3687K9TPZ1J81ZO,07RYE89FX5RX1ZY,WB,DL,GENERATED,2026-09-21,TRN-539691,DELPROOF-29805367
EWB617621261,INV-2026-03550,19CTHPHJ3MUU1ZP,246RPKZGGM0J1ZT,MH,KA,DELIVERED,2026-08-18,TRN-604298,DELPROOF-64088542
EWB753630222,INV-2026-03551,33ZNWG3ZRZQ01ZS,07LOD9R7ANQJ1ZK,TN,GJ,GENERATED,2026-08-02,TRN-825163,DELPROOF-05799085
EWB635347741,INV-2026-03552,291AFDTOHRNQ1ZH,19SFFCXHGNZE1ZH,RJ,DL,DELIVERED,2026-08-18,TRN-749038,DELPROOF-21154869
EWB727836850,INV-2026-03553,19DAQJRTMETM1ZG,24FPODPEHCYO1ZR,AP,RJ,DELIVERED,2026-09-25,TRN-156066,DELPROOF-47289491
EWB925355279,INV-2026-03554,29JJ0V60XNG21ZH,36BTD5OAIINM1ZJ,WB,DL,IN_TRANSIT,2026-08-17,TRN-108821,DELPROOF-78796672
EWB614999354,INV-2026-03555,19CRUYF38DIU1ZN,19VPUZ11BJKX1ZK,TN,UP,GENERATED,2026-07-21,TRN-593467,DELPROOF-95270385
EWB846954468,INV-2026-03556,095WFCPKJCSL1ZO,27Y6QKTC89K81ZW,MH,KA,GENERATED,2026-09-07,TRN-978685,DELPROOF-99625859
EWB112083357,INV-2026-03557,37GINSAVOCIR1ZB,08KE2GJR81BM1ZO,RJ,GJ,DELIVERED,2026-08-14,TRN-225214,DELPROOF-58903455
EWB124551954,INV-2026-03558,19HVL66SAJXX1ZM,299CSS9TOQW91ZI,UP,RJ,GENERATED,2026-09-11,TRN-745057,DELPROOF-14860760
EWB240825744,INV-2026-03559,3641A68T2A3A1ZG,07NYFM7VH30Q1ZB,RJ,TN,GENERATED,2026-09-20,TRN-576214,DELPROOF-71953631
EWB773174957,INV-2026-03560,24LGB0S0R2SD1ZQ,09K6ILCG6FAR1ZK,WB,MH,GENERATED,2026-10-03,TRN-657648,DELPROOF-82627905
EWB216913565,INV-2026-03561,24MPQ0HZYJB41ZC,37QY0HU97NG01ZA,KA,DL,IN_TRANSIT,2026-09-17,TRN-167855,DELPROOF-45241427
EWB875083227,INV-2026-03562,09A1EIPICERH1ZM,29FKJNAWNGA41ZY,UP,GJ,GENERATED,2026-07-09,TRN-151444,DELPROOF-74861950
EWB255090538,INV-2026-03563,330HL9XPSEIM1ZS,27TMY91OTKZH1ZR,UP,KA,DELIVERED,2026-09-18,TRN-246781,DELPROOF-67709986
EWB962303697,INV-2026-03564,09K6ILCG6FAR1ZK,07BPQGA6X85Z1ZX,TN,TN,GENERATED,2026-07-12,TRN-119391,DELPROOF-18723448
EWB360676901,INV-2026-03565,29Y2X15XJXNE1ZC,33QKF4VGE0GY1ZA,AP,RJ,DELIVERED,2026-09-03,TRN-548736,DELPROOF-07946903
EWB514990088,INV-2026-03566,07HV3IZKY22U1ZB,07GRY58VRW9M1ZV,WB,WB,GENERATED,2026-06-20,TRN-398393,DELPROOF-01282787
EWB211935271,INV-2026-03567,33FG51BXW76I1ZC,33JXL66YA6BA1ZZ,MH,WB,IN_TRANSIT,2026-07-10,TRN-871942,DELPROOF-54868336
EWB617293418,INV-2026-03568,08LEKVL9PTK41ZG,071V9NPUQARY1ZL,WB,TN,GENERATED,2026-07-01,TRN-456872,DELPROOF-04118629
EWB967752861,INV-2026-03569,19SOGGY5KOV11ZJ,240KQD8UNPIO1ZI,UP,UP,GENERATED,2026-07-09,TRN-213916,DELPROOF-52724856
EWB858972776,INV-2026-03570,07F5A7QY8YB71ZU,09ASFEN0B09Z1ZH,RJ,KA,IN_TRANSIT,2026-09-28,TRN-138714,DELPROOF-90880035
EWB338509975,INV-2026-03571,37WVFGYW6ZBN1ZX,074MJDXO100V1ZG,GJ,GJ,IN_TRANSIT,2026-08-10,TRN-633346,DELPROOF-74251112
EWB880366058,INV-2026-03572,37C2BE3YQY5F1ZS,29F7LOW4VSSR1ZS,DL,MH,GENERATED,2026-07-09,TRN-436401,DELPROOF-20060164
EWB451185851,INV-2026-03573,07HFSU4SE2KY1ZR,29WZK4IE86DB1ZM,WB,WB,DELIVERED,2026-06-25,TRN-722036,DELPROOF-90221539
EWB623647117,INV-2026-03574,3709NTN8EOHD1ZJ,24VORK1DJRWE1ZD,AP,WB,GENERATED,2026-06-14,TRN-493871,DELPROOF-62853395
EWB793265813,INV-2026-03575,29JJ0V60XNG21ZH,27H8RQ9NZ6121ZG,AP,MH,GENERATED,2026-07-28,TRN-448383,DELPROOF-07508560
EWB837915655,INV-2026-03576,244UNY181ACJ1ZB,08JAE58HUXG21ZL,UP,AP,GENERATED,2026-08-14,TRN-404764,DELPROOF-15553721
EWB469688828,INV-2026-03577,242SO19V58B11ZS,08VUBF99U26U1ZM,RJ,TN,IN_TRANSIT,2026-10-01,TRN-205185,DELPROOF-80195170
EWB220265025,INV-2026-03578,33R09SKDGIGA1ZR,19LDOL65WVJX1ZY,GJ,TN,GENERATED,2026-07-26,TRN-319584,DELPROOF-98191024
EWB634932198,INV-2026-03579,08LLGF309HSU1ZT,19S0765ICAUT1ZI,DL,GJ,IN_TRANSIT,2026-06-12,TRN-597815,DELPROOF-78184275
EWB447279625,INV-2026-03580,33ZG9JJ0076E1ZJ,296JIXUB4IBH1ZH,WB,UP,DELIVERED,2026-06-24,TRN-949626,DELPROOF-54250970
EWB872997311,INV-2026-03581,27SFHVMLJEKB1ZT,08JYV5G10UR51ZK,TS,GJ,DELIVERED,2026-06-20,TRN-226661,DELPROOF-40050482
EWB587818934,INV-2026-03582,33N14EB8753A1ZW,19G2GZR7TXCB1ZC,KA,TS,DELIVERED,2026-09-18,TRN-756932,DELPROOF-57628679
EWB423132719,INV-2026-03583,36JI0Y6DPBHS1ZA,096YO6Z1T2XC1ZA,TN,WB,GENERATED,2026-09-11,TRN-826402,DELPROOF-17094096
EWB252194037,INV-2026-03584,36U8NOZEMDMZ1ZI,330PDW5PY6B21ZJ,DL,WB,GENERATED,2026-06-25,TRN-476410,DELPROOF-76627115
EWB290517101,INV-2026-03585,36NGMX1GM32W1ZO,08XLSEUNNRLS1ZQ,UP,DL,IN_TRANSIT,2026-06-10,TRN-351966,DELPROOF-47346730
EWB898062681,INV-2026-03586,090ODWMQX5GG1ZM,29ATWYAM1N0L1ZG,KA,DL,GENERATED,2026-07-01,TRN-373761,DELPROOF-84386726
EWB801473057,INV-2026-03587,09CWMPEQYDBP1ZF,27CR6C1PY6Q91ZV,MH,UP,IN_TRANSIT,2026-06-09,TRN-376195,DELPROOF-50024037
EWB681676859,INV-2026-03588,09G34IQ7ZJ3S1ZU,33EAS6Y3VG6V1ZZ,DL,GJ,DELIVERED,2026-07-09,TRN-549941,DELPROOF-32666739
EWB107569785,INV-2026-03589,33JZC58CU47S1ZM,291KO6XNQXU71ZY,MH,TS,IN_TRANSIT,2026-06-03,TRN-530403,DELPROOF-22465189
EWB550828577,INV-2026-03590,07TZ91X70FQL1ZC,19AGHFT9ZZCG1ZK,KA,GJ,IN_TRANSIT,2026-09-25,TRN-892745,DELPROOF-70958002
EWB618731710,INV-2026-03591,37GINSAVOCIR1ZB,37ZSXPEFJ31E1ZF,TS,UP,GENERATED,2026-10-01,TRN-993212,DELPROOF-36606768
EWB429440698,INV-2026-03592,29O1PVLND5811ZK,292HOQ5E7L7W1ZX,RJ,TS,IN_TRANSIT,2026-09-28,TRN-369703,DELPROOF-43802113
EWB216477638,INV-2026-03593,09V18KGYGGSN1ZN,37Z6146VEY0A1ZN,UP,RJ,IN_TRANSIT,2026-08-31,TRN-107153,DELPROOF-03807179
EWB913810061,INV-2026-03594,361U24ZQFEZK1ZE,27IARONTDI9O1ZH,WB,WB,GENERATED,2026-06-25,TRN-147269,DELPROOF-49038036
EWB832856470,INV-2026-03595,378E9RIVH6T11ZM,37WVFGYW6ZBN1ZX,GJ,UP,IN_TRANSIT,2026-07-27,TRN-738730,DELPROOF-11069409
EWB627081321,INV-2026-03596,0832U1IQ2BAJ1ZD,19WXQPF0QPSV1ZV,GJ,TS,IN_TRANSIT,2026-09-25,TRN-223697,DELPROOF-33263210
EWB630687274,INV-2026-03597,07WYPSWLDOQ51ZV,37AD1IOR56FA1ZM,TS,RJ,IN_TRANSIT,2026-09-14,TRN-948396,DELPROOF-23809744
EWB676721936,INV-2026-03598,07JJFGJK2N7Z1ZP,3677Q9VJUHBP1ZP,AP,MH,GENERATED,2026-07-23,TRN-182715,DELPROOF-78907811
EWB356076139,INV-2026-03599,33EJZXPR2D0V1ZG,368XMOE545VY1ZA,TS,TN,GENERATED,2026-09-15,TRN-849059,DELPROOF-30948190
EWB553242401,INV-2026-03600,097WR0R35IKG1ZD,09VMK2ZYZSIL1ZS,AP,GJ,GENERATED,2026-08-04,TRN-364068,DELPROOF-25025860
EWB117894641,INV-2026-03601,36W04I3DZXLR1ZF,088QTTY5Y2JR1ZH,GJ,DL,DELIVERED,2026-07-02,TRN-110926,DELPROOF-45215454
EWB684868203,INV-2026-03602,33E02TOXOU0Y1ZD,0981L51FLMNA1ZS,TS,MH,DELIVERED,2026-07-01,TRN-810001,DELPROOF-35823819
EWB845845030,INV-2026-03603,378E9RIVH6T11ZM,07KA34MQA78R1ZA,GJ,RJ,GENERATED,2026-07-11,TRN-509664,DELPROOF-94875604
EWB156814272,INV-2026-03604,27KMBY9IPA2V1ZM,19JEFY3ZB4LD1ZH,GJ,TS,GENERATED,2026-06-18,TRN-621952,DELPROOF-32568985
EWB250549007,INV-2026-03605,24BRBJEQVVIA1ZA,33QKF4VGE0GY1ZA,TS,RJ,GENERATED,2026-08-14,TRN-164300,DELPROOF-18827686
EWB231091855,INV-2026-03606,19N42X2EZC7F1ZN,37XA5S00I85S1ZW,KA,DL,GENERATED,2026-07-18,TRN-182870,DELPROOF-18962245
EWB157815162,INV-2026-03607,08AHCUA09PCI1ZF,19H07WPH6FE01ZL,TS,KA,GENERATED,2026-08-08,TRN-710811,DELPROOF-81591958
EWB158793188,INV-2026-03608,08GK6T9DHSZN1ZS,37FLOAZ1RO031ZC,AP,TS,DELIVERED,2026-07-27,TRN-152450,DELPROOF-99833754
EWB734762471,INV-2026-03609,33ZR1YXR2DHY1ZJ,0981L51FLMNA1ZS,WB,AP,GENERATED,2026-08-10,TRN-815949,DELPROOF-88255138
EWB515490337,INV-2026-03610,33AVEDHR3PCE1ZM,19JY5OP9LBSM1ZT,DL,MH,IN_TRANSIT,2026-08-01,TRN-286860,DELPROOF-67518492
EWB664725487,INV-2026-03611,096OM1FB8C7X1ZX,08DJE153A5QB1ZQ,GJ,GJ,DELIVERED,2026-07-13,TRN-857762,DELPROOF-94260145
EWB988816273,INV-2026-03612,07DMLC8XIZX31ZP,33ZG9JJ0076E1ZJ,MH,MH,DELIVERED,2026-09-02,TRN-171427,DELPROOF-49306253
EWB785597127,INV-2026-03613,09JDBL1G3Y2T1ZM,244UNY181ACJ1ZB,GJ,MH,GENERATED,2026-07-22,TRN-574075,DELPROOF-30766174
EWB583285905,INV-2026-03614,248M1G9FK2ST1ZX,24HHA1PJGFJC1ZW,TS,KA,IN_TRANSIT,2026-08-05,TRN-581002,DELPROOF-82008837
EWB985740948,INV-2026-03615,36HE4H3GM1BW1ZV,291AFDTOHRNQ1ZH,UP,AP,GENERATED,2026-07-04,TRN-226969,DELPROOF-51145476
EWB993666058,INV-2026-03616,37AD1IOR56FA1ZM,08H9NKLYBWGM1ZN,TN,AP,GENERATED,2026-06-13,TRN-764632,DELPROOF-88923765
EWB232068866,INV-2026-03617,249OE9419QZP1ZM,361U24ZQFEZK1ZE,WB,GJ,DELIVERED,2026-07-20,TRN-746241,DELPROOF-43678562
EWB236140534,INV-2026-03618,24O0IPFG8PJV1ZP,37O1CJFX5LIK1ZU,GJ,TS,GENERATED,2026-09-29,TRN-237012,DELPROOF-13289310
EWB705344118,INV-2026-03619,19AUUJ02GRXP1ZS,07P0E36S2Z481ZD,TS,AP,DELIVERED,2026-06-17,TRN-781031,DELPROOF-95982174
EWB243804619,INV-2026-03620,19JFVYB6LI071ZL,247X5RRNYCIH1ZE,WB,DL,DELIVERED,2026-09-26,TRN-239071,DELPROOF-15013721
EWB745434127,INV-2026-03621,24U5CZECCFS71ZH,37N3V1WNP9OC1ZH,MH,RJ,IN_TRANSIT,2026-08-21,TRN-856924,DELPROOF-24328497
EWB995902129,INV-2026-03622,097Q5EGVLKDN1ZM,29XN0GUO4KH21ZT,WB,TN,DELIVERED,2026-06-10,TRN-644009,DELPROOF-51201009
EWB397173479,INV-2026-03623,071E1630POCR1ZX,36BTD5OAIINM1ZJ,DL,DL,IN_TRANSIT,2026-07-03,TRN-543553,DELPROOF-07082663
EWB407386852,INV-2026-03624,33TVJ0PTJXFQ1ZI,09USGEHN0Z1R1ZD,TS,MH,GENERATED,2026-09-11,TRN-359567,DELPROOF-05810453
EWB310279769,INV-2026-03625,08CPNCC2KEIV1ZK,3366PB90SPO31ZW,UP,DL,DELIVERED,2026-09-03,TRN-941782,DELPROOF-16579520
EWB859023295,INV-2026-03626,091SAXT8JH341ZS,24UE421VMEFO1ZW,TN,KA,GENERATED,2026-09-02,TRN-846121,DELPROOF-22884338
EWB379728480,INV-2026-03627,337NZBXFV7FI1ZS,27TMY91OTKZH1ZR,AP,TN,GENERATED,2026-08-08,TRN-224076,DELPROOF-16627068
EWB479714709,INV-2026-03628,24N36V1MZB3I1ZW,27CR6C1PY6Q91ZV,KA,DL,GENERATED,2026-08-13,TRN-975410,DELPROOF-40341944
EWB509775457,INV-2026-03629,29RTIG7ZD9B71ZK,33ZM3618LEU61ZW,TN,KA,GENERATED,2026-10-03,TRN-544847,DELPROOF-45306400
EWB336904403,INV-2026-03630,07DALMJEGQTO1ZA,088Z3V6DIXFW1ZS,UP,KA,IN_TRANSIT,2026-07-07,TRN-781733,DELPROOF-61774897
EWB547146759,INV-2026-03631,07HV3IZKY22U1ZB,24VT3X8VE00H1ZZ,WB,UP,DELIVERED,2026-06-04,TRN-747242,DELPROOF-74748838
EWB452929321,INV-2026-03632,33NRM31SL7ZX1ZQ,27I3OQYFOQMF1ZW,GJ,MH,GENERATED,2026-09-05,TRN-473088,DELPROOF-48202723
EWB339507971,INV-2026-03633,339T9CD1LQJS1ZO,37TL8N3E54N61ZM,RJ,AP,IN_TRANSIT,2026-08-05,TRN-347167,DELPROOF-30452106
EWB186789279,INV-2026-03634,08XQM334L1VZ1ZL,08V6OH9SDBDW1ZZ,RJ,GJ,GENERATED,2026-06-07,TRN-681729,DELPROOF-29260876
EWB494070949,INV-2026-03635,096F7QNEZW9H1ZE,27QV5Y21ID9V1ZT,RJ,WB,DELIVERED,2026-07-25,TRN-507199,DELPROOF-38999136
EWB369302515,INV-2026-03636,19VPUZ11BJKX1ZK,08R4SOR8WM9L1ZA,KA,KA,GENERATED,2026-09-01,TRN-583694,DELPROOF-80621497
EWB215488409,INV-2026-03637,1941J2PATD931ZD,29WJM2C8QIZK1ZC,MH,KA,IN_TRANSIT,2026-09-20,TRN-912091,DELPROOF-66971004
EWB528100823,INV-2026-03638,24NBNPJDN2MI1ZF,29955CF72GNN1ZT,UP,WB,DELIVERED,2026-06-19,TRN-446369,DELPROOF-91596850
EWB136627601,INV-2026-03639,099QEZG5WZAW1ZM,33A8D7204J3M1ZH,KA,TN,IN_TRANSIT,2026-06-29,TRN-586817,DELPROOF-27844723
EWB637212762,INV-2026-03640,27IARONTDI9O1ZH,360JUM42WSC31ZY,KA,KA,DELIVERED,2026-07-26,TRN-339010,DELPROOF-96293207
EWB804275507,INV-2026-03641,19RL69VSYXBB1ZE,1963LBQGU3OB1ZV,TN,AP,GENERATED,2026-09-21,TRN-182789,DELPROOF-73732014
EWB534553633,INV-2026-03642,08GWA44LZ6V71ZQ,276314CQE4LO1ZG,TS,AP,GENERATED,2026-09-23,TRN-117394,DELPROOF-55184479
EWB522606990,INV-2026-03643,36PGVTN4YPKW1ZD,36Z1OA3VF02G1ZT,TS,GJ,DELIVERED,2026-09-28,TRN-621880,DELPROOF-61229314
EWB336263490,INV-2026-03644,074I6R8SO5WI1ZQ,37FLOAZ1RO031ZC,KA,AP,IN_TRANSIT,2026-09-24,TRN-264577,DELPROOF-77206265
EWB555742746,INV-2026-03645,37U84XYJOA211ZA,36N23Y30YSXP1ZL,TS,AP,DELIVERED,2026-06-28,TRN-241507,DELPROOF-23859250
EWB103138277,INV-2026-03646,1963LBQGU3OB1ZV,33N14EB8753A1ZW,DL,RJ,DELIVERED,2026-09-20,TRN-299727,DELPROOF-93668469
EWB231374214,INV-2026-03647,33RFCD6MZSGI1ZO,24EHE2ATN2TW1ZC,AP,TS,GENERATED,2026-08-27,TRN-142960,DELPROOF-78306952
EWB924240139,INV-2026-03648,19QIOB0NLW0V1ZQ,27S832EJX5TD1ZQ,GJ,AP,IN_TRANSIT,2026-07-10,TRN-554510,DELPROOF-48465789
EWB850325725,INV-2026-03649,0767LM8E49IT1ZE,334BJ3BQRR871ZH,RJ,WB,GENERATED,2026-08-06,TRN-598470,DELPROOF-52466359
EWB393105604,INV-2026-03650,294JWPXEFAF01ZH,24Q99CHJ755N1ZF,RJ,KA,DELIVERED,2026-08-15,TRN-556866,DELPROOF-49189846
EWB829595074,INV-2026-03651,360RXXF36WA71ZQ,19ZJ4KJEITKX1ZI,TS,WB,DELIVERED,2026-06-16,TRN-759940,DELPROOF-42271588
EWB864065010,INV-2026-03652,3302BIP18A4J1ZS,29HOUU9SIJPY1ZS,UP,GJ,DELIVERED,2026-07-22,TRN-209795,DELPROOF-86307936
EWB303718593,INV-2026-03653,3709NTN8EOHD1ZJ,19ZJ4KJEITKX1ZI,RJ,AP,IN_TRANSIT,2026-08-20,TRN-977714,DELPROOF-27460188
EWB900923361,INV-2026-03654,29TJ54696QZ61ZC,27T6YRIADDUR1ZC,WB,TS,GENERATED,2026-08-14,TRN-701534,DELPROOF-79570771
EWB868333775,INV-2026-03655,24DLFWDUH7VD1ZM,27MQT788G35S1ZE,GJ,DL,GENERATED,2026-07-02,TRN-422936,DELPROOF-37994446
EWB492715303,INV-2026-03656,09USGEHN0Z1R1ZD,08UJT9T11PHP1ZX,AP,RJ,GENERATED,2026-07-29,TRN-843284,DELPROOF-82860220
EWB231577416,INV-2026-03657,0950OP7XMR8F1ZG,29JZP97BMZRR1ZX,AP,KA,IN_TRANSIT,2026-07-22,TRN-434328,DELPROOF-99250882
EWB610756108,INV-2026-03658,19A09LZRK79U1ZE,36EQY08P0FOD1ZP,RJ,AP,GENERATED,2026-09-21,TRN-516867,DELPROOF-37905471
EWB424302618,INV-2026-03659,36HE4H3GM1BW1ZV,19AUUJ02GRXP1ZS,GJ,KA,DELIVERED,2026-08-16,TRN-708776,DELPROOF-42864383
EWB548868851,INV-2026-03660,37ZSXPEFJ31E1ZF,339T9CD1LQJS1ZO,TS,GJ,IN_TRANSIT,2026-08-16,TRN-641762,DELPROOF-13729556
EWB446946323,INV-2026-03661,36LQGA3QUPO41ZI,19WXQPF0QPSV1ZV,TS,KA,IN_TRANSIT,2026-06-30,TRN-501311,DELPROOF-42248619
EWB227986489,INV-2026-03662,0923GDPPQ0Y91ZD,24BRBJEQVVIA1ZA,TN,KA,DELIVERED,2026-09-20,TRN-208814,DELPROOF-06851998
EWB706692116,INV-2026-03663,19Q9J2H1TLOM1ZF,33CXLL4ZKLOO1ZJ,TS,TN,GENERATED,2026-06-21,TRN-277774,DELPROOF-11204303
EWB530319917,INV-2026-03664,19NE6IT1EKKH1ZX,27XK5BXJ2POP1ZM,TN,TS,GENERATED,2026-07-17,TRN-479776,DELPROOF-27388940
EWB735896232,INV-2026-03665,37W4A7FQ9P961ZU,36C20LSJWS1Z1ZK,RJ,WB,GENERATED,2026-07-25,TRN-195785,DELPROOF-26221327
EWB925494293,INV-2026-03666,33YUJ7YKTXG41ZA,33FNOTIA41SS1ZZ,WB,UP,IN_TRANSIT,2026-07-05,TRN-278138,DELPROOF-01589063
EWB684157860,INV-2026-03667,070M24US73W11ZV,27TDMO8RC64S1ZJ,DL,AP,IN_TRANSIT,2026-07-27,TRN-618116,DELPROOF-84619442
EWB571005290,INV-2026-03668,27CUBZQVQG0X1ZR,247X5RRNYCIH1ZE,DL,TS,DELIVERED,2026-09-20,TRN-202802,DELPROOF-82168695
EWB246342275,INV-2026-03669,09WPVS7HZIOY1ZJ,37O1CJFX5LIK1ZU,TN,TS,IN_TRANSIT,2026-08-14,TRN-699457,DELPROOF-51120891
EWB865900304,INV-2026-03670,29GBCYH3FVL01ZZ,37QPWDXYASVD1ZA,TS,GJ,GENERATED,2026-07-24,TRN-117741,DELPROOF-18631790
EWB844822368,INV-2026-03671,29YECAZRP9DX1ZN,24O0IPFG8PJV1ZP,MH,UP,GENERATED,2026-07-25,TRN-911583,DELPROOF-33174376
EWB877743220,INV-2026-03672,27JR6EET0DY51ZS,335P03WVPUNW1ZC,KA,WB,DELIVERED,2026-06-19,TRN-957333,DELPROOF-91556901
EWB861281752,INV-2026-03673,240KQD8UNPIO1ZI,29050E6MPSJ91ZU,RJ,TN,DELIVERED,2026-06-26,TRN-912954,DELPROOF-74813575
EWB629435088,INV-2026-03674,19SOGGY5KOV11ZJ,09OEMQGY27VY1ZK,DL,TN,GENERATED,2026-07-20,TRN-281625,DELPROOF-37791782
EWB300980154,INV-2026-03675,09EJCY127H6G1ZL,369BP4M18O1B1ZI,TN,TS,IN_TRANSIT,2026-09-30,TRN-343403,DELPROOF-75515159
EWB528074270,INV-2026-03676,24IXDU1EMMX31ZV,33NHQE86O3Z01ZA,GJ,WB,DELIVERED,2026-07-19,TRN-492782,DELPROOF-87337031
EWB483660337,INV-2026-03677,33YUJ7YKTXG41ZA,09VQHL097FZR1ZK,TS,RJ,DELIVERED,2026-08-04,TRN-675207,DELPROOF-01719793
EWB989051181,INV-2026-03678,24C1RBK9RX641ZT,09XB3N27M5P71ZD,MH,TS,DELIVERED,2026-09-01,TRN-732063,DELPROOF-77518679
EWB928787683,INV-2026-03679,29JOV58TOE3P1ZF,2937DL9FC1XX1ZS,MH,TN,DELIVERED,2026-08-25,TRN-255452,DELPROOF-30107144
EWB931178780,INV-2026-03680,36G0FN9XUY411ZH,09ZYF2EV4JI41ZS,RJ,DL,GENERATED,2026-07-30,TRN-541393,DELPROOF-26631346
EWB573582488,INV-2026-03681,27SYJAFCO3S61ZP,19DAQJRTMETM1ZG,RJ,UP,GENERATED,2026-09-26,TRN-415410,DELPROOF-60204098
EWB984436941,INV-2026-03682,29NFHOLQC3O11ZW,071ZN1RIAMWU1ZZ,WB,MH,DELIVERED,2026-07-21,TRN-453246,DELPROOF-50511572
EWB793549385,INV-2026-03683,08OYTK06AKT71ZW,29TOUHYLU6K71ZN,MH,UP,DELIVERED,2026-09-21,TRN-391098,DELPROOF-55208257
EWB222510323,INV-2026-03684,24Q15FBS4WVT1ZX,19JY5OP9LBSM1ZT,KA,TS,DELIVERED,2026-09-25,TRN-965145,DELPROOF-59271738
EWB230567979,INV-2026-03685,2977TNQETMNI1ZP,09USGEHN0Z1R1ZD,UP,RJ,IN_TRANSIT,2026-06-30,TRN-679252,DELPROOF-50647806
EWB808440881,INV-2026-03686,274BAWZ940VT1ZJ,08WDPJBC01AR1ZU,MH,TS,DELIVERED,2026-08-30,TRN-925636,DELPROOF-55756615
EWB624019969,INV-2026-03687,09VC9AQX6RZC1ZL,19QIOB0NLW0V1ZQ,RJ,MH,DELIVERED,2026-07-22,TRN-408543,DELPROOF-42581386
EWB465579713,INV-2026-03688,37Q3K8A7RV4N1ZL,36MV9E40KZUJ1ZZ,KA,WB,DELIVERED,2026-07-27,TRN-395729,DELPROOF-64841604
EWB697269181,INV-2026-03689,36BTD5OAIINM1ZJ,09V18KGYGGSN1ZN,AP,RJ,DELIVERED,2026-09-12,TRN-511137,DELPROOF-05132066
EWB905487097,INV-2026-03690,07DMLC8XIZX31ZP,36JWVHPLHW4O1ZO,TN,UP,GENERATED,2026-07-08,TRN-765827,DELPROOF-10023051
EWB536375473,INV-2026-03691,24SS1A2R5BFY1ZC,09AM148P0TVH1ZH,KA,MH,DELIVERED,2026-07-06,TRN-785437,DELPROOF-24403069
EWB961460122,INV-2026-03692,37YMENVG3KK01ZT,08LEKVL9PTK41ZG,WB,MH,IN_TRANSIT,2026-06-23,TRN-936580,DELPROOF-42191217
EWB223860608,INV-2026-03693,36ZC7D2KD1PO1ZV,24BRBJEQVVIA1ZA,TS,TN,DELIVERED,2026-08-21,TRN-492130,DELPROOF-64107141
EWB281883397,INV-2026-03694,29FS8Q0PXAEC1ZU,072GJ8K8C9G31ZP,AP,UP,IN_TRANSIT,2026-07-16,TRN-265411,DELPROOF-40383449
EWB613639513,INV-2026-03695,08H9NKLYBWGM1ZN,0762HDXC6RIJ1ZJ,TN,KA,IN_TRANSIT,2026-07-07,TRN-542539,DELPROOF-11599359
EWB550602371,INV-2026-03696,27IS2GY9YTJU1ZO,09N9T84AZYTJ1ZU,TS,UP,GENERATED,2026-07-07,TRN-915143,DELPROOF-36870583
EWB313280750,INV-2026-03697,373UBM9XHCGR1ZW,09CWMPEQYDBP1ZF,DL,WB,GENERATED,2026-08-15,TRN-915974,DELPROOF-26065576
EWB677252226,INV-2026-03698,07DC08FC0TR51ZN,09BR5XQT4P501ZY,GJ,KA,DELIVERED,2026-07-25,TRN-660513,DELPROOF-05208274
EWB217573340,INV-2026-03699,27IS2GY9YTJU1ZO,083TRP0J43D51ZH,UP,MH,DELIVERED,2026-09-13,TRN-753215,DELPROOF-72008030
EWB108501514,INV-2026-03700,33R9P6HJB2JT1ZU,36IT2018U9N71ZF,AP,DL,IN_TRANSIT,2026-09-12,TRN-484874,DELPROOF-07312916
EWB931084405,INV-2026-03701,33HV3A3ZMF8M1ZC,08NYARNNEZTE1ZD,KA,AP,GENERATED,2026-07-03,TRN-511081,DELPROOF-58116797
EWB224679002,INV-2026-03702,36HE4H3GM1BW1ZV,095F1HGAV42T1ZC,AP,KA,IN_TRANSIT,2026-07-17,TRN-992407,DELPROOF-27134053
EWB728485708,INV-2026-03703,36OI9WM1SAV91ZB,29X08N6Q7NC81ZR,WB,KA,IN_TRANSIT,2026-07-24,TRN-477812,DELPROOF-13418902
EWB382670999,INV-2026-03704,33DY5EGTBXPS1ZN,37A37E1J7V2A1ZZ,DL,TS,IN_TRANSIT,2026-08-02,TRN-270600,DELPROOF-71390806
EWB301268605,INV-2026-03705,33ALFWYPEEK01ZZ,27N9J3GC9HOX1ZD,RJ,RJ,IN_TRANSIT,2026-07-09,TRN-434255,DELPROOF-19045409
EWB763901050,INV-2026-03706,37FKVZS8UFX21ZB,24ZKNHPVRWBR1ZB,MH,TN,IN_TRANSIT,2026-09-25,TRN-992678,DELPROOF-76042533
EWB705565813,INV-2026-03707,36XQ9JB354MY1ZN,24FC79M96ZPX1ZT,DL,AP,GENERATED,2026-09-30,TRN-776625,DELPROOF-06780816
EWB966876494,INV-2026-03708,37KKVPJRMEYY1ZY,36TFEBE5407K1ZI,KA,WB,GENERATED,2026-06-22,TRN-597633,DELPROOF-78731161
EWB547396829,INV-2026-03709,27ZGFLIG5GKZ1ZI,3784U89YJB1Q1ZU,TN,WB,GENERATED,2026-07-12,TRN-330393,DELPROOF-92690055
EWB175539375,INV-2026-03710,29VZHWJR64DP1ZI,29232UTVG9KU1ZQ,GJ,AP,GENERATED,2026-07-30,TRN-577647,DELPROOF-29892337
EWB463117711,INV-2026-03711,37Y8N1UTOXIE1ZX,373E950ID0331ZR,UP,WB,DELIVERED,2026-07-20,TRN-423514,DELPROOF-12000781
EWB582634937,INV-2026-03712,37Q3K8A7RV4N1ZL,27ADNBCJ29YF1ZB,WB,WB,GENERATED,2026-09-22,TRN-366395,DELPROOF-57257445
EWB190795907,INV-2026-03713,07GDD8MWE7761ZT,278GUAS173RI1ZG,DL,MH,GENERATED,2026-08-10,TRN-382890,DELPROOF-72587206
EWB440758991,INV-2026-03714,0921HD4Y89OR1ZT,33OC50H2CWTG1ZY,TN,AP,IN_TRANSIT,2026-07-11,TRN-959808,DELPROOF-59491440
EWB326855309,INV-2026-03715,24D3IRVXD2ZU1ZS,09ZRKBFQXLBV1ZM,KA,UP,GENERATED,2026-07-12,TRN-135504,DELPROOF-62695439
EWB861551975,INV-2026-03716,333Z6BZ8UUG91ZP,29FWW41F7V4K1ZM,AP,TN,DELIVERED,2026-06-11,TRN-516269,DELPROOF-32734945
EWB617075570,INV-2026-03717,09VQHL097FZR1ZK,24DURVFFFIA31ZN,MH,TS,GENERATED,2026-07-25,TRN-133085,DELPROOF-01088096
EWB392261325,INV-2026-03718,097Q5EGVLKDN1ZM,29XN0GUO4KH21ZT,AP,GJ,DELIVERED,2026-09-23,TRN-340801,DELPROOF-45283391
EWB525386604,INV-2026-03719,333LOUFHW8WL1ZT,27RE4V9KYPOF1ZJ,TN,AP,GENERATED,2026-08-05,TRN-858200,DELPROOF-98035012
EWB995779060,INV-2026-03720,19UW2XH6QIHP1ZM,37E8BTSMAQ3O1ZJ,KA,GJ,IN_TRANSIT,2026-10-03,TRN-723543,DELPROOF-28802103
EWB734971169,INV-2026-03721,36S5NKB4EHOU1ZO,2977TNQETMNI1ZP,AP,AP,DELIVERED,2026-09-28,TRN-267232,DELPROOF-32897966
EWB569570544,INV-2026-03722,080JQQNVCEQF1ZG,37Y8N1UTOXIE1ZX,KA,RJ,IN_TRANSIT,2026-06-29,TRN-441973,DELPROOF-99185452
EWB116481768,INV-2026-03723,27T1ELOU83G41ZV,37SNTP8AK8S21ZV,WB,KA,GENERATED,2026-08-13,TRN-628208,DELPROOF-00920822
EWB918934639,INV-2026-03724,292S8U8ZF0P71ZJ,37HLZ02Z7NUX1ZE,TS,WB,IN_TRANSIT,2026-09-29,TRN-997192,DELPROOF-11227367
EWB919010478,INV-2026-03725,296JIXUB4IBH1ZH,08OYTK06AKT71ZW,MH,TS,IN_TRANSIT,2026-06-03,TRN-352565,DELPROOF-75836044
EWB796150598,INV-2026-03726,08GWA44LZ6V71ZQ,330HL9XPSEIM1ZS,UP,DL,GENERATED,2026-08-19,TRN-639815,DELPROOF-78349410
EWB498077937,INV-2026-03727,36JWVHPLHW4O1ZO,27BOGKAH2XJQ1ZZ,UP,RJ,IN_TRANSIT,2026-09-22,TRN-797879,DELPROOF-23086312
EWB882604403,INV-2026-03728,247X5RRNYCIH1ZE,0921HD4Y89OR1ZT,TS,MH,IN_TRANSIT,2026-06-13,TRN-377464,DELPROOF-53875867
EWB426564740,INV-2026-03729,27WBPA274IR81ZB,372IHOY7DV7C1ZC,MH,TN,IN_TRANSIT,2026-09-01,TRN-647103,DELPROOF-40468652
EWB927430836,INV-2026-03730,2928DITMOWNX1ZZ,09YL68NTK63N1ZZ,AP,RJ,DELIVERED,2026-06-27,TRN-110053,DELPROOF-01010658
EWB218788717,INV-2026-03731,27Q4S2FTGI881ZR,36V0LG92MJEQ1ZA,GJ,TN,DELIVERED,2026-08-04,TRN-640979,DELPROOF-11081116
EWB109799202,INV-2026-03732,377RL2YJ09741ZU,19SFFCXHGNZE1ZH,WB,KA,IN_TRANSIT,2026-09-23,TRN-542075,DELPROOF-65906530
EWB808316240,INV-2026-03733,096OM1FB8C7X1ZX,373XQ8VA8X8L1ZX,GJ,KA,DELIVERED,2026-08-10,TRN-296656,DELPROOF-17833983
EWB424075851,INV-2026-03734,08OX22INIWC51ZA,27I3OQYFOQMF1ZW,MH,WB,DELIVERED,2026-08-15,TRN-413509,DELPROOF-16680018
EWB980248718,INV-2026-03735,19VNNVBZW5AP1ZK,07F5A7QY8YB71ZU,DL,UP,GENERATED,2026-07-10,TRN-483882,DELPROOF-13346155
EWB623380542,INV-2026-03736,09XNPSV8DKMU1ZQ,09B0UKOEFUKP1ZT,DL,RJ,GENERATED,2026-09-07,TRN-834913,DELPROOF-82097082
EWB795052035,INV-2026-03737,376EK6X6LGOI1ZM,08NSM43D8W3Z1ZN,MH,MH,GENERATED,2026-08-17,TRN-784691,DELPROOF-84203086
EWB470355931,INV-2026-03738,337F0I9G5DZX1ZK,095935A0L7251ZZ,UP,WB,IN_TRANSIT,2026-06-26,TRN-916198,DELPROOF-67751573
EWB716605064,INV-2026-03739,08LBB8NMT3YP1ZQ,09CWMPEQYDBP1ZF,DL,UP,DELIVERED,2026-06-08,TRN-662976,DELPROOF-77849162
EWB765007746,INV-2026-03740,37KKVPJRMEYY1ZY,08PSUOVHAUVA1ZZ,TN,MH,GENERATED,2026-06-19,TRN-987046,DELPROOF-28890029
EWB883026787,INV-2026-03741,36N10HLINH8J1ZT,09N6NBYZM2421ZN,TS,RJ,DELIVERED,2026-09-26,TRN-860624,DELPROOF-00560386
EWB843079240,INV-2026-03742,296U3U6H0UFX1ZX,29TJ54696QZ61ZC,WB,AP,IN_TRANSIT,2026-07-22,TRN-677293,DELPROOF-88114055
EWB793375437,INV-2026-03743,295VRZ38EFE91ZT,33TVJ0PTJXFQ1ZI,GJ,MH,IN_TRANSIT,2026-10-03,TRN-994097,DELPROOF-13649548
EWB545037830,INV-2026-03744,191KFK7Y6QXD1ZQ,09V18KGYGGSN1ZN,GJ,MH,GENERATED,2026-07-08,TRN-964941,DELPROOF-90234078
EWB911881659,INV-2026-03745,09FOP8QZJULI1ZF,248ESMPF0IEO1ZJ,WB,MH,DELIVERED,2026-09-17,TRN-266173,DELPROOF-44141644
EWB286994224,INV-2026-03746,24MPQ0HZYJB41ZC,2995E5IZ31YR1ZS,KA,MH,DELIVERED,2026-07-01,TRN-126269,DELPROOF-12059455
EWB416402191,INV-2026-03747,07BMXNSZOKGT1ZH,36W04I3DZXLR1ZF,KA,MH,DELIVERED,2026-07-03,TRN-375663,DELPROOF-95050710
EWB266215279,INV-2026-03748,36G0FN9XUY411ZH,37E9FPZUE8YF1ZB,GJ,TN,DELIVERED,2026-06-23,TRN-861554,DELPROOF-32148741
EWB596814469,INV-2026-03749,29N91FY6YO8D1ZI,3646ESMRWGEB1ZE,WB,AP,DELIVERED,2026-08-30,TRN-756267,DELPROOF-26183600
EWB136329848,INV-2026-03750,370S2UTBTTY91ZF,19SVIWXYYTUW1ZK,WB,DL,GENERATED,2026-06-18,TRN-140479,DELPROOF-47284294
EWB562758115,INV-2026-03751,09VC9AQX6RZC1ZL,19LDOL65WVJX1ZY,KA,KA,IN_TRANSIT,2026-08-14,TRN-620092,DELPROOF-78078088
EWB980570313,INV-2026-03752,24VS0CDK36M81ZI,37QPWDXYASVD1ZA,TN,GJ,DELIVERED,2026-09-06,TRN-169254,DELPROOF-56540064
EWB306474106,INV-2026-03753,36PGYVYV2GQU1ZB,19AYYOSYEOZ91ZX,TN,MH,DELIVERED,2026-08-24,TRN-178290,DELPROOF-85337851
EWB700709217,INV-2026-03754,24QZHECBUQYP1ZH,077P9JYQN15I1ZI,TS,DL,DELIVERED,2026-07-09,TRN-260584,DELPROOF-10564936
EWB556723005,INV-2026-03755,367GBDGBXNRW1ZS,08MKGXUKQ00U1ZF,DL,GJ,DELIVERED,2026-09-21,TRN-508249,DELPROOF-38697648
EWB857971644,INV-2026-03756,19I08L0HG9NC1ZA,33YUJ7YKTXG41ZA,KA,DL,IN_TRANSIT,2026-06-25,TRN-341830,DELPROOF-05209833
EWB703054306,INV-2026-03757,3739IIXHAIAW1ZO,09QZCUCTSUFL1ZQ,RJ,DL,IN_TRANSIT,2026-10-04,TRN-936066,DELPROOF-61553052
EWB721628619,INV-2026-03758,240EN48UACT41ZN,36ZWDZ09WFTB1ZF,TS,TS,IN_TRANSIT,2026-08-05,TRN-165925,DELPROOF-73650767
EWB405587963,INV-2026-03759,19EFQ56Q37CS1ZS,37DL918SLOME1ZV,AP,WB,GENERATED,2026-09-03,TRN-478925,DELPROOF-49435954
EWB240297251,INV-2026-03760,19N1S3YG8VFU1ZW,077P9JYQN15I1ZI,WB,TN,DELIVERED,2026-07-20,TRN-269953,DELPROOF-46143584
EWB746875443,INV-2026-03761,37GNXB5JTB9X1ZU,3784U89YJB1Q1ZU,GJ,AP,GENERATED,2026-06-17,TRN-137081,DELPROOF-11194257
EWB223849974,INV-2026-03762,1941J2PATD931ZD,2402WPJCF07V1ZB,UP,TS,IN_TRANSIT,2026-09-20,TRN-877657,DELPROOF-14701491
EWB857700624,INV-2026-03763,19WWPM3X15DT1ZM,29NPR424TKB91ZM,WB,KA,IN_TRANSIT,2026-06-18,TRN-584552,DELPROOF-69120485
EWB354398838,INV-2026-03764,27IARONTDI9O1ZH,24ZZF8ADF7PC1ZH,GJ,WB,IN_TRANSIT,2026-08-11,TRN-533608,DELPROOF-07051373
EWB460916969,INV-2026-03765,098P6BEFFLZM1ZQ,09OTHLQH7PPC1ZA,UP,TS,GENERATED,2026-09-04,TRN-901536,DELPROOF-97711271
EWB832173967,INV-2026-03766,09JMIYQFY7511ZW,24X6QD0771HL1ZK,TS,TS,GENERATED,2026-07-09,TRN-238565,DELPROOF-50951821
EWB270888676,INV-2026-03767,08NSM43D8W3Z1ZN,36I5P5NVQEBW1ZS,KA,GJ,GENERATED,2026-06-12,TRN-886544,DELPROOF-61327141
EWB149407582,INV-2026-03768,19AUUJ02GRXP1ZS,27NZ4KHKBXPN1ZY,DL,KA,GENERATED,2026-07-21,TRN-275530,DELPROOF-07505099
EWB171170183,INV-2026-03769,369C70PA8JX51ZN,0984Z4UR2YUP1ZL,DL,RJ,IN_TRANSIT,2026-07-23,TRN-953754,DELPROOF-13283361
EWB594959468,INV-2026-03770,36FEWVZNVKSP1ZZ,36IP3TVF51Z51ZB,TS,GJ,DELIVERED,2026-08-08,TRN-490326,DELPROOF-45552010
EWB731548426,INV-2026-03771,36AGVLKW1XSR1ZO,09EJCY127H6G1ZL,UP,MH,IN_TRANSIT,2026-07-11,TRN-346740,DELPROOF-35616567
EWB556367675,INV-2026-03772,07LC33H8G8T91ZY,09USGEHN0Z1R1ZD,WB,MH,DELIVERED,2026-07-08,TRN-165287,DELPROOF-06080265
EWB945989133,INV-2026-03773,09QBSXLUL6LG1ZI,09GXNX4SN6SM1ZL,TS,UP,DELIVERED,2026-06-25,TRN-719039,DELPROOF-56697417
EWB462166560,INV-2026-03774,08JYV5G10UR51ZK,19WTEK17M6J31ZP,MH,TN,GENERATED,2026-09-08,TRN-535939,DELPROOF-34855678
EWB355800415,INV-2026-03775,27RE4V9KYPOF1ZJ,37YM90PKR1IF1ZQ,UP,WB,DELIVERED,2026-06-11,TRN-347511,DELPROOF-79765398
EWB665574086,INV-2026-03776,19SFFCXHGNZE1ZH,09VC9AQX6RZC1ZL,TN,WB,IN_TRANSIT,2026-09-30,TRN-470572,DELPROOF-89999642
EWB857175897,INV-2026-03777,334BF5L0RXMI1ZN,07FKHDIU1JTK1ZA,UP,TS,IN_TRANSIT,2026-08-13,TRN-295044,DELPROOF-36197107
EWB917174363,INV-2026-03778,29HARJHRF34J1ZG,376U79XBPH5C1ZG,AP,KA,GENERATED,2026-08-02,TRN-414973,DELPROOF-90972432
EWB375283895,INV-2026-03779,07HHUZ83YUXY1ZN,09A1EIPICERH1ZM,MH,KA,IN_TRANSIT,2026-09-11,TRN-667964,DELPROOF-52554743
EWB234107376,INV-2026-03780,27I3OQYFOQMF1ZW,37OAZTKSZP7G1ZD,WB,UP,IN_TRANSIT,2026-07-23,TRN-495841,DELPROOF-19726256
EWB300746016,INV-2026-03781,27NZ4KHKBXPN1ZY,24AJSSUUQO1V1ZQ,DL,AP,GENERATED,2026-08-01,TRN-332790,DELPROOF-24860519
EWB170969199,INV-2026-03782,37XGSPLTI8991ZA,071E1630POCR1ZX,WB,DL,IN_TRANSIT,2026-07-20,TRN-834190,DELPROOF-76014277
EWB860605087,INV-2026-03783,09N6NBYZM2421ZN,19HVL66SAJXX1ZM,WB,DL,IN_TRANSIT,2026-08-03,TRN-920307,DELPROOF-49573405
EWB891421608,INV-2026-03784,37FLOAZ1RO031ZC,09U9TD0V2ZP41ZI,TS,GJ,DELIVERED,2026-09-17,TRN-778705,DELPROOF-04957967
EWB546804983,INV-2026-03785,24Q15FBS4WVT1ZX,24EHE2ATN2TW1ZC,DL,GJ,IN_TRANSIT,2026-07-14,TRN-658110,DELPROOF-09128861
EWB335189287,INV-2026-03786,247X5RRNYCIH1ZE,091N6KVPUC8D1ZY,DL,TN,IN_TRANSIT,2026-07-20,TRN-287650,DELPROOF-04353270
EWB359927665,INV-2026-03787,36MOGBJZEYQQ1ZC,29WO8NBHNAL31ZG,DL,UP,IN_TRANSIT,2026-07-17,TRN-882163,DELPROOF-47713573
EWB756019489,INV-2026-03788,29YBHQGHLZRU1ZT,2402WPJCF07V1ZB,TN,TN,DELIVERED,2026-10-05,TRN-355746,DELPROOF-27476244
EWB939745022,INV-2026-03789,09DF4HRA13611ZB,079UNFVOBBZ21ZQ,TS,MH,DELIVERED,2026-08-14,TRN-907075,DELPROOF-00498423
EWB394761038,INV-2026-03790,36CYD52ALUNQ1ZP,33ML3SOJPX161ZE,RJ,UP,GENERATED,2026-09-02,TRN-783712,DELPROOF-79777859
EWB516668820,INV-2026-03791,27P38QOLDFOR1ZV,334X0BS3LWW71ZM,TN,GJ,IN_TRANSIT,2026-09-10,TRN-159256,DELPROOF-81645458
EWB919853980,INV-2026-03792,3681IQY5SXAW1ZK,33RFCD6MZSGI1ZO,TN,RJ,IN_TRANSIT,2026-08-10,TRN-319861,DELPROOF-87192930
EWB708256217,INV-2026-03793,332V2HEIFJFC1ZZ,19U1OE5EI28D1ZQ,TN,TS,GENERATED,2026-06-17,TRN-293274,DELPROOF-54249729
EWB655324561,INV-2026-03794,37LQPB01QCTE1ZT,37T04CHSDING1ZV,WB,RJ,IN_TRANSIT,2026-08-13,TRN-499121,DELPROOF-34672787
EWB616840063,INV-2026-03795,2748VFCX7LXX1ZE,19ZJ4KJEITKX1ZI,TS,TN,IN_TRANSIT,2026-08-04,TRN-694574,DELPROOF-60933928
EWB864050242,INV-2026-03796,36MOGBJZEYQQ1ZC,07N9UZERYF091ZY,MH,GJ,DELIVERED,2026-09-14,TRN-904868,DELPROOF-88087306
EWB832525834,INV-2026-03797,24DPWVBZ7CN01ZE,37E8BTSMAQ3O1ZJ,DL,AP,GENERATED,2026-06-12,TRN-656403,DELPROOF-51745109
EWB971783811,INV-2026-03798,27ZNBQH7M35I1ZV,24DJGF1C8WQU1ZS,WB,RJ,GENERATED,2026-07-22,TRN-873489,DELPROOF-73321899
EWB864905640,INV-2026-03799,27SYJAFCO3S61ZP,27NS6G298CQK1ZJ,AP,KA,DELIVERED,2026-06-13,TRN-314445,DELPROOF-30236155
EWB549792323,INV-2026-03800,36V0LG92MJEQ1ZA,372IHOY7DV7C1ZC,MH,TN,IN_TRANSIT,2026-06-08,TRN-852482,DELPROOF-16876740
EWB493436103,INV-2026-03801,19CRUYF38DIU1ZN,29TUL1P36P6Q1ZF,UP,MH,GENERATED,2026-08-29,TRN-486458,DELPROOF-52893140
EWB930702710,INV-2026-03802,24VFRUK94IW51ZA,370R778NRXVO1ZB,GJ,AP,IN_TRANSIT,2026-07-09,TRN-328788,DELPROOF-22817536
EWB859558748,INV-2026-03803,37CVSQAME4YR1ZH,24RWV9NJS96A1ZK,TS,DL,GENERATED,2026-08-27,TRN-777769,DELPROOF-25530238
EWB604673390,INV-2026-03804,367FXLOZ2RCU1ZX,27ST3TA195EQ1ZM,GJ,WB,DELIVERED,2026-06-24,TRN-651955,DELPROOF-54877121
EWB730846079,INV-2026-03805,1912O003E82E1ZL,27BCVARLW3MG1ZZ,TN,DL,GENERATED,2026-07-12,TRN-372669,DELPROOF-85274201
EWB692185941,INV-2026-03806,27FQS3D6357O1ZM,09GPJNVWRXGK1ZH,DL,MH,DELIVERED,2026-09-10,TRN-308066,DELPROOF-99578817
EWB162818070,INV-2026-03807,364XGMPW5D3G1ZM,3641A68T2A3A1ZG,TS,TN,IN_TRANSIT,2026-09-25,TRN-528805,DELPROOF-87839759
EWB823679769,INV-2026-03808,19NGIXMC4SX21ZH,292IV7ZZJ64Q1ZG,KA,UP,DELIVERED,2026-08-06,TRN-446795,DELPROOF-19924766
EWB478729126,INV-2026-03809,36L5E11E9FTA1ZU,07OUZE66VW9B1ZX,WB,UP,GENERATED,2026-07-29,TRN-339203,DELPROOF-86024212
EWB386639646,INV-2026-03810,378E9RIVH6T11ZM,27KVR5NBHGPB1ZJ,MH,KA,DELIVERED,2026-07-17,TRN-538782,DELPROOF-21486128
EWB226076259,INV-2026-03811,36HE4H3GM1BW1ZV,37TL8N3E54N61ZM,WB,MH,IN_TRANSIT,2026-06-30,TRN-560597,DELPROOF-34693081
EWB957294560,INV-2026-03812,19RL69VSYXBB1ZE,07SJ84TC2QSI1ZZ,GJ,UP,GENERATED,2026-07-25,TRN-716588,DELPROOF-72383442
EWB775372078,INV-2026-03813,24M8T0JSHHJ71ZQ,375T82DDL7FK1ZL,TN,RJ,IN_TRANSIT,2026-08-13,TRN-816248,DELPROOF-23994880
EWB811749715,INV-2026-03814,33TGDUQ6DDTB1ZW,36TFEBE5407K1ZI,RJ,KA,DELIVERED,2026-09-19,TRN-921608,DELPROOF-61705654
EWB821837928,INV-2026-03815,368B97EGT2HS1ZN,24AJSSUUQO1V1ZQ,RJ,RJ,DELIVERED,2026-07-23,TRN-646662,DELPROOF-18564253
EWB827203607,INV-2026-03816,334H20RAPE6W1ZR,37RF3NAPLGW11ZU,RJ,TN,IN_TRANSIT,2026-07-22,TRN-331971,DELPROOF-29028345
EWB690650717,INV-2026-03817,33EJZXPR2D0V1ZG,09ISETUK1OOA1ZZ,UP,MH,GENERATED,2026-07-08,TRN-762459,DELPROOF-39939882
EWB775751271,INV-2026-03818,090ODWMQX5GG1ZM,08IO1K7F5OA31ZY,MH,UP,IN_TRANSIT,2026-07-23,TRN-832817,DELPROOF-23607032
EWB594021503,INV-2026-03819,33N7G8B2ZXII1ZX,1912O003E82E1ZL,RJ,UP,GENERATED,2026-06-06,TRN-553306,DELPROOF-35039195
EWB962499832,INV-2026-03820,37GINSAVOCIR1ZB,27MXPKN3B8PF1ZV,TN,MH,IN_TRANSIT,2026-09-07,TRN-687653,DELPROOF-87157729
EWB937547799,INV-2026-03821,07END7H10KYH1ZS,37V80LKX1S9X1ZJ,TS,RJ,IN_TRANSIT,2026-07-06,TRN-303654,DELPROOF-47295833
EWB545512504,INV-2026-03822,29SPD2SW24WJ1ZR,08IO1K7F5OA31ZY,GJ,MH,IN_TRANSIT,2026-06-11,TRN-317587,DELPROOF-73887643
EWB478497169,INV-2026-03823,19CTHPHJ3MUU1ZP,24HKPJ7HME6P1ZM,AP,RJ,IN_TRANSIT,2026-08-19,TRN-228994,DELPROOF-18578992
EWB978698841,INV-2026-03824,09G29D2FF5L61ZB,274P61NHVCFW1ZP,KA,UP,IN_TRANSIT,2026-07-07,TRN-553873,DELPROOF-42598448
EWB794583632,INV-2026-03825,27H8RQ9NZ6121ZG,36L5E11E9FTA1ZU,TS,RJ,GENERATED,2026-07-02,TRN-997027,DELPROOF-59464810
EWB296684793,INV-2026-03826,193M73HC9JYP1ZA,33AVEDHR3PCE1ZM,WB,RJ,GENERATED,2026-09-15,TRN-237227,DELPROOF-42378995
EWB170345443,INV-2026-03827,335P03WVPUNW1ZC,27L8MWOB4FDD1ZV,WB,AP,GENERATED,2026-06-29,TRN-634509,DELPROOF-87789915
EWB204006567,INV-2026-03828,33AVEDHR3PCE1ZM,2977TNQETMNI1ZP,DL,RJ,DELIVERED,2026-07-19,TRN-802043,DELPROOF-33004631
EWB968824050,INV-2026-03829,332V2HEIFJFC1ZZ,071ZN1RIAMWU1ZZ,MH,TN,DELIVERED,2026-09-16,TRN-547555,DELPROOF-15365534
EWB556425926,INV-2026-03830,37SQ0P82KB701ZX,33NRM31SL7ZX1ZQ,MH,TN,GENERATED,2026-08-27,TRN-317288,DELPROOF-96104861
EWB841373951,INV-2026-03831,36ZQ991P778R1ZL,09HRUWA032601ZL,TS,GJ,IN_TRANSIT,2026-09-21,TRN-342039,DELPROOF-60281042
EWB217502341,INV-2026-03832,331R9Z27UJDL1ZU,33XN2ELALQ261ZR,WB,WB,IN_TRANSIT,2026-06-12,TRN-682777,DELPROOF-30709516
EWB926970412,INV-2026-03833,37AW4IOAR4G51ZS,08IDSECHU3YC1ZN,TS,WB,IN_TRANSIT,2026-10-04,TRN-177890,DELPROOF-80014255
EWB155432311,INV-2026-03834,373XQ8VA8X8L1ZX,36ZQ991P778R1ZL,TS,DL,GENERATED,2026-07-12,TRN-822220,DELPROOF-58102097
EWB753735373,INV-2026-03835,07YE088O98BV1ZZ,0874QR14VUYV1ZZ,DL,WB,DELIVERED,2026-09-28,TRN-532423,DELPROOF-45791251
EWB970139819,INV-2026-03836,07NY20479T6V1ZV,08E226PARSG71ZX,UP,DL,IN_TRANSIT,2026-06-18,TRN-221526,DELPROOF-00524318
EWB947714437,INV-2026-03837,09L00EZZF8S21ZX,0952E77DYVGD1ZG,TN,TS,DELIVERED,2026-09-14,TRN-162926,DELPROOF-50096999
EWB729639786,INV-2026-03838,29LD4D6AF58C1ZZ,09JA0ASSNH2O1ZD,DL,MH,GENERATED,2026-06-19,TRN-731110,DELPROOF-72158714
EWB345568736,INV-2026-03839,07HOWQ1GAZ5U1ZG,270PT2DA8DBF1ZA,AP,MH,IN_TRANSIT,2026-09-26,TRN-702471,DELPROOF-35711369
EWB331553714,INV-2026-03840,19N42X2EZC7F1ZN,29FKJNAWNGA41ZY,DL,UP,IN_TRANSIT,2026-08-21,TRN-804589,DELPROOF-69722797
EWB236264815,INV-2026-03841,0899F77LU8EL1ZE,09QVDK6DRN4O1ZP,TS,AP,GENERATED,2026-09-19,TRN-513173,DELPROOF-39513870
EWB160571752,INV-2026-03842,07LC33H8G8T91ZY,19ACJ4T0SEKK1ZB,AP,WB,IN_TRANSIT,2026-06-30,TRN-674408,DELPROOF-59407721
EWB582623599,INV-2026-03843,07QG433E1I1P1ZX,091N6KVPUC8D1ZY,TN,MH,GENERATED,2026-06-19,TRN-447305,DELPROOF-19393070
EWB698048939,INV-2026-03844,07FKHDIU1JTK1ZA,36L5E11E9FTA1ZU,UP,WB,IN_TRANSIT,2026-08-09,TRN-174305,DELPROOF-55318117
EWB467551684,INV-2026-03845,27M4SMZOCXMZ1ZK,372IHOY7DV7C1ZC,TS,GJ,DELIVERED,2026-09-20,TRN-606165,DELPROOF-67671798
EWB470571875,INV-2026-03846,09K6ILCG6FAR1ZK,075MY80TGH3S1ZL,WB,TN,DELIVERED,2026-09-09,TRN-323278,DELPROOF-12037571
EWB277479693,INV-2026-03847,372IHOY7DV7C1ZC,08VUBF99U26U1ZM,DL,KA,IN_TRANSIT,2026-06-03,TRN-713128,DELPROOF-68175716
EWB861787565,INV-2026-03848,369C70PA8JX51ZN,24FPODPEHCYO1ZR,RJ,GJ,DELIVERED,2026-09-09,TRN-785478,DELPROOF-51704567
EWB696350551,INV-2026-03849,27T1ELOU83G41ZV,29TVZKHIUIT71ZK,UP,UP,IN_TRANSIT,2026-08-19,TRN-416254,DELPROOF-97990340
EWB295306213,INV-2026-03850,09IIYMYRSVZN1ZM,194DV56ONXD71ZX,DL,UP,GENERATED,2026-08-22,TRN-224719,DELPROOF-99246534
EWB271258499,INV-2026-03851,37SNTP8AK8S21ZV,29VZHWJR64DP1ZI,RJ,UP,GENERATED,2026-09-18,TRN-139657,DELPROOF-56989979
EWB973067324,INV-2026-03852,09ISETUK1OOA1ZZ,2995E5IZ31YR1ZS,UP,AP,DELIVERED,2026-08-23,TRN-489743,DELPROOF-21170459
EWB501015970,INV-2026-03853,27BOGKAH2XJQ1ZZ,08REV361XSNB1ZQ,AP,UP,IN_TRANSIT,2026-07-17,TRN-408724,DELPROOF-25398371
EWB263704893,INV-2026-03854,377KNUFBHGP51ZC,33ZM3618LEU61ZW,AP,MH,IN_TRANSIT,2026-08-21,TRN-186597,DELPROOF-78696040
EWB542510492,INV-2026-03855,36TWG7NFDINU1ZM,29JT70EBPY9E1ZQ,DL,TN,IN_TRANSIT,2026-06-24,TRN-615693,DELPROOF-09648062
EWB302045392,INV-2026-03856,0925SQ8CROYR1ZO,330HL9XPSEIM1ZS,DL,DL,DELIVERED,2026-09-13,TRN-118882,DELPROOF-45083202
EWB523728943,INV-2026-03857,36FXQ7BZEGBL1ZZ,33TGDUQ6DDTB1ZW,MH,GJ,GENERATED,2026-08-02,TRN-531696,DELPROOF-43240939
EWB609969732,INV-2026-03858,33VUQT2LWHED1ZG,194DV56ONXD71ZX,AP,GJ,GENERATED,2026-07-12,TRN-726403,DELPROOF-18436113
EWB324072582,INV-2026-03859,09NB4GH2M5ZJ1ZA,09GXNX4SN6SM1ZL,UP,GJ,GENERATED,2026-06-14,TRN-650724,DELPROOF-84891443
EWB948280646,INV-2026-03860,364XGMPW5D3G1ZM,369C70PA8JX51ZN,KA,WB,DELIVERED,2026-06-28,TRN-544600,DELPROOF-40258979
EWB888454407,INV-2026-03861,19QIOB0NLW0V1ZQ,3383RU7MYOW81ZC,AP,AP,GENERATED,2026-06-24,TRN-169225,DELPROOF-33097458
EWB349133615,INV-2026-03862,09OXKO8G8QYN1ZN,36A75LD7M08L1ZC,WB,UP,DELIVERED,2026-07-18,TRN-908864,DELPROOF-12971565
EWB478444108,INV-2026-03863,090IMJYJCMRS1ZD,24DLFWDUH7VD1ZM,AP,WB,DELIVERED,2026-07-06,TRN-734571,DELPROOF-67383922
EWB758324523,INV-2026-03864,29HOUU9SIJPY1ZS,08JSRD9Q46NO1ZS,WB,UP,DELIVERED,2026-08-03,TRN-572664,DELPROOF-30570047
EWB632598250,INV-2026-03865,37YMENVG3KK01ZT,08IUE2WNF5CA1ZC,TS,KA,DELIVERED,2026-09-12,TRN-879547,DELPROOF-96481348
EWB353205130,INV-2026-03866,33CPKLV69EOX1ZV,29Q05PXT6RID1ZJ,GJ,GJ,GENERATED,2026-06-07,TRN-859515,DELPROOF-80993265
EWB879923140,INV-2026-03867,33W6JL2L5B561ZB,07DMLC8XIZX31ZP,AP,DL,DELIVERED,2026-08-18,TRN-419329,DELPROOF-43205947
EWB562941306,INV-2026-03868,37SAV917RMPN1ZK,36MJBQE7CKW51ZL,MH,UP,IN_TRANSIT,2026-08-04,TRN-372037,DELPROOF-13317671
EWB211206591,INV-2026-03869,33TL2UG05WH21ZK,27J5D5E3H0Y41ZT,AP,WB,IN_TRANSIT,2026-09-05,TRN-549694,DELPROOF-52800245
EWB491752759,INV-2026-03870,29NPR424TKB91ZM,294052W8LI3I1ZE,TN,GJ,IN_TRANSIT,2026-06-28,TRN-832163,DELPROOF-34963240
EWB131277557,INV-2026-03871,078YI340SQCN1ZE,07P0E36S2Z481ZD,TS,RJ,GENERATED,2026-08-21,TRN-797375,DELPROOF-66700105
EWB710226431,INV-2026-03872,246NYYCJ4Q0R1ZP,37RQ8RTM4J3D1ZA,GJ,AP,DELIVERED,2026-08-26,TRN-247836,DELPROOF-47883984
EWB414485542,INV-2026-03873,08FUU5F07B1I1ZI,37XGSPLTI8991ZA,UP,RJ,IN_TRANSIT,2026-09-03,TRN-941024,DELPROOF-98974402
EWB412733614,INV-2026-03874,090ODWMQX5GG1ZM,27N9YE6BGGRM1ZO,TN,AP,DELIVERED,2026-10-01,TRN-800869,DELPROOF-37329269
EWB437797549,INV-2026-03875,24JDTVV2Y4XK1ZQ,09VYLKFXHKC81ZX,GJ,TN,GENERATED,2026-09-04,TRN-506905,DELPROOF-16476062
EWB989442350,INV-2026-03876,07TZ91X70FQL1ZC,194RCB1KJTGQ1ZX,MH,UP,GENERATED,2026-09-01,TRN-482922,DELPROOF-50397994
EWB597913124,INV-2026-03877,081W1WUDCBL41ZC,19N1S3YG8VFU1ZW,KA,WB,IN_TRANSIT,2026-08-27,TRN-990939,DELPROOF-97596964
EWB125430644,INV-2026-03878,37DZNZ9C65FP1ZW,27ZNBQH7M35I1ZV,TN,UP,IN_TRANSIT,2026-09-05,TRN-186342,DELPROOF-15027155
EWB135531286,INV-2026-03879,076QE7AJUL7W1ZC,37QY0HU97NG01ZA,MH,WB,GENERATED,2026-07-18,TRN-738107,DELPROOF-89369925
EWB995818471,INV-2026-03880,29TUL1P36P6Q1ZF,08GWA44LZ6V71ZQ,RJ,DL,GENERATED,2026-06-17,TRN-510814,DELPROOF-89303726
EWB681709336,INV-2026-03881,244UNY181ACJ1ZB,19SFFCXHGNZE1ZH,RJ,KA,GENERATED,2026-09-11,TRN-882181,DELPROOF-04829553
EWB966834825,INV-2026-03882,29GBCYH3FVL01ZZ,08PJ8T22C50B1ZV,GJ,TN,IN_TRANSIT,2026-09-08,TRN-452916,DELPROOF-26397474
EWB220048062,INV-2026-03883,24NHQNJVDPNG1ZU,08RKY8RYOZDP1ZN,DL,GJ,GENERATED,2026-09-06,TRN-337505,DELPROOF-03415321
EWB488451999,INV-2026-03884,37IYNO667VGP1ZK,3739IIXHAIAW1ZO,WB,DL,DELIVERED,2026-06-09,TRN-385626,DELPROOF-15921467
EWB830853774,INV-2026-03885,36DHGUESXNU41ZT,33MQWYUIXNS21ZW,MH,MH,IN_TRANSIT,2026-07-31,TRN-199043,DELPROOF-23674468
EWB719143084,INV-2026-03886,37DL918SLOME1ZV,27QCOOTNJLCQ1ZL,TN,MH,IN_TRANSIT,2026-09-15,TRN-416889,DELPROOF-26106865
EWB493781638,INV-2026-03887,19KXLCD81TWH1ZU,08GK6T9DHSZN1ZS,UP,DL,DELIVERED,2026-06-17,TRN-286469,DELPROOF-51148503
EWB682011804,INV-2026-03888,292S8U8ZF0P71ZJ,08L3VZZXT9QU1ZB,WB,KA,DELIVERED,2026-08-16,TRN-480822,DELPROOF-12912170
EWB328247888,INV-2026-03889,199GVBMQQ7491ZO,09N6NBYZM2421ZN,MH,DL,DELIVERED,2026-09-10,TRN-575453,DELPROOF-91673389
EWB645040369,INV-2026-03890,29FS8Q0PXAEC1ZU,19BPH1VE8SUS1ZF,RJ,GJ,IN_TRANSIT,2026-07-22,TRN-845408,DELPROOF-25073125
EWB811417803,INV-2026-03891,29NPR424TKB91ZM,29TOUHYLU6K71ZN,DL,WB,IN_TRANSIT,2026-07-21,TRN-820532,DELPROOF-47532866
EWB479353061,INV-2026-03892,36N23Y30YSXP1ZL,36GFR27RIU9M1ZI,TS,KA,GENERATED,2026-09-03,TRN-179412,DELPROOF-09980559
EWB399385645,INV-2026-03893,29ETKDUWTN5P1ZE,08F678K52QC11ZH,MH,DL,DELIVERED,2026-09-04,TRN-131866,DELPROOF-04427638
EWB980527213,INV-2026-03894,36F2CTG08ZZK1ZJ,08P98RL9QFCP1ZJ,TS,GJ,GENERATED,2026-06-19,TRN-807748,DELPROOF-10276049
EWB286808183,INV-2026-03895,08VUBF99U26U1ZM,08OX22INIWC51ZA,DL,RJ,GENERATED,2026-09-03,TRN-914786,DELPROOF-71804332
EWB778112011,INV-2026-03896,27BCVARLW3MG1ZZ,376EK6X6LGOI1ZM,MH,UP,DELIVERED,2026-07-12,TRN-996617,DELPROOF-45524526
EWB412688470,INV-2026-03897,078IJTYOLD621ZE,2430I6G61PCW1ZD,RJ,AP,GENERATED,2026-09-02,TRN-874650,DELPROOF-74083422
EWB342158050,INV-2026-03898,19GB1AJO091C1ZO,19B3XMDKRLC01ZV,GJ,DL,IN_TRANSIT,2026-09-29,TRN-308399,DELPROOF-17140658
EWB749027424,INV-2026-03899,24UCNRI2I3971ZH,29NUI3DO70021ZF,DL,KA,DELIVERED,2026-07-02,TRN-690054,DELPROOF-48417304
EWB737889387,INV-2026-03900,36A7D0WTWS3Y1ZN,24E4PO1I3MSD1ZL,MH,AP,GENERATED,2026-09-23,TRN-299655,DELPROOF-14658232
EWB372855028,INV-2026-03901,24X8SYLEMRUY1ZN,24TY3ADDQHKG1ZA,UP,TS,IN_TRANSIT,2026-09-27,TRN-831600,DELPROOF-42093479
EWB537895725,INV-2026-03902,368TANA6U48G1ZT,24SS1A2R5BFY1ZC,UP,WB,DELIVERED,2026-08-01,TRN-374981,DELPROOF-04227686
EWB246259004,INV-2026-03903,19CTHPHJ3MUU1ZP,08R4SOR8WM9L1ZA,MH,RJ,DELIVERED,2026-08-20,TRN-667893,DELPROOF-15012096
EWB827193681,INV-2026-03904,36Z1OA3VF02G1ZT,08791ZYRRU7Z1ZJ,TS,UP,IN_TRANSIT,2026-09-12,TRN-175086,DELPROOF-67453643
EWB382623416,INV-2026-03905,33Y84ZZ2P6EE1ZA,091SAXT8JH341ZS,MH,RJ,IN_TRANSIT,2026-09-06,TRN-879012,DELPROOF-28180253
EWB755041994,INV-2026-03906,36RNR2KYB3GD1ZS,07END7H10KYH1ZS,RJ,RJ,GENERATED,2026-07-30,TRN-528174,DELPROOF-71016882
EWB305586670,INV-2026-03907,362BNE6LOH251ZL,279L3H03ZB5G1ZP,AP,DL,GENERATED,2026-09-23,TRN-110573,DELPROOF-80997346
EWB869557291,INV-2026-03908,37R6K2VMWWYZ1ZV,092ZUFDNU4I51ZV,TN,TN,GENERATED,2026-06-15,TRN-751490,DELPROOF-30187189
EWB150708056,INV-2026-03909,09JMIYQFY7511ZW,2937DL9FC1XX1ZS,TS,UP,IN_TRANSIT,2026-08-29,TRN-206605,DELPROOF-87321556
EWB299615293,INV-2026-03910,08ITMOFMMWI91ZQ,24VT3X8VE00H1ZZ,MH,RJ,DELIVERED,2026-08-01,TRN-440149,DELPROOF-36811966
EWB124533763,INV-2026-03911,19WTEK17M6J31ZP,0845VDB828191ZZ,KA,MH,IN_TRANSIT,2026-06-12,TRN-612074,DELPROOF-99200920
EWB870854560,INV-2026-03912,271K4FPL3X2J1ZC,08GEFQJG02U11ZF,WB,MH,GENERATED,2026-08-07,TRN-997690,DELPROOF-30256006
EWB931712590,INV-2026-03913,29W5L4RMVVNX1ZH,09XB3N27M5P71ZD,WB,TN,DELIVERED,2026-08-25,TRN-757514,DELPROOF-88971303
EWB333262205,INV-2026-03914,33CXLL4ZKLOO1ZJ,19DNWT2FES5C1ZQ,UP,TS,DELIVERED,2026-08-03,TRN-378550,DELPROOF-81647801
EWB104219859,INV-2026-03915,365XRSI7EADG1ZG,29Y2X15XJXNE1ZC,KA,TS,GENERATED,2026-07-22,TRN-986006,DELPROOF-17817392
EWB685275766,INV-2026-03916,378E9RIVH6T11ZM,07NY20479T6V1ZV,DL,AP,GENERATED,2026-09-26,TRN-573341,DELPROOF-06640036
EWB447082603,INV-2026-03917,37C2BE3YQY5F1ZS,24CL9LCQH1UF1ZZ,TS,WB,IN_TRANSIT,2026-10-06,TRN-499974,DELPROOF-24109588
EWB672743594,INV-2026-03918,2928DITMOWNX1ZZ,37QPWDXYASVD1ZA,TN,KA,GENERATED,2026-07-19,TRN-526461,DELPROOF-44516628
EWB989530767,INV-2026-03919,09Q4TA5IVROC1ZT,27XK5BXJ2POP1ZM,TN,MH,DELIVERED,2026-08-03,TRN-241971,DELPROOF-70336404
EWB925914639,INV-2026-03920,27IS2GY9YTJU1ZO,08PJ8T22C50B1ZV,TS,UP,IN_TRANSIT,2026-06-30,TRN-872098,DELPROOF-23202329
EWB151910303,INV-2026-03921,29TRC85EHPZR1ZT,33T7ZEWVIYTW1ZB,KA,GJ,IN_TRANSIT,2026-08-08,TRN-499373,DELPROOF-03683792
EWB486992584,INV-2026-03922,08R4SOR8WM9L1ZA,19E0Q5ZJAUCY1ZG,KA,GJ,DELIVERED,2026-08-04,TRN-921301,DELPROOF-66643440
EWB167542559,INV-2026-03923,36YZQII4W6OZ1ZV,070M24US73W11ZV,RJ,DL,DELIVERED,2026-08-27,TRN-762803,DELPROOF-88418111
EWB678811241,INV-2026-03924,24LJX8XGSIC41ZZ,09MLH13C71UD1ZZ,MH,KA,DELIVERED,2026-08-18,TRN-259325,DELPROOF-46644403
EWB719748843,INV-2026-03925,08UJT9T11PHP1ZX,19QIOB0NLW0V1ZQ,WB,KA,DELIVERED,2026-09-14,TRN-205111,DELPROOF-08378294
EWB402149962,INV-2026-03926,366GMDRDSFER1ZE,3389FKBI4O6Q1ZX,TS,WB,DELIVERED,2026-09-01,TRN-302729,DELPROOF-97947808
EWB645918755,INV-2026-03927,19486I3CE8ZN1ZA,36KNJMVRYDC11ZA,DL,TS,GENERATED,2026-06-24,TRN-815980,DELPROOF-09452858
EWB926490758,INV-2026-03928,29389YZTKKFZ1ZW,36KNJMVRYDC11ZA,TS,GJ,GENERATED,2026-08-17,TRN-635203,DELPROOF-43424732
EWB946327458,INV-2026-03929,08OX22INIWC51ZA,333Z6BZ8UUG91ZP,TN,RJ,GENERATED,2026-07-05,TRN-390380,DELPROOF-66439216
EWB234322834,INV-2026-03930,0925SQ8CROYR1ZO,296SWK2RV2391ZL,AP,AP,DELIVERED,2026-08-09,TRN-648481,DELPROOF-91120874
EWB263522234,INV-2026-03931,24DURVFFFIA31ZN,36X48WZE4EX61ZS,MH,MH,DELIVERED,2026-06-20,TRN-946198,DELPROOF-53894247
EWB505471696,INV-2026-03932,07FARK6O0U931ZK,37T04CHSDING1ZV,DL,AP,DELIVERED,2026-06-29,TRN-671825,DELPROOF-99094220
EWB930237546,INV-2026-03933,3784U89YJB1Q1ZU,09JMIYQFY7511ZW,WB,DL,DELIVERED,2026-09-01,TRN-494901,DELPROOF-73239421
EWB614743613,INV-2026-03934,2414HOAE527P1ZQ,19S0765ICAUT1ZI,MH,RJ,GENERATED,2026-08-03,TRN-678040,DELPROOF-55147581
EWB213600212,INV-2026-03935,29GZ6TPBWSXX1ZD,09337KUU4YTN1ZX,MH,MH,IN_TRANSIT,2026-08-22,TRN-266642,DELPROOF-62968820
EWB713179592,INV-2026-03936,271D9S9HBN5E1ZJ,079UNFVOBBZ21ZQ,AP,AP,GENERATED,2026-07-08,TRN-331926,DELPROOF-43281692
EWB820495066,INV-2026-03937,27H8RQ9NZ6121ZG,37SAV917RMPN1ZK,MH,RJ,DELIVERED,2026-06-17,TRN-122215,DELPROOF-27660147
EWB739638344,INV-2026-03938,08QQ5L2XOIOT1ZV,1934KUQAAJ841ZP,MH,AP,DELIVERED,2026-09-26,TRN-406882,DELPROOF-77665464
EWB779829560,INV-2026-03939,27HPVKU8H5R81ZL,375T82DDL7FK1ZL,TS,AP,GENERATED,2026-08-28,TRN-953048,DELPROOF-30371069
EWB867176627,INV-2026-03940,369EHWHG0U431ZO,24SS1A2R5BFY1ZC,KA,RJ,DELIVERED,2026-07-12,TRN-815820,DELPROOF-44660636
EWB305535409,INV-2026-03941,09H9PTFNM88U1ZA,294S3MEIUR921ZY,AP,MH,DELIVERED,2026-09-13,TRN-863907,DELPROOF-96609183
EWB271440889,INV-2026-03942,07YJ9BOQ0IQ21ZE,36XXVA2IEUC11ZG,UP,KA,DELIVERED,2026-08-28,TRN-836439,DELPROOF-12351312
EWB300301857,INV-2026-03943,24DURVFFFIA31ZN,36RML29Q2L481ZB,UP,AP,IN_TRANSIT,2026-07-16,TRN-770240,DELPROOF-11874886
EWB209646906,INV-2026-03944,0925SQ8CROYR1ZO,08F678K52QC11ZH,RJ,TN,IN_TRANSIT,2026-08-09,TRN-129511,DELPROOF-62747707
EWB773840067,INV-2026-03945,29X08N6Q7NC81ZR,29A2FQZTIO4M1ZM,MH,KA,GENERATED,2026-06-24,TRN-227280,DELPROOF-25137520
EWB826612435,INV-2026-03946,29J76BIVISS81ZI,29NFHOLQC3O11ZW,UP,TN,GENERATED,2026-07-23,TRN-927389,DELPROOF-26537395
EWB396457476,INV-2026-03947,08Q55IT9BN181ZG,37NWNGUCZH9I1ZD,UP,UP,DELIVERED,2026-09-27,TRN-908875,DELPROOF-77512401
EWB100238411,INV-2026-03948,33SDUHH03G951ZO,249NB74X2EK31ZW,GJ,TS,DELIVERED,2026-08-12,TRN-756078,DELPROOF-75570409
EWB180779523,INV-2026-03949,24AV1G8NTAFU1ZT,36G0FN9XUY411ZH,UP,TN,DELIVERED,2026-08-13,TRN-635892,DELPROOF-96158277
EWB292461201,INV-2026-03950,19PGBA9IN2XR1ZZ,337NZBXFV7FI1ZS,TN,UP,IN_TRANSIT,2026-07-01,TRN-613970,DELPROOF-27675783
EWB565434888,INV-2026-03951,33I1B0Z3NX391ZP,19VNNVBZW5AP1ZK,AP,MH,GENERATED,2026-06-09,TRN-534400,DELPROOF-95896117
EWB999170454,INV-2026-03952,07YCG1FJGBVY1ZN,09QEQ7Z7E5RD1ZE,WB,RJ,DELIVERED,2026-08-02,TRN-460676,DELPROOF-48821595
EWB931770924,INV-2026-03953,09IIYMYRSVZN1ZM,24Q1RDXCK36H1ZX,WB,TS,IN_TRANSIT,2026-06-27,TRN-720207,DELPROOF-94577119
EWB641963176,INV-2026-03954,19WTEK17M6J31ZP,27IS2GY9YTJU1ZO,MH,TN,DELIVERED,2026-08-07,TRN-905233,DELPROOF-36799891
EWB456463982,INV-2026-03955,24DURVFFFIA31ZN,27ZS13C9XQYM1ZY,TN,MH,GENERATED,2026-06-26,TRN-464966,DELPROOF-51183691
EWB207381753,INV-2026-03956,33TL2UG05WH21ZK,24ZKNHPVRWBR1ZB,MH,DL,IN_TRANSIT,2026-07-04,TRN-229171,DELPROOF-71285578
EWB749550947,INV-2026-03957,29YBHQGHLZRU1ZT,07GDD8MWE7761ZT,TS,TN,GENERATED,2026-06-15,TRN-394509,DELPROOF-09296695
EWB873281580,INV-2026-03958,2937DL9FC1XX1ZS,365GJLQM5K8P1ZC,DL,WB,DELIVERED,2026-07-11,TRN-290957,DELPROOF-32509483
EWB132002582,INV-2026-03959,3784U89YJB1Q1ZU,09FOP8QZJULI1ZF,MH,MH,DELIVERED,2026-09-22,TRN-640167,DELPROOF-24155288
EWB615230006,INV-2026-03960,24V25AO20U9I1ZQ,19SVIWXYYTUW1ZK,RJ,TS,IN_TRANSIT,2026-07-14,TRN-282208,DELPROOF-27203509
EWB218925589,INV-2026-03961,08PJ8T22C50B1ZV,07JJFGJK2N7Z1ZP,DL,TS,DELIVERED,2026-09-30,TRN-381017,DELPROOF-44543957
EWB708003879,INV-2026-03962,27AHTHSJR0FZ1ZA,37EOUBXXQ6MF1ZX,RJ,WB,IN_TRANSIT,2026-09-11,TRN-413785,DELPROOF-87479765
EWB856712892,INV-2026-03963,29BUZPHD7NDJ1ZU,24DO8E7FLQHR1ZP,AP,AP,DELIVERED,2026-08-29,TRN-209499,DELPROOF-58425776
EWB181498792,INV-2026-03964,36G0FN9XUY411ZH,274BAWZ940VT1ZJ,KA,KA,GENERATED,2026-09-12,TRN-553980,DELPROOF-93492485
EWB151305294,INV-2026-03965,3607OXK8C1GR1ZA,36H30153SFLS1ZE,TS,WB,IN_TRANSIT,2026-07-23,TRN-282406,DELPROOF-98422894
EWB141999091,INV-2026-03966,082Z682U6ZV31ZH,33N14EB8753A1ZW,TS,DL,GENERATED,2026-08-07,TRN-116451,DELPROOF-61329078
EWB655519090,INV-2026-03967,33CITFOYQBKK1ZO,37NWNGUCZH9I1ZD,RJ,UP,GENERATED,2026-09-13,TRN-846040,DELPROOF-10025139
EWB482204394,INV-2026-03968,27MQT788G35S1ZE,0925SQ8CROYR1ZO,KA,UP,DELIVERED,2026-07-29,TRN-190140,DELPROOF-58580762
EWB755998595,INV-2026-03969,244UNY181ACJ1ZB,09DP2FMR0TJO1ZN,TS,WB,GENERATED,2026-06-13,TRN-332594,DELPROOF-06287035
EWB111760872,INV-2026-03970,36U9W0TE52VX1ZQ,19ETIUYMO0PQ1ZC,RJ,MH,IN_TRANSIT,2026-06-03,TRN-153236,DELPROOF-82733815
EWB382739159,INV-2026-03971,36BTD5OAIINM1ZJ,29R7S20CV3TL1ZC,TS,RJ,DELIVERED,2026-07-22,TRN-718966,DELPROOF-78498703
EWB820041288,INV-2026-03972,29G1F8YC8GZK1ZD,08NSM43D8W3Z1ZN,AP,KA,IN_TRANSIT,2026-07-30,TRN-320231,DELPROOF-61389572
EWB577551741,INV-2026-03973,081W1WUDCBL41ZC,37ULJGQPQ8R41ZG,RJ,WB,IN_TRANSIT,2026-07-10,TRN-596265,DELPROOF-12600978
EWB995900061,INV-2026-03974,19SOGGY5KOV11ZJ,27NS6G298CQK1ZJ,MH,GJ,IN_TRANSIT,2026-07-28,TRN-369015,DELPROOF-43943701
EWB989655978,INV-2026-03975,07AHCPZTC69Q1ZJ,37Q3K8A7RV4N1ZL,UP,UP,GENERATED,2026-10-06,TRN-923417,DELPROOF-67001664
EWB435412075,INV-2026-03976,19JY5OP9LBSM1ZT,37KI1IJE2XE01ZI,DL,DL,GENERATED,2026-08-18,TRN-399346,DELPROOF-12088704
EWB735873160,INV-2026-03977,33NN6TJ9XPF01ZA,27FQS3D6357O1ZM,KA,GJ,IN_TRANSIT,2026-09-08,TRN-409058,DELPROOF-87444820
EWB590165431,INV-2026-03978,33IT6XIYZVNL1ZO,2704UX5QRL1N1ZK,TN,TN,IN_TRANSIT,2026-06-30,TRN-696222,DELPROOF-85358679
EWB392982302,INV-2026-03979,19CBZAMD270S1ZR,19ETIUYMO0PQ1ZC,UP,GJ,IN_TRANSIT,2026-09-25,TRN-740029,DELPROOF-85502208
EWB929662947,INV-2026-03980,299CSS9TOQW91ZI,375T82DDL7FK1ZL,GJ,KA,DELIVERED,2026-06-23,TRN-936176,DELPROOF-23766727
EWB689113828,INV-2026-03981,331M264UPJ161ZC,37Y8N1UTOXIE1ZX,MH,AP,DELIVERED,2026-06-05,TRN-401736,DELPROOF-99184793
EWB786919325,INV-2026-03982,365XRSI7EADG1ZG,097WR0R35IKG1ZD,RJ,AP,DELIVERED,2026-09-28,TRN-995478,DELPROOF-56427044
EWB524064535,INV-2026-03983,19SFFCXHGNZE1ZH,29FWW41F7V4K1ZM,RJ,KA,DELIVERED,2026-07-28,TRN-380133,DELPROOF-16354762
EWB260152009,INV-2026-03984,096QMGK2F5FE1ZT,09BR5XQT4P501ZY,MH,TN,DELIVERED,2026-09-20,TRN-588324,DELPROOF-81447186
EWB512248292,INV-2026-03985,24D7YXW1TBRW1ZP,29IY5PU5WH501ZI,DL,WB,DELIVERED,2026-06-24,TRN-411534,DELPROOF-22786575
EWB742971990,INV-2026-03986,37DL918SLOME1ZV,24D7YXW1TBRW1ZP,KA,GJ,GENERATED,2026-07-31,TRN-418915,DELPROOF-89872733
EWB781931828,INV-2026-03987,08PSUOVHAUVA1ZZ,24VS0CDK36M81ZI,KA,MH,IN_TRANSIT,2026-06-14,TRN-806901,DELPROOF-60288620
EWB450948733,INV-2026-03988,24XI64HAA34H1ZX,078YI340SQCN1ZE,AP,DL,GENERATED,2026-06-21,TRN-929077,DELPROOF-73973920
EWB340194866,INV-2026-03989,073CHO3XJVOE1ZG,08LBB8NMT3YP1ZQ,TS,TN,GENERATED,2026-08-22,TRN-992361,DELPROOF-54572099
EWB330892966,INV-2026-03990,2414HOAE527P1ZQ,36ZC7D2KD1PO1ZV,RJ,KA,DELIVERED,2026-06-21,TRN-876509,DELPROOF-47955331
EWB576617466,INV-2026-03991,376U79XBPH5C1ZG,27ZS13C9XQYM1ZY,TN,KA,GENERATED,2026-08-30,TRN-452374,DELPROOF-44764634
EWB752868480,INV-2026-03992,07WSOZCTWJLS1ZG,24OCLYT8W5RT1ZT,RJ,KA,GENERATED,2026-07-15,TRN-542191,DELPROOF-44197670
EWB595840411,INV-2026-03993,36PGYVYV2GQU1ZB,194C3EVWCHM41ZX,TN,TN,DELIVERED,2026-09-13,TRN-470913,DELPROOF-99973392
EWB513647245,INV-2026-03994,37W4A7FQ9P961ZU,19NGIXMC4SX21ZH,WB,AP,DELIVERED,2026-09-30,TRN-414635,DELPROOF-27574474
EWB267661048,INV-2026-03995,08JYV5G10UR51ZK,299DYFNGP41S1ZO,AP,RJ,GENERATED,2026-07-28,TRN-604644,DELPROOF-88422180
EWB838533754,INV-2026-03996,36N10HLINH8J1ZT,08YUVXYBJ17M1ZF,GJ,TN,IN_TRANSIT,2026-09-10,TRN-461421,DELPROOF-56766202
EWB234726593,INV-2026-03997,29GBM65Q57TE1ZW,27T6YRIADDUR1ZC,GJ,DL,IN_TRANSIT,2026-06-24,TRN-102740,DELPROOF-49232577
EWB915893803,INV-2026-03998,08GK6T9DHSZN1ZS,369C70PA8JX51ZN,GJ,KA,IN_TRANSIT,2026-09-21,TRN-126180,DELPROOF-38912461
EWB425206309,INV-2026-03999,19YS280XKXWD1ZY,074EIJ00HOD71ZP,TS,UP,GENERATED,2026-08-23,TRN-246738,DELPROOF-77455165
EWB350976391,INV-2026-04000,24CMCOCO2ZTD1ZG,09H9PTFNM88U1ZA,TS,TN,DELIVERED,2026-09-10,TRN-935978,DELPROOF-78924465
EWB689803634,INV-2026-04001,24RWV9NJS96A1ZK,29A2FQZTIO4M1ZM,DL,KA,GENERATED,2026-09-04,TRN-872118,DELPROOF-28777010
EWB805233243,INV-2026-04002,09PQKOJTPV601ZT,33TL2UG05WH21ZK,UP,TS,IN_TRANSIT,2026-09-01,TRN-243814,DELPROOF-00016844
EWB436739935,INV-2026-04003,3312VJ99T2D51ZE,36QJNV8Z2FLU1ZJ,UP,GJ,DELIVERED,2026-08-28,TRN-290980,DELPROOF-19862602
EWB995185485,INV-2026-04004,27FIUEFZ1C251ZV,19DAQJRTMETM1ZG,AP,AP,GENERATED,2026-06-07,TRN-418777,DELPROOF-94001948
EWB266165466,INV-2026-04005,27CKQH3ERAM41ZB,09AM148P0TVH1ZH,GJ,TS,DELIVERED,2026-09-21,TRN-467969,DELPROOF-08398339
EWB837912497,INV-2026-04006,336BEDYEJHDZ1ZU,37ZSXPEFJ31E1ZF,MH,WB,IN_TRANSIT,2026-09-05,TRN-223724,DELPROOF-24755621
EWB113028242,INV-2026-04007,07LWVMB0IDD01ZU,24TRIJ2FRNLX1ZT,WB,AP,DELIVERED,2026-07-21,TRN-492348,DELPROOF-20840497
EWB711612373,INV-2026-04008,33UPLVQEXUYH1ZE,08REV361XSNB1ZQ,UP,UP,GENERATED,2026-08-02,TRN-127025,DELPROOF-83117592
EWB777251604,INV-2026-04009,193M73HC9JYP1ZA,243PGSF3YN721ZA,MH,DL,GENERATED,2026-09-11,TRN-606268,DELPROOF-54825693
EWB999883651,INV-2026-04010,36RML29Q2L481ZB,292S8U8ZF0P71ZJ,MH,RJ,DELIVERED,2026-06-30,TRN-350460,DELPROOF-70316670
EWB262938449,INV-2026-04011,24DO8E7FLQHR1ZP,07P0E36S2Z481ZD,RJ,RJ,IN_TRANSIT,2026-08-21,TRN-431449,DELPROOF-60804959
EWB929811582,INV-2026-04012,08V1XXLP8II71ZD,33ML3SOJPX161ZE,TN,RJ,IN_TRANSIT,2026-09-16,TRN-398267,DELPROOF-71600503
EWB709597547,INV-2026-04013,19ERBYEAWHML1ZT,24OROI5J8YIT1ZZ,UP,TS,IN_TRANSIT,2026-08-04,TRN-928300,DELPROOF-80132063
EWB282467003,INV-2026-04014,375T82DDL7FK1ZL,242SO19V58B11ZS,TS,MH,GENERATED,2026-07-19,TRN-854167,DELPROOF-47289760
EWB926610741,INV-2026-04015,37RQ8RTM4J3D1ZA,08QIMQODPXNF1ZP,DL,AP,GENERATED,2026-08-22,TRN-742573,DELPROOF-46225249
EWB108109743,INV-2026-04016,37LVXWQZXEBB1ZP,07SJ84TC2QSI1ZZ,UP,MH,GENERATED,2026-09-07,TRN-726779,DELPROOF-58251056
EWB859760404,INV-2026-04017,248ESMPF0IEO1ZJ,19H07WPH6FE01ZL,MH,TS,GENERATED,2026-08-26,TRN-157843,DELPROOF-32945914
EWB389729948,INV-2026-04018,37O1CJFX5LIK1ZU,294JWPXEFAF01ZH,WB,AP,GENERATED,2026-09-02,TRN-417492,DELPROOF-49504236
EWB602475352,INV-2026-04019,0762HDXC6RIJ1ZJ,278GUAS173RI1ZG,RJ,KA,IN_TRANSIT,2026-08-05,TRN-718311,DELPROOF-69808047
EWB708879120,INV-2026-04020,24M7IDAO13TB1ZZ,29GZ6TPBWSXX1ZD,GJ,MH,GENERATED,2026-09-29,TRN-481506,DELPROOF-51575096
EWB654405520,INV-2026-04021,296U3U6H0UFX1ZX,36KNJMVRYDC11ZA,RJ,WB,DELIVERED,2026-07-03,TRN-725061,DELPROOF-10982594
EWB228042737,INV-2026-04022,09VMK2ZYZSIL1ZS,08PJ8T22C50B1ZV,KA,WB,DELIVERED,2026-06-23,TRN-383573,DELPROOF-85790665
EWB366884839,INV-2026-04023,24CMCOCO2ZTD1ZG,330HL9XPSEIM1ZS,KA,RJ,GENERATED,2026-10-03,TRN-554152,DELPROOF-60639752
EWB481549272,INV-2026-04024,37UEQ4D7D7GD1ZK,33VUQT2LWHED1ZG,UP,MH,DELIVERED,2026-08-13,TRN-448698,DELPROOF-49582792
EWB841518775,INV-2026-04025,09VUNLPAIH0P1ZL,09QEQ7Z7E5RD1ZE,GJ,DL,IN_TRANSIT,2026-06-25,TRN-428912,DELPROOF-79212090
EWB462754982,INV-2026-04026,091NKBTFSHB01ZM,19ACJ4T0SEKK1ZB,GJ,RJ,GENERATED,2026-09-18,TRN-712823,DELPROOF-80296940
EWB768675106,INV-2026-04027,07OUZE66VW9B1ZX,367GBDGBXNRW1ZS,TS,MH,IN_TRANSIT,2026-07-20,TRN-136304,DELPROOF-42711089
EWB581035012,INV-2026-04028,3366PB90SPO31ZW,09NGLH62C9T11ZH,DL,GJ,IN_TRANSIT,2026-06-22,TRN-510494,DELPROOF-81853462
EWB392803265,INV-2026-04029,096F7QNEZW9H1ZE,24E4PO1I3MSD1ZL,KA,TS,DELIVERED,2026-07-15,TRN-371858,DELPROOF-20438315
EWB248501304,INV-2026-04030,33ZPCD1406XL1ZV,29O1PVLND5811ZK,GJ,GJ,GENERATED,2026-07-06,TRN-231746,DELPROOF-96790608
EWB511181334,INV-2026-04031,37XGSPLTI8991ZA,09ASFEN0B09Z1ZH,WB,TN,IN_TRANSIT,2026-10-07,TRN-240315,DELPROOF-85611918
EWB464177672,INV-2026-04032,37XA5S00I85S1ZW,27Y6QKTC89K81ZW,MH,TS,GENERATED,2026-07-09,TRN-464367,DELPROOF-95283517
EWB717039548,INV-2026-04033,08MKGXUKQ00U1ZF,24X8SYLEMRUY1ZN,WB,MH,GENERATED,2026-07-29,TRN-126923,DELPROOF-96314164
EWB265213879,INV-2026-04034,36LQGA3QUPO41ZI,24FWY8AV2OSG1ZF,GJ,TN,GENERATED,2026-09-21,TRN-444138,DELPROOF-36622398
EWB301903032,INV-2026-04035,2977TNQETMNI1ZP,376RTC0Z7Q0I1ZP,GJ,TS,DELIVERED,2026-07-01,TRN-342644,DELPROOF-64323529
EWB651813965,INV-2026-04036,37LDSFR4MUEK1ZH,08GK6T9DHSZN1ZS,WB,WB,GENERATED,2026-09-27,TRN-943035,DELPROOF-89474211
EWB652315066,INV-2026-04037,19SOGGY5KOV11ZJ,08LEKVL9PTK41ZG,AP,MH,IN_TRANSIT,2026-09-29,TRN-786612,DELPROOF-81993421
EWB555258949,INV-2026-04038,37LVXWQZXEBB1ZP,37M6X7P7AHUG1ZX,AP,MH,IN_TRANSIT,2026-07-31,TRN-605235,DELPROOF-02982228
EWB621669284,INV-2026-04039,37PEJZHYAPDS1ZT,37N2LM1CBHT91ZR,TS,TN,DELIVERED,2026-09-27,TRN-250448,DELPROOF-20184222
EWB482522558,INV-2026-04040,334H20RAPE6W1ZR,07PMQK8SZ7IW1ZC,WB,WB,IN_TRANSIT,2026-07-03,TRN-420755,DELPROOF-50317773
EWB289408947,INV-2026-04041,08CNWMBXEK0Q1ZH,194C3EVWCHM41ZX,WB,KA,GENERATED,2026-07-08,TRN-599361,DELPROOF-37651292
EWB884585770,INV-2026-04042,37ULJGQPQ8R41ZG,07KPK7YSWNXF1ZQ,WB,TN,DELIVERED,2026-09-14,TRN-228682,DELPROOF-54392362
EWB633423173,INV-2026-04043,27VM2P9E6GBP1ZQ,24LJX8XGSIC41ZZ,MH,TS,GENERATED,2026-06-21,TRN-647097,DELPROOF-60736834
EWB279683634,INV-2026-04044,37NWNGUCZH9I1ZD,24VS0CDK36M81ZI,RJ,UP,DELIVERED,2026-07-21,TRN-191120,DELPROOF-65312940
EWB246809461,INV-2026-04045,294KOXHJMIA61ZV,33ZR1YXR2DHY1ZJ,RJ,UP,IN_TRANSIT,2026-06-16,TRN-751776,DELPROOF-96704607
EWB646581806,INV-2026-04046,33AVEDHR3PCE1ZM,360RXXF36WA71ZQ,TN,WB,IN_TRANSIT,2026-08-17,TRN-658402,DELPROOF-46996506
EWB432892225,INV-2026-04047,08GEFQJG02U11ZF,37Q3K8A7RV4N1ZL,DL,TS,GENERATED,2026-07-31,TRN-343845,DELPROOF-16628148
EWB103054763,INV-2026-04048,19H6NHKSQNAL1ZN,27RE4V9KYPOF1ZJ,TN,WB,DELIVERED,2026-08-05,TRN-704535,DELPROOF-50140741
EWB312255956,INV-2026-04049,24IOYGGVNYRU1ZH,08FUU5F07B1I1ZI,WB,RJ,DELIVERED,2026-08-19,TRN-306530,DELPROOF-56673952
EWB424485318,INV-2026-04050,36IT2018U9N71ZF,33NHQE86O3Z01ZA,DL,GJ,DELIVERED,2026-06-05,TRN-919049,DELPROOF-79676283
EWB592724136,INV-2026-04051,074EIJ00HOD71ZP,33NHQE86O3Z01ZA,KA,TN,IN_TRANSIT,2026-07-06,TRN-687801,DELPROOF-29154704
EWB432747454,INV-2026-04052,19UUOYC3RWQM1ZL,09GPP1NOQU9Y1ZD,MH,WB,IN_TRANSIT,2026-06-19,TRN-750352,DELPROOF-54691565
EWB678783370,INV-2026-04053,1994DNMKZA3O1ZA,3739IIXHAIAW1ZO,TN,AP,IN_TRANSIT,2026-09-17,TRN-521792,DELPROOF-98031203
EWB160734015,INV-2026-04054,33HV3A3ZMF8M1ZC,1994DNMKZA3O1ZA,UP,GJ,DELIVERED,2026-08-24,TRN-962861,DELPROOF-87772282
EWB843654411,INV-2026-04055,24BUNKNQT3WV1ZE,24LJX8XGSIC41ZZ,KA,UP,DELIVERED,2026-07-19,TRN-859695,DELPROOF-37959874
EWB403214944,INV-2026-04056,370R778NRXVO1ZB,2796KHUB2RTS1ZM,RJ,KA,DELIVERED,2026-06-09,TRN-897957,DELPROOF-99341644
EWB260700651,INV-2026-04057,331ZM4IX4ZCR1ZG,24C1RBK9RX641ZT,UP,AP,IN_TRANSIT,2026-08-31,TRN-840623,DELPROOF-76697740
EWB214364428,INV-2026-04058,09TGGZ62FE9U1ZO,2762C1JLOPO61ZI,TS,AP,IN_TRANSIT,2026-06-21,TRN-528099,DELPROOF-52372092
EWB189342528,INV-2026-04059,36CYD52ALUNQ1ZP,37UEQ4D7D7GD1ZK,AP,TN,DELIVERED,2026-09-04,TRN-857836,DELPROOF-03707375
EWB626594441,INV-2026-04060,096QMGK2F5FE1ZT,24VS9J6LNF041ZX,TS,DL,GENERATED,2026-08-10,TRN-244858,DELPROOF-22201837
EWB987048392,INV-2026-04061,33H9P1EARPHB1ZV,294KOXHJMIA61ZV,WB,GJ,GENERATED,2026-09-26,TRN-285743,DELPROOF-57158010
EWB891195669,INV-2026-04062,29BXLBC8NOG81ZM,271K4FPL3X2J1ZC,UP,UP,GENERATED,2026-06-24,TRN-861691,DELPROOF-08090112
EWB196060864,INV-2026-04063,27SLH9BH811K1ZD,0981L51FLMNA1ZS,DL,AP,DELIVERED,2026-07-02,TRN-320106,DELPROOF-28475382
EWB556815282,INV-2026-04064,369C70PA8JX51ZN,07DALMJEGQTO1ZA,KA,WB,DELIVERED,2026-07-12,TRN-144496,DELPROOF-68842555
EWB591498429,INV-2026-04065,37TEAVT8K06M1ZN,09U9TD0V2ZP41ZI,WB,TS,IN_TRANSIT,2026-08-20,TRN-938935,DELPROOF-07517385
EWB515477899,INV-2026-04066,24UCNRI2I3971ZH,19WWPM3X15DT1ZM,AP,KA,GENERATED,2026-10-04,TRN-382132,DELPROOF-73854787
EWB740658570,INV-2026-04067,291AFDTOHRNQ1ZH,27W1PUWSNFFY1ZJ,AP,KA,GENERATED,2026-07-10,TRN-482242,DELPROOF-72980444
EWB219529221,INV-2026-04068,19M9Q7FTMFWG1ZM,33NRM31SL7ZX1ZQ,MH,TN,IN_TRANSIT,2026-08-09,TRN-775532,DELPROOF-92055542
EWB507152487,INV-2026-04069,27KVR5NBHGPB1ZJ,33XN2ELALQ261ZR,UP,TS,IN_TRANSIT,2026-07-07,TRN-166914,DELPROOF-10332560
EWB985165233,INV-2026-04070,08H9NKLYBWGM1ZN,36RML29Q2L481ZB,TN,AP,IN_TRANSIT,2026-07-17,TRN-533421,DELPROOF-43367730
EWB400358203,INV-2026-04071,07KPK7YSWNXF1ZQ,33WGT2LB25481ZP,RJ,DL,DELIVERED,2026-07-07,TRN-444463,DELPROOF-54430428
EWB481274683,INV-2026-04072,29TUL1P36P6Q1ZF,097WR0R35IKG1ZD,KA,RJ,IN_TRANSIT,2026-09-18,TRN-482820,DELPROOF-99352800
EWB254374436,INV-2026-04073,07KPK7YSWNXF1ZQ,07FARK6O0U931ZK,UP,TN,GENERATED,2026-06-25,TRN-455705,DELPROOF-37808385
EWB560318972,INV-2026-04074,09A1EIPICERH1ZM,272TG5PIZX3H1ZC,UP,UP,GENERATED,2026-06-06,TRN-978188,DELPROOF-91523411
EWB456745616,INV-2026-04075,29Q05PXT6RID1ZJ,29WLQ6EXNWZR1ZX,KA,AP,IN_TRANSIT,2026-09-26,TRN-982588,DELPROOF-27773452
EWB652512066,INV-2026-04076,27P38QOLDFOR1ZV,244KII1NQ0EI1ZX,DL,AP,IN_TRANSIT,2026-08-27,TRN-131339,DELPROOF-39345901
EWB113627395,INV-2026-04077,27NS6G298CQK1ZJ,33R9P6HJB2JT1ZU,RJ,TN,DELIVERED,2026-08-26,TRN-701782,DELPROOF-86509959
EWB212572739,INV-2026-04078,29NQWHOCPY8U1ZD,24AF4JGQ6CN81ZQ,UP,WB,GENERATED,2026-07-17,TRN-885630,DELPROOF-35008818
EWB105588867,INV-2026-04079,2762C1JLOPO61ZI,29L9OT7TXKDO1ZR,GJ,RJ,DELIVERED,2026-07-08,TRN-224223,DELPROOF-22130362
EWB613258865,INV-2026-04080,08R4SOR8WM9L1ZA,37KI1IJE2XE01ZI,WB,RJ,IN_TRANSIT,2026-08-31,TRN-820249,DELPROOF-02938203
EWB341078911,INV-2026-04081,27CKQH3ERAM41ZB,19VPUZ11BJKX1ZK,TN,DL,DELIVERED,2026-09-21,TRN-364634,DELPROOF-27588127
EWB685696182,INV-2026-04082,36WUCX67XKWQ1ZX,3687K9TPZ1J81ZO,WB,DL,GENERATED,2026-09-13,TRN-496708,DELPROOF-09344527
EWB936516937,INV-2026-04083,09JKLCP9UW161ZO,379MX2X18HAF1ZE,GJ,RJ,IN_TRANSIT,2026-09-12,TRN-470745,DELPROOF-61290149
EWB580223907,INV-2026-04084,331T2TALA7531ZJ,24CQPHLI5L691ZZ,KA,GJ,GENERATED,2026-06-05,TRN-277654,DELPROOF-08932544
EWB269948726,INV-2026-04085,33ML3SOJPX161ZE,362BNE6LOH251ZL,MH,KA,GENERATED,2026-09-16,TRN-723816,DELPROOF-54566105
EWB577089814,INV-2026-04086,27XK5BXJ2POP1ZM,19DAQJRTMETM1ZG,KA,TS,DELIVERED,2026-07-19,TRN-452905,DELPROOF-99414934
EWB841540861,INV-2026-04087,37AD1IOR56FA1ZM,36F2CTG08ZZK1ZJ,RJ,AP,IN_TRANSIT,2026-06-18,TRN-670997,DELPROOF-03189173
EWB146018041,INV-2026-04088,27SYJAFCO3S61ZP,0921HD4Y89OR1ZT,TS,GJ,IN_TRANSIT,2026-08-09,TRN-703898,DELPROOF-95762803
EWB925633069,INV-2026-04089,36HE4H3GM1BW1ZV,33E02TOXOU0Y1ZD,AP,TS,DELIVERED,2026-06-26,TRN-863066,DELPROOF-63873776
EWB637284915,INV-2026-04090,07JTUW9OHTUG1ZR,338SA3IDY3C71ZP,TN,AP,DELIVERED,2026-06-14,TRN-449287,DELPROOF-32144168
EWB769119616,INV-2026-04091,19C1YOHMI9AY1ZF,27RE4V9KYPOF1ZJ,TN,AP,IN_TRANSIT,2026-06-16,TRN-609639,DELPROOF-53958198
EWB349461301,INV-2026-04092,37TL8N3E54N61ZM,37XW2EOWLCFS1ZY,GJ,UP,GENERATED,2026-07-06,TRN-762706,DELPROOF-13903019
EWB339392745,INV-2026-04093,37TL8N3E54N61ZM,27CUBZQVQG0X1ZR,AP,TS,GENERATED,2026-09-04,TRN-150042,DELPROOF-04654638
EWB781992383,INV-2026-04094,29GBCYH3FVL01ZZ,19VNNVBZW5AP1ZK,TN,TS,GENERATED,2026-08-04,TRN-910021,DELPROOF-75940408
EWB490783117,INV-2026-04095,19BPH1VE8SUS1ZF,072TIXC7URVQ1ZR,MH,TN,DELIVERED,2026-09-10,TRN-647083,DELPROOF-35373620
EWB874325486,INV-2026-04096,29C09ZGNX3VP1ZE,24QZHECBUQYP1ZH,KA,UP,DELIVERED,2026-09-10,TRN-974993,DELPROOF-00005554
EWB406027520,INV-2026-04097,27TD96QE3RZS1ZI,24X8SYLEMRUY1ZN,WB,AP,GENERATED,2026-08-08,TRN-849449,DELPROOF-69311610
EWB102020328,INV-2026-04098,1949PSO1LQSR1ZL,08PSUOVHAUVA1ZZ,AP,AP,IN_TRANSIT,2026-09-23,TRN-509550,DELPROOF-51824300
EWB266775816,INV-2026-04099,36V0LG92MJEQ1ZA,37DZNZ9C65FP1ZW,DL,WB,IN_TRANSIT,2026-07-13,TRN-951304,DELPROOF-14569073
EWB364796273,INV-2026-04100,29FWW41F7V4K1ZM,27WBPA274IR81ZB,RJ,DL,IN_TRANSIT,2026-06-15,TRN-555647,DELPROOF-68565105
EWB802371347,INV-2026-04101,27FAW1LXXD8T1ZY,19ERBYEAWHML1ZT,WB,MH,IN_TRANSIT,2026-07-05,TRN-787765,DELPROOF-75258791
EWB960703797,INV-2026-04102,37ZSXPEFJ31E1ZF,37O2Y8B0H54P1ZH,DL,RJ,IN_TRANSIT,2026-08-31,TRN-903663,DELPROOF-81126189
EWB837887024,INV-2026-04103,1912II826GYU1ZO,08QQ5L2XOIOT1ZV,WB,GJ,GENERATED,2026-06-26,TRN-946773,DELPROOF-65350532
EWB810496155,INV-2026-04104,37LDSFR4MUEK1ZH,36WUCX67XKWQ1ZX,AP,UP,IN_TRANSIT,2026-06-09,TRN-953862,DELPROOF-96309987
EWB209516704,INV-2026-04105,37YMENVG3KK01ZT,292HOQ5E7L7W1ZX,UP,TN,IN_TRANSIT,2026-07-10,TRN-878727,DELPROOF-98343280
EWB193077839,INV-2026-04106,29TOLAQ665DL1ZU,29YBHQGHLZRU1ZT,MH,TN,GENERATED,2026-09-14,TRN-631501,DELPROOF-37948885
EWB593571192,INV-2026-04107,19OZ7QMJCENT1ZM,07PJZE1XTAR01ZJ,DL,RJ,GENERATED,2026-07-05,TRN-227972,DELPROOF-95919034
EWB593115111,INV-2026-04108,33RFCD6MZSGI1ZO,2780ZRZ79HQT1ZV,MH,WB,IN_TRANSIT,2026-07-03,TRN-381878,DELPROOF-96935986
EWB840745537,INV-2026-04109,36X8ERTB74RS1ZF,072Y8FV2BC2N1ZM,AP,KA,DELIVERED,2026-06-19,TRN-229431,DELPROOF-56959658
EWB895131473,INV-2026-04110,33CXLL4ZKLOO1ZJ,36WS44C68AU91ZD,KA,GJ,IN_TRANSIT,2026-08-07,TRN-710333,DELPROOF-44610007
EWB218978219,INV-2026-04111,36FXQ7BZEGBL1ZZ,274P61NHVCFW1ZP,MH,UP,IN_TRANSIT,2026-07-01,TRN-111356,DELPROOF-05251465
EWB415275688,INV-2026-04112,09U9TD0V2ZP41ZI,08GGSOU6NJ2N1ZZ,DL,AP,GENERATED,2026-07-01,TRN-311552,DELPROOF-24368512
EWB573790133,INV-2026-04113,09V18KGYGGSN1ZN,09DK8LW2LM341ZT,GJ,TS,GENERATED,2026-09-12,TRN-872662,DELPROOF-62060464
EWB334105493,INV-2026-04114,09QEQ7Z7E5RD1ZE,368XMOE545VY1ZA,DL,WB,GENERATED,2026-09-20,TRN-240229,DELPROOF-49646527
EWB448497010,INV-2026-04115,24XHG403NJBC1ZE,09JMIYQFY7511ZW,RJ,DL,IN_TRANSIT,2026-09-16,TRN-982475,DELPROOF-69725526
EWB164256215,INV-2026-04116,07FKHDIU1JTK1ZA,09P06IDIIOH61ZC,WB,WB,DELIVERED,2026-09-03,TRN-154247,DELPROOF-81555352
EWB849976357,INV-2026-04117,373GQD7WKR1T1ZE,370R778NRXVO1ZB,MH,TN,IN_TRANSIT,2026-07-11,TRN-531481,DELPROOF-25427766
EWB195891743,INV-2026-04118,19ETIUYMO0PQ1ZC,373UBM9XHCGR1ZW,UP,UP,IN_TRANSIT,2026-09-18,TRN-537078,DELPROOF-98033193
EWB885451507,INV-2026-04119,09EJCY127H6G1ZL,24DLFWDUH7VD1ZM,KA,WB,DELIVERED,2026-08-10,TRN-454351,DELPROOF-92705178
EWB304986259,INV-2026-04120,088QTTY5Y2JR1ZH,24R3UV43MCO01ZC,KA,UP,IN_TRANSIT,2026-06-10,TRN-888456,DELPROOF-22249948
EWB167429455,INV-2026-04121,3681IQY5SXAW1ZK,09ZYF2EV4JI41ZS,AP,DL,DELIVERED,2026-06-13,TRN-531744,DELPROOF-60256320
EWB926136477,INV-2026-04122,19875AUD9K9T1ZP,19MRUNJDU0IS1ZB,WB,DL,IN_TRANSIT,2026-08-14,TRN-389771,DELPROOF-27820754
EWB918434826,INV-2026-04123,08P98RL9QFCP1ZJ,24K03W0FGEA91ZT,TS,TS,IN_TRANSIT,2026-06-10,TRN-609790,DELPROOF-66332088
EWB663184930,INV-2026-04124,24U5CZECCFS71ZH,36JWVHPLHW4O1ZO,DL,TS,GENERATED,2026-09-27,TRN-139933,DELPROOF-43958251
EWB421689829,INV-2026-04125,19YS280XKXWD1ZY,091NKBTFSHB01ZM,UP,TN,DELIVERED,2026-09-28,TRN-926704,DELPROOF-45156577
EWB194324309,INV-2026-04126,0767LM8E49IT1ZE,24E4PO1I3MSD1ZL,TS,TS,GENERATED,2026-06-19,TRN-586508,DELPROOF-96800829
EWB726272016,INV-2026-04127,09U9TD0V2ZP41ZI,29NV5SN961J81ZJ,WB,UP,IN_TRANSIT,2026-09-28,TRN-223809,DELPROOF-40121541
EWB935465593,INV-2026-04128,246V4ESDNAI81ZT,09ISETUK1OOA1ZZ,GJ,UP,GENERATED,2026-08-11,TRN-670306,DELPROOF-62744967
EWB661107096,INV-2026-04129,24YRVXOIEVES1ZS,08GWA44LZ6V71ZQ,DL,TN,GENERATED,2026-08-20,TRN-913226,DELPROOF-67492997
EWB996070319,INV-2026-04130,296SWK2RV2391ZL,19IW1SWJCKJL1ZR,GJ,UP,IN_TRANSIT,2026-07-31,TRN-399615,DELPROOF-54853370
EWB796434007,INV-2026-04131,19CRUYF38DIU1ZN,27TMFEK2O7FH1ZQ,TN,TS,DELIVERED,2026-07-27,TRN-132641,DELPROOF-54458405
EWB492317967,INV-2026-04132,330RS210Q2LG1ZY,37T7S1GD1T531ZV,DL,RJ,GENERATED,2026-09-05,TRN-960931,DELPROOF-20991994
EWB336204262,INV-2026-04133,27BOGKAH2XJQ1ZZ,07H5SW2292MT1ZP,DL,KA,GENERATED,2026-08-06,TRN-326355,DELPROOF-83485494
EWB629536871,INV-2026-04134,08Q55IT9BN181ZG,37M6X7P7AHUG1ZX,AP,TS,IN_TRANSIT,2026-08-27,TRN-412086,DELPROOF-08138147
EWB694969482,INV-2026-04135,19ACJ4T0SEKK1ZB,07AHCPZTC69Q1ZJ,MH,WB,IN_TRANSIT,2026-06-06,TRN-241939,DELPROOF-86160170
EWB737343046,INV-2026-04136,33YUJ7YKTXG41ZA,27QV5Y21ID9V1ZT,AP,KA,IN_TRANSIT,2026-07-05,TRN-542301,DELPROOF-43702242
EWB237512598,INV-2026-04137,27N8ND7G0L3R1ZQ,27TMFEK2O7FH1ZQ,TS,MH,DELIVERED,2026-06-18,TRN-150727,DELPROOF-68473664
EWB556178333,INV-2026-04138,36N10HLINH8J1ZT,1912O003E82E1ZL,TS,KA,DELIVERED,2026-06-23,TRN-104004,DELPROOF-53835093
EWB435940978,INV-2026-04139,360JUM42WSC31ZY,09A1EIPICERH1ZM,WB,UP,GENERATED,2026-07-29,TRN-418651,DELPROOF-64827252
EWB748620285,INV-2026-04140,27SFHVMLJEKB1ZT,091O5HD4HSBR1ZD,KA,GJ,DELIVERED,2026-09-07,TRN-735970,DELPROOF-16433038
EWB819157469,INV-2026-04141,19LDOL65WVJX1ZY,33NRM31SL7ZX1ZQ,KA,DL,IN_TRANSIT,2026-09-15,TRN-270159,DELPROOF-17288340
EWB313164396,INV-2026-04142,09CWMPEQYDBP1ZF,2704UX5QRL1N1ZK,MH,RJ,GENERATED,2026-09-09,TRN-968977,DELPROOF-36871391
EWB352085020,INV-2026-04143,07GDD8MWE7761ZT,366GVGT2EEHF1ZR,MH,DL,GENERATED,2026-09-29,TRN-137779,DELPROOF-39296598
EWB264147849,INV-2026-04144,194DV56ONXD71ZX,33QKF4VGE0GY1ZA,DL,KA,GENERATED,2026-07-18,TRN-262152,DELPROOF-30088790
EWB996995255,INV-2026-04145,0921HD4Y89OR1ZT,37KX9DVNU80B1ZZ,GJ,DL,IN_TRANSIT,2026-08-22,TRN-355345,DELPROOF-11009063
EWB883975216,INV-2026-04146,27TDMO8RC64S1ZJ,27ADNBCJ29YF1ZB,WB,DL,IN_TRANSIT,2026-10-05,TRN-888731,DELPROOF-05922943
EWB125810975,INV-2026-04147,09QEQ7Z7E5RD1ZE,33GXP5CITUF81ZB,WB,DL,DELIVERED,2026-09-02,TRN-668684,DELPROOF-35948041
EWB307420622,INV-2026-04148,37JVLCG1J5EW1ZE,08HR07N8VOEU1ZB,UP,GJ,GENERATED,2026-07-01,TRN-888625,DELPROOF-88361661
EWB580255160,INV-2026-04149,27TDMO8RC64S1ZJ,072Y8FV2BC2N1ZM,RJ,MH,IN_TRANSIT,2026-09-07,TRN-754145,DELPROOF-98884265
EWB133223972,INV-2026-04150,097NVV28UE1M1ZV,296U3U6H0UFX1ZX,KA,TN,DELIVERED,2026-08-01,TRN-978652,DELPROOF-89324378
EWB967169255,INV-2026-04151,24C1XI04B7P41ZB,37AW4IOAR4G51ZS,MH,MH,IN_TRANSIT,2026-10-01,TRN-963061,DELPROOF-29611137
EWB792781628,INV-2026-04152,29828XG8Y72I1ZS,33TVJ0PTJXFQ1ZI,WB,TS,GENERATED,2026-07-26,TRN-812985,DELPROOF-50736785
EWB661799501,INV-2026-04153,07C4RTWUZKAM1ZS,24O0IPFG8PJV1ZP,WB,TS,IN_TRANSIT,2026-09-28,TRN-109754,DELPROOF-11246043
EWB664649188,INV-2026-04154,07ASEH5E5RWS1ZE,08M89I9GX32U1ZE,KA,TN,DELIVERED,2026-06-08,TRN-875018,DELPROOF-86402994
EWB793273079,INV-2026-04155,091NKBTFSHB01ZM,36A7D0WTWS3Y1ZN,AP,TN,GENERATED,2026-06-15,TRN-416422,DELPROOF-26116192
EWB970042602,INV-2026-04156,198CD31NRXD31ZS,37RQ8RTM4J3D1ZA,TS,TS,GENERATED,2026-06-18,TRN-409067,DELPROOF-66519429
EWB986239081,INV-2026-04157,08V6OH9SDBDW1ZZ,27SFHVMLJEKB1ZT,KA,WB,GENERATED,2026-09-07,TRN-410894,DELPROOF-74475905
EWB154222863,INV-2026-04158,27N8ND7G0L3R1ZQ,24V25AO20U9I1ZQ,RJ,RJ,GENERATED,2026-08-05,TRN-404349,DELPROOF-92140802
EWB616492955,INV-2026-04159,29HOUU9SIJPY1ZS,24XVDA4L3KHY1ZE,KA,GJ,IN_TRANSIT,2026-06-28,TRN-323624,DELPROOF-61221260
EWB639117923,INV-2026-04160,19FPL7QHVKVL1ZA,29A2FQZTIO4M1ZM,KA,RJ,GENERATED,2026-08-06,TRN-218195,DELPROOF-89648093
EWB888930365,INV-2026-04161,19CTHPHJ3MUU1ZP,296JQFWWXR5R1ZC,DL,TN,GENERATED,2026-07-14,TRN-823722,DELPROOF-03602903
EWB476830254,INV-2026-04162,36H30153SFLS1ZE,09HRUWA032601ZL,TS,MH,GENERATED,2026-07-02,TRN-836811,DELPROOF-82122359
EWB815339103,INV-2026-04163,24J1QI9MQVAY1ZU,37ASJTK3LIRH1ZV,TS,TN,DELIVERED,2026-08-23,TRN-459680,DELPROOF-31727896
EWB408157001,INV-2026-04164,37SAV917RMPN1ZK,19H07WPH6FE01ZL,MH,WB,DELIVERED,2026-09-16,TRN-753706,DELPROOF-64352559
EWB448884036,INV-2026-04165,33AZCCBLSKRT1ZX,09QZCUCTSUFL1ZQ,AP,WB,DELIVERED,2026-06-07,TRN-771236,DELPROOF-25723215
EWB626843781,INV-2026-04166,077H9G1A07H21ZW,362BNE6LOH251ZL,GJ,RJ,IN_TRANSIT,2026-07-01,TRN-386295,DELPROOF-83200460
EWB386027906,INV-2026-04167,37SQ0P82KB701ZX,2414HOAE527P1ZQ,RJ,RJ,GENERATED,2026-09-02,TRN-405587,DELPROOF-94735370
EWB950040631,INV-2026-04168,37ICJDAN085R1ZM,09VC9AQX6RZC1ZL,TN,RJ,DELIVERED,2026-06-10,TRN-101308,DELPROOF-26312532
EWB391782631,INV-2026-04169,364XGMPW5D3G1ZM,29389YZTKKFZ1ZW,TN,KA,DELIVERED,2026-07-18,TRN-510681,DELPROOF-36442305
EWB274968485,INV-2026-04170,27HPVKU8H5R81ZL,27VBNHI6HABA1ZG,AP,TN,GENERATED,2026-06-15,TRN-753242,DELPROOF-17374054
EWB670731417,INV-2026-04171,33JXL66YA6BA1ZZ,24FWY8AV2OSG1ZF,AP,WB,GENERATED,2026-07-20,TRN-176826,DELPROOF-83245129
EWB418805298,INV-2026-04172,36IT2018U9N71ZF,36V0LG92MJEQ1ZA,KA,GJ,GENERATED,2026-08-03,TRN-469670,DELPROOF-06120408
EWB577501694,INV-2026-04173,19EZ7BH25LLO1ZR,33T7ZEWVIYTW1ZB,UP,AP,DELIVERED,2026-07-02,TRN-942065,DELPROOF-63253433
EWB190436013,INV-2026-04174,074EIJ00HOD71ZP,27Q4S2FTGI881ZR,TS,DL,DELIVERED,2026-06-15,TRN-661172,DELPROOF-23743107
EWB462654441,INV-2026-04175,29NPR424TKB91ZM,24XHG403NJBC1ZE,DL,UP,DELIVERED,2026-08-21,TRN-909237,DELPROOF-08936860
EWB907677129,INV-2026-04176,09E4QGM5V2WW1ZF,36BHHLK3YJZ91ZY,GJ,GJ,IN_TRANSIT,2026-06-02,TRN-768074,DELPROOF-05879626
EWB959069258,INV-2026-04177,3313CD5GLQJ51ZQ,33CXLL4ZKLOO1ZJ,AP,KA,GENERATED,2026-08-29,TRN-902710,DELPROOF-70797468
EWB829806235,INV-2026-04178,19E0Q5ZJAUCY1ZG,19WVTKH861PQ1ZH,UP,DL,GENERATED,2026-08-10,TRN-971871,DELPROOF-52681491
EWB252392205,INV-2026-04179,296SWK2RV2391ZL,36Z5TOZO32TC1ZS,DL,AP,IN_TRANSIT,2026-08-17,TRN-184351,DELPROOF-47749335
EWB852889349,INV-2026-04180,07RYE89FX5RX1ZY,24LJX8XGSIC41ZZ,GJ,MH,DELIVERED,2026-06-14,TRN-807618,DELPROOF-90260493
EWB342748322,INV-2026-04181,29WZK4IE86DB1ZM,07YCG1FJGBVY1ZN,UP,GJ,DELIVERED,2026-09-08,TRN-158037,DELPROOF-17997560
EWB630993026,INV-2026-04182,3307S387J5IE1ZZ,09U9TD0V2ZP41ZI,TS,DL,IN_TRANSIT,2026-09-15,TRN-941486,DELPROOF-74092717
EWB401011279,INV-2026-04183,27NS6G298CQK1ZJ,075IGQPKI7P51ZR,WB,RJ,IN_TRANSIT,2026-08-13,TRN-821087,DELPROOF-19810592
EWB113487895,INV-2026-04184,070M24US73W11ZV,33X1945NQ4FM1ZV,KA,TS,GENERATED,2026-10-07,TRN-512157,DELPROOF-60410826
EWB238586594,INV-2026-04185,33AZCCBLSKRT1ZX,24DO8E7FLQHR1ZP,AP,AP,IN_TRANSIT,2026-06-22,TRN-704133,DELPROOF-47143754
EWB315088145,INV-2026-04186,19AYYOSYEOZ91ZX,36LVR7MGATND1ZD,AP,MH,GENERATED,2026-08-02,TRN-188963,DELPROOF-86491158
EWB595719089,INV-2026-04187,24OROI5J8YIT1ZZ,37IYNO667VGP1ZK,TN,AP,IN_TRANSIT,2026-07-19,TRN-935974,DELPROOF-32130720
EWB993869082,INV-2026-04188,29HOUU9SIJPY1ZS,0923O359TSUJ1ZR,AP,UP,GENERATED,2026-08-16,TRN-764677,DELPROOF-81879270
EWB360224486,INV-2026-04189,1912II826GYU1ZO,2796KHUB2RTS1ZM,GJ,TN,DELIVERED,2026-06-09,TRN-671712,DELPROOF-68874736
EWB828982269,INV-2026-04190,194RCB1KJTGQ1ZX,07Q8QMXETIZU1ZX,TS,MH,GENERATED,2026-07-25,TRN-939537,DELPROOF-54568430
EWB458455044,INV-2026-04191,33XN2ELALQ261ZR,36X48WZE4EX61ZS,DL,TN,GENERATED,2026-08-04,TRN-497526,DELPROOF-23929202
EWB268901183,INV-2026-04192,376RTC0Z7Q0I1ZP,36NGMX1GM32W1ZO,MH,WB,DELIVERED,2026-08-10,TRN-945670,DELPROOF-94816715
EWB407007676,INV-2026-04193,19DBIDE6UITJ1ZT,08GEFQJG02U11ZF,MH,RJ,IN_TRANSIT,2026-07-15,TRN-104398,DELPROOF-36416201
EWB348019093,INV-2026-04194,19KXLCD81TWH1ZU,33RR8IQRT0071ZN,TN,RJ,GENERATED,2026-09-29,TRN-972109,DELPROOF-38712526
EWB919693299,INV-2026-04195,29NV5SN961J81ZJ,29WZK4IE86DB1ZM,RJ,GJ,IN_TRANSIT,2026-06-23,TRN-965428,DELPROOF-02625782
EWB519578106,INV-2026-04196,24X8SYLEMRUY1ZN,36PGVTN4YPKW1ZD,WB,WB,GENERATED,2026-10-02,TRN-742263,DELPROOF-98093454
EWB137757353,INV-2026-04197,336E07FPY1AE1ZJ,37DZNZ9C65FP1ZW,MH,MH,GENERATED,2026-06-19,TRN-357185,DELPROOF-46865299
EWB407660350,INV-2026-04198,09GPJNVWRXGK1ZH,36RNR2KYB3GD1ZS,AP,KA,DELIVERED,2026-08-03,TRN-665056,DELPROOF-06436210
EWB520544549,INV-2026-04199,36MOGBJZEYQQ1ZC,37DYCPN0P1XS1ZG,GJ,WB,GENERATED,2026-09-03,TRN-202040,DELPROOF-82868810
EWB117645238,INV-2026-04200,29VM96N7KBNK1ZE,36N10HLINH8J1ZT,GJ,TN,GENERATED,2026-08-11,TRN-573675,DELPROOF-14167266
EWB903215881,INV-2026-04201,2430VVIJVDDW1ZT,24LGB0S0R2SD1ZQ,UP,RJ,IN_TRANSIT,2026-06-14,TRN-713684,DELPROOF-34944104
EWB453258145,INV-2026-04202,073CHO3XJVOE1ZG,24DURVFFFIA31ZN,RJ,UP,IN_TRANSIT,2026-07-31,TRN-814942,DELPROOF-06757299
EWB692987112,INV-2026-04203,27ST3TA195EQ1ZM,08PSUOVHAUVA1ZZ,MH,WB,DELIVERED,2026-08-24,TRN-421240,DELPROOF-02803062
EWB503943874,INV-2026-04204,091O5HD4HSBR1ZD,332WYJXTJGCE1ZD,TN,UP,GENERATED,2026-08-04,TRN-429410,DELPROOF-58428540
EWB383873109,INV-2026-04205,19VPUZ11BJKX1ZK,19TNGVN1KICJ1ZM,AP,UP,IN_TRANSIT,2026-08-14,TRN-104122,DELPROOF-97155647
EWB428490812,INV-2026-04206,1934KUQAAJ841ZP,09JKLCP9UW161ZO,UP,MH,GENERATED,2026-07-17,TRN-420141,DELPROOF-97736044
EWB374539390,INV-2026-04207,29L1YA1RYZTB1ZS,09EJCY127H6G1ZL,AP,TN,IN_TRANSIT,2026-06-07,TRN-955534,DELPROOF-96580542
EWB568440013,INV-2026-04208,07JTUW9OHTUG1ZR,36QJNV8Z2FLU1ZJ,KA,UP,DELIVERED,2026-08-25,TRN-256398,DELPROOF-26164979
EWB489127593,INV-2026-04209,362BNE6LOH251ZL,27BOGKAH2XJQ1ZZ,TN,UP,GENERATED,2026-09-18,TRN-368918,DELPROOF-65466764
EWB164991612,INV-2026-04210,36LQGA3QUPO41ZI,33OV953A5O471ZA,KA,DL,GENERATED,2026-08-03,TRN-151219,DELPROOF-21987857
EWB705276308,INV-2026-04211,36N10HLINH8J1ZT,33TL2UG05WH21ZK,UP,AP,DELIVERED,2026-09-02,TRN-830825,DELPROOF-53184780
EWB346324085,INV-2026-04212,19DNWT2FES5C1ZQ,09JCHZJQ8CXX1ZV,DL,MH,IN_TRANSIT,2026-06-23,TRN-652164,DELPROOF-46894757
EWB317969928,INV-2026-04213,37OK63RVWOZQ1ZV,27YKIPUT7SSO1ZO,UP,TS,IN_TRANSIT,2026-06-18,TRN-734973,DELPROOF-79091131
EWB207994014,INV-2026-04214,36G0FN9XUY411ZH,27VM2P9E6GBP1ZQ,DL,TS,DELIVERED,2026-09-13,TRN-401804,DELPROOF-98010060
EWB759648197,INV-2026-04215,07RPP7R93FEZ1ZE,097NVV28UE1M1ZV,UP,AP,GENERATED,2026-07-17,TRN-204196,DELPROOF-22965629
EWB310098021,INV-2026-04216,249OE9419QZP1ZM,37F0RIY4KL9A1ZP,DL,UP,GENERATED,2026-06-28,TRN-290058,DELPROOF-45470700
EWB213165787,INV-2026-04217,37ZOLNNTXRGN1ZL,0893TYT7D5J61ZX,MH,TN,IN_TRANSIT,2026-08-17,TRN-893669,DELPROOF-58102429
EWB311012801,INV-2026-04218,19AGHFT9ZZCG1ZK,19S0765ICAUT1ZI,WB,RJ,DELIVERED,2026-06-30,TRN-573191,DELPROOF-36828786
EWB220446614,INV-2026-04219,33R09SKDGIGA1ZR,0782K8RYQF8W1ZV,TS,WB,GENERATED,2026-06-11,TRN-418338,DELPROOF-87474781
EWB649473394,INV-2026-04220,07SJ84TC2QSI1ZZ,37LQPB01QCTE1ZT,AP,AP,IN_TRANSIT,2026-09-17,TRN-245240,DELPROOF-79621664
EWB577555123,INV-2026-04221,08OX22INIWC51ZA,09BRSZ1N3IUZ1ZG,AP,MH,IN_TRANSIT,2026-08-12,TRN-409217,DELPROOF-34297014
EWB832834365,INV-2026-04222,29L1YA1RYZTB1ZS,19I08L0HG9NC1ZA,RJ,UP,GENERATED,2026-08-24,TRN-940356,DELPROOF-07305468
EWB501794044,INV-2026-04223,27BOGKAH2XJQ1ZZ,08GK6T9DHSZN1ZS,UP,WB,IN_TRANSIT,2026-09-09,TRN-747987,DELPROOF-29525654
EWB782128595,INV-2026-04224,19ERBYEAWHML1ZT,33ZR1YXR2DHY1ZJ,KA,WB,IN_TRANSIT,2026-08-08,TRN-916268,DELPROOF-74207607
EWB100662972,INV-2026-04225,199VCCMTPKQ51ZC,09VUNLPAIH0P1ZL,RJ,WB,DELIVERED,2026-07-03,TRN-345290,DELPROOF-88026301
EWB213795054,INV-2026-04226,19N1S3YG8VFU1ZW,09VUNLPAIH0P1ZL,MH,UP,DELIVERED,2026-06-13,TRN-125066,DELPROOF-28817747
EWB996986819,INV-2026-04227,27NS6G298CQK1ZJ,29JJ0V60XNG21ZH,GJ,RJ,DELIVERED,2026-08-02,TRN-820431,DELPROOF-23925444
EWB199665293,INV-2026-04228,299GNLPYO2M21ZU,08P98RL9QFCP1ZJ,RJ,DL,IN_TRANSIT,2026-07-05,TRN-870710,DELPROOF-54771706
EWB752399525,INV-2026-04229,09VC9AQX6RZC1ZL,36P0NEC8UYO51ZY,MH,AP,DELIVERED,2026-09-28,TRN-828537,DELPROOF-91676272
EWB442652531,INV-2026-04230,369C70PA8JX51ZN,24J8Y6RH05HH1ZH,TN,DL,GENERATED,2026-09-08,TRN-788036,DELPROOF-40810054
EWB543409239,INV-2026-04231,36N10HLINH8J1ZT,19WWPM3X15DT1ZM,DL,AP,DELIVERED,2026-07-26,TRN-982205,DELPROOF-84823793
EWB841506830,INV-2026-04232,331M264UPJ161ZC,36Z1OA3VF02G1ZT,MH,DL,DELIVERED,2026-09-07,TRN-173917,DELPROOF-06487912
EWB666802540,INV-2026-04233,19H024KWK5851ZU,19CBZAMD270S1ZR,TS,TN,GENERATED,2026-08-10,TRN-714770,DELPROOF-50111565
EWB200144917,INV-2026-04234,24IOYGGVNYRU1ZH,19PW2W5506RR1ZN,KA,RJ,GENERATED,2026-09-04,TRN-916947,DELPROOF-29048981
EWB326881137,INV-2026-04235,07H5SW2292MT1ZP,08RKY8RYOZDP1ZN,KA,TN,DELIVERED,2026-08-30,TRN-783060,DELPROOF-78156406
EWB140324937,INV-2026-04236,07DALMJEGQTO1ZA,09JMIYQFY7511ZW,TN,WB,IN_TRANSIT,2026-09-07,TRN-417304,DELPROOF-02746497
EWB919948141,INV-2026-04237,29OORBT6SAPB1ZQ,339WT2YBUH7J1ZW,MH,GJ,GENERATED,2026-09-24,TRN-284453,DELPROOF-89655085
EWB871936395,INV-2026-04238,29W5L4RMVVNX1ZH,19VNNVBZW5AP1ZK,WB,TS,IN_TRANSIT,2026-06-04,TRN-238586,DELPROOF-65978717
EWB917583186,INV-2026-04239,27BCVARLW3MG1ZZ,33ZPCD1406XL1ZV,MH,MH,GENERATED,2026-08-25,TRN-790842,DELPROOF-03484669
EWB646491173,INV-2026-04240,36ZC7D2KD1PO1ZV,29N91FY6YO8D1ZI,WB,DL,DELIVERED,2026-07-05,TRN-860514,DELPROOF-74125038
EWB875046936,INV-2026-04241,09P4RXMD8ZVF1ZQ,07P0E36S2Z481ZD,AP,TN,GENERATED,2026-06-15,TRN-100413,DELPROOF-19122129
EWB182603257,INV-2026-04242,08F4AQ7B7V1W1ZV,196E1ZHWY9HE1ZC,DL,KA,GENERATED,2026-08-26,TRN-692341,DELPROOF-74147224
EWB871338360,INV-2026-04243,08BVSIGBIAF91ZY,272TG5PIZX3H1ZC,DL,GJ,DELIVERED,2026-08-17,TRN-373704,DELPROOF-10249566
EWB998868630,INV-2026-04244,36F2CTG08ZZK1ZJ,27FQS3D6357O1ZM,GJ,UP,GENERATED,2026-08-29,TRN-745554,DELPROOF-75281882
EWB333539018,INV-2026-04245,07WYPSWLDOQ51ZV,37C2BE3YQY5F1ZS,DL,WB,GENERATED,2026-10-04,TRN-125030,DELPROOF-48573818
EWB294418159,INV-2026-04246,37RF3NAPLGW11ZU,09MLH13C71UD1ZZ,UP,MH,GENERATED,2026-09-09,TRN-573198,DELPROOF-95051826
EWB457857298,INV-2026-04247,33ZPCD1406XL1ZV,37XA5S00I85S1ZW,DL,MH,GENERATED,2026-07-26,TRN-128566,DELPROOF-39293860
EWB311847804,INV-2026-04248,09BRSZ1N3IUZ1ZG,36FAZZ81SDW41ZQ,DL,TS,DELIVERED,2026-08-27,TRN-436437,DELPROOF-24179325
EWB542076092,INV-2026-04249,07AHCPZTC69Q1ZJ,240EN48UACT41ZN,MH,UP,GENERATED,2026-07-15,TRN-834382,DELPROOF-15675326
EWB163554245,INV-2026-04250,37LVXWQZXEBB1ZP,19S0765ICAUT1ZI,KA,KA,IN_TRANSIT,2026-06-12,TRN-520666,DELPROOF-72661417
EWB235921371,INV-2026-04251,29GJD3EX5MHQ1ZL,09B0UKOEFUKP1ZT,GJ,RJ,IN_TRANSIT,2026-08-11,TRN-564355,DELPROOF-13131667
EWB858422773,INV-2026-04252,19WWPM3X15DT1ZM,27EG3ZGARFI41ZZ,RJ,TS,DELIVERED,2026-07-31,TRN-391332,DELPROOF-03458303
EWB873618633,INV-2026-04253,29H4GG24479Q1ZR,249OE9419QZP1ZM,WB,AP,DELIVERED,2026-06-02,TRN-966057,DELPROOF-04410640
EWB947943761,INV-2026-04254,292S8U8ZF0P71ZJ,09NXZDZB5F5T1ZV,KA,AP,GENERATED,2026-09-04,TRN-405011,DELPROOF-01902236
EWB750531056,INV-2026-04255,19CBZAMD270S1ZR,19AUUJ02GRXP1ZS,AP,TN,IN_TRANSIT,2026-08-06,TRN-775798,DELPROOF-91436634
EWB912115161,INV-2026-04256,27RYIEJ9C0UU1ZI,24M8T0JSHHJ71ZQ,WB,GJ,GENERATED,2026-06-07,TRN-264866,DELPROOF-69100358
EWB857501859,INV-2026-04257,07AHCPZTC69Q1ZJ,09GPP1NOQU9Y1ZD,UP,UP,DELIVERED,2026-09-20,TRN-137564,DELPROOF-60612936
EWB969063909,INV-2026-04258,365GJLQM5K8P1ZC,296SWK2RV2391ZL,GJ,TS,GENERATED,2026-09-15,TRN-673067,DELPROOF-42221122
EWB306190454,INV-2026-04259,08DJE153A5QB1ZQ,29050E6MPSJ91ZU,UP,KA,IN_TRANSIT,2026-08-14,TRN-357843,DELPROOF-76411817
EWB612174272,INV-2026-04260,37YMENVG3KK01ZT,07SJ84TC2QSI1ZZ,TS,MH,DELIVERED,2026-09-24,TRN-955509,DELPROOF-13090326
EWB410475809,INV-2026-04261,339WT2YBUH7J1ZW,27GWCDZ6X4FM1ZL,TN,KA,DELIVERED,2026-07-12,TRN-467869,DELPROOF-51152945
EWB659942906,INV-2026-04262,37XA5S00I85S1ZW,19WWPM3X15DT1ZM,RJ,MH,IN_TRANSIT,2026-07-19,TRN-154627,DELPROOF-46637956
EWB857877966,INV-2026-04263,07QG433E1I1P1ZX,09CWMPEQYDBP1ZF,GJ,DL,GENERATED,2026-09-04,TRN-665411,DELPROOF-49075545
EWB770393949,INV-2026-04264,080JQQNVCEQF1ZG,36X48WZE4EX61ZS,WB,MH,GENERATED,2026-07-15,TRN-491520,DELPROOF-43994140
EWB938445740,INV-2026-04265,09E4QGM5V2WW1ZF,33VV8Y5SIC4S1ZB,TN,TN,IN_TRANSIT,2026-10-05,TRN-656276,DELPROOF-64656937
EWB468511691,INV-2026-04266,294JWPXEFAF01ZH,24ZKNHPVRWBR1ZB,AP,TN,GENERATED,2026-07-01,TRN-237020,DELPROOF-24012288
EWB628871601,INV-2026-04267,19U2T0JESGQ41ZB,07GPJ60SRYZX1ZN,MH,DL,GENERATED,2026-07-03,TRN-323878,DELPROOF-25743570
EWB698527626,INV-2026-04268,24HHA1PJGFJC1ZW,37YMENVG3KK01ZT,KA,AP,IN_TRANSIT,2026-07-16,TRN-564836,DELPROOF-28860481
EWB751300047,INV-2026-04269,27RYIEJ9C0UU1ZI,3677Q9VJUHBP1ZP,AP,AP,DELIVERED,2026-08-26,TRN-937929,DELPROOF-16613044
EWB148152716,INV-2026-04270,27L8MWOB4FDD1ZV,08H9NKLYBWGM1ZN,TN,TN,DELIVERED,2026-07-17,TRN-586772,DELPROOF-53234600
EWB674153221,INV-2026-04271,362BNE6LOH251ZL,271K4FPL3X2J1ZC,TN,MH,DELIVERED,2026-09-30,TRN-285422,DELPROOF-52574455
EWB516958390,INV-2026-04272,29JJ0V60XNG21ZH,292HOQ5E7L7W1ZX,RJ,RJ,GENERATED,2026-09-02,TRN-362784,DELPROOF-53467033
EWB519952134,INV-2026-04273,36C20LSJWS1Z1ZK,29RTIG7ZD9B71ZK,DL,RJ,IN_TRANSIT,2026-09-11,TRN-578135,DELPROOF-23132907
EWB222208792,INV-2026-04274,33ZPCD1406XL1ZV,24UBLMNTFK7O1ZP,WB,AP,GENERATED,2026-07-15,TRN-937022,DELPROOF-77594784
EWB494992120,INV-2026-04275,24Q15FBS4WVT1ZX,24AJSSUUQO1V1ZQ,GJ,KA,IN_TRANSIT,2026-07-01,TRN-588434,DELPROOF-22488398
EWB641698504,INV-2026-04276,29L1YA1RYZTB1ZS,36PW6M9HKHJG1ZR,TS,RJ,DELIVERED,2026-06-24,TRN-893078,DELPROOF-43325535
EWB530666164,INV-2026-04277,33Y3Q69FLGUQ1ZY,243BBXUX1OXR1ZU,WB,MH,DELIVERED,2026-08-21,TRN-312066,DELPROOF-04511031
EWB337840017,INV-2026-04278,37NOX8FK20761ZT,37V80LKX1S9X1ZJ,RJ,RJ,GENERATED,2026-06-15,TRN-254504,DELPROOF-45342361
EWB393190762,INV-2026-04279,27NZ4KHKBXPN1ZY,09ZYF2EV4JI41ZS,TS,AP,DELIVERED,2026-09-19,TRN-666539,DELPROOF-53391179
EWB141980714,INV-2026-04280,19QFGV0EC14M1ZZ,24BRBJEQVVIA1ZA,WB,TN,GENERATED,2026-09-26,TRN-137993,DELPROOF-44528937
EWB773548580,INV-2026-04281,24JDTVV2Y4XK1ZQ,33WGT2LB25481ZP,TS,GJ,DELIVERED,2026-06-25,TRN-326838,DELPROOF-51598536
EWB147283347,INV-2026-04282,19HVL66SAJXX1ZM,33ZPCD1406XL1ZV,KA,GJ,IN_TRANSIT,2026-08-28,TRN-639350,DELPROOF-35756804
EWB822043164,INV-2026-04283,07GDD8MWE7761ZT,19H024KWK5851ZU,KA,AP,GENERATED,2026-09-05,TRN-756032,DELPROOF-65671408
EWB100484329,INV-2026-04284,24JJBFSA5UZL1ZW,24M7IDAO13TB1ZZ,KA,RJ,IN_TRANSIT,2026-08-01,TRN-898976,DELPROOF-34836971
EWB129836232,INV-2026-04285,36N23Y30YSXP1ZL,074MJDXO100V1ZG,RJ,TS,DELIVERED,2026-07-29,TRN-364147,DELPROOF-73830298
EWB588524295,INV-2026-04286,071E1630POCR1ZX,07FARK6O0U931ZK,DL,DL,DELIVERED,2026-07-04,TRN-215019,DELPROOF-33060547
EWB601929264,INV-2026-04287,36NRWZC4XL991ZQ,193V23GXJ0MQ1ZS,UP,WB,IN_TRANSIT,2026-09-03,TRN-756252,DELPROOF-20666002
EWB294723472,INV-2026-04288,372RVNDFDW791ZU,29WO8NBHNAL31ZG,TS,AP,GENERATED,2026-06-16,TRN-804641,DELPROOF-16032853
EWB968213869,INV-2026-04289,3784U89YJB1Q1ZU,09FOP8QZJULI1ZF,UP,RJ,GENERATED,2026-07-15,TRN-911516,DELPROOF-13861809
EWB984644516,INV-2026-04290,333LOUFHW8WL1ZT,08AHCUA09PCI1ZF,WB,TS,IN_TRANSIT,2026-06-11,TRN-359408,DELPROOF-62363773
EWB397788406,INV-2026-04291,29X08N6Q7NC81ZR,07C9R4X1V4DX1ZQ,WB,DL,GENERATED,2026-08-15,TRN-207416,DELPROOF-94249154
EWB395278940,INV-2026-04292,29N91FY6YO8D1ZI,33UPLVQEXUYH1ZE,KA,KA,GENERATED,2026-08-10,TRN-159336,DELPROOF-09642597
EWB579987416,INV-2026-04293,36Z1OA3VF02G1ZT,24JR211PV58Y1ZA,GJ,WB,GENERATED,2026-07-04,TRN-776766,DELPROOF-63691554
EWB579683956,INV-2026-04294,27P38QOLDFOR1ZV,29FWW41F7V4K1ZM,KA,WB,GENERATED,2026-08-24,TRN-677559,DELPROOF-88148755
EWB287144455,INV-2026-04295,09V18KGYGGSN1ZN,19KXLCD81TWH1ZU,GJ,TN,GENERATED,2026-07-16,TRN-959050,DELPROOF-40497088
EWB157076645,INV-2026-04296,071V9NPUQARY1ZL,37KKVPJRMEYY1ZY,WB,KA,GENERATED,2026-08-07,TRN-883159,DELPROOF-12463724
EWB872320411,INV-2026-04297,33QKF4VGE0GY1ZA,33GYSPENGWYX1ZF,DL,AP,IN_TRANSIT,2026-09-03,TRN-692228,DELPROOF-84546589
EWB314338716,INV-2026-04298,37YMENVG3KK01ZT,07END7H10KYH1ZS,WB,TS,GENERATED,2026-09-13,TRN-342188,DELPROOF-90622689
EWB416645445,INV-2026-04299,09FOP8QZJULI1ZF,29AD3WRDHW9R1ZD,UP,TS,IN_TRANSIT,2026-08-01,TRN-404116,DELPROOF-19911176
EWB515040540,INV-2026-04300,08GK6T9DHSZN1ZS,3383RU7MYOW81ZC,WB,WB,DELIVERED,2026-08-02,TRN-973489,DELPROOF-84317731
EWB638005746,INV-2026-04301,29JZP97BMZRR1ZX,33NVQRFXNTF01ZL,TS,AP,GENERATED,2026-07-16,TRN-713493,DELPROOF-86236306
EWB527229115,INV-2026-04302,082Z682U6ZV31ZH,29R7S20CV3TL1ZC,GJ,TS,DELIVERED,2026-08-01,TRN-321042,DELPROOF-45173802
EWB118964986,INV-2026-04303,093KPUG99W591ZQ,08MF4NNKM95D1ZX,TN,TN,GENERATED,2026-07-18,TRN-625555,DELPROOF-76314602
EWB105105313,INV-2026-04304,07LWVMB0IDD01ZU,09G29D2FF5L61ZB,RJ,AP,DELIVERED,2026-09-10,TRN-707179,DELPROOF-19887252
EWB590709606,INV-2026-04305,29232UTVG9KU1ZQ,24TRIJ2FRNLX1ZT,UP,KA,IN_TRANSIT,2026-09-23,TRN-861085,DELPROOF-25191037
EWB878036657,INV-2026-04306,2704UX5QRL1N1ZK,24CMCOCO2ZTD1ZG,AP,GJ,IN_TRANSIT,2026-07-04,TRN-259560,DELPROOF-21576001
EWB247607031,INV-2026-04307,367FXLOZ2RCU1ZX,19N42X2EZC7F1ZN,TS,TS,IN_TRANSIT,2026-06-13,TRN-931076,DELPROOF-64411689
EWB656750426,INV-2026-04308,33RSXKJKMPLB1ZB,29FWW41F7V4K1ZM,RJ,TS,DELIVERED,2026-08-19,TRN-153016,DELPROOF-74574001
EWB102545275,INV-2026-04309,36F2CTG08ZZK1ZJ,193V23GXJ0MQ1ZS,WB,UP,IN_TRANSIT,2026-08-06,TRN-207398,DELPROOF-49999556
EWB743862935,INV-2026-04310,07C9R4X1V4DX1ZQ,07FKHDIU1JTK1ZA,TN,KA,DELIVERED,2026-06-15,TRN-608414,DELPROOF-97969834
EWB134694345,INV-2026-04311,33A8D7204J3M1ZH,09NB4GH2M5ZJ1ZA,KA,WB,GENERATED,2026-07-29,TRN-890617,DELPROOF-74901793
EWB183620176,INV-2026-04312,37Y8N1UTOXIE1ZX,08JYV5G10UR51ZK,GJ,MH,GENERATED,2026-07-20,TRN-927463,DELPROOF-74318134
EWB375327277,INV-2026-04313,09YK8516SP181ZM,19429OMUWAHK1ZZ,WB,TS,DELIVERED,2026-08-02,TRN-191172,DELPROOF-04593166
EWB811390173,INV-2026-04314,27SLH9BH811K1ZD,27MOQXHGLG4P1ZX,AP,WB,GENERATED,2026-07-31,TRN-886195,DELPROOF-49778694
EWB625007745,INV-2026-04315,36N10HLINH8J1ZT,082Z682U6ZV31ZH,KA,KA,IN_TRANSIT,2026-09-21,TRN-746806,DELPROOF-48584919
EWB924413415,INV-2026-04316,24TP0LZJJEGE1ZR,33X1945NQ4FM1ZV,RJ,TN,GENERATED,2026-09-19,TRN-611286,DELPROOF-90996552
EWB315899512,INV-2026-04317,37XA5S00I85S1ZW,242SO19V58B11ZS,DL,RJ,IN_TRANSIT,2026-07-24,TRN-179592,DELPROOF-92798942
EWB747731067,INV-2026-04318,333Z6BZ8UUG91ZP,08VKAP6ZPXVW1ZY,RJ,AP,IN_TRANSIT,2026-09-10,TRN-670869,DELPROOF-00672734
EWB847763030,INV-2026-04319,360RXXF36WA71ZQ,27QCOOTNJLCQ1ZL,WB,TN,DELIVERED,2026-08-30,TRN-126217,DELPROOF-69610954
EWB511550535,INV-2026-04320,37TL8N3E54N61ZM,076DGG5GR0XA1ZF,GJ,GJ,IN_TRANSIT,2026-06-28,TRN-193405,DELPROOF-19102881
EWB894545393,INV-2026-04321,08OYTK06AKT71ZW,36S5NKB4EHOU1ZO,RJ,TN,GENERATED,2026-06-28,TRN-752113,DELPROOF-47154492
EWB156103660,INV-2026-04322,29WLQ6EXNWZR1ZX,07LC33H8G8T91ZY,TS,WB,GENERATED,2026-10-01,TRN-713055,DELPROOF-07059674
EWB817362121,INV-2026-04323,24DPWVBZ7CN01ZE,24NHQNJVDPNG1ZU,DL,AP,GENERATED,2026-06-10,TRN-282911,DELPROOF-40836656
EWB309573095,INV-2026-04324,072L4X5BWAEN1ZH,09MLH13C71UD1ZZ,KA,TS,GENERATED,2026-06-07,TRN-798671,DELPROOF-08073500
EWB144432887,INV-2026-04325,09NB4GH2M5ZJ1ZA,29A2FQZTIO4M1ZM,TS,TS,DELIVERED,2026-09-01,TRN-691896,DELPROOF-60317119
EWB716029184,INV-2026-04326,076UAMWJPIWU1ZI,07AHCPZTC69Q1ZJ,MH,UP,GENERATED,2026-08-07,TRN-102987,DELPROOF-52085797
EWB187159675,INV-2026-04327,37RF3NAPLGW11ZU,24VORK1DJRWE1ZD,WB,TN,IN_TRANSIT,2026-07-11,TRN-881737,DELPROOF-67283788
EWB398458253,INV-2026-04328,3366PB90SPO31ZW,09BR5XQT4P501ZY,MH,RJ,GENERATED,2026-06-26,TRN-444704,DELPROOF-81922163
EWB293479016,INV-2026-04329,33CXLL4ZKLOO1ZJ,37YMENVG3KK01ZT,AP,AP,GENERATED,2026-07-11,TRN-892997,DELPROOF-75775595
EWB863230820,INV-2026-04330,29AD3WRDHW9R1ZD,29XJN6FOKZIX1ZW,WB,AP,IN_TRANSIT,2026-09-18,TRN-871586,DELPROOF-77385126
EWB643816347,INV-2026-04331,37FKVZS8UFX21ZB,19OZ7QMJCENT1ZM,TN,DL,IN_TRANSIT,2026-09-19,TRN-698046,DELPROOF-37896617
EWB849263703,INV-2026-04332,27Y6QKTC89K81ZW,29NUI3DO70021ZF,GJ,WB,GENERATED,2026-09-07,TRN-767969,DELPROOF-97347059
EWB858919470,INV-2026-04333,09NT0MQ8ABKA1ZE,09BR5XQT4P501ZY,RJ,RJ,IN_TRANSIT,2026-07-14,TRN-512845,DELPROOF-03318191
EWB444550412,INV-2026-04334,3677Q9VJUHBP1ZP,333LOUFHW8WL1ZT,KA,UP,IN_TRANSIT,2026-09-15,TRN-900170,DELPROOF-23425557
EWB402023290,INV-2026-04335,27FIUEFZ1C251ZV,2937DL9FC1XX1ZS,AP,AP,IN_TRANSIT,2026-08-15,TRN-398238,DELPROOF-14747532
EWB779253378,INV-2026-04336,09ZYF2EV4JI41ZS,33IT6XIYZVNL1ZO,GJ,TN,IN_TRANSIT,2026-09-28,TRN-962457,DELPROOF-08471023
EWB401212146,INV-2026-04337,33AZCCBLSKRT1ZX,08NSM43D8W3Z1ZN,TS,UP,IN_TRANSIT,2026-09-02,TRN-436603,DELPROOF-38927312
EWB928531303,INV-2026-04338,07KA34MQA78R1ZA,37OAZTKSZP7G1ZD,RJ,WB,IN_TRANSIT,2026-08-13,TRN-158081,DELPROOF-72044322
EWB470231089,INV-2026-04339,24OROI5J8YIT1ZZ,36XAMW2TND6R1ZW,TN,TS,IN_TRANSIT,2026-06-19,TRN-283905,DELPROOF-43300210
EWB305967034,INV-2026-04340,29XJN6FOKZIX1ZW,33TL2UG05WH21ZK,UP,TS,GENERATED,2026-07-14,TRN-555943,DELPROOF-48400635
EWB129356326,INV-2026-04341,29HOUU9SIJPY1ZS,191KFK7Y6QXD1ZQ,UP,TN,IN_TRANSIT,2026-09-30,TRN-936591,DELPROOF-28206942
EWB556808177,INV-2026-04342,36AHUKWQVR1H1ZR,29NPR424TKB91ZM,TS,UP,DELIVERED,2026-07-04,TRN-151383,DELPROOF-32284028
EWB519359839,INV-2026-04343,24TP0LZJJEGE1ZR,36ZC7D2KD1PO1ZV,TS,GJ,GENERATED,2026-07-13,TRN-271435,DELPROOF-03234388
EWB853144628,INV-2026-04344,07YE088O98BV1ZZ,27TD96QE3RZS1ZI,WB,KA,IN_TRANSIT,2026-08-22,TRN-920793,DELPROOF-35333478
EWB587791861,INV-2026-04345,36FEWVZNVKSP1ZZ,29AD3WRDHW9R1ZD,TS,UP,DELIVERED,2026-06-28,TRN-997296,DELPROOF-58504157
EWB809045751,INV-2026-04346,33FG51BXW76I1ZC,24BUNKNQT3WV1ZE,TN,UP,IN_TRANSIT,2026-08-24,TRN-462978,DELPROOF-19753250
EWB178327028,INV-2026-04347,37N2LM1CBHT91ZR,378E9RIVH6T11ZM,TN,DL,GENERATED,2026-09-29,TRN-486143,DELPROOF-48889635
EWB236242895,INV-2026-04348,07WIXZ2C9ROS1ZW,07DC08FC0TR51ZN,GJ,GJ,DELIVERED,2026-06-06,TRN-945019,DELPROOF-25723642
EWB930803178,INV-2026-04349,29SPD2SW24WJ1ZR,19E0Q5ZJAUCY1ZG,KA,WB,DELIVERED,2026-08-15,TRN-145781,DELPROOF-42243091
EWB184159497,INV-2026-04350,29V5S4TL0THH1ZW,0758KXO9T7E81ZF,UP,TS,GENERATED,2026-09-19,TRN-187315,DELPROOF-69713595
EWB185181180,INV-2026-04351,29SPD2SW24WJ1ZR,361U24ZQFEZK1ZE,DL,KA,GENERATED,2026-07-02,TRN-652764,DELPROOF-23003882
EWB903847059,INV-2026-04352,29955CF72GNN1ZT,24CMCOCO2ZTD1ZG,KA,KA,DELIVERED,2026-08-28,TRN-754085,DELPROOF-55233714
EWB747548357,INV-2026-04353,194C3EVWCHM41ZX,073CHO3XJVOE1ZG,AP,DL,IN_TRANSIT,2026-06-15,TRN-988653,DELPROOF-64785347
EWB966347484,INV-2026-04354,074EIJ00HOD71ZP,2796KHUB2RTS1ZM,TN,UP,GENERATED,2026-07-29,TRN-661818,DELPROOF-07074302
EWB179973669,INV-2026-04355,0806NKWFG3MW1ZS,19DAQJRTMETM1ZG,TN,MH,IN_TRANSIT,2026-07-03,TRN-806937,DELPROOF-03526343
EWB676274645,INV-2026-04356,37E8BTSMAQ3O1ZJ,19VPUZ11BJKX1ZK,WB,GJ,DELIVERED,2026-08-25,TRN-319983,DELPROOF-51837310
EWB762681580,INV-2026-04357,2721B07G2RE61ZX,24FPODPEHCYO1ZR,KA,DL,GENERATED,2026-09-23,TRN-704828,DELPROOF-59747694
EWB283365193,INV-2026-04358,37KWCYUKND1I1ZT,33C83GY1FKOL1ZD,AP,DL,DELIVERED,2026-08-18,TRN-647190,DELPROOF-80377322
EWB435064097,INV-2026-04359,0921HD4Y89OR1ZT,077H9G1A07H21ZW,UP,UP,DELIVERED,2026-08-07,TRN-612102,DELPROOF-38267247
EWB195084278,INV-2026-04360,33IT6XIYZVNL1ZO,072L4X5BWAEN1ZH,WB,AP,DELIVERED,2026-06-29,TRN-923802,DELPROOF-02364715
EWB904738508,INV-2026-04361,08IDSECHU3YC1ZN,0762HDXC6RIJ1ZJ,GJ,RJ,GENERATED,2026-08-03,TRN-546832,DELPROOF-85703215
EWB177699521,INV-2026-04362,33JZC58CU47S1ZM,09F124VF89X21ZY,KA,UP,IN_TRANSIT,2026-09-27,TRN-399708,DELPROOF-79650023
EWB889992021,INV-2026-04363,27KVR5NBHGPB1ZJ,373E950ID0331ZR,MH,TN,GENERATED,2026-07-31,TRN-808613,DELPROOF-00960751
EWB251952003,INV-2026-04364,379RWTF07GBA1ZQ,37E8BTSMAQ3O1ZJ,AP,MH,DELIVERED,2026-07-09,TRN-349876,DELPROOF-15163174
EWB883056688,INV-2026-04365,3383RU7MYOW81ZC,19EZ7BH25LLO1ZR,KA,WB,IN_TRANSIT,2026-07-20,TRN-795606,DELPROOF-95634858
EWB614026836,INV-2026-04366,0861M3J1HA0W1ZN,19Q4KREG167D1ZA,TN,UP,DELIVERED,2026-06-20,TRN-597244,DELPROOF-56666002
EWB301392402,INV-2026-04367,08WDPJBC01AR1ZU,24AJSSUUQO1V1ZQ,UP,GJ,IN_TRANSIT,2026-09-17,TRN-604902,DELPROOF-81111738
EWB529625494,INV-2026-04368,36FKRIG7JVDI1ZI,24J1QI9MQVAY1ZU,AP,KA,IN_TRANSIT,2026-08-06,TRN-555676,DELPROOF-67639932
EWB573889071,INV-2026-04369,09JDBL1G3Y2T1ZM,37DYCPN0P1XS1ZG,DL,RJ,IN_TRANSIT,2026-09-28,TRN-758640,DELPROOF-90652336
EWB586023351,INV-2026-04370,37E8BTSMAQ3O1ZJ,296JIXUB4IBH1ZH,GJ,WB,GENERATED,2026-06-14,TRN-892675,DELPROOF-58313637
EWB692044871,INV-2026-04371,37FTDRLUXM601ZA,37NWNGUCZH9I1ZD,AP,MH,GENERATED,2026-07-08,TRN-100058,DELPROOF-39531072
EWB808803960,INV-2026-04372,37AW4IOAR4G51ZS,36DLAXAHHXKW1ZB,RJ,AP,DELIVERED,2026-07-03,TRN-945984,DELPROOF-87782039
EWB236737814,INV-2026-04373,36BHHLK3YJZ91ZY,36XQ9JB354MY1ZN,TS,MH,DELIVERED,2026-06-10,TRN-849073,DELPROOF-23526669
EWB737579861,INV-2026-04374,09JKLCP9UW161ZO,07WSOZCTWJLS1ZG,GJ,RJ,GENERATED,2026-08-06,TRN-828732,DELPROOF-08358057
EWB927145401,INV-2026-04375,24MPQ0HZYJB41ZC,07LOD9R7ANQJ1ZK,TN,TN,DELIVERED,2026-08-06,TRN-649904,DELPROOF-51978815
EWB114879951,INV-2026-04376,37A37E1J7V2A1ZZ,33ML3SOJPX161ZE,WB,TS,DELIVERED,2026-09-16,TRN-480220,DELPROOF-96150908
EWB884962980,INV-2026-04377,336BEDYEJHDZ1ZU,242SO19V58B11ZS,KA,AP,DELIVERED,2026-06-24,TRN-456474,DELPROOF-67822842
EWB793644434,INV-2026-04378,337F0I9G5DZX1ZK,37WVFGYW6ZBN1ZX,DL,AP,GENERATED,2026-09-13,TRN-556801,DELPROOF-40774662
EWB403182129,INV-2026-04379,08V6OH9SDBDW1ZZ,07LC33H8G8T91ZY,AP,RJ,DELIVERED,2026-07-09,TRN-793845,DELPROOF-71378293
EWB673454903,INV-2026-04380,37ICJDAN085R1ZM,07YHQIN9N6XC1ZI,DL,RJ,DELIVERED,2026-07-05,TRN-165621,DELPROOF-10963490
EWB510213116,INV-2026-04381,33NRM31SL7ZX1ZQ,0832U1IQ2BAJ1ZD,TN,AP,DELIVERED,2026-07-14,TRN-225236,DELPROOF-70447013
EWB287575888,INV-2026-04382,08UJT9T11PHP1ZX,36P0NEC8UYO51ZY,GJ,MH,DELIVERED,2026-08-03,TRN-563191,DELPROOF-03522261
EWB163621166,INV-2026-04383,079UNFVOBBZ21ZQ,33TGDUQ6DDTB1ZW,RJ,AP,GENERATED,2026-10-04,TRN-331583,DELPROOF-88289446
EWB963823733,INV-2026-04384,29NFHOLQC3O11ZW,36N10HLINH8J1ZT,TS,KA,DELIVERED,2026-07-02,TRN-107657,DELPROOF-77009098
EWB997225334,INV-2026-04385,36WUCX67XKWQ1ZX,33S2FX0ZKWIJ1ZX,AP,KA,IN_TRANSIT,2026-06-21,TRN-612522,DELPROOF-09636143
EWB900823312,INV-2026-04386,07QG433E1I1P1ZX,0841KHT8XKOD1ZW,DL,AP,IN_TRANSIT,2026-09-02,TRN-679106,DELPROOF-17100604
EWB935874164,INV-2026-04387,24C6UZHR5XFF1ZX,19DBIDE6UITJ1ZT,TN,MH,DELIVERED,2026-08-28,TRN-159229,DELPROOF-56010657
EWB898581747,INV-2026-04388,27GWCDZ6X4FM1ZL,09JCHZJQ8CXX1ZV,KA,KA,IN_TRANSIT,2026-09-22,TRN-221677,DELPROOF-07040935
EWB928822177,INV-2026-04389,37KWCYUKND1I1ZT,36S5NKB4EHOU1ZO,TN,GJ,DELIVERED,2026-06-30,TRN-139028,DELPROOF-75001437
EWB641401854,INV-2026-04390,36GCUIDC00M61ZC,07YHQIN9N6XC1ZI,KA,AP,DELIVERED,2026-07-12,TRN-316565,DELPROOF-45380697
EWB523012069,INV-2026-04391,33RSXKJKMPLB1ZB,36WTEKTSG7FX1ZX,WB,KA,DELIVERED,2026-08-03,TRN-218922,DELPROOF-09561903
EWB155529656,INV-2026-04392,27SYJAFCO3S61ZP,37ALULDRYHR31ZV,TS,WB,DELIVERED,2026-06-20,TRN-788561,DELPROOF-43190577
EWB111477076,INV-2026-04393,19VPUZ11BJKX1ZK,36L5E11E9FTA1ZU,TS,TS,IN_TRANSIT,2026-09-22,TRN-768271,DELPROOF-92033162
EWB720763988,INV-2026-04394,072GJ8K8C9G31ZP,36I5P5NVQEBW1ZS,UP,KA,DELIVERED,2026-06-05,TRN-754164,DELPROOF-53659404
EWB791919553,INV-2026-04395,2430I6G61PCW1ZD,27HPVKU8H5R81ZL,TN,WB,GENERATED,2026-06-30,TRN-425603,DELPROOF-71670306
EWB756986696,INV-2026-04396,37ZOLNNTXRGN1ZL,08M89I9GX32U1ZE,RJ,AP,GENERATED,2026-06-07,TRN-880373,DELPROOF-48256744
EWB520340301,INV-2026-04397,3739IIXHAIAW1ZO,27M4SMZOCXMZ1ZK,KA,AP,IN_TRANSIT,2026-06-30,TRN-211011,DELPROOF-33182113
EWB153632249,INV-2026-04398,330RS210Q2LG1ZY,27WVA984UVKY1ZP,RJ,MH,DELIVERED,2026-08-29,TRN-281486,DELPROOF-25238861
EWB393324192,INV-2026-04399,37N3V1WNP9OC1ZH,19SVIWXYYTUW1ZK,DL,KA,GENERATED,2026-07-25,TRN-136567,DELPROOF-99060120
EWB218032778,INV-2026-04400,07C9R4X1V4DX1ZQ,09DK8LW2LM341ZT,DL,WB,DELIVERED,2026-07-04,TRN-688625,DELPROOF-21077576
EWB665946037,INV-2026-04401,097Q5EGVLKDN1ZM,09A1EIPICERH1ZM,KA,DL,DELIVERED,2026-09-08,TRN-142272,DELPROOF-18622539
EWB556672551,INV-2026-04402,24JR211PV58Y1ZA,096QMGK2F5FE1ZT,MH,TS,IN_TRANSIT,2026-06-30,TRN-315259,DELPROOF-47990955
EWB188123347,INV-2026-04403,27VM2P9E6GBP1ZQ,19ACJ4T0SEKK1ZB,TS,DL,DELIVERED,2026-07-23,TRN-284552,DELPROOF-15329325
EWB718439627,INV-2026-04404,24EHE2ATN2TW1ZC,36ALCKZ3VWLO1ZR,DL,WB,DELIVERED,2026-09-29,TRN-749348,DELPROOF-02391301
EWB548831701,INV-2026-04405,36PW6M9HKHJG1ZR,09E4QGM5V2WW1ZF,RJ,KA,GENERATED,2026-08-20,TRN-923053,DELPROOF-92338134
EWB870720367,INV-2026-04406,37WVFGYW6ZBN1ZX,37HL1737SUUD1ZO,AP,WB,GENERATED,2026-08-06,TRN-128715,DELPROOF-98859092
EWB309210296,INV-2026-04407,368XMOE545VY1ZA,24DO8E7FLQHR1ZP,KA,TS,DELIVERED,2026-08-02,TRN-445862,DELPROOF-09689400
EWB285046021,INV-2026-04408,19CBZAMD270S1ZR,248IOGXPBWHV1ZM,KA,AP,IN_TRANSIT,2026-08-23,TRN-836280,DELPROOF-94933997
EWB405210288,INV-2026-04409,33NRM31SL7ZX1ZQ,29O1PVLND5811ZK,DL,UP,IN_TRANSIT,2026-06-29,TRN-457877,DELPROOF-06967691
EWB701876538,INV-2026-04410,33AZCCBLSKRT1ZX,09U9TD0V2ZP41ZI,AP,AP,GENERATED,2026-06-13,TRN-663111,DELPROOF-89252842
EWB690451369,INV-2026-04411,29LD4D6AF58C1ZZ,33NHQE86O3Z01ZA,DL,DL,IN_TRANSIT,2026-06-09,TRN-739725,DELPROOF-70940346
EWB100067040,INV-2026-04412,36MJBQE7CKW51ZL,27WBPA274IR81ZB,WB,KA,GENERATED,2026-08-07,TRN-685908,DELPROOF-00907958
EWB244520612,INV-2026-04413,09JA0ASSNH2O1ZD,08OS5HRQAP5I1ZN,KA,WB,DELIVERED,2026-08-01,TRN-596553,DELPROOF-48843114
EWB552285704,INV-2026-04414,09VMK2ZYZSIL1ZS,19PW2W5506RR1ZN,UP,TN,GENERATED,2026-08-04,TRN-914161,DELPROOF-49592667
EWB648070632,INV-2026-04415,09N9T84AZYTJ1ZU,27VBNHI6HABA1ZG,DL,TS,GENERATED,2026-06-12,TRN-197022,DELPROOF-84353145
EWB134277154,INV-2026-04416,377RL2YJ09741ZU,24ZZF8ADF7PC1ZH,DL,MH,IN_TRANSIT,2026-07-22,TRN-712546,DELPROOF-23681561
EWB752346965,INV-2026-04417,33JZC58CU47S1ZM,33GXP5CITUF81ZB,AP,GJ,IN_TRANSIT,2026-06-14,TRN-201987,DELPROOF-05695799
EWB949380817,INV-2026-04418,088Z3V6DIXFW1ZS,094DMC2RH2XK1ZZ,TN,MH,IN_TRANSIT,2026-08-04,TRN-914105,DELPROOF-48755271
EWB945883109,INV-2026-04419,08VUBF99U26U1ZM,19H07WPH6FE01ZL,TS,KA,DELIVERED,2026-06-11,TRN-119600,DELPROOF-32207821
EWB546712986,INV-2026-04420,334BF5L0RXMI1ZN,071V9NPUQARY1ZL,KA,WB,DELIVERED,2026-06-22,TRN-591469,DELPROOF-99021491
EWB130139575,INV-2026-04421,37KX9DVNU80B1ZZ,27RGREWDS0HP1ZP,RJ,RJ,DELIVERED,2026-06-12,TRN-242844,DELPROOF-89011874
EWB695724648,INV-2026-04422,0921HD4Y89OR1ZT,24AF4JGQ6CN81ZQ,KA,RJ,DELIVERED,2026-09-20,TRN-309545,DELPROOF-90313041
EWB841847684,INV-2026-04423,07YHQIN9N6XC1ZI,36RNR2KYB3GD1ZS,AP,AP,DELIVERED,2026-06-12,TRN-599319,DELPROOF-43100376
EWB201489049,INV-2026-04424,2796KHUB2RTS1ZM,08NSM43D8W3Z1ZN,TS,KA,IN_TRANSIT,2026-07-12,TRN-857453,DELPROOF-73090107
EWB918929675,INV-2026-04425,278GUAS173RI1ZG,07RTT3NUPUY01ZW,TS,UP,GENERATED,2026-09-22,TRN-721138,DELPROOF-88608310
EWB352613868,INV-2026-04426,376U79XBPH5C1ZG,24DJGF1C8WQU1ZS,DL,DL,IN_TRANSIT,2026-06-15,TRN-564042,DELPROOF-95540532
EWB862663005,INV-2026-04427,08Q55IT9BN181ZG,07END7H10KYH1ZS,KA,KA,GENERATED,2026-08-13,TRN-624583,DELPROOF-53089882
EWB614516602,INV-2026-04428,2731YHXSO7VB1ZF,19Y1Z682R6ZL1ZY,GJ,AP,GENERATED,2026-08-25,TRN-762307,DELPROOF-32492067
EWB403545003,INV-2026-04429,37XFQJ3HXJ3A1ZN,09PBJEK5RBW21ZW,TS,WB,IN_TRANSIT,2026-09-09,TRN-471777,DELPROOF-75767589
EWB129820028,INV-2026-04430,24VS0CDK36M81ZI,19NGIXMC4SX21ZH,UP,TN,GENERATED,2026-10-03,TRN-726106,DELPROOF-04267183
EWB228637957,INV-2026-04431,096YO6Z1T2XC1ZA,09BR5XQT4P501ZY,WB,TN,DELIVERED,2026-06-13,TRN-537980,DELPROOF-87449598
EWB564705802,INV-2026-04432,24Q15FBS4WVT1ZX,243PGSF3YN721ZA,WB,WB,DELIVERED,2026-09-16,TRN-650635,DELPROOF-43374422
EWB330608823,INV-2026-04433,2937DL9FC1XX1ZS,07P0E36S2Z481ZD,WB,GJ,GENERATED,2026-08-07,TRN-954999,DELPROOF-97583129
EWB651269677,INV-2026-04434,27JR6EET0DY51ZS,33ZPCD1406XL1ZV,GJ,TN,IN_TRANSIT,2026-06-19,TRN-312132,DELPROOF-25554248
EWB950065788,INV-2026-04435,36U9W0TE52VX1ZQ,29XN0GUO4KH21ZT,RJ,DL,DELIVERED,2026-08-09,TRN-154655,DELPROOF-43561485
EWB120300847,INV-2026-04436,291AFDTOHRNQ1ZH,36N23Y30YSXP1ZL,WB,RJ,DELIVERED,2026-07-30,TRN-316288,DELPROOF-53039550
EWB726612821,INV-2026-04437,37RF3NAPLGW11ZU,29A2FQZTIO4M1ZM,AP,TN,IN_TRANSIT,2026-09-24,TRN-523860,DELPROOF-40480140
EWB679163254,INV-2026-04438,096OM1FB8C7X1ZX,07C9R4X1V4DX1ZQ,AP,WB,IN_TRANSIT,2026-08-28,TRN-128969,DELPROOF-91856619
EWB596761725,INV-2026-04439,37XA5S00I85S1ZW,09ISETUK1OOA1ZZ,AP,UP,DELIVERED,2026-07-06,TRN-930689,DELPROOF-80474867
EWB505140170,INV-2026-04440,08L3VZZXT9QU1ZB,07JJFGJK2N7Z1ZP,MH,GJ,DELIVERED,2026-08-06,TRN-788373,DELPROOF-75355848
EWB245010711,INV-2026-04441,0861M3J1HA0W1ZN,378E9RIVH6T11ZM,TN,DL,GENERATED,2026-08-20,TRN-571659,DELPROOF-56210430
EWB155636423,INV-2026-04442,369EHWHG0U431ZO,19DBIDE6UITJ1ZT,GJ,MH,GENERATED,2026-08-10,TRN-831367,DELPROOF-41987127
EWB269049577,INV-2026-04443,339T9CD1LQJS1ZO,36TFEBE5407K1ZI,UP,TS,IN_TRANSIT,2026-07-25,TRN-237402,DELPROOF-39335361
EWB532968751,INV-2026-04444,19U2T0JESGQ41ZB,248IOGXPBWHV1ZM,WB,TN,GENERATED,2026-07-02,TRN-755775,DELPROOF-88370301
EWB500177059,INV-2026-04445,36F2CTG08ZZK1ZJ,24V46WYSIRRK1ZY,RJ,WB,DELIVERED,2026-06-28,TRN-353825,DELPROOF-84230894
EWB526471831,INV-2026-04446,249M6MG87OI01ZE,0793ACZSX0GN1ZW,MH,KA,GENERATED,2026-07-30,TRN-405560,DELPROOF-47507485
EWB476494734,INV-2026-04447,07PMQK8SZ7IW1ZC,369C70PA8JX51ZN,KA,WB,IN_TRANSIT,2026-07-18,TRN-235260,DELPROOF-98930355
EWB843429675,INV-2026-04448,24YRVXOIEVES1ZS,08F4AQ7B7V1W1ZV,DL,MH,GENERATED,2026-08-27,TRN-362062,DELPROOF-75206779
EWB387184769,INV-2026-04449,33QKF4VGE0GY1ZA,292IV7ZZJ64Q1ZG,TN,KA,GENERATED,2026-09-04,TRN-380411,DELPROOF-37883883
EWB697507179,INV-2026-04450,0899F77LU8EL1ZE,07RYE89FX5RX1ZY,KA,TN,GENERATED,2026-08-21,TRN-894855,DELPROOF-40236779
EWB653099724,INV-2026-04451,190K5QZZKW3G1ZH,08PJ8T22C50B1ZV,TS,RJ,GENERATED,2026-07-27,TRN-810131,DELPROOF-37471079
EWB654887775,INV-2026-04452,27N9YE6BGGRM1ZO,364XGMPW5D3G1ZM,TN,UP,GENERATED,2026-09-24,TRN-515566,DELPROOF-21679485
EWB980627152,INV-2026-04453,07RF899OFPVI1ZL,37O1CJFX5LIK1ZU,WB,DL,GENERATED,2026-10-04,TRN-816076,DELPROOF-65348808
EWB485313311,INV-2026-04454,09PBJEK5RBW21ZW,1941J2PATD931ZD,UP,KA,DELIVERED,2026-07-29,TRN-723996,DELPROOF-15186452
EWB430586131,INV-2026-04455,19KXLCD81TWH1ZU,07YCG1FJGBVY1ZN,UP,WB,IN_TRANSIT,2026-06-17,TRN-222556,DELPROOF-51553522
EWB781773631,INV-2026-04456,08FNKOMV2XCD1ZV,24BRMQG1VED31ZZ,UP,WB,GENERATED,2026-09-05,TRN-751883,DELPROOF-77444824
EWB469170965,INV-2026-04457,365XIN9DL5TG1ZQ,08UJT9T11PHP1ZX,TN,WB,GENERATED,2026-07-01,TRN-549627,DELPROOF-62437727
EWB739204276,INV-2026-04458,36MOGBJZEYQQ1ZC,08QNYY95G5DO1ZF,KA,DL,GENERATED,2026-09-29,TRN-821506,DELPROOF-78972512
EWB854398905,INV-2026-04459,194DV56ONXD71ZX,33Y6452H2ZQU1ZD,WB,KA,GENERATED,2026-07-14,TRN-351792,DELPROOF-50123654
EWB466331693,INV-2026-04460,078YI340SQCN1ZE,075MY80TGH3S1ZL,TN,GJ,DELIVERED,2026-09-04,TRN-434251,DELPROOF-06479928
EWB522036406,INV-2026-04461,08GGSOU6NJ2N1ZZ,331M264UPJ161ZC,UP,UP,GENERATED,2026-06-16,TRN-399670,DELPROOF-81777984
EWB583003456,INV-2026-04462,36NGMX1GM32W1ZO,09V18KGYGGSN1ZN,TS,MH,DELIVERED,2026-07-10,TRN-430523,DELPROOF-76375410
EWB117439701,INV-2026-04463,29IRDLK9EN7D1ZK,24DURVFFFIA31ZN,KA,TN,IN_TRANSIT,2026-06-23,TRN-721041,DELPROOF-47524706
EWB204323404,INV-2026-04464,3646ESMRWGEB1ZE,33JZC58CU47S1ZM,KA,KA,IN_TRANSIT,2026-06-27,TRN-631571,DELPROOF-31226210
EWB176829494,INV-2026-04465,24FPODPEHCYO1ZR,37Y8N1UTOXIE1ZX,DL,WB,GENERATED,2026-06-12,TRN-558225,DELPROOF-41618733
EWB918621345,INV-2026-04466,079UNFVOBBZ21ZQ,24RWV9NJS96A1ZK,TS,UP,DELIVERED,2026-07-13,TRN-551863,DELPROOF-89037108
EWB654115516,INV-2026-04467,09OEMQGY27VY1ZK,2452NLOQTQ681ZT,KA,KA,GENERATED,2026-08-31,TRN-866767,DELPROOF-18879180
EWB796328418,INV-2026-04468,240EN48UACT41ZN,36Z5TOZO32TC1ZS,AP,TS,DELIVERED,2026-07-29,TRN-489473,DELPROOF-00267898
EWB475526084,INV-2026-04469,27KVR5NBHGPB1ZJ,372IHOY7DV7C1ZC,WB,KA,IN_TRANSIT,2026-07-02,TRN-252987,DELPROOF-51517943
EWB617755916,INV-2026-04470,24NBNPJDN2MI1ZF,080JQQNVCEQF1ZG,KA,RJ,DELIVERED,2026-07-20,TRN-295523,DELPROOF-15115288
EWB232618061,INV-2026-04471,29LD4D6AF58C1ZZ,271K4FPL3X2J1ZC,TN,DL,GENERATED,2026-09-14,TRN-692490,DELPROOF-01911881
EWB768762610,INV-2026-04472,19E0Q5ZJAUCY1ZG,375T82DDL7FK1ZL,RJ,TN,GENERATED,2026-09-12,TRN-185472,DELPROOF-93655289
EWB811765429,INV-2026-04473,29BXLBC8NOG81ZM,2977TNQETMNI1ZP,DL,TS,GENERATED,2026-06-30,TRN-833496,DELPROOF-09433168
EWB176156727,INV-2026-04474,19U2T0JESGQ41ZB,19LP7DFJCP0T1ZK,AP,TN,DELIVERED,2026-06-28,TRN-952072,DELPROOF-78497701
EWB349545110,INV-2026-04475,27NS6G298CQK1ZJ,0925SQ8CROYR1ZO,TS,KA,IN_TRANSIT,2026-09-07,TRN-415369,DELPROOF-52628373
EWB880297651,INV-2026-04476,08IUE2WNF5CA1ZC,338SA3IDY3C71ZP,TN,UP,GENERATED,2026-09-06,TRN-916323,DELPROOF-48119619
EWB644806394,INV-2026-04477,37E8BTSMAQ3O1ZJ,08P98RL9QFCP1ZJ,WB,MH,DELIVERED,2026-09-30,TRN-205756,DELPROOF-57840824
EWB276059587,INV-2026-04478,09XNPSV8DKMU1ZQ,27TZE5R5UQPG1ZB,MH,WB,DELIVERED,2026-10-04,TRN-552550,DELPROOF-88869960
EWB760085044,INV-2026-04479,0923GDPPQ0Y91ZD,19A09LZRK79U1ZE,UP,GJ,IN_TRANSIT,2026-09-07,TRN-337530,DELPROOF-95564832
EWB226858934,INV-2026-04480,27VM2P9E6GBP1ZQ,198CD31NRXD31ZS,MH,RJ,IN_TRANSIT,2026-08-28,TRN-622576,DELPROOF-55110592
EWB887714101,INV-2026-04481,24VORK1DJRWE1ZD,36GCUIDC00M61ZC,WB,RJ,GENERATED,2026-08-23,TRN-696242,DELPROOF-92345426
EWB566052676,INV-2026-04482,078YI340SQCN1ZE,336E07FPY1AE1ZJ,KA,GJ,IN_TRANSIT,2026-08-12,TRN-634131,DELPROOF-45175566
EWB469916679,INV-2026-04483,36JWVHPLHW4O1ZO,07NY20479T6V1ZV,UP,TS,IN_TRANSIT,2026-07-21,TRN-549272,DELPROOF-18152691
EWB909466896,INV-2026-04484,24VS9J6LNF041ZX,08XLSEUNNRLS1ZQ,WB,UP,GENERATED,2026-07-31,TRN-494596,DELPROOF-85194323
EWB427757169,INV-2026-04485,331T2TALA7531ZJ,07C4RTWUZKAM1ZS,KA,WB,GENERATED,2026-09-27,TRN-916674,DELPROOF-13476128
EWB339900601,INV-2026-04486,36UDS3QSQCQ31ZX,3302BIP18A4J1ZS,GJ,RJ,GENERATED,2026-06-12,TRN-115709,DELPROOF-32247169
EWB525377311,INV-2026-04487,24RWV9NJS96A1ZK,36L90AOBT3281ZU,MH,MH,DELIVERED,2026-06-30,TRN-624893,DELPROOF-98079487
EWB308946924,INV-2026-04488,071ZN1RIAMWU1ZZ,24QZHECBUQYP1ZH,MH,TN,DELIVERED,2026-07-28,TRN-379733,DELPROOF-93349262
EWB112621796,INV-2026-04489,24EHE2ATN2TW1ZC,24CQPHLI5L691ZZ,GJ,GJ,GENERATED,2026-06-16,TRN-412534,DELPROOF-70592554
EWB835554021,INV-2026-04490,3641A68T2A3A1ZG,29ETKDUWTN5P1ZE,TN,AP,GENERATED,2026-07-12,TRN-127936,DELPROOF-75300484
EWB553903884,INV-2026-04491,37AW4IOAR4G51ZS,24TRIJ2FRNLX1ZT,GJ,WB,DELIVERED,2026-09-08,TRN-454779,DELPROOF-40675292
EWB217823689,INV-2026-04492,37ZSXPEFJ31E1ZF,367FXLOZ2RCU1ZX,TN,UP,DELIVERED,2026-08-11,TRN-276683,DELPROOF-21632203
EWB438777955,INV-2026-04493,19FPL7QHVKVL1ZA,24OCLYT8W5RT1ZT,TS,TS,GENERATED,2026-07-14,TRN-504919,DELPROOF-13947979
EWB920599926,INV-2026-04494,09JMIYQFY7511ZW,36HE4H3GM1BW1ZV,KA,RJ,GENERATED,2026-06-07,TRN-822102,DELPROOF-10951252
EWB670526056,INV-2026-04495,24DO8E7FLQHR1ZP,27T6YRIADDUR1ZC,MH,AP,GENERATED,2026-09-29,TRN-207513,DELPROOF-18391528
EWB340233506,INV-2026-04496,29TOLAQ665DL1ZU,37SAV917RMPN1ZK,DL,DL,IN_TRANSIT,2026-06-26,TRN-614585,DELPROOF-44940694
EWB593203372,INV-2026-04497,08RKY8RYOZDP1ZN,36W04I3DZXLR1ZF,KA,AP,GENERATED,2026-07-06,TRN-798071,DELPROOF-23762404
EWB773950177,INV-2026-04498,27RE4V9KYPOF1ZJ,0782K8RYQF8W1ZV,UP,WB,DELIVERED,2026-07-02,TRN-641247,DELPROOF-76666795
EWB473885637,INV-2026-04499,33VV8Y5SIC4S1ZB,08CNWMBXEK0Q1ZH,UP,TN,DELIVERED,2026-08-18,TRN-229317,DELPROOF-14563936
EWB253504051,INV-2026-04500,29Q05PXT6RID1ZJ,241T2EP768SY1ZA,UP,TN,DELIVERED,2026-08-20,TRN-352451,DELPROOF-23649263
EWB841535391,INV-2026-04501,24DURVFFFIA31ZN,09U8WPFQ2BHA1ZH,WB,MH,GENERATED,2026-07-28,TRN-921946,DELPROOF-45637603
EWB192115074,INV-2026-04502,278GUAS173RI1ZG,37O1CJFX5LIK1ZU,UP,GJ,DELIVERED,2026-06-07,TRN-892755,DELPROOF-33016839
EWB157694638,INV-2026-04503,09ASFEN0B09Z1ZH,36ZC7D2KD1PO1ZV,TN,TS,DELIVERED,2026-06-15,TRN-876810,DELPROOF-81387187
EWB740445741,INV-2026-04504,246V4ESDNAI81ZT,09ZYF2EV4JI41ZS,MH,DL,DELIVERED,2026-08-13,TRN-163481,DELPROOF-79451726
EWB755467612,INV-2026-04505,3677Q9VJUHBP1ZP,08IO1K7F5OA31ZY,UP,TS,IN_TRANSIT,2026-09-10,TRN-676431,DELPROOF-93061816
EWB671652056,INV-2026-04506,37QPWDXYASVD1ZA,095GZPL1QWEE1ZG,TS,DL,GENERATED,2026-08-25,TRN-271124,DELPROOF-49622301
EWB704425462,INV-2026-04507,37ASJTK3LIRH1ZV,07N9UZERYF091ZY,UP,RJ,GENERATED,2026-09-08,TRN-204794,DELPROOF-88268405
EWB255841303,INV-2026-04508,08QNYY95G5DO1ZF,27BCVARLW3MG1ZZ,DL,KA,DELIVERED,2026-07-18,TRN-279417,DELPROOF-18905928
EWB617923721,INV-2026-04509,29WZK4IE86DB1ZM,193M73HC9JYP1ZA,DL,AP,IN_TRANSIT,2026-09-18,TRN-886718,DELPROOF-82429990
EWB465148659,INV-2026-04510,33OC50H2CWTG1ZY,27TD96QE3RZS1ZI,RJ,MH,IN_TRANSIT,2026-08-11,TRN-175501,DELPROOF-23593005
EWB348297540,INV-2026-04511,077H9G1A07H21ZW,36A7D0WTWS3Y1ZN,UP,GJ,DELIVERED,2026-07-25,TRN-463359,DELPROOF-75779000
EWB524569204,INV-2026-04512,24YRVXOIEVES1ZS,0952DEZH0CD81ZA,DL,UP,GENERATED,2026-08-10,TRN-928700,DELPROOF-65490003
EWB400611561,INV-2026-04513,29FWW41F7V4K1ZM,09VUNLPAIH0P1ZL,DL,RJ,DELIVERED,2026-08-22,TRN-679103,DELPROOF-67150157
EWB865052518,INV-2026-04514,09IIYMYRSVZN1ZM,36LQGA3QUPO41ZI,WB,WB,GENERATED,2026-07-19,TRN-938272,DELPROOF-38588517
EWB180885878,INV-2026-04515,091NKBTFSHB01ZM,09337KUU4YTN1ZX,GJ,GJ,GENERATED,2026-08-24,TRN-946761,DELPROOF-81778667
EWB673676104,INV-2026-04516,29NPR424TKB91ZM,1941CRO04BYV1ZA,AP,WB,DELIVERED,2026-07-15,TRN-952009,DELPROOF-85450107
EWB921958494,INV-2026-04517,24M7IDAO13TB1ZZ,37DYCPN0P1XS1ZG,MH,RJ,DELIVERED,2026-09-28,TRN-749573,DELPROOF-59272326
EWB812793961,INV-2026-04518,372RVNDFDW791ZU,33R9P6HJB2JT1ZU,TN,KA,IN_TRANSIT,2026-08-10,TRN-304555,DELPROOF-91879570
EWB437810625,INV-2026-04519,078YI340SQCN1ZE,3302BIP18A4J1ZS,KA,DL,IN_TRANSIT,2026-09-03,TRN-466546,DELPROOF-75513960
EWB904137527,INV-2026-04520,19CBZAMD270S1ZR,0716KJ752H701ZV,KA,GJ,GENERATED,2026-10-05,TRN-197800,DELPROOF-63222490
EWB512153125,INV-2026-04521,27MXPKN3B8PF1ZV,33XN4D24N9YG1ZB,KA,WB,GENERATED,2026-06-12,TRN-960856,DELPROOF-30829301
EWB640968215,INV-2026-04522,08XLSEUNNRLS1ZQ,24DO8E7FLQHR1ZP,TS,GJ,GENERATED,2026-09-22,TRN-352551,DELPROOF-43384408
EWB253009747,INV-2026-04523,07GDD8MWE7761ZT,071V9NPUQARY1ZL,WB,TN,GENERATED,2026-08-27,TRN-104813,DELPROOF-97589358
EWB680100726,INV-2026-04524,240KQD8UNPIO1ZI,29WLQ6EXNWZR1ZX,AP,TS,IN_TRANSIT,2026-07-14,TRN-640065,DELPROOF-23178483
EWB944550531,INV-2026-04525,37FLOAZ1RO031ZC,09USGEHN0Z1R1ZD,AP,TS,DELIVERED,2026-09-01,TRN-530647,DELPROOF-65986045
EWB688297759,INV-2026-04526,09HRUWA032601ZL,29GBCYH3FVL01ZZ,TS,MH,GENERATED,2026-07-15,TRN-384557,DELPROOF-29634461
EWB972896445,INV-2026-04527,36JI0Y6DPBHS1ZA,2704UX5QRL1N1ZK,UP,MH,IN_TRANSIT,2026-07-10,TRN-632814,DELPROOF-47768782
EWB124918534,INV-2026-04528,36NWBGDQEWUH1ZP,09FWB0HPMNZ11ZS,TN,WB,GENERATED,2026-07-12,TRN-786134,DELPROOF-73946195
EWB475613916,INV-2026-04529,24UCNRI2I3971ZH,07QG433E1I1P1ZX,WB,UP,DELIVERED,2026-09-24,TRN-573288,DELPROOF-41529677
EWB569601363,INV-2026-04530,19NGIXMC4SX21ZH,33N14EB8753A1ZW,RJ,UP,DELIVERED,2026-09-06,TRN-249012,DELPROOF-07962943
EWB835211519,INV-2026-04531,3739IIXHAIAW1ZO,24NHQNJVDPNG1ZU,WB,UP,GENERATED,2026-09-03,TRN-897970,DELPROOF-66653278
EWB113137199,INV-2026-04532,1912O003E82E1ZL,19SFFCXHGNZE1ZH,UP,WB,DELIVERED,2026-06-12,TRN-426755,DELPROOF-38920635
EWB499033293,INV-2026-04533,37T7S1GD1T531ZV,3641A68T2A3A1ZG,AP,MH,IN_TRANSIT,2026-06-07,TRN-949267,DELPROOF-50881727
EWB225057597,INV-2026-04534,29TOLAQ665DL1ZU,29X08N6Q7NC81ZR,TS,TN,GENERATED,2026-07-26,TRN-600659,DELPROOF-87604131
EWB818800424,INV-2026-04535,09OTHLQH7PPC1ZA,19BEF46RF7BN1ZG,KA,WB,GENERATED,2026-06-13,TRN-286853,DELPROOF-41426161
EWB634003398,INV-2026-04536,08OX22INIWC51ZA,19GX25FPLO1U1ZP,WB,TS,DELIVERED,2026-08-10,TRN-965975,DELPROOF-52436205
EWB572568290,INV-2026-04537,2452NLOQTQ681ZT,09IIYMYRSVZN1ZM,GJ,DL,DELIVERED,2026-09-28,TRN-334376,DELPROOF-06888301
EWB892411049,INV-2026-04538,09K6ILCG6FAR1ZK,08HR07N8VOEU1ZB,MH,RJ,IN_TRANSIT,2026-07-13,TRN-948527,DELPROOF-41684383
EWB913275481,INV-2026-04539,1994DNMKZA3O1ZA,37NOX8FK20761ZT,UP,RJ,IN_TRANSIT,2026-09-18,TRN-637068,DELPROOF-78248117
EWB648749026,INV-2026-04540,19JEFY3ZB4LD1ZH,3374NL03LLU11ZA,UP,DL,DELIVERED,2026-06-16,TRN-574549,DELPROOF-69591693
EWB590209996,INV-2026-04541,09OXKO8G8QYN1ZN,081W1WUDCBL41ZC,RJ,DL,GENERATED,2026-07-09,TRN-325197,DELPROOF-62586395
EWB308293742,INV-2026-04542,27P38QOLDFOR1ZV,33NHQE86O3Z01ZA,KA,DL,IN_TRANSIT,2026-08-28,TRN-679594,DELPROOF-38622317
EWB856662714,INV-2026-04543,27CR6C1PY6Q91ZV,29ATWYAM1N0L1ZG,MH,KA,IN_TRANSIT,2026-07-07,TRN-739967,DELPROOF-23244815
EWB376175003,INV-2026-04544,19CRUYF38DIU1ZN,2928DITMOWNX1ZZ,UP,KA,DELIVERED,2026-09-04,TRN-366505,DELPROOF-16798448
EWB167819297,INV-2026-04545,29WO8NBHNAL31ZG,27NZ4KHKBXPN1ZY,KA,KA,DELIVERED,2026-08-08,TRN-625930,DELPROOF-62961443
EWB757952066,INV-2026-04546,27ZGFLIG5GKZ1ZI,37TL8N3E54N61ZM,GJ,RJ,DELIVERED,2026-07-09,TRN-716116,DELPROOF-53623929
EWB317778013,INV-2026-04547,24JR211PV58Y1ZA,27W1PUWSNFFY1ZJ,UP,UP,GENERATED,2026-07-13,TRN-654010,DELPROOF-70666323
EWB306548913,INV-2026-04548,090ODWMQX5GG1ZM,29EB97PWDBOL1ZU,KA,TS,GENERATED,2026-06-29,TRN-792357,DELPROOF-59332450
EWB769763042,INV-2026-04549,33KEPLBX889E1ZP,090ODWMQX5GG1ZM,RJ,MH,GENERATED,2026-06-29,TRN-225995,DELPROOF-10883145
EWB207254245,INV-2026-04550,08NYARNNEZTE1ZD,196E1ZHWY9HE1ZC,TS,KA,GENERATED,2026-10-02,TRN-623736,DELPROOF-25504618
EWB230898837,INV-2026-04551,08PSUOVHAUVA1ZZ,372IHOY7DV7C1ZC,DL,UP,DELIVERED,2026-07-15,TRN-699515,DELPROOF-67762586
EWB644133415,INV-2026-04552,33VUQT2LWHED1ZG,091N6KVPUC8D1ZY,WB,KA,IN_TRANSIT,2026-08-21,TRN-568246,DELPROOF-69963095
EWB817291676,INV-2026-04553,19N42X2EZC7F1ZN,08OX22INIWC51ZA,GJ,GJ,GENERATED,2026-07-03,TRN-760632,DELPROOF-37013700
EWB776803678,INV-2026-04554,082ATQYYV37D1ZH,074EIJ00HOD71ZP,AP,MH,GENERATED,2026-07-14,TRN-185050,DELPROOF-08823691
EWB638791386,INV-2026-04555,271K4FPL3X2J1ZC,09PBN78BMYYM1ZR,UP,WB,GENERATED,2026-07-25,TRN-831738,DELPROOF-44861637
EWB108342029,INV-2026-04556,09QZCUCTSUFL1ZQ,369C70PA8JX51ZN,AP,AP,GENERATED,2026-06-09,TRN-205475,DELPROOF-22588655
EWB206138724,INV-2026-04557,08CPNCC2KEIV1ZK,27XK5BXJ2POP1ZM,MH,RJ,IN_TRANSIT,2026-08-28,TRN-154779,DELPROOF-28426049
EWB462866862,INV-2026-04558,334H20RAPE6W1ZR,0762HDXC6RIJ1ZJ,GJ,DL,IN_TRANSIT,2026-08-02,TRN-667079,DELPROOF-66164452
EWB310920011,INV-2026-04559,37RF3NAPLGW11ZU,29L1YA1RYZTB1ZS,RJ,TN,IN_TRANSIT,2026-07-11,TRN-135187,DELPROOF-37588407
EWB220484187,INV-2026-04560,09H9PTFNM88U1ZA,09JMIYQFY7511ZW,KA,DL,DELIVERED,2026-08-30,TRN-317403,DELPROOF-90387130
EWB558719920,INV-2026-04561,33GYSPENGWYX1ZF,29RTIG7ZD9B71ZK,WB,DL,DELIVERED,2026-06-12,TRN-816603,DELPROOF-36572336
EWB202069207,INV-2026-04562,37OJWLRKXJTM1ZV,29IRDLK9EN7D1ZK,GJ,WB,DELIVERED,2026-07-17,TRN-390466,DELPROOF-20968764
EWB627833092,INV-2026-04563,09337KUU4YTN1ZX,36H30153SFLS1ZE,UP,MH,IN_TRANSIT,2026-08-05,TRN-300277,DELPROOF-74599507
EWB387235569,INV-2026-04564,09VQHL097FZR1ZK,29389YZTKKFZ1ZW,WB,RJ,DELIVERED,2026-07-24,TRN-491370,DELPROOF-72832771
EWB136746287,INV-2026-04565,37QPWDXYASVD1ZA,07ASEH5E5RWS1ZE,WB,TS,GENERATED,2026-08-21,TRN-410612,DELPROOF-75054560
EWB984794230,INV-2026-04566,29IY5PU5WH501ZI,09F124VF89X21ZY,UP,RJ,DELIVERED,2026-07-12,TRN-774242,DELPROOF-32235215
EWB564056841,INV-2026-04567,07HHUZ83YUXY1ZN,36HZ364PKNT51ZH,TN,UP,GENERATED,2026-08-23,TRN-468778,DELPROOF-34255535
EWB920534267,INV-2026-04568,37IYNO667VGP1ZK,29RTIG7ZD9B71ZK,DL,KA,GENERATED,2026-07-17,TRN-833894,DELPROOF-21575170
EWB100699487,INV-2026-04569,097UJODCK8281ZR,27RYIEJ9C0UU1ZI,GJ,WB,IN_TRANSIT,2026-09-11,TRN-762904,DELPROOF-09585091
EWB218316726,INV-2026-04570,37OJWLRKXJTM1ZV,27JR6EET0DY51ZS,GJ,TS,DELIVERED,2026-06-09,TRN-958624,DELPROOF-35593300
EWB671748175,INV-2026-04571,24DO8E7FLQHR1ZP,2796KHUB2RTS1ZM,RJ,WB,IN_TRANSIT,2026-09-25,TRN-554433,DELPROOF-11572857
EWB622974083,INV-2026-04572,08HY25M8KB9W1ZF,090ODWMQX5GG1ZM,TS,KA,DELIVERED,2026-08-09,TRN-521352,DELPROOF-34998211
EWB505831919,INV-2026-04573,08HSLMWA6TJ31ZJ,27X2ZVL9E9ZR1ZG,TN,RJ,GENERATED,2026-09-13,TRN-898728,DELPROOF-11106463
EWB137322902,INV-2026-04574,33UPLVQEXUYH1ZE,1941CRO04BYV1ZA,MH,TN,GENERATED,2026-06-17,TRN-912960,DELPROOF-53054038
EWB636549284,INV-2026-04575,07END7H10KYH1ZS,09NB4GH2M5ZJ1ZA,RJ,UP,IN_TRANSIT,2026-08-02,TRN-898433,DELPROOF-11928863
EWB351554319,INV-2026-04576,29FS8Q0PXAEC1ZU,27W8GAKH3YCQ1ZD,UP,GJ,GENERATED,2026-09-29,TRN-188347,DELPROOF-18759318
EWB721137557,INV-2026-04577,071V9NPUQARY1ZL,08CNWMBXEK0Q1ZH,MH,KA,GENERATED,2026-06-13,TRN-778111,DELPROOF-10981964
EWB377947752,INV-2026-04578,24O0IPFG8PJV1ZP,27YKIPUT7SSO1ZO,UP,UP,GENERATED,2026-09-19,TRN-836901,DELPROOF-29441129
EWB509083565,INV-2026-04579,37IYNO667VGP1ZK,19WTEK17M6J31ZP,RJ,GJ,GENERATED,2026-06-10,TRN-263780,DELPROOF-59125461
EWB293137738,INV-2026-04580,27S832EJX5TD1ZQ,076JXNNNGBPJ1ZI,WB,UP,GENERATED,2026-06-05,TRN-250714,DELPROOF-90305954
EWB277985126,INV-2026-04581,088QTTY5Y2JR1ZH,27BOGKAH2XJQ1ZZ,MH,WB,IN_TRANSIT,2026-07-28,TRN-166862,DELPROOF-50735689
EWB571545722,INV-2026-04582,37FTDRLUXM601ZA,27FIUEFZ1C251ZV,TN,TS,IN_TRANSIT,2026-08-07,TRN-578979,DELPROOF-00599937
EWB319807071,INV-2026-04583,29232UTVG9KU1ZQ,08CPNCC2KEIV1ZK,GJ,DL,DELIVERED,2026-09-01,TRN-492730,DELPROOF-57692447
EWB176935302,INV-2026-04584,36Z1OA3VF02G1ZT,331R9Z27UJDL1ZU,TS,MH,GENERATED,2026-08-06,TRN-674369,DELPROOF-50487997
EWB630176361,INV-2026-04585,37E8BTSMAQ3O1ZJ,09PQKOJTPV601ZT,UP,TS,IN_TRANSIT,2026-10-01,TRN-297236,DELPROOF-83931632
EWB405681491,INV-2026-04586,082ATQYYV37D1ZH,0899F77LU8EL1ZE,GJ,RJ,DELIVERED,2026-09-07,TRN-743295,DELPROOF-83049468
EWB227943566,INV-2026-04587,246RPKZGGM0J1ZT,19EFQ56Q37CS1ZS,RJ,DL,GENERATED,2026-08-27,TRN-287360,DELPROOF-79500886
EWB335374914,INV-2026-04588,19C1YOHMI9AY1ZF,334X0BS3LWW71ZM,AP,AP,DELIVERED,2026-09-24,TRN-359783,DELPROOF-55693445
EWB305582911,INV-2026-04589,24CL9LCQH1UF1ZZ,36JZR5SWK8TE1ZL,GJ,RJ,DELIVERED,2026-07-24,TRN-313197,DELPROOF-13929153
EWB105965813,INV-2026-04590,075IGQPKI7P51ZR,27AHTHSJR0FZ1ZA,RJ,TS,DELIVERED,2026-09-28,TRN-500290,DELPROOF-09249931
EWB736569424,INV-2026-04591,29BUZPHD7NDJ1ZU,3366PB90SPO31ZW,MH,UP,GENERATED,2026-09-27,TRN-213631,DELPROOF-93662125
EWB877543231,INV-2026-04592,24XVDA4L3KHY1ZE,29NUI3DO70021ZF,KA,TN,DELIVERED,2026-07-02,TRN-100132,DELPROOF-55337083
EWB751010472,INV-2026-04593,29WZK4IE86DB1ZM,09CWMPEQYDBP1ZF,MH,WB,GENERATED,2026-08-09,TRN-638619,DELPROOF-24212100
EWB473098949,INV-2026-04594,07DC08FC0TR51ZN,24UE421VMEFO1ZW,GJ,WB,IN_TRANSIT,2026-08-19,TRN-365932,DELPROOF-91491227
EWB583151916,INV-2026-04595,24DURVFFFIA31ZN,37EOUBXXQ6MF1ZX,UP,RJ,IN_TRANSIT,2026-09-26,TRN-662973,DELPROOF-22956799
EWB489363966,INV-2026-04596,36F2CTG08ZZK1ZJ,37O1CJFX5LIK1ZU,MH,TS,GENERATED,2026-09-21,TRN-289139,DELPROOF-83167643
EWB210054384,INV-2026-04597,190K5QZZKW3G1ZH,19SLAYNDN5GJ1ZI,DL,AP,GENERATED,2026-08-05,TRN-213688,DELPROOF-10330148
EWB186025377,INV-2026-04598,19ETIUYMO0PQ1ZC,07GPJ60SRYZX1ZN,RJ,DL,IN_TRANSIT,2026-10-03,TRN-847420,DELPROOF-22398122
EWB128461519,INV-2026-04599,24V25AO20U9I1ZQ,294S3MEIUR921ZY,AP,KA,GENERATED,2026-07-05,TRN-950261,DELPROOF-46324783
EWB238364389,INV-2026-04600,2780ZRZ79HQT1ZV,2402WPJCF07V1ZB,TN,MH,GENERATED,2026-06-29,TRN-421903,DELPROOF-91779782
EWB680592927,INV-2026-04601,37ULJGQPQ8R41ZG,08QIMQODPXNF1ZP,TS,GJ,GENERATED,2026-07-10,TRN-128973,DELPROOF-23644418
EWB353108598,INV-2026-04602,24VFRUK94IW51ZA,09BR5XQT4P501ZY,RJ,KA,IN_TRANSIT,2026-08-03,TRN-425370,DELPROOF-23534012
EWB813115875,INV-2026-04603,19AGHFT9ZZCG1ZK,33JZC58CU47S1ZM,DL,KA,IN_TRANSIT,2026-06-22,TRN-905630,DELPROOF-59625254
EWB840222367,INV-2026-04604,3677Q9VJUHBP1ZP,27VPYMB5M9J91ZB,TS,UP,DELIVERED,2026-08-18,TRN-348795,DELPROOF-03325226
EWB957501244,INV-2026-04605,373E950ID0331ZR,36ZQ991P778R1ZL,WB,WB,GENERATED,2026-09-19,TRN-634810,DELPROOF-01271264
EWB898412888,INV-2026-04606,098DD22555JX1ZS,19EVL7FQ8ABY1ZQ,WB,TN,IN_TRANSIT,2026-06-08,TRN-806112,DELPROOF-33690014
EWB190452175,INV-2026-04607,09OEMQGY27VY1ZK,09L00EZZF8S21ZX,UP,WB,DELIVERED,2026-07-24,TRN-935049,DELPROOF-55095295
EWB137959524,INV-2026-04608,27RE4V9KYPOF1ZJ,296JQFWWXR5R1ZC,TS,TN,GENERATED,2026-08-06,TRN-234438,DELPROOF-02630758
EWB248797344,INV-2026-04609,2430VVIJVDDW1ZT,2928DITMOWNX1ZZ,MH,TS,GENERATED,2026-06-30,TRN-936583,DELPROOF-20304147
EWB285983569,INV-2026-04610,33HV3A3ZMF8M1ZC,078YI340SQCN1ZE,MH,KA,GENERATED,2026-09-28,TRN-683376,DELPROOF-16761852
EWB108628282,INV-2026-04611,09AM148P0TVH1ZH,0832U1IQ2BAJ1ZD,WB,RJ,DELIVERED,2026-08-06,TRN-344276,DELPROOF-29068553
EWB297205085,INV-2026-04612,09GPJNVWRXGK1ZH,088QTTY5Y2JR1ZH,TS,RJ,IN_TRANSIT,2026-09-14,TRN-597470,DELPROOF-94906918
EWB722341485,INV-2026-04613,19SLAYNDN5GJ1ZI,33A8D7204J3M1ZH,RJ,TS,DELIVERED,2026-07-01,TRN-800075,DELPROOF-47729899
EWB440979342,INV-2026-04614,36HZ364PKNT51ZH,36H30153SFLS1ZE,GJ,DL,DELIVERED,2026-09-19,TRN-261080,DELPROOF-85140513
EWB678108079,INV-2026-04615,33QKF4VGE0GY1ZA,29J76BIVISS81ZI,TN,TN,IN_TRANSIT,2026-06-09,TRN-594695,DELPROOF-95171359
EWB905101472,INV-2026-04616,33X1945NQ4FM1ZV,29NQWHOCPY8U1ZD,KA,WB,IN_TRANSIT,2026-09-24,TRN-670319,DELPROOF-67717728
EWB905434696,INV-2026-04617,08OS5HRQAP5I1ZN,074I6R8SO5WI1ZQ,MH,DL,IN_TRANSIT,2026-08-25,TRN-817306,DELPROOF-49236346
EWB675541389,INV-2026-04618,3389FKBI4O6Q1ZX,27CR6C1PY6Q91ZV,RJ,WB,GENERATED,2026-09-06,TRN-590513,DELPROOF-40835359
EWB943439824,INV-2026-04619,27NZ4KHKBXPN1ZY,09DK8LW2LM341ZT,UP,MH,DELIVERED,2026-09-09,TRN-530199,DELPROOF-73580798
EWB718737731,INV-2026-04620,07P0E36S2Z481ZD,27N8ND7G0L3R1ZQ,GJ,AP,IN_TRANSIT,2026-09-15,TRN-682968,DELPROOF-87808153
EWB209478633,INV-2026-04621,24UBLMNTFK7O1ZP,37SQ0P82KB701ZX,KA,GJ,DELIVERED,2026-07-02,TRN-567039,DELPROOF-09724419
EWB881055269,INV-2026-04622,07END7H10KYH1ZS,33EJZXPR2D0V1ZG,UP,DL,IN_TRANSIT,2026-08-09,TRN-258163,DELPROOF-20051932
EWB860789600,INV-2026-04623,274P61NHVCFW1ZP,27T6YRIADDUR1ZC,DL,DL,GENERATED,2026-07-27,TRN-252143,DELPROOF-84187471
EWB845670827,INV-2026-04624,36SBUOV6TT9Q1ZY,091NKBTFSHB01ZM,AP,DL,GENERATED,2026-06-26,TRN-479045,DELPROOF-53834897
EWB239570926,INV-2026-04625,0778S6764CAQ1ZJ,091N6KVPUC8D1ZY,RJ,MH,IN_TRANSIT,2026-08-31,TRN-933055,DELPROOF-31072028
EWB563305073,INV-2026-04626,19S0765ICAUT1ZI,09U9TD0V2ZP41ZI,AP,AP,IN_TRANSIT,2026-07-22,TRN-397292,DELPROOF-99962754
EWB752401563,INV-2026-04627,27VPYMB5M9J91ZB,377RL2YJ09741ZU,UP,UP,GENERATED,2026-06-25,TRN-300178,DELPROOF-97691065
EWB851585314,INV-2026-04628,19FYO1750CEH1ZK,33W6JL2L5B561ZB,MH,TS,DELIVERED,2026-09-05,TRN-678311,DELPROOF-94975117
EWB406221991,INV-2026-04629,2402WPJCF07V1ZB,27S832EJX5TD1ZQ,KA,DL,DELIVERED,2026-08-24,TRN-264403,DELPROOF-41718038
EWB697133725,INV-2026-04630,19N42X2EZC7F1ZN,27P38QOLDFOR1ZV,TS,KA,GENERATED,2026-07-29,TRN-800778,DELPROOF-08158758
EWB997402914,INV-2026-04631,27W1PUWSNFFY1ZJ,27MOQXHGLG4P1ZX,RJ,GJ,GENERATED,2026-06-24,TRN-465878,DELPROOF-29477868
EWB366036146,INV-2026-04632,09GXNX4SN6SM1ZL,24VS9J6LNF041ZX,AP,RJ,DELIVERED,2026-09-13,TRN-475434,DELPROOF-18397459
EWB214161494,INV-2026-04633,19TNGVN1KICJ1ZM,078YI340SQCN1ZE,DL,UP,GENERATED,2026-08-08,TRN-274057,DELPROOF-40802115
EWB760864986,INV-2026-04634,29A2FQZTIO4M1ZM,24DO8E7FLQHR1ZP,DL,DL,DELIVERED,2026-10-03,TRN-197853,DELPROOF-89784511
EWB213115531,INV-2026-04635,27D0RLEXDW6L1ZO,24XVDA4L3KHY1ZE,GJ,AP,GENERATED,2026-08-03,TRN-358175,DELPROOF-52155530
EWB647019158,INV-2026-04636,085V0175DU231ZI,095WFCPKJCSL1ZO,RJ,WB,GENERATED,2026-07-25,TRN-616861,DELPROOF-98602049
EWB507459703,INV-2026-04637,08GK6T9DHSZN1ZS,3366PB90SPO31ZW,KA,WB,IN_TRANSIT,2026-06-25,TRN-381693,DELPROOF-86440995
EWB911650467,INV-2026-04638,33NVQRFXNTF01ZL,08H9NKLYBWGM1ZN,AP,KA,DELIVERED,2026-06-16,TRN-570310,DELPROOF-78727281
EWB754454251,INV-2026-04639,08RKY8RYOZDP1ZN,24VT3X8VE00H1ZZ,RJ,RJ,DELIVERED,2026-08-29,TRN-691384,DELPROOF-11673399
EWB602089248,INV-2026-04640,29W5L4RMVVNX1ZH,09GPP1NOQU9Y1ZD,UP,AP,DELIVERED,2026-09-19,TRN-315662,DELPROOF-48947833
EWB781454318,INV-2026-04641,08BVSIGBIAF91ZY,244UNY181ACJ1ZB,UP,WB,DELIVERED,2026-09-10,TRN-660823,DELPROOF-02289549
EWB600301887,INV-2026-04642,36N10HLINH8J1ZT,29UPPGBIVSCU1ZN,DL,TS,DELIVERED,2026-09-26,TRN-210128,DELPROOF-37533373
EWB614060906,INV-2026-04643,299DYFNGP41S1ZO,36I5P5NVQEBW1ZS,KA,TS,IN_TRANSIT,2026-08-14,TRN-439430,DELPROOF-77141427
EWB414814252,INV-2026-04644,33N14EB8753A1ZW,19Z02XRGHC0C1ZK,TS,TN,GENERATED,2026-09-03,TRN-207273,DELPROOF-81174798
EWB690615379,INV-2026-04645,29Y2X15XJXNE1ZC,33UPLVQEXUYH1ZE,AP,GJ,IN_TRANSIT,2026-09-07,TRN-907149,DELPROOF-32572084
EWB676040386,INV-2026-04646,249OE9419QZP1ZM,33Y8GY39BU4U1ZW,UP,DL,GENERATED,2026-08-19,TRN-103682,DELPROOF-03576340
EWB385863230,INV-2026-04647,333LOUFHW8WL1ZT,24JDTVV2Y4XK1ZQ,RJ,RJ,DELIVERED,2026-09-14,TRN-213363,DELPROOF-38272747
EWB354895269,INV-2026-04648,07YCG1FJGBVY1ZN,19SFFCXHGNZE1ZH,TS,TN,IN_TRANSIT,2026-06-26,TRN-276026,DELPROOF-43363222
EWB258230260,INV-2026-04649,07N9UZERYF091ZY,27XK5BXJ2POP1ZM,WB,TN,GENERATED,2026-09-14,TRN-436380,DELPROOF-68916123
EWB742140428,INV-2026-04650,09P06IDIIOH61ZC,29NFHOLQC3O11ZW,DL,KA,GENERATED,2026-08-09,TRN-807145,DELPROOF-80759206
EWB943790524,INV-2026-04651,36JI0Y6DPBHS1ZA,24DPWVBZ7CN01ZE,DL,TN,DELIVERED,2026-06-09,TRN-472495,DELPROOF-56094530
EWB783333957,INV-2026-04652,07YE088O98BV1ZZ,19H6NHKSQNAL1ZN,TN,DL,IN_TRANSIT,2026-06-15,TRN-245726,DELPROOF-66612441
EWB934980201,INV-2026-04653,33FNOTIA41SS1ZZ,29JGKCQY26561ZA,UP,DL,GENERATED,2026-08-26,TRN-572077,DELPROOF-47606655
EWB927273228,INV-2026-04654,08MF4NNKM95D1ZX,29AD3WRDHW9R1ZD,AP,MH,IN_TRANSIT,2026-06-25,TRN-988446,DELPROOF-71839122
EWB634166878,INV-2026-04655,19AYYOSYEOZ91ZX,09KO4BUSU9F81ZO,AP,WB,GENERATED,2026-09-12,TRN-143064,DELPROOF-44711499
EWB133610460,INV-2026-04656,33GXP5CITUF81ZB,24CKQVIIFRCH1ZW,RJ,GJ,DELIVERED,2026-07-28,TRN-388794,DELPROOF-62431812
EWB452354830,INV-2026-04657,19486I3CE8ZN1ZA,19ACJ4T0SEKK1ZB,WB,RJ,DELIVERED,2026-08-21,TRN-780227,DELPROOF-40639673
EWB372556173,INV-2026-04658,377RL2YJ09741ZU,07RF899OFPVI1ZL,TS,TN,GENERATED,2026-08-03,TRN-613555,DELPROOF-94884817
EWB598558397,INV-2026-04659,279L3H03ZB5G1ZP,19BEF46RF7BN1ZG,TS,KA,DELIVERED,2026-08-06,TRN-970696,DELPROOF-86846316
EWB961945892,INV-2026-04660,074MJDXO100V1ZG,247X5RRNYCIH1ZE,MH,AP,DELIVERED,2026-06-27,TRN-703027,DELPROOF-09995863
EWB920871981,INV-2026-04661,37XA5S00I85S1ZW,27TDMO8RC64S1ZJ,KA,KA,GENERATED,2026-06-09,TRN-481947,DELPROOF-54309622
EWB216823512,INV-2026-04662,37DYCPN0P1XS1ZG,33TGDUQ6DDTB1ZW,DL,TS,DELIVERED,2026-08-05,TRN-256257,DELPROOF-62026094
EWB240762811,INV-2026-04663,33CITFOYQBKK1ZO,2762C1JLOPO61ZI,GJ,WB,IN_TRANSIT,2026-08-10,TRN-453660,DELPROOF-03973792
EWB620753322,INV-2026-04664,19QFGV0EC14M1ZZ,37AW4IOAR4G51ZS,RJ,RJ,DELIVERED,2026-07-14,TRN-793434,DELPROOF-27255661
EWB945724462,INV-2026-04665,19VPUZ11BJKX1ZK,279L3H03ZB5G1ZP,AP,AP,DELIVERED,2026-07-29,TRN-965194,DELPROOF-49940698
EWB299475909,INV-2026-04666,37JC36OQOLOE1ZA,0845VDB828191ZZ,TS,AP,DELIVERED,2026-09-30,TRN-424862,DELPROOF-08326817
EWB662344226,INV-2026-04667,09A1EIPICERH1ZM,367GBDGBXNRW1ZS,MH,UP,DELIVERED,2026-06-14,TRN-533855,DELPROOF-62161363
EWB304491026,INV-2026-04668,07YCG1FJGBVY1ZN,19U1OE5EI28D1ZQ,KA,AP,DELIVERED,2026-06-24,TRN-381509,DELPROOF-05054403
EWB810817187,INV-2026-04669,29C9LGYTLCQF1ZL,37JVLCG1J5EW1ZE,WB,DL,DELIVERED,2026-06-08,TRN-185326,DELPROOF-87316030
EWB987227452,INV-2026-04670,078CYNL63GAG1ZS,08DJE153A5QB1ZQ,WB,DL,DELIVERED,2026-08-02,TRN-742499,DELPROOF-77422573
EWB171697952,INV-2026-04671,27SFHVMLJEKB1ZT,07QG433E1I1P1ZX,GJ,TS,GENERATED,2026-07-26,TRN-272496,DELPROOF-95123557
EWB775237261,INV-2026-04672,37U84XYJOA211ZA,07CCI68DS03V1ZM,RJ,TS,IN_TRANSIT,2026-09-04,TRN-663778,DELPROOF-20664047
EWB560773910,INV-2026-04673,243PGSF3YN721ZA,36FXQ7BZEGBL1ZZ,GJ,AP,DELIVERED,2026-07-05,TRN-675646,DELPROOF-41036021
EWB860785594,INV-2026-04674,29H4GG24479Q1ZR,19EZ7BH25LLO1ZR,MH,AP,GENERATED,2026-06-20,TRN-837439,DELPROOF-34323392
EWB751504214,INV-2026-04675,24E4PO1I3MSD1ZL,362BNE6LOH251ZL,RJ,KA,GENERATED,2026-07-07,TRN-331834,DELPROOF-97403485
EWB665438226,INV-2026-04676,295VRZ38EFE91ZT,0923GDPPQ0Y91ZD,DL,RJ,DELIVERED,2026-07-14,TRN-801315,DELPROOF-98368037
EWB375990666,INV-2026-04677,299GNLPYO2M21ZU,191LLKSTN3CP1ZS,RJ,TN,IN_TRANSIT,2026-07-22,TRN-867911,DELPROOF-71892032
EWB491692881,INV-2026-04678,074I6R8SO5WI1ZQ,37M6X7P7AHUG1ZX,TN,MH,IN_TRANSIT,2026-08-24,TRN-391974,DELPROOF-26582656
EWB917868565,INV-2026-04679,191KFK7Y6QXD1ZQ,29C09ZGNX3VP1ZE,RJ,TN,IN_TRANSIT,2026-09-22,TRN-741777,DELPROOF-41998762
EWB826928146,INV-2026-04680,07WIXZ2C9ROS1ZW,246S5ZXQOMTS1ZY,DL,TS,IN_TRANSIT,2026-07-11,TRN-458088,DELPROOF-29376230
EWB709184614,INV-2026-04681,29Q05PXT6RID1ZJ,37V80LKX1S9X1ZJ,GJ,TS,GENERATED,2026-08-22,TRN-307659,DELPROOF-74401345
EWB793236882,INV-2026-04682,24KRZD5E9P3J1ZN,36Z1OA3VF02G1ZT,UP,WB,IN_TRANSIT,2026-07-07,TRN-727678,DELPROOF-38998061
EWB822391168,INV-2026-04683,0987XW69HZGO1ZN,334BJ3BQRR871ZH,MH,AP,GENERATED,2026-06-09,TRN-815340,DELPROOF-12806380
EWB118786558,INV-2026-04684,36V0LG92MJEQ1ZA,27KVR5NBHGPB1ZJ,TS,RJ,IN_TRANSIT,2026-08-15,TRN-548513,DELPROOF-83949977
EWB535175078,INV-2026-04685,37DYCPN0P1XS1ZG,24I7E1DDQLEM1ZY,TN,GJ,DELIVERED,2026-06-11,TRN-117417,DELPROOF-10301141
EWB794515589,INV-2026-04686,29JZ09OWGMF41ZK,36NEGN2B4JTJ1ZZ,TS,KA,GENERATED,2026-08-11,TRN-451201,DELPROOF-30219142
EWB279470626,INV-2026-04687,377SO8W5038H1ZT,331M264UPJ161ZC,UP,KA,DELIVERED,2026-06-11,TRN-155552,DELPROOF-07051718
EWB426304148,INV-2026-04688,19BEF46RF7BN1ZG,36S5NKB4EHOU1ZO,TS,MH,DELIVERED,2026-09-01,TRN-621698,DELPROOF-31626290
EWB752436162,INV-2026-04689,0767LM8E49IT1ZE,24V46WYSIRRK1ZY,WB,TN,GENERATED,2026-09-04,TRN-886071,DELPROOF-33851424
EWB272766349,INV-2026-04690,09GPJNVWRXGK1ZH,09GSTQMGVU4I1ZQ,RJ,GJ,GENERATED,2026-08-08,TRN-780888,DELPROOF-06104622
EWB753198386,INV-2026-04691,079UNFVOBBZ21ZQ,24K03W0FGEA91ZT,TN,AP,IN_TRANSIT,2026-08-14,TRN-626708,DELPROOF-00514031
EWB902007733,INV-2026-04692,27I3OQYFOQMF1ZW,37ZDY3O1ICNS1ZR,WB,DL,IN_TRANSIT,2026-09-20,TRN-338458,DELPROOF-52860048
EWB306306505,INV-2026-04693,37M5PUU62RZV1ZY,19C1YOHMI9AY1ZF,RJ,TN,GENERATED,2026-07-20,TRN-836484,DELPROOF-91529226
EWB794958762,INV-2026-04694,2731YHXSO7VB1ZF,07DMLC8XIZX31ZP,TN,MH,DELIVERED,2026-08-09,TRN-314544,DELPROOF-14921623
EWB496464746,INV-2026-04695,19B3XMDKRLC01ZV,27ZGFLIG5GKZ1ZI,UP,TS,GENERATED,2026-08-11,TRN-120222,DELPROOF-51244916
EWB320178717,INV-2026-04696,09VC9AQX6RZC1ZL,24KRZD5E9P3J1ZN,MH,GJ,GENERATED,2026-10-03,TRN-112121,DELPROOF-23339588
EWB536102896,INV-2026-04697,07QG433E1I1P1ZX,24MPQ0HZYJB41ZC,KA,RJ,GENERATED,2026-07-09,TRN-763345,DELPROOF-71374470
EWB252172120,INV-2026-04698,08PSUOVHAUVA1ZZ,09GPJNVWRXGK1ZH,AP,AP,IN_TRANSIT,2026-07-05,TRN-500910,DELPROOF-49084934
EWB604645383,INV-2026-04699,0923GDPPQ0Y91ZD,29TOUHYLU6K71ZN,UP,TN,GENERATED,2026-08-05,TRN-482555,DELPROOF-18588161
EWB954513419,INV-2026-04700,08GGSOU6NJ2N1ZZ,09FOP8QZJULI1ZF,GJ,MH,GENERATED,2026-07-12,TRN-427043,DELPROOF-15213465
EWB978776657,INV-2026-04701,29TOUHYLU6K71ZN,37FTDRLUXM601ZA,KA,GJ,DELIVERED,2026-09-13,TRN-379417,DELPROOF-10460874
EWB407385137,INV-2026-04702,09P4RXMD8ZVF1ZQ,08IUE2WNF5CA1ZC,TS,RJ,DELIVERED,2026-08-18,TRN-498405,DELPROOF-67503306
EWB818492334,INV-2026-04703,0782K8RYQF8W1ZV,27T1ELOU83G41ZV,KA,DL,GENERATED,2026-08-29,TRN-935979,DELPROOF-04114760
EWB674981237,INV-2026-04704,37ALULDRYHR31ZV,095GZPL1QWEE1ZG,TS,RJ,DELIVERED,2026-07-22,TRN-361260,DELPROOF-77939896
EWB457041102,INV-2026-04705,19OZ7QMJCENT1ZM,29O1PVLND5811ZK,GJ,KA,DELIVERED,2026-09-02,TRN-374174,DELPROOF-87883390
EWB863087756,INV-2026-04706,36UDS3QSQCQ31ZX,24R3UV43MCO01ZC,RJ,TS,GENERATED,2026-08-26,TRN-749680,DELPROOF-38753381
EWB741272529,INV-2026-04707,24JJBFSA5UZL1ZW,096YO6Z1T2XC1ZA,RJ,RJ,GENERATED,2026-06-21,TRN-782861,DELPROOF-56058894
EWB626970103,INV-2026-04708,07KA34MQA78R1ZA,29VM96N7KBNK1ZE,MH,WB,GENERATED,2026-08-08,TRN-719222,DELPROOF-40161798
EWB348468172,INV-2026-04709,19NGIXMC4SX21ZH,33A8D7204J3M1ZH,GJ,DL,GENERATED,2026-06-11,TRN-967819,DELPROOF-01000776
EWB537129189,INV-2026-04710,377SO8W5038H1ZT,29VM96N7KBNK1ZE,MH,GJ,IN_TRANSIT,2026-08-11,TRN-653416,DELPROOF-05360614
EWB134664544,INV-2026-04711,33I1B0Z3NX391ZP,09H9PTFNM88U1ZA,UP,UP,IN_TRANSIT,2026-09-09,TRN-804284,DELPROOF-53761813
EWB348374305,INV-2026-04712,19JEFY3ZB4LD1ZH,09VMK2ZYZSIL1ZS,TS,KA,DELIVERED,2026-06-12,TRN-888686,DELPROOF-65394948
EWB348664447,INV-2026-04713,37FTDRLUXM601ZA,197ZQPPOAU8P1ZY,KA,UP,IN_TRANSIT,2026-06-24,TRN-572737,DELPROOF-33328997
EWB995158356,INV-2026-04714,27W8GAKH3YCQ1ZD,08MF4NNKM95D1ZX,TS,TN,GENERATED,2026-07-04,TRN-746661,DELPROOF-40807375
EWB636906988,INV-2026-04715,29A2FQZTIO4M1ZM,08ITMOFMMWI91ZQ,UP,DL,GENERATED,2026-07-04,TRN-271249,DELPROOF-39374378
EWB329056836,INV-2026-04716,37WZZG4C4EPZ1ZK,36XCS1XSRQLN1ZW,RJ,TN,DELIVERED,2026-06-28,TRN-774690,DELPROOF-96610604
EWB805129851,INV-2026-04717,33TL2UG05WH21ZK,09OTHLQH7PPC1ZA,TN,RJ,GENERATED,2026-06-25,TRN-416284,DELPROOF-41742074
EWB576161299,INV-2026-04718,33DY5EGTBXPS1ZN,3784U89YJB1Q1ZU,MH,DL,IN_TRANSIT,2026-06-15,TRN-857552,DELPROOF-49687197
EWB984059883,INV-2026-04719,08NYARNNEZTE1ZD,27RE4V9KYPOF1ZJ,TN,DL,DELIVERED,2026-10-01,TRN-453848,DELPROOF-61573173
EWB257695410,INV-2026-04720,19I08L0HG9NC1ZA,19NGIXMC4SX21ZH,TN,GJ,DELIVERED,2026-09-17,TRN-273760,DELPROOF-76347553
EWB656142594,INV-2026-04721,365XRSI7EADG1ZG,09YL68NTK63N1ZZ,GJ,TS,IN_TRANSIT,2026-08-06,TRN-856605,DELPROOF-12952910
EWB267278307,INV-2026-04722,33JXL66YA6BA1ZZ,27IS2GY9YTJU1ZO,WB,WB,IN_TRANSIT,2026-09-15,TRN-111370,DELPROOF-42148019
EWB832172636,INV-2026-04723,27FAW1LXXD8T1ZY,24RWV9NJS96A1ZK,DL,TN,GENERATED,2026-08-17,TRN-807236,DELPROOF-21453957
EWB167052007,INV-2026-04724,37NOX8FK20761ZT,37NWNGUCZH9I1ZD,RJ,GJ,GENERATED,2026-09-27,TRN-220345,DELPROOF-98860059
EWB769373603,INV-2026-04725,27ZNBQH7M35I1ZV,36IT2018U9N71ZF,MH,DL,GENERATED,2026-07-16,TRN-776866,DELPROOF-14147465
EWB469337526,INV-2026-04726,37N2LM1CBHT91ZR,19AYYOSYEOZ91ZX,RJ,GJ,GENERATED,2026-07-27,TRN-544363,DELPROOF-54167301
EWB113717679,INV-2026-04727,27CR6C1PY6Q91ZV,079UNFVOBBZ21ZQ,KA,TS,GENERATED,2026-06-24,TRN-912409,DELPROOF-55357997
EWB860602132,INV-2026-04728,36CYD52ALUNQ1ZP,27L8MWOB4FDD1ZV,UP,AP,IN_TRANSIT,2026-10-05,TRN-773224,DELPROOF-30665781
EWB881252152,INV-2026-04729,19WVTKH861PQ1ZH,19JY5OP9LBSM1ZT,UP,TS,IN_TRANSIT,2026-09-25,TRN-973844,DELPROOF-82499859
EWB895830954,INV-2026-04730,29WO8NBHNAL31ZG,331ZM4IX4ZCR1ZG,KA,UP,IN_TRANSIT,2026-07-09,TRN-128731,DELPROOF-85493375
EWB730364851,INV-2026-04731,37TEAVT8K06M1ZN,27AHTHSJR0FZ1ZA,TS,GJ,DELIVERED,2026-07-14,TRN-265944,DELPROOF-88561296
EWB144266908,INV-2026-04732,33NN6TJ9XPF01ZA,278HL88KZRUI1ZM,KA,GJ,GENERATED,2026-08-16,TRN-488642,DELPROOF-46963151
EWB867408658,INV-2026-04733,07ASEH5E5RWS1ZE,33X1945NQ4FM1ZV,AP,DL,IN_TRANSIT,2026-09-30,TRN-948801,DELPROOF-43036395
EWB143559510,INV-2026-04734,36OLJQ52WSPO1ZE,33CXLL4ZKLOO1ZJ,RJ,DL,IN_TRANSIT,2026-10-01,TRN-503513,DELPROOF-83093747
EWB131400023,INV-2026-04735,1934KUQAAJ841ZP,27PF0R8U7WPG1ZB,GJ,AP,IN_TRANSIT,2026-07-14,TRN-629174,DELPROOF-40141043
EWB432837595,INV-2026-04736,331T2TALA7531ZJ,08JAE58HUXG21ZL,AP,RJ,GENERATED,2026-08-16,TRN-781622,DELPROOF-51654250
EWB390714019,INV-2026-04737,249NB74X2EK31ZW,19ERBYEAWHML1ZT,KA,DL,IN_TRANSIT,2026-08-20,TRN-572916,DELPROOF-74900879
EWB933826936,INV-2026-04738,08FNKOMV2XCD1ZV,19MRUNJDU0IS1ZB,TS,AP,GENERATED,2026-09-14,TRN-445089,DELPROOF-72989734
EWB232891882,INV-2026-04739,37NWNGUCZH9I1ZD,3313CD5GLQJ51ZQ,AP,AP,GENERATED,2026-07-30,TRN-285403,DELPROOF-68362810
EWB414339670,INV-2026-04740,37NZASYWDRKU1ZN,19ZJ4KJEITKX1ZI,UP,KA,GENERATED,2026-07-13,TRN-977135,DELPROOF-90156975
EWB891269481,INV-2026-04741,331ZM4IX4ZCR1ZG,37E8BTSMAQ3O1ZJ,MH,AP,IN_TRANSIT,2026-09-20,TRN-516669,DELPROOF-74433228
EWB428599561,INV-2026-04742,33SDUHH03G951ZO,19CBZAMD270S1ZR,UP,RJ,DELIVERED,2026-08-14,TRN-290743,DELPROOF-90486596
EWB181242212,INV-2026-04743,37SNTP8AK8S21ZV,071E1630POCR1ZX,MH,KA,GENERATED,2026-07-26,TRN-510475,DELPROOF-62456785
EWB867993209,INV-2026-04744,36X48WZE4EX61ZS,36IT2018U9N71ZF,UP,WB,DELIVERED,2026-07-23,TRN-723356,DELPROOF-38527976
EWB719219116,INV-2026-04745,1941J2PATD931ZD,09NXZDZB5F5T1ZV,TS,DL,IN_TRANSIT,2026-07-27,TRN-447117,DELPROOF-70675008
EWB762923148,INV-2026-04746,09337KUU4YTN1ZX,09XNPSV8DKMU1ZQ,AP,TS,IN_TRANSIT,2026-09-27,TRN-854930,DELPROOF-90944434
EWB424328812,INV-2026-04747,075IGQPKI7P51ZR,07FARK6O0U931ZK,KA,UP,GENERATED,2026-09-02,TRN-347827,DELPROOF-25884515
EWB996774084,INV-2026-04748,091N6KVPUC8D1ZY,29J76BIVISS81ZI,AP,GJ,IN_TRANSIT,2026-09-14,TRN-373276,DELPROOF-99421967
EWB562627291,INV-2026-04749,37LDSFR4MUEK1ZH,37A37E1J7V2A1ZZ,RJ,WB,GENERATED,2026-07-29,TRN-498271,DELPROOF-00715761
EWB384379392,INV-2026-04750,294JWPXEFAF01ZH,37ZDY3O1ICNS1ZR,WB,TN,DELIVERED,2026-07-02,TRN-867191,DELPROOF-03586184
EWB672478135,INV-2026-04751,33E02TOXOU0Y1ZD,19DBIDE6UITJ1ZT,KA,UP,DELIVERED,2026-07-25,TRN-874124,DELPROOF-41846249
EWB875504995,INV-2026-04752,24CKQVIIFRCH1ZW,1934KUQAAJ841ZP,AP,RJ,DELIVERED,2026-09-10,TRN-869129,DELPROOF-75453572
EWB343743193,INV-2026-04753,19429OMUWAHK1ZZ,37KWOALF4V1T1ZU,TN,GJ,GENERATED,2026-07-15,TRN-247007,DELPROOF-06444704
EWB917624339,INV-2026-04754,36MJBQE7CKW51ZL,373UBM9XHCGR1ZW,MH,WB,IN_TRANSIT,2026-08-06,TRN-430514,DELPROOF-96556401
EWB247618118,INV-2026-04755,24AF4JGQ6CN81ZQ,085V0175DU231ZI,TS,GJ,IN_TRANSIT,2026-06-13,TRN-276776,DELPROOF-53840907
EWB887933803,INV-2026-04756,27FAW1LXXD8T1ZY,37O1CJFX5LIK1ZU,GJ,RJ,IN_TRANSIT,2026-08-01,TRN-899833,DELPROOF-16657367
EWB894706163,INV-2026-04757,2928DITMOWNX1ZZ,0984Z4UR2YUP1ZL,AP,UP,DELIVERED,2026-09-06,TRN-408731,DELPROOF-33806003
EWB619826987,INV-2026-04758,291AFDTOHRNQ1ZH,33I1B0Z3NX391ZP,GJ,WB,IN_TRANSIT,2026-09-27,TRN-752937,DELPROOF-55895240
EWB771574258,INV-2026-04759,090IMJYJCMRS1ZD,361U24ZQFEZK1ZE,UP,MH,GENERATED,2026-08-28,TRN-409352,DELPROOF-41136005
EWB385186049,INV-2026-04760,33NN6TJ9XPF01ZA,377RL2YJ09741ZU,GJ,MH,GENERATED,2026-06-27,TRN-733629,DELPROOF-59193817
EWB182238933,INV-2026-04761,36WS44C68AU91ZD,37OK63RVWOZQ1ZV,MH,AP,IN_TRANSIT,2026-10-01,TRN-118942,DELPROOF-63881460
EWB635319550,INV-2026-04762,19DNWT2FES5C1ZQ,095935A0L7251ZZ,TS,UP,DELIVERED,2026-07-25,TRN-352293,DELPROOF-28817417
EWB125237223,INV-2026-04763,193V23GXJ0MQ1ZS,07QG433E1I1P1ZX,WB,TS,DELIVERED,2026-09-28,TRN-128892,DELPROOF-79563001
EWB617585329,INV-2026-04764,36GWY7D78HWK1ZZ,24LGB0S0R2SD1ZQ,DL,UP,DELIVERED,2026-07-18,TRN-913059,DELPROOF-50614351
EWB401938057,INV-2026-04765,09N6NBYZM2421ZN,37BBKJY2NZ7V1ZD,KA,DL,DELIVERED,2026-06-26,TRN-569745,DELPROOF-00085278
EWB353123884,INV-2026-04766,07GPJ60SRYZX1ZN,19MRUNJDU0IS1ZB,MH,AP,GENERATED,2026-07-11,TRN-328305,DELPROOF-95832351
EWB503873625,INV-2026-04767,3307S387J5IE1ZZ,0925SQ8CROYR1ZO,RJ,DL,GENERATED,2026-08-29,TRN-796473,DELPROOF-19406245
EWB772077372,INV-2026-04768,333LOUFHW8WL1ZT,248IOGXPBWHV1ZM,DL,DL,GENERATED,2026-07-21,TRN-365729,DELPROOF-46873445
EWB860953413,INV-2026-04769,246S5ZXQOMTS1ZY,296U3U6H0UFX1ZX,KA,MH,IN_TRANSIT,2026-07-16,TRN-339802,DELPROOF-38886286
EWB182041818,INV-2026-04770,37T7S1GD1T531ZV,36MV9E40KZUJ1ZZ,AP,TS,DELIVERED,2026-07-08,TRN-861756,DELPROOF-97002221
EWB365799752,INV-2026-04771,24HHA1PJGFJC1ZW,29ATWYAM1N0L1ZG,KA,UP,IN_TRANSIT,2026-08-08,TRN-953355,DELPROOF-64690108
EWB477670480,INV-2026-04772,085V0175DU231ZI,36Z1OA3VF02G1ZT,DL,GJ,IN_TRANSIT,2026-07-23,TRN-482136,DELPROOF-98557316
EWB938048460,INV-2026-04773,19CBZAMD270S1ZR,29W5L4RMVVNX1ZH,TS,DL,GENERATED,2026-09-04,TRN-963210,DELPROOF-32427362
EWB656573763,INV-2026-04774,33FNOTIA41SS1ZZ,37SAV917RMPN1ZK,AP,WB,DELIVERED,2026-06-28,TRN-429697,DELPROOF-29273743
EWB118134716,INV-2026-04775,08HR07N8VOEU1ZB,09DF4HRA13611ZB,MH,DL,DELIVERED,2026-06-16,TRN-469388,DELPROOF-23599564
EWB964359387,INV-2026-04776,07C21O0Z5QRU1ZY,27TZE5R5UQPG1ZB,WB,AP,IN_TRANSIT,2026-08-21,TRN-533529,DELPROOF-15868613
EWB151711051,INV-2026-04777,33W6JL2L5B561ZB,08GK6T9DHSZN1ZS,MH,WB,IN_TRANSIT,2026-08-18,TRN-855631,DELPROOF-37287348
EWB752208834,INV-2026-04778,37NWNGUCZH9I1ZD,07DC08FC0TR51ZN,TN,WB,GENERATED,2026-06-30,TRN-484203,DELPROOF-30930877
EWB559120181,INV-2026-04779,37KI1IJE2XE01ZI,27TD96QE3RZS1ZI,RJ,RJ,IN_TRANSIT,2026-09-06,TRN-285481,DELPROOF-84966685
EWB489867954,INV-2026-04780,24Q1RDXCK36H1ZX,36C20LSJWS1Z1ZK,KA,TN,IN_TRANSIT,2026-06-14,TRN-449192,DELPROOF-08995883
EWB382598361,INV-2026-04781,36S5NKB4EHOU1ZO,27P38QOLDFOR1ZV,DL,TN,DELIVERED,2026-09-18,TRN-196056,DELPROOF-96725360
EWB786335185,INV-2026-04782,29JT70EBPY9E1ZQ,2762C1JLOPO61ZI,GJ,KA,GENERATED,2026-08-07,TRN-337663,DELPROOF-30145298
EWB730475811,INV-2026-04783,37ZSXPEFJ31E1ZF,19G2GZR7TXCB1ZC,MH,RJ,DELIVERED,2026-08-14,TRN-783641,DELPROOF-33911438
EWB572863280,INV-2026-04784,3607OXK8C1GR1ZA,27TZE5R5UQPG1ZB,AP,GJ,IN_TRANSIT,2026-08-05,TRN-665251,DELPROOF-05792260
EWB898065215,INV-2026-04785,333Z6BZ8UUG91ZP,36Z5TOZO32TC1ZS,KA,RJ,IN_TRANSIT,2026-08-21,TRN-885439,DELPROOF-20841948
EWB909046165,INV-2026-04786,331R9Z27UJDL1ZU,37N2LM1CBHT91ZR,UP,TS,GENERATED,2026-09-08,TRN-797739,DELPROOF-30845720
EWB522060984,INV-2026-04787,0758KXO9T7E81ZF,27DWKZIRNK6Z1ZG,AP,KA,DELIVERED,2026-08-29,TRN-145265,DELPROOF-44214985
EWB251173443,INV-2026-04788,193V23GXJ0MQ1ZS,36MOGBJZEYQQ1ZC,WB,TN,GENERATED,2026-08-27,TRN-473970,DELPROOF-05879165
EWB626803532,INV-2026-04789,27TMY91OTKZH1ZR,33YFZ9S9VS1Q1ZE,GJ,KA,DELIVERED,2026-08-13,TRN-899236,DELPROOF-79748995
EWB386824577,INV-2026-04790,09NT0MQ8ABKA1ZE,36NEGN2B4JTJ1ZZ,TS,TS,IN_TRANSIT,2026-09-09,TRN-894436,DELPROOF-59616762
EWB421657381,INV-2026-04791,29FWW41F7V4K1ZM,0845VDB828191ZZ,TN,GJ,IN_TRANSIT,2026-07-16,TRN-153434,DELPROOF-00803512
EWB802915411,INV-2026-04792,27I3OQYFOQMF1ZW,33QKF4VGE0GY1ZA,UP,AP,IN_TRANSIT,2026-10-03,TRN-290633,DELPROOF-61102673
EWB225953226,INV-2026-04793,19CBZAMD270S1ZR,19EZ7BH25LLO1ZR,UP,DL,DELIVERED,2026-08-19,TRN-739496,DELPROOF-08734911
EWB697060132,INV-2026-04794,33EAS6Y3VG6V1ZZ,36HE4H3GM1BW1ZV,RJ,DL,IN_TRANSIT,2026-08-21,TRN-311790,DELPROOF-51839853
EWB672175269,INV-2026-04795,09K6ILCG6FAR1ZK,36EQY08P0FOD1ZP,UP,DL,DELIVERED,2026-06-19,TRN-595039,DELPROOF-19621320
EWB800140302,INV-2026-04796,378DRC11ERTJ1ZT,19YS280XKXWD1ZY,KA,KA,DELIVERED,2026-09-01,TRN-478455,DELPROOF-66066831
EWB516717041,INV-2026-04797,27WBPA274IR81ZB,24BRBJEQVVIA1ZA,MH,WB,IN_TRANSIT,2026-09-05,TRN-817452,DELPROOF-25819151
EWB979782599,INV-2026-04798,37T04CHSDING1ZV,19SOGGY5KOV11ZJ,AP,DL,GENERATED,2026-09-08,TRN-770608,DELPROOF-00185185
EWB212949413,INV-2026-04799,37UEQ4D7D7GD1ZK,09VUNLPAIH0P1ZL,GJ,KA,GENERATED,2026-07-20,TRN-923583,DELPROOF-17855789
EWB721354018,INV-2026-04800,08LEKVL9PTK41ZG,07LOD9R7ANQJ1ZK,TS,KA,DELIVERED,2026-07-26,TRN-829447,DELPROOF-36874059
EWB389661384,INV-2026-04801,07KPK7YSWNXF1ZQ,07JTUW9OHTUG1ZR,UP,TN,IN_TRANSIT,2026-07-07,TRN-330719,DELPROOF-99664359
EWB864966054,INV-2026-04802,29GZ6TPBWSXX1ZD,27XK5BXJ2POP1ZM,TN,TS,IN_TRANSIT,2026-06-03,TRN-715289,DELPROOF-00921846
EWB713551969,INV-2026-04803,29Y2X15XJXNE1ZC,333Z6BZ8UUG91ZP,TN,TS,GENERATED,2026-08-22,TRN-429034,DELPROOF-84305119
EWB981218663,INV-2026-04804,291AFDTOHRNQ1ZH,373UBM9XHCGR1ZW,WB,GJ,IN_TRANSIT,2026-08-22,TRN-776195,DELPROOF-95995405
EWB515079970,INV-2026-04805,37ICJDAN085R1ZM,3681IQY5SXAW1ZK,AP,KA,DELIVERED,2026-09-09,TRN-118052,DELPROOF-63268205
EWB661490883,INV-2026-04806,09WPVS7HZIOY1ZJ,27H8RQ9NZ6121ZG,UP,DL,DELIVERED,2026-08-21,TRN-896384,DELPROOF-77231006
EWB417096721,INV-2026-04807,36YZQII4W6OZ1ZV,24C1XI04B7P41ZB,TS,DL,DELIVERED,2026-07-27,TRN-995014,DELPROOF-44110758
EWB764152844,INV-2026-04808,0832U1IQ2BAJ1ZD,08M89I9GX32U1ZE,TN,WB,GENERATED,2026-07-31,TRN-894364,DELPROOF-41123547
EWB777186817,INV-2026-04809,27DWKZIRNK6Z1ZG,082ATQYYV37D1ZH,WB,AP,DELIVERED,2026-07-16,TRN-880605,DELPROOF-59590557
EWB696196671,INV-2026-04810,190K5QZZKW3G1ZH,37R6K2VMWWYZ1ZV,TN,DL,DELIVERED,2026-07-16,TRN-609163,DELPROOF-92286445
EWB698645917,INV-2026-04811,36RNR2KYB3GD1ZS,24K8WRU1XEMI1ZU,UP,TN,DELIVERED,2026-08-22,TRN-573446,DELPROOF-88675953
EWB118636127,INV-2026-04812,29AD3WRDHW9R1ZD,330HL9XPSEIM1ZS,UP,KA,GENERATED,2026-08-22,TRN-394285,DELPROOF-94684331
EWB623676220,INV-2026-04813,09V51ZLBORIQ1ZJ,07LOD9R7ANQJ1ZK,DL,WB,IN_TRANSIT,2026-06-12,TRN-662154,DELPROOF-15601505
EWB772715071,INV-2026-04814,33TVJ0PTJXFQ1ZI,3709NTN8EOHD1ZJ,TN,MH,DELIVERED,2026-09-18,TRN-400880,DELPROOF-22020051
EWB703761439,INV-2026-04815,19B3XMDKRLC01ZV,33A8D7204J3M1ZH,DL,TS,IN_TRANSIT,2026-06-18,TRN-906087,DELPROOF-62796005
EWB783037842,INV-2026-04816,24FWY8AV2OSG1ZF,078IJTYOLD621ZE,KA,TS,GENERATED,2026-09-20,TRN-104000,DELPROOF-75182747
EWB616037945,INV-2026-04817,37JC36OQOLOE1ZA,3302BIP18A4J1ZS,TS,UP,IN_TRANSIT,2026-07-03,TRN-732993,DELPROOF-61224697
EWB865622327,INV-2026-04818,07NY20479T6V1ZV,29H4GG24479Q1ZR,AP,KA,DELIVERED,2026-08-21,TRN-760650,DELPROOF-56561576
EWB993377042,INV-2026-04819,33R9P6HJB2JT1ZU,373UBM9XHCGR1ZW,WB,GJ,DELIVERED,2026-08-21,TRN-140300,DELPROOF-15386984
EWB404159988,INV-2026-04820,27QV5Y21ID9V1ZT,091NKBTFSHB01ZM,MH,UP,DELIVERED,2026-08-04,TRN-612134,DELPROOF-43419870
EWB460079956,INV-2026-04821,37SQ0P82KB701ZX,36N23Y30YSXP1ZL,TS,WB,DELIVERED,2026-08-28,TRN-537881,DELPROOF-83371295
EWB626182495,INV-2026-04822,19PW2W5506RR1ZN,29VZHWJR64DP1ZI,WB,TS,IN_TRANSIT,2026-08-04,TRN-638006,DELPROOF-93355456
EWB207562101,INV-2026-04823,292HOQ5E7L7W1ZX,24VS9J6LNF041ZX,DL,MH,DELIVERED,2026-06-18,TRN-698494,DELPROOF-33366312
EWB299318307,INV-2026-04824,0893TYT7D5J61ZX,19U1OE5EI28D1ZQ,DL,TN,GENERATED,2026-09-05,TRN-724656,DELPROOF-56003476
EWB183961779,INV-2026-04825,08PSUOVHAUVA1ZZ,33H4NRED6M421ZE,DL,WB,DELIVERED,2026-09-26,TRN-713831,DELPROOF-66779503
EWB824628940,INV-2026-04826,076QE7AJUL7W1ZC,2430I6G61PCW1ZD,TS,RJ,IN_TRANSIT,2026-09-16,TRN-842109,DELPROOF-87290801
EWB988319100,INV-2026-04827,09H9PTFNM88U1ZA,27MXPKN3B8PF1ZV,WB,MH,DELIVERED,2026-07-31,TRN-113476,DELPROOF-63635757
EWB618107978,INV-2026-04828,33XN2ELALQ261ZR,376U79XBPH5C1ZG,UP,WB,IN_TRANSIT,2026-10-04,TRN-318327,DELPROOF-30477629
EWB411770209,INV-2026-04829,07RPP7R93FEZ1ZE,24TRIJ2FRNLX1ZT,GJ,DL,IN_TRANSIT,2026-07-01,TRN-781889,DELPROOF-87618857
EWB525604054,INV-2026-04830,24DLFWDUH7VD1ZM,082ATQYYV37D1ZH,AP,TS,GENERATED,2026-06-12,TRN-428507,DELPROOF-65550676
EWB978200423,INV-2026-04831,360JUM42WSC31ZY,36MOGBJZEYQQ1ZC,UP,TN,IN_TRANSIT,2026-08-05,TRN-255255,DELPROOF-05790305
EWB228863729,INV-2026-04832,367GBDGBXNRW1ZS,29UPPGBIVSCU1ZN,GJ,DL,DELIVERED,2026-08-30,TRN-605827,DELPROOF-75377901
EWB743159461,INV-2026-04833,190K5QZZKW3G1ZH,29DRMSWJJJKS1ZK,RJ,DL,GENERATED,2026-09-24,TRN-321194,DELPROOF-91962785
EWB387329482,INV-2026-04834,33FNOTIA41SS1ZZ,331R9Z27UJDL1ZU,AP,UP,IN_TRANSIT,2026-08-07,TRN-211332,DELPROOF-09167212
EWB503519096,INV-2026-04835,36X8ERTB74RS1ZF,36KNJMVRYDC11ZA,UP,WB,GENERATED,2026-06-14,TRN-976600,DELPROOF-43852951
EWB506737060,INV-2026-04836,37KWCYUKND1I1ZT,07JTUW9OHTUG1ZR,TN,GJ,IN_TRANSIT,2026-09-09,TRN-716143,DELPROOF-23660842
EWB379238630,INV-2026-04837,08GWA44LZ6V71ZQ,29NUI3DO70021ZF,GJ,DL,IN_TRANSIT,2026-07-02,TRN-705621,DELPROOF-21672875
EWB300129342,INV-2026-04838,24OCLYT8W5RT1ZT,33AVEDHR3PCE1ZM,WB,DL,GENERATED,2026-06-29,TRN-549663,DELPROOF-26413577
EWB439700674,INV-2026-04839,29F7LOW4VSSR1ZS,37KWCYUKND1I1ZT,MH,TN,IN_TRANSIT,2026-07-25,TRN-748010,DELPROOF-51689906
EWB569504070,INV-2026-04840,0950OP7XMR8F1ZG,33ZG9JJ0076E1ZJ,TS,RJ,IN_TRANSIT,2026-07-29,TRN-417124,DELPROOF-36800032
EWB841586461,INV-2026-04841,27M4SMZOCXMZ1ZK,29HARJHRF34J1ZG,RJ,KA,IN_TRANSIT,2026-07-08,TRN-379318,DELPROOF-14974628
EWB552969241,INV-2026-04842,2704UX5QRL1N1ZK,36FKRIG7JVDI1ZI,RJ,MH,DELIVERED,2026-06-10,TRN-966100,DELPROOF-88017298
EWB191167567,INV-2026-04843,24TP0LZJJEGE1ZR,378E9RIVH6T11ZM,GJ,KA,GENERATED,2026-09-11,TRN-607015,DELPROOF-70263035
EWB140335841,INV-2026-04844,08KE2GJR81BM1ZO,37O1CJFX5LIK1ZU,DL,GJ,IN_TRANSIT,2026-07-30,TRN-159369,DELPROOF-00061581
EWB626816044,INV-2026-04845,096F7QNEZW9H1ZE,335URTXUYUCE1ZC,MH,MH,IN_TRANSIT,2026-06-28,TRN-383725,DELPROOF-41693485
EWB916267655,INV-2026-04846,37OAZTKSZP7G1ZD,29NPR424TKB91ZM,DL,TN,IN_TRANSIT,2026-09-06,TRN-120406,DELPROOF-78857451
EWB678091783,INV-2026-04847,291KO6XNQXU71ZY,193M73HC9JYP1ZA,TS,KA,DELIVERED,2026-09-15,TRN-212176,DELPROOF-96452867
EWB505173515,INV-2026-04848,098P6BEFFLZM1ZQ,275QBVNPY1AJ1ZJ,TN,WB,GENERATED,2026-08-02,TRN-349803,DELPROOF-05002221
EWB654733673,INV-2026-04849,19BEF46RF7BN1ZG,37A37E1J7V2A1ZZ,KA,TS,DELIVERED,2026-07-14,TRN-680431,DELPROOF-87756695
EWB148387616,INV-2026-04850,29KNKBF2P7KK1ZF,07Q8QMXETIZU1ZX,DL,UP,DELIVERED,2026-09-21,TRN-224158,DELPROOF-67553811
EWB193668293,INV-2026-04851,24RWV9NJS96A1ZK,37R6K2VMWWYZ1ZV,UP,TN,DELIVERED,2026-09-22,TRN-246931,DELPROOF-76227474
EWB380773379,INV-2026-04852,09XNPSV8DKMU1ZQ,29BUZPHD7NDJ1ZU,MH,TS,IN_TRANSIT,2026-07-21,TRN-957751,DELPROOF-99877921
EWB842032032,INV-2026-04853,29G1AMRA5RBA1ZV,3709NTN8EOHD1ZJ,WB,GJ,GENERATED,2026-08-06,TRN-413923,DELPROOF-95964262
EWB268961430,INV-2026-04854,19MRUNJDU0IS1ZB,36NWBGDQEWUH1ZP,GJ,AP,DELIVERED,2026-06-06,TRN-840503,DELPROOF-83428578
EWB311914314,INV-2026-04855,071ZN1RIAMWU1ZZ,29GBCYH3FVL01ZZ,UP,GJ,GENERATED,2026-07-04,TRN-300285,DELPROOF-43066343
EWB199667126,INV-2026-04856,198CD31NRXD31ZS,24ZKNHPVRWBR1ZB,RJ,TS,IN_TRANSIT,2026-06-14,TRN-211513,DELPROOF-56945474
EWB247241253,INV-2026-04857,29A2FQZTIO4M1ZM,27FQS3D6357O1ZM,MH,GJ,GENERATED,2026-08-28,TRN-525914,DELPROOF-51989117
EWB551775219,INV-2026-04858,19LP7DFJCP0T1ZK,08Q55IT9BN181ZG,DL,WB,IN_TRANSIT,2026-08-09,TRN-912067,DELPROOF-95575899
EWB959787397,INV-2026-04859,36NRWZC4XL991ZQ,299DYFNGP41S1ZO,WB,GJ,IN_TRANSIT,2026-08-19,TRN-428907,DELPROOF-41242852
EWB980959256,INV-2026-04860,36NAWJGQU6H31ZJ,29828XG8Y72I1ZS,KA,TS,DELIVERED,2026-06-06,TRN-375711,DELPROOF-14378062
EWB642640545,INV-2026-04861,3607OXK8C1GR1ZA,27J5D5E3H0Y41ZT,TS,AP,IN_TRANSIT,2026-06-29,TRN-574936,DELPROOF-80778396
EWB334932729,INV-2026-04862,333Z6BZ8UUG91ZP,091SAXT8JH341ZS,TS,GJ,IN_TRANSIT,2026-08-28,TRN-748181,DELPROOF-82910874
EWB626376383,INV-2026-04863,093KPUG99W591ZQ,24O0IPFG8PJV1ZP,DL,UP,GENERATED,2026-06-23,TRN-566602,DELPROOF-97718341
EWB868687128,INV-2026-04864,29NFHOLQC3O11ZW,09VZB0OIH5CS1ZJ,WB,DL,IN_TRANSIT,2026-07-13,TRN-112912,DELPROOF-16930184
EWB121944787,INV-2026-04865,19486I3CE8ZN1ZA,37U84XYJOA211ZA,TS,DL,IN_TRANSIT,2026-06-14,TRN-494284,DELPROOF-85155082
EWB877382217,INV-2026-04866,19GA24SMUX2R1ZV,36ZC7D2KD1PO1ZV,GJ,AP,GENERATED,2026-06-19,TRN-104209,DELPROOF-75145745
EWB560295337,INV-2026-04867,08P98RL9QFCP1ZJ,33H6NQQB9LZS1ZI,AP,TN,DELIVERED,2026-09-14,TRN-359581,DELPROOF-19928108
EWB364563294,INV-2026-04868,092ZUFDNU4I51ZV,33ZR1YXR2DHY1ZJ,MH,AP,DELIVERED,2026-07-31,TRN-308173,DELPROOF-84103192
EWB358345538,INV-2026-04869,071V9NPUQARY1ZL,27VPYMB5M9J91ZB,WB,DL,GENERATED,2026-09-04,TRN-335165,DELPROOF-58292181
EWB197565999,INV-2026-04870,07PJZE1XTAR01ZJ,37CVSQAME4YR1ZH,RJ,TN,DELIVERED,2026-10-02,TRN-926995,DELPROOF-73981085
EWB500594374,INV-2026-04871,19YS280XKXWD1ZY,29ETKDUWTN5P1ZE,RJ,TN,GENERATED,2026-07-02,TRN-818999,DELPROOF-64940761
EWB660374541,INV-2026-04872,29WJM2C8QIZK1ZC,37GINSAVOCIR1ZB,GJ,RJ,IN_TRANSIT,2026-09-18,TRN-376650,DELPROOF-15808511
EWB833647542,INV-2026-04873,27TMFEK2O7FH1ZQ,2731YHXSO7VB1ZF,GJ,DL,IN_TRANSIT,2026-07-08,TRN-735990,DELPROOF-54523794
EWB492864910,INV-2026-04874,29VM96N7KBNK1ZE,29MGP6YWK5JR1ZL,AP,AP,IN_TRANSIT,2026-07-07,TRN-157095,DELPROOF-84370728
EWB972439406,INV-2026-04875,27ZS13C9XQYM1ZY,09K6ILCG6FAR1ZK,GJ,TS,DELIVERED,2026-08-18,TRN-262618,DELPROOF-57412127
EWB910406475,INV-2026-04876,29GBCYH3FVL01ZZ,29ETKDUWTN5P1ZE,DL,TS,GENERATED,2026-09-30,TRN-922988,DELPROOF-41922159
EWB493400320,INV-2026-04877,19H6NHKSQNAL1ZN,33JXL66YA6BA1ZZ,WB,GJ,GENERATED,2026-07-25,TRN-664425,DELPROOF-81818759
EWB164954572,INV-2026-04878,33Y6452H2ZQU1ZD,24ZKNHPVRWBR1ZB,KA,DL,DELIVERED,2026-07-30,TRN-489917,DELPROOF-02777977
EWB270788064,INV-2026-04879,09KO4BUSU9F81ZO,29TOUHYLU6K71ZN,RJ,DL,GENERATED,2026-09-23,TRN-353082,DELPROOF-43333732
EWB786651919,INV-2026-04880,09NT0MQ8ABKA1ZE,07FKHDIU1JTK1ZA,RJ,MH,IN_TRANSIT,2026-06-21,TRN-703832,DELPROOF-61444880
EWB923128001,INV-2026-04881,29ZGF9Q5RDOQ1ZH,19YS280XKXWD1ZY,TS,TN,DELIVERED,2026-06-03,TRN-930206,DELPROOF-07641739
EWB954580841,INV-2026-04882,24E4PO1I3MSD1ZL,36FAZZ81SDW41ZQ,KA,DL,DELIVERED,2026-06-25,TRN-174183,DELPROOF-37855154
EWB762955519,INV-2026-04883,0841KHT8XKOD1ZW,3646ESMRWGEB1ZE,KA,UP,GENERATED,2026-09-27,TRN-728898,DELPROOF-82071740
EWB264583492,INV-2026-04884,19FYO1750CEH1ZK,09G29D2FF5L61ZB,MH,UP,IN_TRANSIT,2026-07-22,TRN-182704,DELPROOF-21467801
EWB299441164,INV-2026-04885,24U5CZECCFS71ZH,24CMCOCO2ZTD1ZG,DL,RJ,DELIVERED,2026-08-17,TRN-704023,DELPROOF-86050284
EWB380109476,INV-2026-04886,09VC9AQX6RZC1ZL,0841KHT8XKOD1ZW,WB,TN,DELIVERED,2026-07-12,TRN-247495,DELPROOF-13808700
EWB882337150,INV-2026-04887,07N9UZERYF091ZY,24SS1A2R5BFY1ZC,RJ,TS,DELIVERED,2026-07-14,TRN-122893,DELPROOF-23759728
EWB837634871,INV-2026-04888,33OC50H2CWTG1ZY,36MQIYFRWSKP1ZZ,DL,WB,DELIVERED,2026-09-25,TRN-764690,DELPROOF-83807041
EWB479868176,INV-2026-04889,24LGB0S0R2SD1ZQ,19Q9J2H1TLOM1ZF,GJ,AP,DELIVERED,2026-06-30,TRN-753118,DELPROOF-08107960
EWB376803920,INV-2026-04890,27X2ZVL9E9ZR1ZG,29NUI3DO70021ZF,TS,UP,DELIVERED,2026-06-12,TRN-927825,DELPROOF-60349210
EWB114335396,INV-2026-04891,19M2LHGCSOTD1ZH,33RR8IQRT0071ZN,WB,KA,IN_TRANSIT,2026-09-19,TRN-563689,DELPROOF-07238589
EWB589517518,INV-2026-04892,0893TYT7D5J61ZX,24XHG403NJBC1ZE,MH,GJ,GENERATED,2026-08-23,TRN-760893,DELPROOF-14011199
EWB140590757,INV-2026-04893,19TNGVN1KICJ1ZM,29389YZTKKFZ1ZW,RJ,WB,GENERATED,2026-10-04,TRN-368129,DELPROOF-05665460
EWB613395366,INV-2026-04894,095WFCPKJCSL1ZO,37FLOAZ1RO031ZC,AP,DL,DELIVERED,2026-09-01,TRN-976063,DELPROOF-32520755
EWB353947003,INV-2026-04895,378E9RIVH6T11ZM,07END7H10KYH1ZS,TN,KA,GENERATED,2026-09-08,TRN-564339,DELPROOF-68939093
EWB134669121,INV-2026-04896,19EVL7FQ8ABY1ZQ,29X08N6Q7NC81ZR,UP,TN,IN_TRANSIT,2026-09-23,TRN-985459,DELPROOF-42492942
EWB155759639,INV-2026-04897,36QJNV8Z2FLU1ZJ,29JT70EBPY9E1ZQ,KA,WB,IN_TRANSIT,2026-06-21,TRN-794528,DELPROOF-15642582
EWB707723421,INV-2026-04898,27WBPA274IR81ZB,07H3YRGHWZKA1ZF,RJ,TN,DELIVERED,2026-06-27,TRN-492698,DELPROOF-62711000
EWB642938990,INV-2026-04899,29GZ6TPBWSXX1ZD,19I08L0HG9NC1ZA,UP,DL,IN_TRANSIT,2026-06-11,TRN-596048,DELPROOF-14649543
EWB681318955,INV-2026-04900,09VQHL097FZR1ZK,291AFDTOHRNQ1ZH,UP,DL,IN_TRANSIT,2026-08-18,TRN-451496,DELPROOF-83658235
EWB329934546,INV-2026-04901,37DYCPN0P1XS1ZG,36FXQ7BZEGBL1ZZ,GJ,DL,DELIVERED,2026-06-19,TRN-416481,DELPROOF-50569868
EWB219869701,INV-2026-04902,19N42X2EZC7F1ZN,36FAZZ81SDW41ZQ,TN,WB,GENERATED,2026-08-08,TRN-627738,DELPROOF-76057487
EWB169692375,INV-2026-04903,19UW2XH6QIHP1ZM,3709NTN8EOHD1ZJ,KA,MH,IN_TRANSIT,2026-08-21,TRN-792399,DELPROOF-31697061
EWB160509375,INV-2026-04904,36GWY7D78HWK1ZZ,29KNKBF2P7KK1ZF,RJ,KA,IN_TRANSIT,2026-08-11,TRN-927502,DELPROOF-30129152
EWB350173880,INV-2026-04905,09L00EZZF8S21ZX,37ICJDAN085R1ZM,UP,DL,GENERATED,2026-09-07,TRN-436483,DELPROOF-97525559
EWB248065946,INV-2026-04906,190K5QZZKW3G1ZH,095F1HGAV42T1ZC,RJ,RJ,DELIVERED,2026-09-04,TRN-288462,DELPROOF-90094418
EWB689461439,INV-2026-04907,24Q15FBS4WVT1ZX,27M4SMZOCXMZ1ZK,AP,TN,GENERATED,2026-07-15,TRN-586787,DELPROOF-37857883
EWB775741338,INV-2026-04908,27TMY91OTKZH1ZR,365GJLQM5K8P1ZC,TN,RJ,GENERATED,2026-06-22,TRN-405300,DELPROOF-57780506
EWB818101227,INV-2026-04909,096F7QNEZW9H1ZE,29ETKDUWTN5P1ZE,DL,DL,GENERATED,2026-08-13,TRN-252409,DELPROOF-61899065
EWB466598282,INV-2026-04910,29IY5PU5WH501ZI,27H8RQ9NZ6121ZG,UP,UP,DELIVERED,2026-06-28,TRN-876304,DELPROOF-28811751
EWB731684158,INV-2026-04911,37XFQJ3HXJ3A1ZN,08KE2GJR81BM1ZO,DL,TS,IN_TRANSIT,2026-06-27,TRN-120116,DELPROOF-33630185
EWB745934244,INV-2026-04912,331ZM4IX4ZCR1ZG,33CPKLV69EOX1ZV,GJ,UP,IN_TRANSIT,2026-08-16,TRN-875527,DELPROOF-71910159
EWB391900085,INV-2026-04913,369BP4M18O1B1ZI,332V2HEIFJFC1ZZ,RJ,DL,GENERATED,2026-09-17,TRN-396852,DELPROOF-17914329
EWB277280850,INV-2026-04914,08VKAP6ZPXVW1ZY,334X0BS3LWW71ZM,TN,GJ,DELIVERED,2026-08-18,TRN-689602,DELPROOF-53433714
EWB905964412,INV-2026-04915,29WLQ6EXNWZR1ZX,3313CD5GLQJ51ZQ,DL,TN,IN_TRANSIT,2026-06-03,TRN-845503,DELPROOF-30650004
EWB825295891,INV-2026-04916,29GBCYH3FVL01ZZ,08QIMQODPXNF1ZP,GJ,DL,DELIVERED,2026-09-05,TRN-846406,DELPROOF-93582246
EWB801292648,INV-2026-04917,0874QR14VUYV1ZZ,29NQWHOCPY8U1ZD,TS,RJ,GENERATED,2026-08-08,TRN-766337,DELPROOF-45820378
EWB855549201,INV-2026-04918,074MJDXO100V1ZG,29TOLAQ665DL1ZU,AP,GJ,DELIVERED,2026-09-21,TRN-498109,DELPROOF-26434239
EWB592429102,INV-2026-04919,24YRVXOIEVES1ZS,085V0175DU231ZI,TS,RJ,GENERATED,2026-09-22,TRN-640564,DELPROOF-53633531
EWB334417839,INV-2026-04920,09L5NFLTQ6801ZC,19WWPM3X15DT1ZM,TS,TS,IN_TRANSIT,2026-08-29,TRN-525000,DELPROOF-34445225
EWB105904894,INV-2026-04921,249NB74X2EK31ZW,3383RU7MYOW81ZC,RJ,RJ,DELIVERED,2026-07-21,TRN-441497,DELPROOF-58906688
EWB589820070,INV-2026-04922,09VZB0OIH5CS1ZJ,2780ZRZ79HQT1ZV,MH,TS,DELIVERED,2026-09-23,TRN-502938,DELPROOF-69197704
EWB877571176,INV-2026-04923,29C9LGYTLCQF1ZL,088QTTY5Y2JR1ZH,TN,UP,DELIVERED,2026-06-08,TRN-340484,DELPROOF-26798775
EWB446885754,INV-2026-04924,091O5HD4HSBR1ZD,3302BIP18A4J1ZS,GJ,AP,DELIVERED,2026-09-27,TRN-953632,DELPROOF-74056475
EWB500158889,INV-2026-04925,36N23Y30YSXP1ZL,19AGHFT9ZZCG1ZK,MH,UP,IN_TRANSIT,2026-07-25,TRN-686284,DELPROOF-05440207
EWB834505656,INV-2026-04926,36W04I3DZXLR1ZF,07PS0132AN411ZJ,GJ,AP,DELIVERED,2026-09-21,TRN-500903,DELPROOF-22991493
EWB845950333,INV-2026-04927,331S9RYLLWB71ZQ,36BHHLK3YJZ91ZY,UP,MH,IN_TRANSIT,2026-06-17,TRN-883212,DELPROOF-00057127
EWB480157742,INV-2026-04928,29FWW41F7V4K1ZM,09VMK2ZYZSIL1ZS,MH,TN,GENERATED,2026-08-18,TRN-700412,DELPROOF-54649932
EWB786834937,INV-2026-04929,37Q3K8A7RV4N1ZL,29L9OT7TXKDO1ZR,KA,RJ,GENERATED,2026-07-12,TRN-678924,DELPROOF-45294228
EWB526638766,INV-2026-04930,335P03WVPUNW1ZC,33H4NRED6M421ZE,AP,RJ,IN_TRANSIT,2026-08-12,TRN-513889,DELPROOF-19460633
EWB543000142,INV-2026-04931,071ZN1RIAMWU1ZZ,08QQ5L2XOIOT1ZV,TS,KA,DELIVERED,2026-08-23,TRN-722844,DELPROOF-95775410
EWB257531953,INV-2026-04932,366GMDRDSFER1ZE,07N9UZERYF091ZY,MH,TS,IN_TRANSIT,2026-07-24,TRN-499577,DELPROOF-93874825
EWB810337802,INV-2026-04933,33NHQE86O3Z01ZA,33ZNWG3ZRZQ01ZS,DL,TN,DELIVERED,2026-07-29,TRN-582150,DELPROOF-81509906
EWB227935376,INV-2026-04934,19DAQJRTMETM1ZG,09DK8LW2LM341ZT,AP,KA,IN_TRANSIT,2026-07-05,TRN-188114,DELPROOF-80581499
EWB620762195,INV-2026-04935,09FWB0HPMNZ11ZS,3709NTN8EOHD1ZJ,DL,AP,IN_TRANSIT,2026-08-06,TRN-381270,DELPROOF-20060206
EWB931818568,INV-2026-04936,079UNFVOBBZ21ZQ,0981L51FLMNA1ZS,AP,RJ,IN_TRANSIT,2026-08-26,TRN-100890,DELPROOF-81208843
EWB540807356,INV-2026-04937,27RE4V9KYPOF1ZJ,08UW0U92T24D1ZO,MH,GJ,DELIVERED,2026-09-21,TRN-339144,DELPROOF-40622228
EWB168411825,INV-2026-04938,37DYCPN0P1XS1ZG,29G1F8YC8GZK1ZD,MH,TN,DELIVERED,2026-06-13,TRN-267751,DELPROOF-88191478
EWB182777908,INV-2026-04939,07HHUZ83YUXY1ZN,3677Q9VJUHBP1ZP,TN,AP,IN_TRANSIT,2026-07-28,TRN-825505,DELPROOF-44586016
EWB293973377,INV-2026-04940,19429OMUWAHK1ZZ,33ZM3618LEU61ZW,RJ,GJ,IN_TRANSIT,2026-06-19,TRN-208907,DELPROOF-54465488
EWB931876078,INV-2026-04941,07GPJ60SRYZX1ZN,377SO8W5038H1ZT,WB,UP,GENERATED,2026-08-01,TRN-190285,DELPROOF-98128276
EWB754206279,INV-2026-04942,08M89I9GX32U1ZE,29828XG8Y72I1ZS,AP,GJ,IN_TRANSIT,2026-06-19,TRN-732156,DELPROOF-65722252
EWB530107009,INV-2026-04943,373GQD7WKR1T1ZE,07YHQIN9N6XC1ZI,UP,WB,DELIVERED,2026-09-12,TRN-383529,DELPROOF-96289447
EWB499079996,INV-2026-04944,29VM96N7KBNK1ZE,37IYNO667VGP1ZK,TS,WB,DELIVERED,2026-09-20,TRN-997004,DELPROOF-86824718
EWB315640205,INV-2026-04945,09QEQ7Z7E5RD1ZE,0921HD4Y89OR1ZT,DL,RJ,IN_TRANSIT,2026-09-25,TRN-192590,DELPROOF-47563056
EWB428844222,INV-2026-04946,19486I3CE8ZN1ZA,07GRY58VRW9M1ZV,AP,UP,GENERATED,2026-08-01,TRN-815292,DELPROOF-80351228
EWB724794463,INV-2026-04947,09JMIYQFY7511ZW,27RGREWDS0HP1ZP,TS,GJ,GENERATED,2026-09-05,TRN-679258,DELPROOF-40138040
EWB398607374,INV-2026-04948,0767LM8E49IT1ZE,29LD4D6AF58C1ZZ,GJ,TS,IN_TRANSIT,2026-06-05,TRN-714360,DELPROOF-61461829
EWB781760522,INV-2026-04949,27T6YRIADDUR1ZC,29JT70EBPY9E1ZQ,UP,UP,IN_TRANSIT,2026-09-18,TRN-181359,DELPROOF-11051838
EWB309752206,INV-2026-04950,37GINSAVOCIR1ZB,27SLH9BH811K1ZD,UP,RJ,IN_TRANSIT,2026-07-29,TRN-309436,DELPROOF-98418831
EWB390862517,INV-2026-04951,19VNNVBZW5AP1ZK,2430VVIJVDDW1ZT,RJ,RJ,IN_TRANSIT,2026-08-23,TRN-110096,DELPROOF-23940757
EWB458654993,INV-2026-04952,37RF3NAPLGW11ZU,33H6NQQB9LZS1ZI,DL,KA,GENERATED,2026-06-20,TRN-578718,DELPROOF-68526693
EWB716147885,INV-2026-04953,098DD22555JX1ZS,24VFRUK94IW51ZA,GJ,TS,DELIVERED,2026-06-20,TRN-137348,DELPROOF-35209529
EWB650826239,INV-2026-04954,09OTHLQH7PPC1ZA,1941CRO04BYV1ZA,RJ,TN,IN_TRANSIT,2026-08-06,TRN-201016,DELPROOF-70270334
EWB892952253,INV-2026-04955,07HOWQ1GAZ5U1ZG,27W1PUWSNFFY1ZJ,DL,TN,DELIVERED,2026-07-18,TRN-908496,DELPROOF-51289886
EWB888951714,INV-2026-04956,19CRUYF38DIU1ZN,278HL88KZRUI1ZM,TS,RJ,IN_TRANSIT,2026-08-26,TRN-290542,DELPROOF-00271412
EWB883924541,INV-2026-04957,249NB74X2EK31ZW,29L1YA1RYZTB1ZS,GJ,RJ,DELIVERED,2026-08-09,TRN-701163,DELPROOF-22234803
EWB353635936,INV-2026-04958,19JFVYB6LI071ZL,291KO6XNQXU71ZY,TS,MH,DELIVERED,2026-06-29,TRN-601696,DELPROOF-18526329
EWB386165712,INV-2026-04959,291KO6XNQXU71ZY,07ASEH5E5RWS1ZE,MH,UP,GENERATED,2026-08-06,TRN-698075,DELPROOF-25452229
EWB991621471,INV-2026-04960,33FNOTIA41SS1ZZ,09QEQ7Z7E5RD1ZE,DL,KA,GENERATED,2026-08-06,TRN-336731,DELPROOF-58427920
EWB786154199,INV-2026-04961,09K6ILCG6FAR1ZK,07C9R4X1V4DX1ZQ,MH,GJ,DELIVERED,2026-09-13,TRN-673268,DELPROOF-44290128
EWB493821130,INV-2026-04962,08CNWMBXEK0Q1ZH,071E1630POCR1ZX,DL,MH,DELIVERED,2026-07-18,TRN-696073,DELPROOF-62624163
EWB166221702,INV-2026-04963,09PBJEK5RBW21ZW,368TANA6U48G1ZT,DL,GJ,IN_TRANSIT,2026-08-16,TRN-786703,DELPROOF-37106768
EWB781875498,INV-2026-04964,08UJT9T11PHP1ZX,077P9JYQN15I1ZI,RJ,RJ,GENERATED,2026-07-08,TRN-645168,DELPROOF-73482569
EWB673973810,INV-2026-04965,27P38QOLDFOR1ZV,08JSRD9Q46NO1ZS,TN,KA,DELIVERED,2026-07-15,TRN-263462,DELPROOF-54588912
EWB651050209,INV-2026-04966,27L8MWOB4FDD1ZV,33JXL66YA6BA1ZZ,KA,AP,IN_TRANSIT,2026-08-17,TRN-592990,DELPROOF-37498110
EWB470241980,INV-2026-04967,36MV9E40KZUJ1ZZ,24NBNPJDN2MI1ZF,AP,KA,GENERATED,2026-08-13,TRN-237679,DELPROOF-75258591
EWB992329022,INV-2026-04968,080JQQNVCEQF1ZG,27Q4S2FTGI881ZR,TS,DL,GENERATED,2026-06-30,TRN-617394,DELPROOF-41694956
EWB389165204,INV-2026-04969,08L3VZZXT9QU1ZB,36OLJQ52WSPO1ZE,WB,RJ,IN_TRANSIT,2026-07-14,TRN-968754,DELPROOF-82889720
EWB896075977,INV-2026-04970,367GBDGBXNRW1ZS,19VNNVBZW5AP1ZK,TS,KA,IN_TRANSIT,2026-06-23,TRN-430994,DELPROOF-35782429
EWB360314821,INV-2026-04971,334X0BS3LWW71ZM,09XB3N27M5P71ZD,DL,KA,IN_TRANSIT,2026-06-24,TRN-633347,DELPROOF-73859655
EWB904283025,INV-2026-04972,365XRSI7EADG1ZG,07CCI68DS03V1ZM,DL,UP,DELIVERED,2026-06-18,TRN-355209,DELPROOF-61808085
EWB634050010,INV-2026-04973,294S3MEIUR921ZY,27EG3ZGARFI41ZZ,AP,WB,IN_TRANSIT,2026-07-26,TRN-886038,DELPROOF-06698194
EWB319906570,INV-2026-04974,27NS6G298CQK1ZJ,24FPODPEHCYO1ZR,AP,KA,GENERATED,2026-07-24,TRN-656906,DELPROOF-18438055
EWB205360469,INV-2026-04975,295VRZ38EFE91ZT,29W5L4RMVVNX1ZH,UP,TN,IN_TRANSIT,2026-09-01,TRN-902774,DELPROOF-84250392
EWB607504242,INV-2026-04976,294JWPXEFAF01ZH,373XQ8VA8X8L1ZX,DL,MH,DELIVERED,2026-08-24,TRN-436888,DELPROOF-80637589
EWB199887519,INV-2026-04977,0893TYT7D5J61ZX,33ZR1YXR2DHY1ZJ,TS,TS,DELIVERED,2026-09-08,TRN-761356,DELPROOF-22503807
EWB550365330,INV-2026-04978,1912II826GYU1ZO,07OUZE66VW9B1ZX,KA,RJ,IN_TRANSIT,2026-07-01,TRN-511476,DELPROOF-04910388
EWB403586232,INV-2026-04979,36Z5TOZO32TC1ZS,19QFGV0EC14M1ZZ,GJ,AP,DELIVERED,2026-06-26,TRN-218236,DELPROOF-31001740
EWB806109551,INV-2026-04980,331FPE60QRAQ1ZH,37FTDRLUXM601ZA,UP,AP,IN_TRANSIT,2026-07-19,TRN-284198,DELPROOF-62769457
EWB959254725,INV-2026-04981,07KPK7YSWNXF1ZQ,368XMOE545VY1ZA,KA,TS,IN_TRANSIT,2026-08-20,TRN-937555,DELPROOF-79383036
EWB572814437,INV-2026-04982,08ZHRUPFLFCY1ZU,0782K8RYQF8W1ZV,TS,TS,IN_TRANSIT,2026-08-28,TRN-795884,DELPROOF-44887305
EWB699894930,INV-2026-04983,09V18KGYGGSN1ZN,37A37E1J7V2A1ZZ,KA,DL,GENERATED,2026-08-08,TRN-584613,DELPROOF-49567992
EWB472367546,INV-2026-04984,33YUJ7YKTXG41ZA,296U3U6H0UFX1ZX,GJ,RJ,GENERATED,2026-08-07,TRN-924301,DELPROOF-00047266
EWB441052634,INV-2026-04985,279L3H03ZB5G1ZP,09DF4HRA13611ZB,WB,WB,GENERATED,2026-07-31,TRN-970476,DELPROOF-24491882
EWB684101971,INV-2026-04986,08791ZYRRU7Z1ZJ,37KKVPJRMEYY1ZY,RJ,WB,DELIVERED,2026-09-20,TRN-148312,DELPROOF-39168428
EWB452744037,INV-2026-04987,0923O359TSUJ1ZR,3763BTKF6XDN1ZV,AP,MH,DELIVERED,2026-08-02,TRN-273585,DELPROOF-68737175
EWB564732774,INV-2026-04988,36NRWZC4XL991ZQ,07OUZE66VW9B1ZX,RJ,GJ,DELIVERED,2026-06-10,TRN-232976,DELPROOF-76979099
EWB550485548,INV-2026-04989,33A8D7204J3M1ZH,24RWV9NJS96A1ZK,TS,KA,DELIVERED,2026-07-02,TRN-828939,DELPROOF-64055512
EWB452611557,INV-2026-04990,07BPQGA6X85Z1ZX,27RYIEJ9C0UU1ZI,RJ,UP,GENERATED,2026-07-26,TRN-168131,DELPROOF-19342948
EWB906088097,INV-2026-04991,24E4PO1I3MSD1ZL,19AYYOSYEOZ91ZX,DL,TN,IN_TRANSIT,2026-07-05,TRN-451973,DELPROOF-33077794
EWB619202584,INV-2026-04992,29NUI3DO70021ZF,3646ESMRWGEB1ZE,RJ,GJ,DELIVERED,2026-07-20,TRN-355226,DELPROOF-18629984
EWB857351855,INV-2026-04993,082ATQYYV37D1ZH,331T2TALA7531ZJ,TS,AP,DELIVERED,2026-09-06,TRN-194423,DELPROOF-64617140
EWB789813604,INV-2026-04994,36XAMW2TND6R1ZW,33HV3A3ZMF8M1ZC,KA,KA,IN_TRANSIT,2026-10-03,TRN-954385,DELPROOF-70663453
EWB270681669,INV-2026-04995,24AF4JGQ6CN81ZQ,33NRM31SL7ZX1ZQ,TS,WB,GENERATED,2026-09-21,TRN-217054,DELPROOF-21092020
EWB470510767,INV-2026-04996,19ETIUYMO0PQ1ZC,24XI64HAA34H1ZX,WB,DL,GENERATED,2026-08-24,TRN-262777,DELPROOF-75071897
EWB711247633,INV-2026-04997,36KXCQ91YY1J1ZY,36X48WZE4EX61ZS,TS,UP,DELIVERED,2026-08-20,TRN-583067,DELPROOF-40449791
EWB645779956,INV-2026-04998,36ZC7D2KD1PO1ZV,36TFEBE5407K1ZI,UP,UP,DELIVERED,2026-09-16,TRN-189948,DELPROOF-87043673
EWB698661347,INV-2026-04999,072L4X5BWAEN1ZH,29L1YA1RYZTB1ZS,DL,UP,IN_TRANSIT,2026-07-09,TRN-655861,DELPROOF-43318281
EWB767651901,INV-2026-05000,09TGGZ62FE9U1ZO,08OYTK06AKT71ZW,AP,KA,IN_TRANSIT,2026-09-16,TRN-757687,DELPROOF-93349819
EWB583140050,INV-2026-02625,24JJBFSA5UZL1ZW,24CMCOCO2ZTD1ZG,GJ,KA,DELIVERED,2026-08-02,TRN-342460,DELPROOF-68416415
EWB503124591,INV-2026-03028,09U8WPFQ2BHA1ZH,0981L51FLMNA1ZS,DL,DL,GENERATED,2026-06-12,TRN-569893,DELPROOF-41173508
EWB943205684,INV-2026-03843,24CMCOCO2ZTD1ZG,37NOX8FK20761ZT,KA,TN,GENERATED,2026-07-14,TRN-162612,DELPROOF-60763160
EWB274445876,INV-2026-02408,099QEZG5WZAW1ZM,33A8D7204J3M1ZH,KA,TN,IN_TRANSIT,2026-06-29,TRN-586817,DELPROOF-27844723
EWB441796552,INV-2026-00313,08AHCUA09PCI1ZF,19H07WPH6FE01ZL,TS,KA,GENERATED,2026-08-08,TRN-710811,DELPROOF-81591958
EWB472379033,INV-2026-04904,24EHE2ATN2TW1ZC,36ALCKZ3VWLO1ZR,DL,WB,DELIVERED,2026-09-29,TRN-749348,DELPROOF-02391301
EWB952201428,INV-2026-03820,077P9JYQN15I1ZI,07SJ84TC2QSI1ZZ,MH,RJ,GENERATED,2026-08-19,TRN-505485,DELPROOF-25006520
EWB976983240,INV-2026-02776,2414HOAE527P1ZQ,071V9NPUQARY1ZL,MH,RJ,IN_TRANSIT,2026-09-24,TRN-584732,DELPROOF-00612358
EWB602495040,INV-2026-00065,379RWTF07GBA1ZQ,37E8BTSMAQ3O1ZJ,AP,MH,DELIVERED,2026-07-09,TRN-349876,DELPROOF-15163174
EWB511517518,INV-2026-02795,07HHUZ83YUXY1ZN,36HZ364PKNT51ZH,TN,UP,GENERATED,2026-08-23,TRN-468778,DELPROOF-34255535
EWB573792021,INV-2026-03113,271D9S9HBN5E1ZJ,079UNFVOBBZ21ZQ,AP,AP,GENERATED,2026-07-08,TRN-331926,DELPROOF-43281692
EWB542570213,INV-2026-04604,33GYSPENGWYX1ZF,360JUM42WSC31ZY,GJ,TS,GENERATED,2026-06-27,TRN-470696,DELPROOF-31083625
EWB495884194,INV-2026-03639,27NZ4KHKBXPN1ZY,09DK8LW2LM341ZT,UP,MH,DELIVERED,2026-09-09,TRN-530199,DELPROOF-73580798
EWB627800157,INV-2026-03339,240KQD8UNPIO1ZI,29050E6MPSJ91ZU,RJ,TN,DELIVERED,2026-06-26,TRN-912954,DELPROOF-74813575
EWB947489761,INV-2026-00383,36QJNV8Z2FLU1ZJ,24QZHECBUQYP1ZH,UP,RJ,GENERATED,2026-09-02,TRN-159775,DELPROOF-95492562
EWB343606309,INV-2026-04091,08NYARNNEZTE1ZD,27RE4V9KYPOF1ZJ,TN,DL,DELIVERED,2026-10-01,TRN-453848,DELPROOF-61573173
EWB333777316,INV-2026-02341,278GUAS173RI1ZG,08NSM43D8W3Z1ZN,WB,GJ,GENERATED,2026-08-26,TRN-451046,DELPROOF-37187324
EWB425516474,INV-2026-02688,24CL9LCQH1UF1ZZ,09FOP8QZJULI1ZF,TS,TN,DELIVERED,2026-07-05,TRN-932135,DELPROOF-99340016
EWB796874240,INV-2026-02199,08DJE153A5QB1ZQ,37T04CHSDING1ZV,AP,WB,DELIVERED,2026-08-26,TRN-508954,DELPROOF-01150743
EWB349100844,INV-2026-01874,19SOGGY5KOV11ZJ,36C20LSJWS1Z1ZK,UP,KA,IN_TRANSIT,2026-09-15,TRN-180556,DELPROOF-98780819
EWB694753206,INV-2026-02794,19E0Q5ZJAUCY1ZG,33A8D7204J3M1ZH,MH,UP,DELIVERED,2026-08-05,TRN-410254,DELPROOF-76077275
EWB675811591,INV-2026-02651,074I6R8SO5WI1ZQ,29NPR424TKB91ZM,UP,MH,GENERATED,2026-08-19,TRN-695224,DELPROOF-13259540
EWB720193894,INV-2026-03786,36H30153SFLS1ZE,29VM96N7KBNK1ZE,RJ,MH,GENERATED,2026-07-16,TRN-122600,DELPROOF-65769097
EWB206311873,INV-2026-03831,095F1HGAV42T1ZC,19LDOL65WVJX1ZY,GJ,TN,IN_TRANSIT,2026-07-13,TRN-250150,DELPROOF-81808479
EWB780160857,INV-2026-04053,33NRM31SL7ZX1ZQ,27I3OQYFOQMF1ZW,GJ,MH,GENERATED,2026-09-05,TRN-473088,DELPROOF-48202723
EWB841356410,INV-2026-03015,27JR6EET0DY51ZS,37WZZG4C4EPZ1ZK,KA,RJ,GENERATED,2026-07-06,TRN-510770,DELPROOF-48004246
EWB391467983,INV-2026-04465,08KE2GJR81BM1ZO,08GEFQJG02U11ZF,DL,UP,GENERATED,2026-09-27,TRN-340935,DELPROOF-84777139
EWB801756596,INV-2026-00892,09N6NBYZM2421ZN,241T2EP768SY1ZA,DL,RJ,IN_TRANSIT,2026-07-06,TRN-943985,DELPROOF-24117717
EWB361991707,INV-2026-01201,27SLH9BH811K1ZD,33SDUHH03G951ZO,GJ,GJ,GENERATED,2026-06-18,TRN-442053,DELPROOF-93577240
EWB356318832,INV-2026-03129,097Q5EGVLKDN1ZM,29XN0GUO4KH21ZT,WB,TN,DELIVERED,2026-06-10,TRN-644009,DELPROOF-51201009
EWB123598487,INV-2026-04404,09U8WPFQ2BHA1ZH,33GFDK0Q09JR1ZL,DL,GJ,GENERATED,2026-08-02,TRN-983082,DELPROOF-35959425
EWB503862478,INV-2026-00446,37OAZTKSZP7G1ZD,29HARJHRF34J1ZG,UP,TS,DELIVERED,2026-06-30,TRN-451887,DELPROOF-05704076
EWB710177753,INV-2026-03080,33R09SKDGIGA1ZR,19LDOL65WVJX1ZY,GJ,TN,GENERATED,2026-07-26,TRN-319584,DELPROOF-98191024
EWB299704370,INV-2026-02191,37N3V1WNP9OC1ZH,33JXL66YA6BA1ZZ,MH,WB,GENERATED,2026-06-20,TRN-259706,DELPROOF-24497454
EWB214785682,INV-2026-04364,09U9TD0V2ZP41ZI,27SYJAFCO3S61ZP,GJ,DL,GENERATED,2026-06-30,TRN-531184,DELPROOF-37190536
EWB578262768,INV-2026-03054,27U118QQVAEC1ZU,081W1WUDCBL41ZC,TS,TS,DELIVERED,2026-07-02,TRN-829080,DELPROOF-53706779
EWB943049879,INV-2026-04827,09OEMQGY27VY1ZK,19WVTKH861PQ1ZH,MH,TN,DELIVERED,2026-06-12,TRN-589481,DELPROOF-61572015
EWB944840588,INV-2026-03054,247X5RRNYCIH1ZE,091N6KVPUC8D1ZY,DL,TN,IN_TRANSIT,2026-07-20,TRN-287650,DELPROOF-04353270
EWB949362529,INV-2026-01497,29H4GG24479Q1ZR,249OE9419QZP1ZM,WB,AP,DELIVERED,2026-06-02,TRN-966057,DELPROOF-04410640
EWB412244616,INV-2026-00250,336NYQAELYYZ1ZW,29WZK4IE86DB1ZM,UP,TS,DELIVERED,2026-08-31,TRN-694371,DELPROOF-88226940
EWB728854837,INV-2026-04404,33TGDUQ6DDTB1ZW,296JIXUB4IBH1ZH,RJ,RJ,IN_TRANSIT,2026-09-23,TRN-404201,DELPROOF-09791570
EWB688530373,INV-2026-01392,33SDUHH03G951ZO,09XB3N27M5P71ZD,RJ,MH,IN_TRANSIT,2026-07-15,TRN-223427,DELPROOF-09927442
EWB978930914,INV-2026-01165,33ZPCD1406XL1ZV,24UBLMNTFK7O1ZP,WB,AP,GENERATED,2026-07-15,TRN-937022,DELPROOF-77594784
EWB642089229,INV-2026-03118,1949PSO1LQSR1ZL,29R7S20CV3TL1ZC,KA,KA,DELIVERED,2026-09-04,TRN-153835,DELPROOF-20420536
EWB570064992,INV-2026-03843,07ASEH5E5RWS1ZE,193V23GXJ0MQ1ZS,WB,WB,DELIVERED,2026-07-03,TRN-422564,DELPROOF-97830921
EWB530559221,INV-2026-00810,36V0LG92MJEQ1ZA,36Z1OA3VF02G1ZT,MH,UP,IN_TRANSIT,2026-09-07,TRN-204295,DELPROOF-60333079
EWB882890335,INV-2026-02475,37AD1IOR56FA1ZM,08H9NKLYBWGM1ZN,TN,AP,GENERATED,2026-06-13,TRN-764632,DELPROOF-88923765
EWB762386237,INV-2026-04139,36GCUIDC00M61ZC,37A37E1J7V2A1ZZ,TN,TS,GENERATED,2026-07-26,TRN-170433,DELPROOF-86010351
EWB858933475,INV-2026-03936,36LQGA3QUPO41ZI,37A37E1J7V2A1ZZ,UP,MH,DELIVERED,2026-07-19,TRN-781468,DELPROOF-53716534
EWB434442819,INV-2026-00565,09TGGZ62FE9U1ZO,08OYTK06AKT71ZW,AP,KA,IN_TRANSIT,2026-09-16,TRN-757687,DELPROOF-93349819
EWB902919281,INV-2026-02199,19G2GZR7TXCB1ZC,37T7S1GD1T531ZV,TN,AP,DELIVERED,2026-08-22,TRN-113980,DELPROOF-44653053
EWB563736107,INV-2026-02475,33QKF4VGE0GY1ZA,29J76BIVISS81ZI,TN,TN,IN_TRANSIT,2026-06-09,TRN-594695,DELPROOF-95171359
EWB695316259,INV-2026-04253,33EJZXPR2D0V1ZG,19GX25FPLO1U1ZP,RJ,TN,DELIVERED,2026-08-15,TRN-586998,DELPROOF-57350611
EWB735355947,INV-2026-04769,072GJ8K8C9G31ZP,29ETKDUWTN5P1ZE,WB,TS,DELIVERED,2026-07-23,TRN-849261,DELPROOF-97467836
EWB225172309,INV-2026-00281,09JCHZJQ8CXX1ZV,27KMBY9IPA2V1ZM,UP,MH,IN_TRANSIT,2026-08-06,TRN-648668,DELPROOF-58869333
EWB957108321,INV-2026-03054,37LVXWQZXEBB1ZP,19S0765ICAUT1ZI,KA,KA,IN_TRANSIT,2026-06-12,TRN-520666,DELPROOF-72661417
EWB869421791,INV-2026-00141,27ZNBQH7M35I1ZV,332WYJXTJGCE1ZD,GJ,WB,IN_TRANSIT,2026-09-30,TRN-248215,DELPROOF-24831567
EWB697773354,INV-2026-01494,331R9Z27UJDL1ZU,37N2LM1CBHT91ZR,UP,TS,GENERATED,2026-09-08,TRN-797739,DELPROOF-30845720
EWB148855799,INV-2026-00998,078IJTYOLD621ZE,24DPWVBZ7CN01ZE,WB,UP,GENERATED,2026-08-18,TRN-418916,DELPROOF-57095681
EWB754576552,INV-2026-01278,294JWPXEFAF01ZH,24Q99CHJ755N1ZF,RJ,KA,DELIVERED,2026-08-15,TRN-556866,DELPROOF-49189846
EWB335022166,INV-2026-04786,33ML3SOJPX161ZE,2780ZRZ79HQT1ZV,MH,AP,DELIVERED,2026-08-30,TRN-895779,DELPROOF-21379561
EWB546671280,INV-2026-03028,331T2TALA7531ZJ,29HARJHRF34J1ZG,AP,UP,IN_TRANSIT,2026-08-09,TRN-970105,DELPROOF-97643023
EWB679721127,INV-2026-03311,36L90AOBT3281ZU,36GWY7D78HWK1ZZ,GJ,TS,GENERATED,2026-09-12,TRN-384904,DELPROOF-46781923
EWB518775056,INV-2026-01822,27M4SMZOCXMZ1ZK,33NN6TJ9XPF01ZA,MH,DL,IN_TRANSIT,2026-09-10,TRN-670243,DELPROOF-83264940
EWB630038436,INV-2026-00452,29GBM65Q57TE1ZW,27T6YRIADDUR1ZC,GJ,DL,IN_TRANSIT,2026-06-24,TRN-102740,DELPROOF-49232577
EWB461710940,INV-2026-00382,27QV5Y21ID9V1ZT,09L00EZZF8S21ZX,DL,AP,GENERATED,2026-08-28,TRN-783564,DELPROOF-85613833
EWB963676311,INV-2026-01140,36NWBGDQEWUH1ZP,190N852N5FNP1ZV,AP,RJ,GENERATED,2026-06-25,TRN-257662,DELPROOF-44454891
EWB847080317,INV-2026-01342,294JWPXEFAF01ZH,19NGIXMC4SX21ZH,WB,TS,DELIVERED,2026-09-08,TRN-115908,DELPROOF-08218538
EWB922105065,INV-2026-00509,09H9PTFNM88U1ZA,27MXPKN3B8PF1ZV,WB,MH,DELIVERED,2026-07-31,TRN-113476,DELPROOF-63635757
EWB717257945,INV-2026-02289,08ITMOFMMWI91ZQ,36FAZZ81SDW41ZQ,MH,KA,DELIVERED,2026-08-28,TRN-570040,DELPROOF-95019166
EWB130300608,INV-2026-03392,19U1OE5EI28D1ZQ,37ZDY3O1ICNS1ZR,KA,TN,IN_TRANSIT,2026-08-10,TRN-999870,DELPROOF-51738444
EWB638092584,INV-2026-02346,09Q4TA5IVROC1ZT,0899F77LU8EL1ZE,KA,TN,DELIVERED,2026-06-19,TRN-181601,DELPROOF-87663109
EWB183332671,INV-2026-04839,24V46WYSIRRK1ZY,07RPP7R93FEZ1ZE,DL,UP,IN_TRANSIT,2026-07-09,TRN-529031,DELPROOF-60308060
EWB742386046,INV-2026-00141,37KWOALF4V1T1ZU,365GJLQM5K8P1ZC,WB,UP,DELIVERED,2026-09-09,TRN-967130,DELPROOF-92126135
EWB165494530,INV-2026-03339,27T1ELOU83G41ZV,33R09SKDGIGA1ZR,DL,AP,GENERATED,2026-09-12,TRN-542622,DELPROOF-44282670
EWB830261859,INV-2026-03778,33XN2ELALQ261ZR,27ZS13C9XQYM1ZY,DL,MH,IN_TRANSIT,2026-07-31,TRN-144307,DELPROOF-42757849
EWB479598351,INV-2026-00951,37OK63RVWOZQ1ZV,27FQS3D6357O1ZM,AP,WB,GENERATED,2026-09-14,TRN-435745,DELPROOF-02450835
EWB754567824,INV-2026-01798,09JKLCP9UW161ZO,379MX2X18HAF1ZE,GJ,RJ,IN_TRANSIT,2026-09-12,TRN-470745,DELPROOF-61290149
EWB175336492,INV-2026-03726,29G1AMRA5RBA1ZV,3709NTN8EOHD1ZJ,WB,GJ,GENERATED,2026-08-06,TRN-413923,DELPROOF-95964262
EWB223296198,INV-2026-01716,29WO8NBHNAL31ZG,27NZ4KHKBXPN1ZY,KA,KA,DELIVERED,2026-08-08,TRN-625930,DELPROOF-62961443
