financing_id,invoice_id,lender_id,application_date,financed_amount,status,product_type
FIN-0000001,INV-2026-00001,LND010,2026-09-21,2695296,DISBURSED,STANDARD
FIN-0000002,INV-2026-00002,LND018,2026-09-25,1443733,PENDING,STANDARD
FIN-0000003,INV-2026-00003,LND020,2026-08-06,174218,DISBURSED,STANDARD
FIN-0000004,INV-2026-00003,LND004,2026-08-12,193228,APPROVED,STANDARD
FIN-0000005,INV-2026-00004,LND005,2026-07-03,2446355,PENDING,PRIORITY
FIN-0000006,INV-2026-00005,LND016,2026-09-13,1146206,PENDING,STANDARD
FIN-0000007,INV-2026-00006,LND007,2026-07-15,2485671,PENDING,MSME_FAST
FIN-0000008,INV-2026-00007,LND016,2026-08-23,2309824,DISBURSED,MSME_FAST
FIN-0000009,INV-2026-00008,LND017,2026-08-28,1749938,DISBURSED,MSME_FAST
FIN-0000010,INV-2026-00009,LND011,2026-08-13,2763763,PENDING,MSME_FAST
FIN-0000011,INV-2026-00009,LND009,2026-08-14,2700407,DISBURSED,MSME_FAST
FIN-0000012,INV-2026-00010,LND008,2026-09-13,2630855,PENDING,STANDARD
FIN-0000013,INV-2026-00011,LND017,2026-07-07,2260933,PENDING,PRIORITY
FIN-0000014,INV-2026-00011,LND005,2026-06-30,2092817,DISBURSED,PRIORITY
FIN-0000015,INV-2026-00012,LND002,2026-07-08,1220856,DISBURSED,PRIORITY
FIN-0000016,INV-2026-00013,LND011,2026-09-21,330060,DISBURSED,STANDARD
FIN-0000017,INV-2026-00014,LND006,2026-08-23,575163,APPROVED,MSME_FAST
FIN-0000018,INV-2026-00014,LND020,2026-08-29,688534,APPROVED,MSME_FAST
FIN-0000019,INV-2026-00015,LND019,2026-08-08,1906145,DISBURSED,MSME_FAST
FIN-0000020,INV-2026-00016,LND023,2026-09-26,1879817,DISBURSED,PRIORITY
FIN-0000021,INV-2026-00017,LND013,2026-06-21,3637396,PENDING,PRIORITY
FIN-0000022,INV-2026-00018,LND007,2026-09-06,4197116,DISBURSED,PRIORITY
FIN-0000023,INV-2026-00019,LND012,2026-10-03,2659194,DISBURSED,MSME_FAST
FIN-0000024,INV-2026-00020,LND020,2026-08-19,1309986,APPROVED,STANDARD
FIN-0000025,INV-2026-00021,LND005,2026-08-10,1336553,PENDING,STANDARD
FIN-0000026,INV-2026-00022,LND007,2026-09-02,2194479,APPROVED,MSME_FAST
FIN-0000027,INV-2026-00022,LND022,2026-09-12,2704633,APPROVED,MSME_FAST
FIN-0000028,INV-2026-00023,LND007,2026-09-11,1663933,APPROVED,PRIORITY
FIN-0000029,INV-2026-00023,LND025,2026-09-14,1614585,PENDING,MSME_FAST
FIN-0000030,INV-2026-00024,LND003,2026-09-14,3676738,DISBURSED,MSME_FAST
FIN-0000031,INV-2026-00025,LND014,2026-06-22,2777050,APPROVED,MSME_FAST
FIN-0000032,INV-2026-00026,LND015,2026-07-14,877496,APPROVED,STANDARD
FIN-0000033,INV-2026-00027,LND024,2026-07-02,3263360,DISBURSED,MSME_FAST
FIN-0000034,INV-2026-00028,LND008,2026-06-21,299130,DISBURSED,STANDARD
FIN-0000035,INV-2026-00029,LND001,2026-09-21,3826146,PENDING,PRIORITY
FIN-0000036,INV-2026-00030,LND021,2026-09-10,3654092,PENDING,MSME_FAST
FIN-0000037,INV-2026-00031,LND006,2026-07-29,3593947,APPROVED,STANDARD
FIN-0000038,INV-2026-00031,LND005,2026-07-29,3044623,DISBURSED,MSME_FAST
FIN-0000039,INV-2026-00032,LND018,2026-07-04,2487226,PENDING,STANDARD
FIN-0000040,INV-2026-00033,LND012,2026-07-21,4097752,APPROVED,PRIORITY
FIN-0000041,INV-2026-00034,LND006,2026-07-27,2494749,APPROVED,PRIORITY
FIN-0000042,INV-2026-00035,LND013,2026-09-19,1371059,APPROVED,STANDARD
FIN-0000043,INV-2026-00036,LND005,2026-08-05,915217,PENDING,PRIORITY
FIN-0000044,INV-2026-00037,LND012,2026-06-08,882362,PENDING,STANDARD
FIN-0000045,INV-2026-00038,LND005,2026-09-09,3460970,APPROVED,PRIORITY
FIN-0000046,INV-2026-00039,LND005,2026-06-08,3107394,APPROVED,MSME_FAST
FIN-0000047,INV-2026-00040,LND012,2026-07-31,2038746,APPROVED,PRIORITY
FIN-0000048,INV-2026-00041,LND019,2026-06-20,3224371,PENDING,PRIORITY
FIN-0000049,INV-2026-00042,LND015,2026-09-28,288838,DISBURSED,MSME_FAST
FIN-0000050,INV-2026-00043,LND002,2026-10-05,2107761,APPROVED,STANDARD
FIN-0000051,INV-2026-00044,LND023,2026-07-09,3927946,PENDING,MSME_FAST
FIN-0000052,INV-2026-00045,LND006,2026-07-20,3113427,DISBURSED,PRIORITY
FIN-0000053,INV-2026-00046,LND014,2026-07-27,2744824,DISBURSED,PRIORITY
FIN-0000054,INV-2026-00047,LND015,2026-08-28,3232741,PENDING,STANDARD
FIN-0000055,INV-2026-00048,LND024,2026-06-06,3259862,DISBURSED,PRIORITY
FIN-0000056,INV-2026-00049,LND009,2026-09-15,3183048,PENDING,STANDARD
FIN-0000057,INV-2026-00050,LND011,2026-06-27,1175549,PENDING,MSME_FAST
FIN-0000058,INV-2026-00051,LND003,2026-07-12,351590,PENDING,STANDARD
FIN-0000059,INV-2026-00051,LND009,2026-07-10,306885,APPROVED,STANDARD
FIN-0000060,INV-2026-00052,LND015,2026-07-28,1189388,PENDING,MSME_FAST
FIN-0000061,INV-2026-00053,LND001,2026-06-16,1321537,PENDING,PRIORITY
FIN-0000062,INV-2026-00054,LND009,2026-09-14,3490075,DISBURSED,MSME_FAST
FIN-0000063,INV-2026-00054,LND014,2026-09-23,3316369,PENDING,MSME_FAST
FIN-0000064,INV-2026-00055,LND011,2026-06-24,3417005,PENDING,STANDARD
FIN-0000065,INV-2026-00056,LND014,2026-09-02,2227439,DISBURSED,STANDARD
FIN-0000066,INV-2026-00057,LND023,2026-08-13,1857049,DISBURSED,MSME_FAST
FIN-0000067,INV-2026-00058,LND002,2026-08-26,957372,PENDING,MSME_FAST
FIN-0000068,INV-2026-00059,LND018,2026-07-03,1699000,APPROVED,PRIORITY
FIN-0000069,INV-2026-00060,LND006,2026-07-23,3440786,PENDING,MSME_FAST
FIN-0000070,INV-2026-00061,LND008,2026-07-15,3726163,DISBURSED,STANDARD
FIN-0000071,INV-2026-00062,LND015,2026-10-03,1308049,DISBURSED,MSME_FAST
FIN-0000072,INV-2026-00063,LND011,2026-08-07,3949801,APPROVED,MSME_FAST
FIN-0000073,INV-2026-00064,LND001,2026-07-24,3856443,APPROVED,MSME_FAST
FIN-0000074,INV-2026-00065,LND024,2026-10-09,3340428,PENDING,STANDARD
FIN-0000075,INV-2026-00066,LND003,2026-08-06,441717,DISBURSED,STANDARD
FIN-0000076,INV-2026-00067,LND001,2026-06-04,3519872,APPROVED,STANDARD
FIN-0000077,INV-2026-00068,LND005,2026-09-25,3351419,PENDING,PRIORITY
FIN-0000078,INV-2026-00069,LND017,2026-09-20,2883031,APPROVED,STANDARD
FIN-0000079,INV-2026-00070,LND004,2026-07-22,1165754,PENDING,STANDARD
FIN-0000080,INV-2026-00071,LND020,2026-06-26,521345,PENDING,STANDARD
FIN-0000081,INV-2026-00072,LND008,2026-08-03,3762342,DISBURSED,STANDARD
FIN-0000082,INV-2026-00072,LND023,2026-08-04,3728006,APPROVED,MSME_FAST
FIN-0000083,INV-2026-00073,LND017,2026-06-08,368430,APPROVED,MSME_FAST
FIN-0000084,INV-2026-00074,LND022,2026-08-28,2407103,APPROVED,STANDARD
FIN-0000085,INV-2026-00075,LND012,2026-09-30,1182897,PENDING,MSME_FAST
FIN-0000086,INV-2026-00076,LND003,2026-06-21,623765,APPROVED,STANDARD
FIN-0000087,INV-2026-00077,LND025,2026-09-27,2779052,DISBURSED,MSME_FAST
FIN-0000088,INV-2026-00078,LND025,2026-06-25,3551586,PENDING,MSME_FAST
FIN-0000089,INV-2026-00079,LND003,2026-07-01,1941322,PENDING,PRIORITY
FIN-0000090,INV-2026-00080,LND002,2026-06-07,1827038,APPROVED,MSME_FAST
FIN-0000091,INV-2026-00081,LND001,2026-09-14,3314358,DISBURSED,PRIORITY
FIN-0000092,INV-2026-00082,LND018,2026-08-02,2661742,DISBURSED,MSME_FAST
FIN-0000093,INV-2026-00083,LND004,2026-07-06,1331395,DISBURSED,PRIORITY
FIN-0000094,INV-2026-00084,LND014,2026-06-19,625311,APPROVED,PRIORITY
FIN-0000095,INV-2026-00085,LND002,2026-09-07,1135718,PENDING,PRIORITY
FIN-0000096,INV-2026-00086,LND015,2026-08-17,2024127,DISBURSED,PRIORITY
FIN-0000097,INV-2026-00087,LND003,2026-10-04,770747,APPROVED,MSME_FAST
FIN-0000098,INV-2026-00087,LND022,2026-10-13,760978,PENDING,MSME_FAST
FIN-0000099,INV-2026-00088,LND022,2026-07-17,257007,PENDING,MSME_FAST
FIN-0000100,INV-2026-00089,LND016,2026-06-18,318747,DISBURSED,STANDARD
FIN-0000101,INV-2026-00090,LND014,2026-08-26,3000684,DISBURSED,MSME_FAST
FIN-0000102,INV-2026-00091,LND018,2026-06-23,2863037,APPROVED,STANDARD
FIN-0000103,INV-2026-00092,LND003,2026-10-11,2355542,PENDING,PRIORITY
FIN-0000104,INV-2026-00093,LND016,2026-06-24,3017911,PENDING,PRIORITY
FIN-0000105,INV-2026-00094,LND017,2026-07-12,1062707,DISBURSED,PRIORITY
FIN-0000106,INV-2026-00095,LND014,2026-06-15,2991680,PENDING,STANDARD
FIN-0000107,INV-2026-00096,LND023,2026-07-15,2621856,PENDING,STANDARD
FIN-0000108,INV-2026-00097,LND014,2026-07-07,3648779,PENDING,MSME_FAST
FIN-0000109,INV-2026-00098,LND007,2026-07-13,3562306,DISBURSED,MSME_FAST
FIN-0000110,INV-2026-00099,LND016,2026-08-06,1358716,PENDING,PRIORITY
FIN-0000111,INV-2026-00100,LND018,2026-08-18,2040794,PENDING,MSME_FAST
FIN-0000112,INV-2026-00100,LND005,2026-08-13,1903983,PENDING,STANDARD
FIN-0000113,INV-2026-00101,LND022,2026-08-16,2764941,DISBURSED,STANDARD
FIN-0000114,INV-2026-00101,LND024,2026-08-20,2924965,PENDING,PRIORITY
FIN-0000115,INV-2026-00102,LND004,2026-06-30,3658678,APPROVED,STANDARD
FIN-0000116,INV-2026-00103,LND017,2026-07-14,1961021,APPROVED,STANDARD
FIN-0000117,INV-2026-00103,LND024,2026-07-22,1930200,APPROVED,STANDARD
FIN-0000118,INV-2026-00104,LND006,2026-07-17,3877850,APPROVED,PRIORITY
FIN-0000119,INV-2026-00105,LND015,2026-07-05,297456,DISBURSED,PRIORITY
FIN-0000120,INV-2026-00106,LND006,2026-06-20,385389,APPROVED,STANDARD
FIN-0000121,INV-2026-00107,LND022,2026-08-10,156435,DISBURSED,PRIORITY
FIN-0000122,INV-2026-00108,LND008,2026-08-29,3472862,PENDING,STANDARD
FIN-0000123,INV-2026-00109,LND014,2026-09-24,731635,APPROVED,PRIORITY
FIN-0000124,INV-2026-00110,LND010,2026-08-14,1230005,APPROVED,STANDARD
FIN-0000125,INV-2026-00111,LND013,2026-08-22,2041798,DISBURSED,STANDARD
FIN-0000126,INV-2026-00112,LND018,2026-07-02,1902342,PENDING,PRIORITY
FIN-0000127,INV-2026-00113,LND011,2026-07-10,2622502,PENDING,MSME_FAST
FIN-0000128,INV-2026-00114,LND014,2026-07-22,2114576,PENDING,PRIORITY
FIN-0000129,INV-2026-00115,LND018,2026-07-11,63738,PENDING,PRIORITY
FIN-0000130,INV-2026-00116,LND007,2026-06-27,1631737,APPROVED,PRIORITY
FIN-0000131,INV-2026-00117,LND014,2026-09-19,3200335,PENDING,PRIORITY
FIN-0000132,INV-2026-00117,LND020,2026-09-20,2915420,APPROVED,PRIORITY
FIN-0000133,INV-2026-00118,LND022,2026-09-20,2077501,APPROVED,PRIORITY
FIN-0000134,INV-2026-00119,LND016,2026-09-17,2612420,DISBURSED,STANDARD
FIN-0000135,INV-2026-00120,LND021,2026-06-24,634075,DISBURSED,STANDARD
FIN-0000136,INV-2026-00121,LND010,2026-07-10,3469626,APPROVED,MSME_FAST
FIN-0000137,INV-2026-00121,LND013,2026-07-09,3608202,DISBURSED,STANDARD
FIN-0000138,INV-2026-00122,LND022,2026-09-24,2257714,DISBURSED,STANDARD
FIN-0000139,INV-2026-00123,LND004,2026-09-18,3082838,APPROVED,STANDARD
FIN-0000140,INV-2026-00124,LND014,2026-09-11,3026228,PENDING,STANDARD
FIN-0000141,INV-2026-00125,LND001,2026-08-18,3032291,APPROVED,PRIORITY
FIN-0000142,INV-2026-00126,LND006,2026-10-06,1347514,APPROVED,PRIORITY
FIN-0000143,INV-2026-00127,LND007,2026-07-27,3714530,DISBURSED,MSME_FAST
FIN-0000144,INV-2026-00128,LND003,2026-09-17,2587876,APPROVED,PRIORITY
FIN-0000145,INV-2026-00129,LND001,2026-08-27,659848,APPROVED,MSME_FAST
FIN-0000146,INV-2026-00130,LND011,2026-08-14,3258037,DISBURSED,STANDARD
FIN-0000147,INV-2026-00130,LND003,2026-08-23,3856314,PENDING,STANDARD
FIN-0000148,INV-2026-00131,LND022,2026-07-02,1876220,DISBURSED,STANDARD
FIN-0000149,INV-2026-00131,LND021,2026-07-09,2022398,APPROVED,MSME_FAST
FIN-0000150,INV-2026-00132,LND008,2026-06-14,676545,DISBURSED,STANDARD
FIN-0000151,INV-2026-00133,LND008,2026-06-29,2698777,PENDING,STANDARD
FIN-0000152,INV-2026-00134,LND008,2026-07-19,3619340,DISBURSED,STANDARD
FIN-0000153,INV-2026-00135,LND022,2026-06-10,2394644,DISBURSED,STANDARD
FIN-0000154,INV-2026-00136,LND011,2026-09-30,703629,PENDING,MSME_FAST
FIN-0000155,INV-2026-00137,LND017,2026-07-20,678041,PENDING,STANDARD
FIN-0000156,INV-2026-00138,LND008,2026-09-30,2362307,PENDING,PRIORITY
FIN-0000157,INV-2026-00139,LND013,2026-07-06,590215,APPROVED,STANDARD
FIN-0000158,INV-2026-00140,LND007,2026-09-08,3744262,PENDING,PRIORITY
FIN-0000159,INV-2026-00141,LND002,2026-09-28,3702550,APPROVED,MSME_FAST
FIN-0000160,INV-2026-00142,LND016,2026-09-14,2410409,DISBURSED,MSME_FAST
FIN-0000161,INV-2026-00143,LND007,2026-07-20,2151750,APPROVED,STANDARD
FIN-0000162,INV-2026-00144,LND006,2026-06-16,4069032,APPROVED,STANDARD
FIN-0000163,INV-2026-00145,LND024,2026-07-22,2130531,APPROVED,PRIORITY
FIN-0000164,INV-2026-00146,LND010,2026-10-07,3519245,DISBURSED,STANDARD
FIN-0000165,INV-2026-00147,LND014,2026-09-06,3801226,PENDING,PRIORITY
FIN-0000166,INV-2026-00148,LND009,2026-06-24,808800,PENDING,STANDARD
FIN-0000167,INV-2026-00149,LND006,2026-08-16,1919752,DISBURSED,PRIORITY
FIN-0000168,INV-2026-00150,LND001,2026-06-28,2734914,APPROVED,PRIORITY
FIN-0000169,INV-2026-00151,LND021,2026-08-06,891266,PENDING,PRIORITY
FIN-0000170,INV-2026-00152,LND003,2026-08-31,891134,DISBURSED,STANDARD
FIN-0000171,INV-2026-00153,LND008,2026-06-19,53136,DISBURSED,STANDARD
FIN-0000172,INV-2026-00154,LND025,2026-08-28,915163,PENDING,STANDARD
FIN-0000173,INV-2026-00155,LND015,2026-06-24,1495125,DISBURSED,PRIORITY
FIN-0000174,INV-2026-00156,LND021,2026-08-31,535440,DISBURSED,STANDARD
FIN-0000175,INV-2026-00157,LND014,2026-08-28,753926,DISBURSED,MSME_FAST
FIN-0000176,INV-2026-00158,LND009,2026-08-06,128452,APPROVED,STANDARD
FIN-0000177,INV-2026-00159,LND003,2026-09-12,998198,APPROVED,MSME_FAST
FIN-0000178,INV-2026-00160,LND012,2026-09-05,2465123,PENDING,MSME_FAST
FIN-0000179,INV-2026-00161,LND013,2026-06-30,872683,DISBURSED,PRIORITY
FIN-0000180,INV-2026-00162,LND015,2026-08-10,1581681,PENDING,PRIORITY
FIN-0000181,INV-2026-00163,LND015,2026-07-31,54179,PENDING,MSME_FAST
FIN-0000182,INV-2026-00164,LND019,2026-09-10,416192,PENDING,PRIORITY
FIN-0000183,INV-2026-00165,LND023,2026-09-26,672488,PENDING,MSME_FAST
FIN-0000184,INV-2026-00165,LND006,2026-09-28,816697,APPROVED,STANDARD
FIN-0000185,INV-2026-00166,LND001,2026-09-08,3035613,DISBURSED,PRIORITY
FIN-0000186,INV-2026-00167,LND009,2026-08-04,4135528,APPROVED,MSME_FAST
FIN-0000187,INV-2026-00168,LND013,2026-09-11,1390273,APPROVED,STANDARD
FIN-0000188,INV-2026-00169,LND018,2026-06-22,1610471,DISBURSED,PRIORITY
FIN-0000189,INV-2026-00169,LND023,2026-06-27,1622996,APPROVED,MSME_FAST
FIN-0000190,INV-2026-00170,LND017,2026-09-16,147666,APPROVED,PRIORITY
FIN-0000191,INV-2026-00171,LND014,2026-08-07,3743613,PENDING,MSME_FAST
FIN-0000192,INV-2026-00172,LND023,2026-07-14,3164663,PENDING,STANDARD
FIN-0000193,INV-2026-00173,LND023,2026-09-11,2079590,PENDING,PRIORITY
FIN-0000194,INV-2026-00173,LND016,2026-09-11,1954719,DISBURSED,MSME_FAST
FIN-0000195,INV-2026-00174,LND015,2026-07-08,801234,APPROVED,MSME_FAST
FIN-0000196,INV-2026-00174,LND010,2026-07-11,662401,DISBURSED,STANDARD
FIN-0000197,INV-2026-00175,LND001,2026-09-28,3472258,APPROVED,STANDARD
FIN-0000198,INV-2026-00176,LND018,2026-06-16,1053953,DISBURSED,MSME_FAST
FIN-0000199,INV-2026-00176,LND014,2026-06-04,1141451,APPROVED,PRIORITY
FIN-0000200,INV-2026-00177,LND008,2026-08-13,2502173,DISBURSED,PRIORITY
FIN-0000201,INV-2026-00178,LND008,2026-09-07,771884,PENDING,PRIORITY
FIN-0000202,INV-2026-00179,LND018,2026-08-22,1799735,PENDING,PRIORITY
FIN-0000203,INV-2026-00180,LND007,2026-08-24,4455583,APPROVED,PRIORITY
FIN-0000204,INV-2026-00181,LND001,2026-09-22,1197512,DISBURSED,STANDARD
FIN-0000205,INV-2026-00182,LND009,2026-08-02,2533238,PENDING,MSME_FAST
FIN-0000206,INV-2026-00183,LND014,2026-08-16,3036355,APPROVED,MSME_FAST
FIN-0000207,INV-2026-00184,LND012,2026-07-02,1051632,PENDING,STANDARD
FIN-0000208,INV-2026-00185,LND002,2026-08-18,3069581,PENDING,MSME_FAST
FIN-0000209,INV-2026-00186,LND006,2026-09-02,3235398,DISBURSED,STANDARD
FIN-0000210,INV-2026-00187,LND022,2026-06-17,2751886,DISBURSED,PRIORITY
FIN-0000211,INV-2026-00188,LND015,2026-06-23,2884627,DISBURSED,STANDARD
FIN-0000212,INV-2026-00189,LND023,2026-06-18,1404263,APPROVED,PRIORITY
FIN-0000213,INV-2026-00190,LND001,2026-09-19,1870146,DISBURSED,PRIORITY
FIN-0000214,INV-2026-00191,LND015,2026-07-02,3315948,APPROVED,STANDARD
FIN-0000215,INV-2026-00192,LND006,2026-09-25,2413868,DISBURSED,PRIORITY
FIN-0000216,INV-2026-00193,LND022,2026-10-11,1479882,APPROVED,STANDARD
FIN-0000217,INV-2026-00194,LND009,2026-09-08,2376384,DISBURSED,MSME_FAST
FIN-0000218,INV-2026-00195,LND012,2026-09-03,733219,DISBURSED,MSME_FAST
FIN-0000219,INV-2026-00196,LND012,2026-07-12,1185366,APPROVED,STANDARD
FIN-0000220,INV-2026-00196,LND015,2026-07-02,1135866,APPROVED,MSME_FAST
FIN-0000221,INV-2026-00197,LND012,2026-07-03,1515187,APPROVED,STANDARD
FIN-0000222,INV-2026-00197,LND006,2026-07-11,1262523,DISBURSED,STANDARD
FIN-0000223,INV-2026-00198,LND002,2026-07-07,2732319,APPROVED,STANDARD
FIN-0000224,INV-2026-00199,LND011,2026-07-31,1450290,APPROVED,STANDARD
FIN-0000225,INV-2026-00200,LND005,2026-09-28,494121,DISBURSED,MSME_FAST
FIN-0000226,INV-2026-00201,LND022,2026-06-17,2584587,DISBURSED,STANDARD
FIN-0000227,INV-2026-00202,LND024,2026-07-04,1203069,APPROVED,MSME_FAST
FIN-0000228,INV-2026-00203,LND022,2026-09-13,1704807,DISBURSED,PRIORITY
FIN-0000229,INV-2026-00204,LND015,2026-09-24,3364252,APPROVED,PRIORITY
FIN-0000230,INV-2026-00205,LND001,2026-09-06,3324286,APPROVED,PRIORITY
FIN-0000231,INV-2026-00206,LND024,2026-07-20,3029411,APPROVED,STANDARD
FIN-0000232,INV-2026-00207,LND023,2026-07-04,179530,PENDING,PRIORITY
FIN-0000233,INV-2026-00208,LND008,2026-10-11,2979585,APPROVED,PRIORITY
FIN-0000234,INV-2026-00209,LND005,2026-10-03,787785,APPROVED,PRIORITY
FIN-0000235,INV-2026-00210,LND011,2026-08-19,856704,DISBURSED,STANDARD
FIN-0000236,INV-2026-00210,LND021,2026-08-25,799396,APPROVED,STANDARD
FIN-0000237,INV-2026-00211,LND017,2026-06-22,971853,APPROVED,STANDARD
FIN-0000238,INV-2026-00212,LND010,2026-09-27,1727632,APPROVED,MSME_FAST
FIN-0000239,INV-2026-00213,LND004,2026-07-11,542869,PENDING,PRIORITY
FIN-0000240,INV-2026-00214,LND020,2026-07-14,1639191,APPROVED,MSME_FAST
FIN-0000241,INV-2026-00215,LND014,2026-08-04,305738,DISBURSED,PRIORITY
FIN-0000242,INV-2026-00216,LND022,2026-09-04,1588091,APPROVED,STANDARD
FIN-0000243,INV-2026-00217,LND004,2026-08-09,525452,DISBURSED,STANDARD
FIN-0000244,INV-2026-00218,LND022,2026-08-31,1245125,PENDING,STANDARD
FIN-0000245,INV-2026-00219,LND011,2026-09-15,109876,APPROVED,STANDARD
FIN-0000246,INV-2026-00220,LND005,2026-06-20,231207,APPROVED,MSME_FAST
FIN-0000247,INV-2026-00221,LND015,2026-06-16,3947471,APPROVED,STANDARD
FIN-0000248,INV-2026-00222,LND024,2026-08-07,719748,DISBURSED,MSME_FAST
FIN-0000249,INV-2026-00223,LND002,2026-09-12,234228,PENDING,PRIORITY
FIN-0000250,INV-2026-00224,LND007,2026-09-16,738541,DISBURSED,STANDARD
FIN-0000251,INV-2026-00225,LND012,2026-08-17,548934,APPROVED,STANDARD
FIN-0000252,INV-2026-00226,LND016,2026-07-17,2860829,PENDING,MSME_FAST
FIN-0000253,INV-2026-00227,LND012,2026-09-27,1306132,APPROVED,PRIORITY
FIN-0000254,INV-2026-00228,LND016,2026-07-19,2305881,DISBURSED,PRIORITY
FIN-0000255,INV-2026-00229,LND008,2026-06-09,235893,PENDING,PRIORITY
FIN-0000256,INV-2026-00230,LND013,2026-08-02,1691425,DISBURSED,MSME_FAST
FIN-0000257,INV-2026-00231,LND008,2026-07-14,3061826,APPROVED,MSME_FAST
FIN-0000258,INV-2026-00232,LND003,2026-07-31,1681486,PENDING,STANDARD
FIN-0000259,INV-2026-00233,LND019,2026-07-19,2382460,DISBURSED,STANDARD
FIN-0000260,INV-2026-00234,LND002,2026-07-30,3781570,APPROVED,PRIORITY
FIN-0000261,INV-2026-00235,LND002,2026-06-21,2750624,DISBURSED,MSME_FAST
FIN-0000262,INV-2026-00236,LND003,2026-08-04,3286084,PENDING,STANDARD
FIN-0000263,INV-2026-00237,LND020,2026-06-30,3911970,PENDING,MSME_FAST
FIN-0000264,INV-2026-00238,LND021,2026-10-06,366810,APPROVED,PRIORITY
FIN-0000265,INV-2026-00239,LND021,2026-06-23,3493493,DISBURSED,MSME_FAST
FIN-0000266,INV-2026-00240,LND022,2026-08-17,1282290,PENDING,PRIORITY
FIN-0000267,INV-2026-00240,LND010,2026-08-21,1339968,DISBURSED,PRIORITY
FIN-0000268,INV-2026-00241,LND007,2026-09-11,2492498,DISBURSED,PRIORITY
FIN-0000269,INV-2026-00242,LND013,2026-07-13,2002685,DISBURSED,STANDARD
FIN-0000270,INV-2026-00243,LND007,2026-09-01,2973805,APPROVED,STANDARD
FIN-0000271,INV-2026-00244,LND022,2026-07-28,2179362,APPROVED,STANDARD
FIN-0000272,INV-2026-00245,LND004,2026-09-05,2530407,APPROVED,MSME_FAST
FIN-0000273,INV-2026-00246,LND025,2026-07-26,3820655,APPROVED,MSME_FAST
FIN-0000274,INV-2026-00247,LND008,2026-06-17,1805706,APPROVED,PRIORITY
FIN-0000275,INV-2026-00248,LND009,2026-08-23,1862999,PENDING,STANDARD
FIN-0000276,INV-2026-00248,LND019,2026-08-28,1814244,DISBURSED,MSME_FAST
FIN-0000277,INV-2026-00249,LND004,2026-09-13,2627117,DISBURSED,PRIORITY
FIN-0000278,INV-2026-00250,LND015,2026-09-16,1385760,PENDING,MSME_FAST
FIN-0000279,INV-2026-00251,LND002,2026-06-25,2101103,APPROVED,PRIORITY
FIN-0000280,INV-2026-00252,LND021,2026-08-07,1808463,DISBURSED,MSME_FAST
FIN-0000281,INV-2026-00253,LND016,2026-08-06,3803444,APPROVED,MSME_FAST
FIN-0000282,INV-2026-00254,LND006,2026-07-07,2489610,APPROVED,MSME_FAST
FIN-0000283,INV-2026-00255,LND023,2026-08-13,866419,DISBURSED,MSME_FAST
FIN-0000284,INV-2026-00255,LND007,2026-08-09,976883,PENDING,MSME_FAST
FIN-0000285,INV-2026-00256,LND011,2026-09-06,2120535,APPROVED,STANDARD
FIN-0000286,INV-2026-00257,LND001,2026-06-27,1386244,DISBURSED,MSME_FAST
FIN-0000287,INV-2026-00257,LND007,2026-06-29,1428939,DISBURSED,MSME_FAST
FIN-0000288,INV-2026-00258,LND017,2026-09-25,1992706,DISBURSED,MSME_FAST
FIN-0000289,INV-2026-00259,LND008,2026-09-27,922841,PENDING,MSME_FAST
FIN-0000290,INV-2026-00260,LND017,2026-08-11,3102229,DISBURSED,PRIORITY
FIN-0000291,INV-2026-00261,LND016,2026-07-08,1321568,APPROVED,PRIORITY
FIN-0000292,INV-2026-00262,LND003,2026-07-02,1289149,DISBURSED,PRIORITY
FIN-0000293,INV-2026-00263,LND018,2026-09-29,2858753,DISBURSED,STANDARD
FIN-0000294,INV-2026-00264,LND023,2026-08-11,3015169,DISBURSED,PRIORITY
FIN-0000295,INV-2026-00264,LND005,2026-08-09,2985441,DISBURSED,MSME_FAST
FIN-0000296,INV-2026-00265,LND015,2026-10-03,3148867,DISBURSED,PRIORITY
FIN-0000297,INV-2026-00266,LND007,2026-10-06,3674361,APPROVED,MSME_FAST
FIN-0000298,INV-2026-00267,LND008,2026-09-19,239197,DISBURSED,STANDARD
FIN-0000299,INV-2026-00268,LND007,2026-06-20,2690786,DISBURSED,PRIORITY
FIN-0000300,INV-2026-00269,LND020,2026-07-02,111858,PENDING,STANDARD
FIN-0000301,INV-2026-00270,LND018,2026-07-07,3151451,PENDING,PRIORITY
FIN-0000302,INV-2026-00271,LND013,2026-10-02,2419678,DISBURSED,STANDARD
FIN-0000303,INV-2026-00272,LND020,2026-08-31,2229956,APPROVED,MSME_FAST
FIN-0000304,INV-2026-00273,LND014,2026-06-17,3709675,PENDING,PRIORITY
FIN-0000305,INV-2026-00274,LND020,2026-07-07,4255819,PENDING,STANDARD
FIN-0000306,INV-2026-00274,LND023,2026-07-16,4196710,APPROVED,MSME_FAST
FIN-0000307,INV-2026-00275,LND011,2026-08-16,2412605,PENDING,MSME_FAST
FIN-0000308,INV-2026-00276,LND011,2026-07-04,2527125,PENDING,STANDARD
FIN-0000309,INV-2026-00276,LND010,2026-07-04,2632080,PENDING,PRIORITY
FIN-0000310,INV-2026-00277,LND005,2026-08-25,1304411,PENDING,MSME_FAST
FIN-0000311,INV-2026-00278,LND001,2026-07-19,2144005,APPROVED,PRIORITY
FIN-0000312,INV-2026-00279,LND023,2026-09-09,272003,DISBURSED,STANDARD
FIN-0000313,INV-2026-00280,LND019,2026-09-24,342937,APPROVED,PRIORITY
FIN-0000314,INV-2026-00281,LND022,2026-07-05,2451669,DISBURSED,PRIORITY
FIN-0000315,INV-2026-00282,LND020,2026-08-09,303122,APPROVED,STANDARD
FIN-0000316,INV-2026-00283,LND002,2026-10-09,153457,DISBURSED,PRIORITY
FIN-0000317,INV-2026-00283,LND015,2026-10-12,149457,PENDING,MSME_FAST
FIN-0000318,INV-2026-00284,LND024,2026-07-25,1404155,DISBURSED,MSME_FAST
FIN-0000319,INV-2026-00285,LND001,2026-08-01,222854,APPROVED,MSME_FAST
FIN-0000320,INV-2026-00285,LND021,2026-07-30,205554,PENDING,STANDARD
FIN-0000321,INV-2026-00286,LND014,2026-06-15,1314348,PENDING,MSME_FAST
FIN-0000322,INV-2026-00287,LND018,2026-07-22,2203626,DISBURSED,STANDARD
FIN-0000323,INV-2026-00288,LND022,2026-07-27,1261318,DISBURSED,PRIORITY
FIN-0000324,INV-2026-00289,LND005,2026-09-09,2827231,APPROVED,STANDARD
FIN-0000325,INV-2026-00290,LND022,2026-07-17,1687372,PENDING,PRIORITY
FIN-0000326,INV-2026-00291,LND006,2026-06-02,3373463,APPROVED,MSME_FAST
FIN-0000327,INV-2026-00292,LND016,2026-08-14,1494016,PENDING,STANDARD
FIN-0000328,INV-2026-00293,LND018,2026-08-22,2602117,PENDING,PRIORITY
FIN-0000329,INV-2026-00294,LND003,2026-08-31,2776334,PENDING,STANDARD
FIN-0000330,INV-2026-00295,LND005,2026-08-28,3407667,DISBURSED,STANDARD
FIN-0000331,INV-2026-00296,LND010,2026-10-11,1108511,PENDING,MSME_FAST
FIN-0000332,INV-2026-00297,LND015,2026-07-26,1110019,APPROVED,STANDARD
FIN-0000333,INV-2026-00298,LND018,2026-09-22,2193780,APPROVED,MSME_FAST
FIN-0000334,INV-2026-00299,LND002,2026-09-11,3959066,PENDING,STANDARD
FIN-0000335,INV-2026-00300,LND020,2026-09-20,3973662,APPROVED,STANDARD
FIN-0000336,INV-2026-00301,LND019,2026-07-06,3976385,DISBURSED,MSME_FAST
FIN-0000337,INV-2026-00302,LND007,2026-09-13,185141,PENDING,PRIORITY
FIN-0000338,INV-2026-00303,LND012,2026-06-29,1409464,APPROVED,MSME_FAST
FIN-0000339,INV-2026-00304,LND021,2026-07-20,1405088,PENDING,MSME_FAST
FIN-0000340,INV-2026-00305,LND025,2026-10-14,3538496,DISBURSED,PRIORITY
FIN-0000341,INV-2026-00306,LND004,2026-07-31,3332496,DISBURSED,MSME_FAST
FIN-0000342,INV-2026-00307,LND020,2026-09-24,2627171,PENDING,PRIORITY
FIN-0000343,INV-2026-00308,LND007,2026-07-16,1505213,APPROVED,MSME_FAST
FIN-0000344,INV-2026-00309,LND006,2026-10-05,4135843,DISBURSED,MSME_FAST
FIN-0000345,INV-2026-00310,LND019,2026-06-27,3588853,APPROVED,PRIORITY
FIN-0000346,INV-2026-00311,LND024,2026-08-06,2042292,PENDING,PRIORITY
FIN-0000347,INV-2026-00312,LND002,2026-07-15,2724393,DISBURSED,STANDARD
FIN-0000348,INV-2026-00313,LND012,2026-08-12,2234664,APPROVED,PRIORITY
FIN-0000349,INV-2026-00314,LND012,2026-07-29,3791644,DISBURSED,STANDARD
FIN-0000350,INV-2026-00315,LND011,2026-06-07,1493941,APPROVED,STANDARD
FIN-0000351,INV-2026-00316,LND007,2026-09-15,1072902,PENDING,MSME_FAST
FIN-0000352,INV-2026-00316,LND011,2026-09-11,1011190,DISBURSED,MSME_FAST
FIN-0000353,INV-2026-00317,LND015,2026-09-29,2041554,PENDING,STANDARD
FIN-0000354,INV-2026-00318,LND014,2026-08-09,2362898,APPROVED,PRIORITY
FIN-0000355,INV-2026-00319,LND013,2026-09-22,1882239,APPROVED,MSME_FAST
FIN-0000356,INV-2026-00320,LND016,2026-08-12,1015728,APPROVED,MSME_FAST
FIN-0000357,INV-2026-00321,LND005,2026-08-02,3062174,DISBURSED,MSME_FAST
FIN-0000358,INV-2026-00322,LND024,2026-08-08,2266434,APPROVED,STANDARD
FIN-0000359,INV-2026-00323,LND021,2026-09-26,2015580,APPROVED,PRIORITY
FIN-0000360,INV-2026-00323,LND009,2026-09-25,2246460,APPROVED,MSME_FAST
FIN-0000361,INV-2026-00324,LND005,2026-08-19,372075,DISBURSED,STANDARD
FIN-0000362,INV-2026-00324,LND003,2026-09-02,436202,PENDING,MSME_FAST
FIN-0000363,INV-2026-00325,LND008,2026-09-29,480267,PENDING,PRIORITY
FIN-0000364,INV-2026-00325,LND022,2026-09-20,573412,APPROVED,PRIORITY
FIN-0000365,INV-2026-00326,LND005,2026-09-28,1226963,PENDING,STANDARD
FIN-0000366,INV-2026-00327,LND011,2026-09-04,2393117,PENDING,MSME_FAST
FIN-0000367,INV-2026-00328,LND023,2026-07-06,1778552,PENDING,STANDARD
FIN-0000368,INV-2026-00329,LND023,2026-08-03,1915448,PENDING,STANDARD
FIN-0000369,INV-2026-00329,LND002,2026-07-23,1707450,DISBURSED,MSME_FAST
FIN-0000370,INV-2026-00330,LND013,2026-09-15,928460,APPROVED,PRIORITY
FIN-0000371,INV-2026-00331,LND003,2026-06-25,3852263,APPROVED,PRIORITY
FIN-0000372,INV-2026-00332,LND022,2026-09-05,2918358,PENDING,MSME_FAST
FIN-0000373,INV-2026-00333,LND004,2026-06-11,4050817,APPROVED,STANDARD
FIN-0000374,INV-2026-00334,LND002,2026-07-15,3421380,APPROVED,STANDARD
FIN-0000375,INV-2026-00335,LND016,2026-06-27,1421570,PENDING,STANDARD
FIN-0000376,INV-2026-00336,LND001,2026-07-05,1079880,DISBURSED,MSME_FAST
FIN-0000377,INV-2026-00337,LND010,2026-07-31,608930,APPROVED,PRIORITY
FIN-0000378,INV-2026-00338,LND001,2026-08-17,577596,APPROVED,MSME_FAST
FIN-0000379,INV-2026-00339,LND006,2026-07-13,2862395,DISBURSED,MSME_FAST
FIN-0000380,INV-2026-00340,LND016,2026-07-22,3507058,DISBURSED,STANDARD
FIN-0000381,INV-2026-00340,LND010,2026-07-25,3917449,APPROVED,STANDARD
FIN-0000382,INV-2026-00341,LND008,2026-10-05,575184,APPROVED,MSME_FAST
FIN-0000383,INV-2026-00342,LND001,2026-09-22,1194675,PENDING,MSME_FAST
FIN-0000384,INV-2026-00343,LND017,2026-08-20,2203237,PENDING,MSME_FAST
FIN-0000385,INV-2026-00344,LND013,2026-06-13,2132690,APPROVED,MSME_FAST
FIN-0000386,INV-2026-00344,LND012,2026-06-14,1674444,PENDING,MSME_FAST
FIN-0000387,INV-2026-00345,LND022,2026-08-04,623989,APPROVED,MSME_FAST
FIN-0000388,INV-2026-00346,LND020,2026-09-18,3188868,DISBURSED,MSME_FAST
FIN-0000389,INV-2026-00347,LND020,2026-06-14,1252233,PENDING,MSME_FAST
FIN-0000390,INV-2026-00348,LND005,2026-10-02,3587293,DISBURSED,STANDARD
FIN-0000391,INV-2026-00349,LND008,2026-09-30,3260705,PENDING,MSME_FAST
FIN-0000392,INV-2026-00350,LND008,2026-09-15,2977661,PENDING,STANDARD
FIN-0000393,INV-2026-00351,LND004,2026-10-02,1506207,APPROVED,PRIORITY
FIN-0000394,INV-2026-00352,LND023,2026-08-04,2262164,PENDING,MSME_FAST
FIN-0000395,INV-2026-00353,LND006,2026-09-11,2965342,APPROVED,STANDARD
FIN-0000396,INV-2026-00354,LND006,2026-07-31,3125355,PENDING,PRIORITY
FIN-0000397,INV-2026-00355,LND011,2026-09-25,2932821,PENDING,PRIORITY
FIN-0000398,INV-2026-00356,LND013,2026-09-29,1096635,PENDING,STANDARD
FIN-0000399,INV-2026-00357,LND015,2026-06-26,3209077,DISBURSED,MSME_FAST
FIN-0000400,INV-2026-00358,LND024,2026-07-26,2093167,APPROVED,STANDARD
FIN-0000401,INV-2026-00358,LND020,2026-07-14,2171248,DISBURSED,STANDARD
FIN-0000402,INV-2026-00359,LND017,2026-06-16,2646741,DISBURSED,PRIORITY
FIN-0000403,INV-2026-00360,LND021,2026-07-25,1714295,APPROVED,MSME_FAST
FIN-0000404,INV-2026-00361,LND024,2026-06-11,1253757,DISBURSED,PRIORITY
FIN-0000405,INV-2026-00362,LND006,2026-09-17,3385135,APPROVED,STANDARD
FIN-0000406,INV-2026-00363,LND019,2026-07-06,1847567,DISBURSED,MSME_FAST
FIN-0000407,INV-2026-00364,LND019,2026-09-27,3982465,PENDING,PRIORITY
FIN-0000408,INV-2026-00365,LND025,2026-10-02,266731,DISBURSED,PRIORITY
FIN-0000409,INV-2026-00365,LND012,2026-09-21,262269,DISBURSED,MSME_FAST
FIN-0000410,INV-2026-00366,LND017,2026-09-08,1489532,APPROVED,PRIORITY
FIN-0000411,INV-2026-00367,LND015,2026-08-18,1643903,PENDING,STANDARD
FIN-0000412,INV-2026-00368,LND003,2026-09-29,2296465,PENDING,MSME_FAST
FIN-0000413,INV-2026-00369,LND023,2026-09-04,3310543,APPROVED,PRIORITY
FIN-0000414,INV-2026-00370,LND014,2026-06-16,2664193,APPROVED,STANDARD
FIN-0000415,INV-2026-00370,LND008,2026-06-23,2651632,DISBURSED,PRIORITY
FIN-0000416,INV-2026-00371,LND007,2026-07-31,2536138,DISBURSED,PRIORITY
FIN-0000417,INV-2026-00371,LND024,2026-08-03,2386618,APPROVED,MSME_FAST
FIN-0000418,INV-2026-00372,LND006,2026-06-10,1350841,PENDING,PRIORITY
FIN-0000419,INV-2026-00372,LND014,2026-06-06,1192818,DISBURSED,PRIORITY
FIN-0000420,INV-2026-00373,LND002,2026-09-12,508544,DISBURSED,MSME_FAST
FIN-0000421,INV-2026-00374,LND023,2026-08-10,2509988,DISBURSED,MSME_FAST
FIN-0000422,INV-2026-00375,LND025,2026-08-13,2609405,PENDING,MSME_FAST
FIN-0000423,INV-2026-00376,LND017,2026-07-14,844745,APPROVED,PRIORITY
FIN-0000424,INV-2026-00377,LND009,2026-07-23,3309301,DISBURSED,MSME_FAST
FIN-0000425,INV-2026-00378,LND017,2026-08-02,1410600,PENDING,PRIORITY
FIN-0000426,INV-2026-00379,LND005,2026-09-09,2333838,DISBURSED,PRIORITY
FIN-0000427,INV-2026-00380,LND021,2026-08-27,2973796,APPROVED,STANDARD
FIN-0000428,INV-2026-00381,LND001,2026-10-05,1950791,PENDING,STANDARD
FIN-0000429,INV-2026-00382,LND009,2026-07-09,2321054,DISBURSED,PRIORITY
FIN-0000430,INV-2026-00383,LND013,2026-07-27,4049406,PENDING,MSME_FAST
FIN-0000431,INV-2026-00383,LND009,2026-07-24,4129680,PENDING,STANDARD
FIN-0000432,INV-2026-00384,LND025,2026-06-29,1954818,DISBURSED,PRIORITY
FIN-0000433,INV-2026-00385,LND010,2026-09-23,3590294,PENDING,MSME_FAST
FIN-0000434,INV-2026-00386,LND016,2026-10-02,1483399,DISBURSED,MSME_FAST
FIN-0000435,INV-2026-00386,LND006,2026-09-26,1643304,APPROVED,PRIORITY
FIN-0000436,INV-2026-00387,LND001,2026-07-22,2086966,DISBURSED,STANDARD
FIN-0000437,INV-2026-00388,LND024,2026-07-04,2407207,DISBURSED,STANDARD
FIN-0000438,INV-2026-00389,LND005,2026-07-24,2110770,PENDING,MSME_FAST
FIN-0000439,INV-2026-00390,LND015,2026-07-11,4255424,DISBURSED,MSME_FAST
FIN-0000440,INV-2026-00391,LND019,2026-06-27,2264272,DISBURSED,STANDARD
FIN-0000441,INV-2026-00392,LND015,2026-07-29,2652822,APPROVED,MSME_FAST
FIN-0000442,INV-2026-00393,LND024,2026-07-29,1631939,DISBURSED,PRIORITY
FIN-0000443,INV-2026-00394,LND020,2026-09-14,2909265,PENDING,STANDARD
FIN-0000444,INV-2026-00395,LND022,2026-07-25,1167693,DISBURSED,MSME_FAST
FIN-0000445,INV-2026-00396,LND010,2026-09-27,512640,PENDING,PRIORITY
FIN-0000446,INV-2026-00397,LND008,2026-07-04,353887,DISBURSED,PRIORITY
FIN-0000447,INV-2026-00398,LND009,2026-06-23,286837,DISBURSED,STANDARD
FIN-0000448,INV-2026-00398,LND013,2026-06-21,256265,APPROVED,PRIORITY
FIN-0000449,INV-2026-00399,LND009,2026-07-11,2335337,APPROVED,STANDARD
FIN-0000450,INV-2026-00400,LND013,2026-06-14,1519037,APPROVED,MSME_FAST
FIN-0000451,INV-2026-00401,LND005,2026-09-15,1334576,PENDING,MSME_FAST
FIN-0000452,INV-2026-00401,LND013,2026-09-21,1488414,APPROVED,MSME_FAST
FIN-0000453,INV-2026-00402,LND002,2026-06-26,3902308,APPROVED,MSME_FAST
FIN-0000454,INV-2026-00403,LND018,2026-06-15,2218618,APPROVED,PRIORITY
FIN-0000455,INV-2026-00404,LND009,2026-09-03,983636,DISBURSED,PRIORITY
FIN-0000456,INV-2026-00405,LND017,2026-09-19,236636,PENDING,STANDARD
FIN-0000457,INV-2026-00406,LND010,2026-06-29,3399448,APPROVED,STANDARD
FIN-0000458,INV-2026-00407,LND006,2026-09-10,988888,DISBURSED,MSME_FAST
FIN-0000459,INV-2026-00408,LND021,2026-10-01,1544153,DISBURSED,STANDARD
FIN-0000460,INV-2026-00409,LND018,2026-08-25,1951348,APPROVED,STANDARD
FIN-0000461,INV-2026-00410,LND012,2026-08-14,3448332,DISBURSED,STANDARD
FIN-0000462,INV-2026-00411,LND007,2026-07-19,3185454,DISBURSED,MSME_FAST
FIN-0000463,INV-2026-00412,LND009,2026-08-12,2378974,DISBURSED,STANDARD
FIN-0000464,INV-2026-00413,LND007,2026-09-09,2259384,DISBURSED,MSME_FAST
FIN-0000465,INV-2026-00414,LND017,2026-07-07,1811498,APPROVED,STANDARD
FIN-0000466,INV-2026-00415,LND010,2026-09-19,646258,DISBURSED,STANDARD
FIN-0000467,INV-2026-00416,LND012,2026-10-05,81199,APPROVED,PRIORITY
FIN-0000468,INV-2026-00417,LND007,2026-09-04,2724181,DISBURSED,PRIORITY
FIN-0000469,INV-2026-00418,LND021,2026-07-07,504362,DISBURSED,STANDARD
FIN-0000470,INV-2026-00419,LND014,2026-06-12,2372674,APPROVED,STANDARD
FIN-0000471,INV-2026-00419,LND013,2026-06-20,2117006,DISBURSED,STANDARD
FIN-0000472,INV-2026-00420,LND020,2026-08-18,274933,APPROVED,PRIORITY
FIN-0000473,INV-2026-00420,LND002,2026-08-13,274133,DISBURSED,STANDARD
FIN-0000474,INV-2026-00421,LND004,2026-09-06,1365948,APPROVED,MSME_FAST
FIN-0000475,INV-2026-00422,LND020,2026-08-07,3533390,DISBURSED,PRIORITY
FIN-0000476,INV-2026-00423,LND014,2026-06-30,3442190,DISBURSED,STANDARD
FIN-0000477,INV-2026-00424,LND002,2026-08-12,2871363,DISBURSED,MSME_FAST
FIN-0000478,INV-2026-00425,LND024,2026-09-09,1024841,APPROVED,PRIORITY
FIN-0000479,INV-2026-00426,LND012,2026-09-27,1105363,APPROVED,MSME_FAST
FIN-0000480,INV-2026-00426,LND011,2026-10-02,1194320,DISBURSED,STANDARD
FIN-0000481,INV-2026-00427,LND019,2026-08-11,448687,DISBURSED,PRIORITY
FIN-0000482,INV-2026-00428,LND003,2026-09-05,666037,PENDING,STANDARD
FIN-0000483,INV-2026-00429,LND014,2026-10-02,867985,PENDING,MSME_FAST
FIN-0000484,INV-2026-00430,LND024,2026-07-26,435539,DISBURSED,PRIORITY
FIN-0000485,INV-2026-00430,LND008,2026-07-27,380854,DISBURSED,STANDARD
FIN-0000486,INV-2026-00431,LND019,2026-08-14,1923852,DISBURSED,MSME_FAST
FIN-0000487,INV-2026-00432,LND013,2026-06-17,2176538,PENDING,STANDARD
FIN-0000488,INV-2026-00433,LND005,2026-09-02,648644,APPROVED,STANDARD
FIN-0000489,INV-2026-00434,LND018,2026-08-06,3403527,DISBURSED,MSME_FAST
FIN-0000490,INV-2026-00435,LND015,2026-08-30,3919729,APPROVED,MSME_FAST
FIN-0000491,INV-2026-00436,LND015,2026-10-03,3322124,PENDING,MSME_FAST
FIN-0000492,INV-2026-00437,LND011,2026-09-16,3015272,DISBURSED,MSME_FAST
FIN-0000493,INV-2026-00438,LND010,2026-07-22,642307,DISBURSED,STANDARD
FIN-0000494,INV-2026-00438,LND014,2026-08-01,763995,APPROVED,PRIORITY
FIN-0000495,INV-2026-00439,LND013,2026-08-26,910639,PENDING,PRIORITY
FIN-0000496,INV-2026-00439,LND023,2026-09-04,792216,APPROVED,MSME_FAST
FIN-0000497,INV-2026-00440,LND005,2026-06-30,1377707,APPROVED,MSME_FAST
FIN-0000498,INV-2026-00441,LND017,2026-08-30,3789470,DISBURSED,PRIORITY
FIN-0000499,INV-2026-00442,LND020,2026-06-24,1035491,APPROVED,PRIORITY
FIN-0000500,INV-2026-00443,LND009,2026-09-17,639382,PENDING,STANDARD
FIN-0000501,INV-2026-00444,LND002,2026-06-25,4268699,PENDING,STANDARD
FIN-0000502,INV-2026-00445,LND025,2026-10-03,1663865,PENDING,MSME_FAST
FIN-0000503,INV-2026-00446,LND007,2026-09-12,1451585,PENDING,STANDARD
FIN-0000504,INV-2026-00447,LND024,2026-08-02,1861207,APPROVED,PRIORITY
FIN-0000505,INV-2026-00448,LND003,2026-07-08,3583429,APPROVED,PRIORITY
FIN-0000506,INV-2026-00449,LND011,2026-08-16,172307,DISBURSED,STANDARD
FIN-0000507,INV-2026-00450,LND008,2026-08-31,3657990,PENDING,MSME_FAST
FIN-0000508,INV-2026-00451,LND014,2026-08-07,3896112,DISBURSED,PRIORITY
FIN-0000509,INV-2026-00452,LND010,2026-06-26,507076,DISBURSED,STANDARD
FIN-0000510,INV-2026-00453,LND020,2026-08-13,4338747,APPROVED,STANDARD
FIN-0000511,INV-2026-00454,LND019,2026-06-21,2312236,PENDING,MSME_FAST
FIN-0000512,INV-2026-00455,LND022,2026-07-03,747400,DISBURSED,PRIORITY
FIN-0000513,INV-2026-00456,LND010,2026-08-12,372036,DISBURSED,MSME_FAST
FIN-0000514,INV-2026-00457,LND005,2026-09-06,1876446,APPROVED,STANDARD
FIN-0000515,INV-2026-00457,LND001,2026-09-07,1709737,PENDING,STANDARD
FIN-0000516,INV-2026-00458,LND017,2026-08-04,3764829,DISBURSED,STANDARD
FIN-0000517,INV-2026-00459,LND018,2026-08-25,2589278,DISBURSED,PRIORITY
FIN-0000518,INV-2026-00459,LND001,2026-09-04,2275297,PENDING,PRIORITY
FIN-0000519,INV-2026-00460,LND003,2026-10-04,2374512,DISBURSED,STANDARD
FIN-0000520,INV-2026-00461,LND013,2026-07-09,315806,PENDING,PRIORITY
FIN-0000521,INV-2026-00462,LND014,2026-08-27,2735847,APPROVED,MSME_FAST
FIN-0000522,INV-2026-00463,LND025,2026-07-21,3963183,APPROVED,MSME_FAST
FIN-0000523,INV-2026-00464,LND010,2026-07-05,989282,DISBURSED,STANDARD
FIN-0000524,INV-2026-00465,LND004,2026-06-30,3374600,PENDING,STANDARD
FIN-0000525,INV-2026-00466,LND020,2026-08-05,1424752,PENDING,STANDARD
FIN-0000526,INV-2026-00467,LND005,2026-08-19,448836,APPROVED,STANDARD
FIN-0000527,INV-2026-00468,LND006,2026-06-27,565053,APPROVED,PRIORITY
FIN-0000528,INV-2026-00469,LND003,2026-07-30,1093876,DISBURSED,MSME_FAST
FIN-0000529,INV-2026-00470,LND025,2026-07-08,854567,DISBURSED,PRIORITY
FIN-0000530,INV-2026-00471,LND008,2026-07-26,2926746,APPROVED,PRIORITY
FIN-0000531,INV-2026-00472,LND001,2026-08-26,704903,PENDING,STANDARD
FIN-0000532,INV-2026-00473,LND013,2026-06-20,685102,PENDING,STANDARD
FIN-0000533,INV-2026-00474,LND014,2026-08-04,230933,PENDING,MSME_FAST
FIN-0000534,INV-2026-00475,LND003,2026-09-20,3848845,PENDING,MSME_FAST
FIN-0000535,INV-2026-00476,LND025,2026-06-16,1284398,APPROVED,PRIORITY
FIN-0000536,INV-2026-00476,LND012,2026-06-12,1500834,APPROVED,MSME_FAST
FIN-0000537,INV-2026-00477,LND021,2026-07-12,2112205,APPROVED,PRIORITY
FIN-0000538,INV-2026-00478,LND021,2026-09-13,2173161,DISBURSED,STANDARD
FIN-0000539,INV-2026-00479,LND018,2026-06-26,1274326,APPROVED,PRIORITY
FIN-0000540,INV-2026-00480,LND017,2026-08-31,2493244,DISBURSED,MSME_FAST
FIN-0000541,INV-2026-00481,LND008,2026-06-20,2156651,APPROVED,MSME_FAST
FIN-0000542,INV-2026-00482,LND018,2026-09-26,160596,APPROVED,PRIORITY
FIN-0000543,INV-2026-00483,LND021,2026-09-19,2274741,DISBURSED,MSME_FAST
FIN-0000544,INV-2026-00484,LND012,2026-09-20,48355,PENDING,STANDARD
FIN-0000545,INV-2026-00485,LND004,2026-06-22,2484168,APPROVED,STANDARD
FIN-0000546,INV-2026-00485,LND020,2026-06-26,2157444,PENDING,PRIORITY
FIN-0000547,INV-2026-00486,LND008,2026-08-07,1544440,APPROVED,PRIORITY
FIN-0000548,INV-2026-00487,LND008,2026-08-22,2218003,PENDING,STANDARD
FIN-0000549,INV-2026-00488,LND025,2026-07-08,825150,APPROVED,STANDARD
FIN-0000550,INV-2026-00489,LND007,2026-06-06,985891,DISBURSED,STANDARD
FIN-0000551,INV-2026-00490,LND010,2026-08-27,2436826,APPROVED,STANDARD
FIN-0000552,INV-2026-00491,LND025,2026-06-23,1629706,APPROVED,STANDARD
FIN-0000553,INV-2026-00492,LND001,2026-07-26,588710,DISBURSED,STANDARD
FIN-0000554,INV-2026-00493,LND004,2026-06-29,1702373,DISBURSED,MSME_FAST
FIN-0000555,INV-2026-00494,LND022,2026-07-27,765071,DISBURSED,PRIORITY
FIN-0000556,INV-2026-00495,LND020,2026-07-04,93558,APPROVED,STANDARD
FIN-0000557,INV-2026-00496,LND009,2026-09-01,132872,PENDING,MSME_FAST
FIN-0000558,INV-2026-00496,LND008,2026-08-20,152007,APPROVED,MSME_FAST
FIN-0000559,INV-2026-00497,LND019,2026-07-30,2696543,PENDING,PRIORITY
FIN-0000560,INV-2026-00498,LND003,2026-08-09,2747787,PENDING,MSME_FAST
FIN-0000561,INV-2026-00499,LND020,2026-07-11,1082998,DISBURSED,STANDARD
FIN-0000562,INV-2026-00500,LND014,2026-08-09,1762900,DISBURSED,STANDARD
FIN-0000563,INV-2026-00501,LND016,2026-09-21,464440,DISBURSED,PRIORITY
FIN-0000564,INV-2026-00502,LND008,2026-06-10,1436355,DISBURSED,STANDARD
FIN-0000565,INV-2026-00503,LND016,2026-07-06,2864463,DISBURSED,MSME_FAST
FIN-0000566,INV-2026-00504,LND024,2026-08-22,326647,DISBURSED,PRIORITY
FIN-0000567,INV-2026-00505,LND006,2026-08-01,2706201,DISBURSED,PRIORITY
FIN-0000568,INV-2026-00506,LND006,2026-07-20,659577,APPROVED,MSME_FAST
FIN-0000569,INV-2026-00507,LND007,2026-07-25,281043,APPROVED,PRIORITY
FIN-0000570,INV-2026-00508,LND024,2026-07-13,1396235,APPROVED,STANDARD
FIN-0000571,INV-2026-00509,LND021,2026-07-08,3367600,PENDING,PRIORITY
FIN-0000572,INV-2026-00510,LND010,2026-06-27,1305859,DISBURSED,MSME_FAST
FIN-0000573,INV-2026-00511,LND023,2026-07-24,1316825,PENDING,MSME_FAST
FIN-0000574,INV-2026-00512,LND017,2026-07-09,3681861,DISBURSED,STANDARD
FIN-0000575,INV-2026-00512,LND019,2026-07-18,3795561,APPROVED,MSME_FAST
FIN-0000576,INV-2026-00513,LND014,2026-07-27,84490,DISBURSED,MSME_FAST
FIN-0000577,INV-2026-00514,LND024,2026-06-26,2683594,PENDING,STANDARD
FIN-0000578,INV-2026-00515,LND012,2026-09-17,2866170,PENDING,MSME_FAST
FIN-0000579,INV-2026-00515,LND007,2026-09-20,3180209,PENDING,MSME_FAST
FIN-0000580,INV-2026-00516,LND008,2026-07-10,3646509,PENDING,STANDARD
FIN-0000581,INV-2026-00516,LND009,2026-07-06,3182792,DISBURSED,MSME_FAST
FIN-0000582,INV-2026-00517,LND010,2026-07-09,411501,DISBURSED,MSME_FAST
FIN-0000583,INV-2026-00518,LND023,2026-08-20,2268559,PENDING,MSME_FAST
FIN-0000584,INV-2026-00519,LND006,2026-08-02,394862,APPROVED,MSME_FAST
FIN-0000585,INV-2026-00520,LND010,2026-06-14,1850566,PENDING,PRIORITY
FIN-0000586,INV-2026-00521,LND013,2026-08-12,1677583,PENDING,STANDARD
FIN-0000587,INV-2026-00522,LND002,2026-08-14,1619732,DISBURSED,PRIORITY
FIN-0000588,INV-2026-00523,LND021,2026-07-22,453824,DISBURSED,STANDARD
FIN-0000589,INV-2026-00524,LND015,2026-06-08,3433755,APPROVED,STANDARD
FIN-0000590,INV-2026-00525,LND006,2026-09-24,2652124,DISBURSED,PRIORITY
FIN-0000591,INV-2026-00525,LND010,2026-09-19,2747987,PENDING,STANDARD
FIN-0000592,INV-2026-00526,LND001,2026-08-10,1323040,PENDING,PRIORITY
FIN-0000593,INV-2026-00527,LND012,2026-08-26,2353543,DISBURSED,MSME_FAST
FIN-0000594,INV-2026-00528,LND012,2026-06-27,710914,DISBURSED,PRIORITY
FIN-0000595,INV-2026-00529,LND013,2026-08-07,3191651,DISBURSED,PRIORITY
FIN-0000596,INV-2026-00530,LND003,2026-07-26,2310849,PENDING,PRIORITY
FIN-0000597,INV-2026-00531,LND008,2026-08-30,3818353,DISBURSED,STANDARD
FIN-0000598,INV-2026-00532,LND023,2026-09-26,2981569,DISBURSED,STANDARD
FIN-0000599,INV-2026-00533,LND005,2026-07-03,1598195,PENDING,PRIORITY
FIN-0000600,INV-2026-00534,LND023,2026-08-11,1560799,PENDING,MSME_FAST
FIN-0000601,INV-2026-00535,LND020,2026-09-17,3448703,PENDING,STANDARD
FIN-0000602,INV-2026-00536,LND001,2026-08-29,1030719,PENDING,PRIORITY
FIN-0000603,INV-2026-00537,LND022,2026-09-21,629700,PENDING,STANDARD
FIN-0000604,INV-2026-00538,LND004,2026-08-11,3885580,DISBURSED,MSME_FAST
FIN-0000605,INV-2026-00539,LND012,2026-06-13,2881695,APPROVED,PRIORITY
FIN-0000606,INV-2026-00540,LND008,2026-08-21,463909,DISBURSED,PRIORITY
FIN-0000607,INV-2026-00541,LND013,2026-09-10,1072694,DISBURSED,STANDARD
FIN-0000608,INV-2026-00542,LND015,2026-08-25,1592956,PENDING,STANDARD
FIN-0000609,INV-2026-00542,LND023,2026-08-23,1443860,PENDING,STANDARD
FIN-0000610,INV-2026-00543,LND014,2026-08-17,105914,DISBURSED,MSME_FAST
FIN-0000611,INV-2026-00544,LND004,2026-08-08,305774,DISBURSED,PRIORITY
FIN-0000612,INV-2026-00545,LND005,2026-09-19,1126107,DISBURSED,MSME_FAST
FIN-0000613,INV-2026-00546,LND002,2026-07-26,3980925,PENDING,MSME_FAST
FIN-0000614,INV-2026-00547,LND025,2026-08-12,964923,APPROVED,PRIORITY
FIN-0000615,INV-2026-00548,LND020,2026-08-23,1178733,PENDING,PRIORITY
FIN-0000616,INV-2026-00549,LND024,2026-08-17,2835074,PENDING,MSME_FAST
FIN-0000617,INV-2026-00550,LND020,2026-08-27,297493,APPROVED,STANDARD
FIN-0000618,INV-2026-00551,LND021,2026-09-12,647775,PENDING,PRIORITY
FIN-0000619,INV-2026-00551,LND011,2026-09-24,693424,DISBURSED,PRIORITY
FIN-0000620,INV-2026-00552,LND009,2026-09-28,3229168,DISBURSED,STANDARD
FIN-0000621,INV-2026-00553,LND017,2026-08-19,4110192,DISBURSED,STANDARD
FIN-0000622,INV-2026-00554,LND014,2026-09-17,727555,PENDING,PRIORITY
FIN-0000623,INV-2026-00555,LND007,2026-07-04,2864102,PENDING,MSME_FAST
FIN-0000624,INV-2026-00556,LND006,2026-09-04,2800303,DISBURSED,STANDARD
FIN-0000625,INV-2026-00557,LND011,2026-07-05,3309178,APPROVED,STANDARD
FIN-0000626,INV-2026-00558,LND001,2026-08-20,2850326,APPROVED,PRIORITY
FIN-0000627,INV-2026-00559,LND001,2026-08-14,1061965,PENDING,MSME_FAST
FIN-0000628,INV-2026-00560,LND006,2026-08-22,2447720,DISBURSED,MSME_FAST
FIN-0000629,INV-2026-00561,LND009,2026-08-13,3344899,DISBURSED,STANDARD
FIN-0000630,INV-2026-00561,LND007,2026-08-18,3812817,APPROVED,STANDARD
FIN-0000631,INV-2026-00562,LND023,2026-07-07,1598904,PENDING,MSME_FAST
FIN-0000632,INV-2026-00563,LND005,2026-09-28,297530,PENDING,MSME_FAST
FIN-0000633,INV-2026-00564,LND002,2026-09-15,992654,PENDING,MSME_FAST
FIN-0000634,INV-2026-00565,LND008,2026-08-25,185442,APPROVED,MSME_FAST
FIN-0000635,INV-2026-00566,LND014,2026-08-24,812438,PENDING,PRIORITY
FIN-0000636,INV-2026-00567,LND009,2026-09-23,1045189,APPROVED,STANDARD
FIN-0000637,INV-2026-00567,LND024,2026-09-22,1041505,DISBURSED,PRIORITY
FIN-0000638,INV-2026-00568,LND011,2026-08-04,1402169,APPROVED,MSME_FAST
FIN-0000639,INV-2026-00569,LND025,2026-10-03,367188,DISBURSED,PRIORITY
FIN-0000640,INV-2026-00570,LND001,2026-07-26,2740775,APPROVED,PRIORITY
FIN-0000641,INV-2026-00571,LND013,2026-09-16,1985021,DISBURSED,PRIORITY
FIN-0000642,INV-2026-00572,LND018,2026-08-03,715143,PENDING,MSME_FAST
FIN-0000643,INV-2026-00573,LND009,2026-07-12,1834339,DISBURSED,MSME_FAST
FIN-0000644,INV-2026-00574,LND019,2026-08-04,432750,DISBURSED,PRIORITY
FIN-0000645,INV-2026-00574,LND003,2026-08-12,438381,DISBURSED,STANDARD
FIN-0000646,INV-2026-00575,LND007,2026-09-03,853058,DISBURSED,MSME_FAST
FIN-0000647,INV-2026-00576,LND019,2026-08-21,3588338,APPROVED,STANDARD
FIN-0000648,INV-2026-00577,LND006,2026-10-01,59103,DISBURSED,STANDARD
FIN-0000649,INV-2026-00578,LND023,2026-06-19,1627117,APPROVED,PRIORITY
FIN-0000650,INV-2026-00579,LND009,2026-09-17,669832,PENDING,PRIORITY
FIN-0000651,INV-2026-00580,LND009,2026-08-24,2499125,PENDING,MSME_FAST
FIN-0000652,INV-2026-00581,LND016,2026-08-30,3980435,PENDING,STANDARD
FIN-0000653,INV-2026-00582,LND021,2026-08-04,3898720,PENDING,MSME_FAST
FIN-0000654,INV-2026-00583,LND006,2026-07-25,606957,PENDING,PRIORITY
FIN-0000655,INV-2026-00584,LND014,2026-06-23,380986,DISBURSED,STANDARD
FIN-0000656,INV-2026-00585,LND003,2026-06-17,1258712,DISBURSED,MSME_FAST
FIN-0000657,INV-2026-00586,LND020,2026-10-05,2438578,PENDING,STANDARD
FIN-0000658,INV-2026-00587,LND025,2026-08-09,515062,APPROVED,PRIORITY
FIN-0000659,INV-2026-00588,LND003,2026-09-17,3634655,DISBURSED,STANDARD
FIN-0000660,INV-2026-00589,LND001,2026-09-04,2716318,APPROVED,STANDARD
FIN-0000661,INV-2026-00589,LND014,2026-09-14,2473391,DISBURSED,MSME_FAST
FIN-0000662,INV-2026-00590,LND016,2026-08-02,1951360,DISBURSED,MSME_FAST
FIN-0000663,INV-2026-00591,LND024,2026-08-28,184396,PENDING,PRIORITY
FIN-0000664,INV-2026-00591,LND018,2026-08-21,185423,PENDING,MSME_FAST
FIN-0000665,INV-2026-00592,LND018,2026-07-12,3473216,APPROVED,STANDARD
FIN-0000666,INV-2026-00593,LND009,2026-09-08,2314723,DISBURSED,MSME_FAST
FIN-0000667,INV-2026-00594,LND018,2026-07-28,3147917,APPROVED,STANDARD
FIN-0000668,INV-2026-00595,LND010,2026-07-17,3203483,PENDING,STANDARD
FIN-0000669,INV-2026-00596,LND010,2026-08-11,2417186,APPROVED,STANDARD
FIN-0000670,INV-2026-00597,LND014,2026-07-30,3331252,DISBURSED,MSME_FAST
FIN-0000671,INV-2026-00598,LND020,2026-09-12,1396595,DISBURSED,STANDARD
FIN-0000672,INV-2026-00599,LND011,2026-07-06,2314071,APPROVED,PRIORITY
FIN-0000673,INV-2026-00600,LND023,2026-09-22,1351784,PENDING,STANDARD
FIN-0000674,INV-2026-00601,LND014,2026-08-03,818590,DISBURSED,STANDARD
FIN-0000675,INV-2026-00602,LND019,2026-06-12,394621,APPROVED,MSME_FAST
FIN-0000676,INV-2026-00603,LND022,2026-07-16,976414,DISBURSED,MSME_FAST
FIN-0000677,INV-2026-00604,LND021,2026-09-08,3117038,DISBURSED,STANDARD
FIN-0000678,INV-2026-00605,LND001,2026-08-29,2016165,APPROVED,MSME_FAST
FIN-0000679,INV-2026-00606,LND021,2026-07-16,1230802,PENDING,STANDARD
FIN-0000680,INV-2026-00607,LND025,2026-09-22,3133465,DISBURSED,PRIORITY
FIN-0000681,INV-2026-00608,LND022,2026-06-13,380662,DISBURSED,STANDARD
FIN-0000682,INV-2026-00609,LND016,2026-08-08,2842030,APPROVED,PRIORITY
FIN-0000683,INV-2026-00610,LND005,2026-06-28,513792,DISBURSED,MSME_FAST
FIN-0000684,INV-2026-00611,LND017,2026-08-07,1686025,DISBURSED,PRIORITY
FIN-0000685,INV-2026-00612,LND004,2026-08-24,1152806,DISBURSED,MSME_FAST
FIN-0000686,INV-2026-00612,LND020,2026-08-23,1117811,PENDING,PRIORITY
FIN-0000687,INV-2026-00613,LND007,2026-06-18,1002900,APPROVED,STANDARD
FIN-0000688,INV-2026-00614,LND020,2026-07-25,3103401,DISBURSED,PRIORITY
FIN-0000689,INV-2026-00615,LND006,2026-09-19,2632735,PENDING,STANDARD
FIN-0000690,INV-2026-00616,LND021,2026-07-30,1181055,DISBURSED,PRIORITY
FIN-0000691,INV-2026-00617,LND025,2026-09-06,902567,APPROVED,PRIORITY
FIN-0000692,INV-2026-00618,LND015,2026-09-24,2519883,PENDING,PRIORITY
FIN-0000693,INV-2026-00619,LND016,2026-07-07,3025388,DISBURSED,STANDARD
FIN-0000694,INV-2026-00620,LND016,2026-07-28,3047792,DISBURSED,MSME_FAST
FIN-0000695,INV-2026-00621,LND016,2026-06-18,586361,DISBURSED,PRIORITY
FIN-0000696,INV-2026-00622,LND002,2026-07-18,3292539,DISBURSED,PRIORITY
FIN-0000697,INV-2026-00623,LND022,2026-07-29,637815,APPROVED,PRIORITY
FIN-0000698,INV-2026-00624,LND016,2026-08-25,1461620,APPROVED,STANDARD
FIN-0000699,INV-2026-00625,LND022,2026-08-15,1224528,PENDING,PRIORITY
FIN-0000700,INV-2026-00625,LND014,2026-08-06,1159907,PENDING,MSME_FAST
FIN-0000701,INV-2026-00626,LND003,2026-08-19,3730619,DISBURSED,STANDARD
FIN-0000702,INV-2026-00626,LND021,2026-08-12,3500573,APPROVED,PRIORITY
FIN-0000703,INV-2026-00627,LND003,2026-07-18,2893198,PENDING,PRIORITY
FIN-0000704,INV-2026-00628,LND013,2026-08-30,524978,APPROVED,PRIORITY
FIN-0000705,INV-2026-00629,LND021,2026-06-12,1431460,APPROVED,MSME_FAST
FIN-0000706,INV-2026-00629,LND012,2026-06-16,1331972,APPROVED,PRIORITY
FIN-0000707,INV-2026-00630,LND012,2026-08-06,3816561,APPROVED,PRIORITY
FIN-0000708,INV-2026-00631,LND004,2026-09-17,2298525,PENDING,MSME_FAST
FIN-0000709,INV-2026-00632,LND005,2026-08-20,731685,PENDING,MSME_FAST
FIN-0000710,INV-2026-00633,LND013,2026-07-13,3737151,DISBURSED,STANDARD
FIN-0000711,INV-2026-00634,LND003,2026-07-15,2034927,PENDING,PRIORITY
FIN-0000712,INV-2026-00635,LND006,2026-06-20,2930536,DISBURSED,PRIORITY
FIN-0000713,INV-2026-00636,LND002,2026-08-15,426029,DISBURSED,PRIORITY
FIN-0000714,INV-2026-00637,LND022,2026-06-15,818437,DISBURSED,PRIORITY
FIN-0000715,INV-2026-00638,LND011,2026-08-17,929959,PENDING,MSME_FAST
FIN-0000716,INV-2026-00639,LND015,2026-09-12,3656620,DISBURSED,MSME_FAST
FIN-0000717,INV-2026-00640,LND015,2026-08-30,2506127,DISBURSED,STANDARD
FIN-0000718,INV-2026-00641,LND014,2026-07-13,1929021,APPROVED,MSME_FAST
FIN-0000719,INV-2026-00642,LND018,2026-06-20,3482491,PENDING,STANDARD
FIN-0000720,INV-2026-00643,LND001,2026-07-29,1567332,APPROVED,MSME_FAST
FIN-0000721,INV-2026-00644,LND010,2026-08-15,4233191,APPROVED,MSME_FAST
FIN-0000722,INV-2026-00645,LND017,2026-09-27,792419,PENDING,MSME_FAST
FIN-0000723,INV-2026-00646,LND004,2026-08-12,3505369,APPROVED,MSME_FAST
FIN-0000724,INV-2026-00647,LND003,2026-06-27,738137,DISBURSED,STANDARD
FIN-0000725,INV-2026-00648,LND011,2026-07-24,223951,APPROVED,PRIORITY
FIN-0000726,INV-2026-00648,LND023,2026-07-22,218745,DISBURSED,PRIORITY
FIN-0000727,INV-2026-00649,LND008,2026-10-12,3556328,APPROVED,MSME_FAST
FIN-0000728,INV-2026-00650,LND025,2026-06-26,1496916,APPROVED,STANDARD
FIN-0000729,INV-2026-00651,LND019,2026-06-28,151427,APPROVED,PRIORITY
FIN-0000730,INV-2026-00652,LND020,2026-08-01,3889634,PENDING,PRIORITY
FIN-0000731,INV-2026-00653,LND015,2026-08-15,210513,APPROVED,MSME_FAST
FIN-0000732,INV-2026-00654,LND023,2026-06-24,3432206,APPROVED,MSME_FAST
FIN-0000733,INV-2026-00654,LND014,2026-06-21,3405112,DISBURSED,PRIORITY
FIN-0000734,INV-2026-00655,LND003,2026-07-10,611335,DISBURSED,MSME_FAST
FIN-0000735,INV-2026-00656,LND017,2026-09-30,1948091,PENDING,MSME_FAST
FIN-0000736,INV-2026-00656,LND022,2026-10-09,1992261,PENDING,STANDARD
FIN-0000737,INV-2026-00657,LND012,2026-08-30,650097,APPROVED,MSME_FAST
FIN-0000738,INV-2026-00657,LND006,2026-08-17,524449,DISBURSED,MSME_FAST
FIN-0000739,INV-2026-00658,LND007,2026-08-25,3728189,PENDING,STANDARD
FIN-0000740,INV-2026-00659,LND013,2026-07-17,4313322,PENDING,MSME_FAST
FIN-0000741,INV-2026-00660,LND013,2026-07-31,159479,DISBURSED,MSME_FAST
FIN-0000742,INV-2026-00661,LND021,2026-10-05,1831639,DISBURSED,MSME_FAST
FIN-0000743,INV-2026-00662,LND006,2026-07-24,496217,PENDING,STANDARD
FIN-0000744,INV-2026-00662,LND013,2026-07-22,491987,APPROVED,PRIORITY
FIN-0000745,INV-2026-00663,LND015,2026-07-30,2358390,DISBURSED,MSME_FAST
FIN-0000746,INV-2026-00664,LND021,2026-10-03,2616405,DISBURSED,MSME_FAST
FIN-0000747,INV-2026-00665,LND016,2026-07-07,1571118,APPROVED,PRIORITY
FIN-0000748,INV-2026-00666,LND017,2026-07-31,692030,APPROVED,STANDARD
FIN-0000749,INV-2026-00667,LND018,2026-08-23,3794367,APPROVED,STANDARD
FIN-0000750,INV-2026-00668,LND007,2026-08-08,1381269,DISBURSED,PRIORITY
FIN-0000751,INV-2026-00669,LND016,2026-07-21,981053,DISBURSED,STANDARD
FIN-0000752,INV-2026-00670,LND012,2026-08-21,137621,APPROVED,PRIORITY
FIN-0000753,INV-2026-00671,LND025,2026-10-01,3413564,APPROVED,STANDARD
FIN-0000754,INV-2026-00672,LND022,2026-09-16,2885023,DISBURSED,STANDARD
FIN-0000755,INV-2026-00673,LND025,2026-07-26,3589845,DISBURSED,MSME_FAST
FIN-0000756,INV-2026-00674,LND020,2026-08-11,3887232,DISBURSED,MSME_FAST
FIN-0000757,INV-2026-00675,LND025,2026-06-08,915750,PENDING,PRIORITY
FIN-0000758,INV-2026-00675,LND017,2026-06-09,846155,APPROVED,MSME_FAST
FIN-0000759,INV-2026-00676,LND017,2026-08-05,2139372,DISBURSED,PRIORITY
FIN-0000760,INV-2026-00677,LND023,2026-09-21,3989073,DISBURSED,STANDARD
FIN-0000761,INV-2026-00678,LND025,2026-10-13,885794,DISBURSED,STANDARD
FIN-0000762,INV-2026-00679,LND005,2026-07-19,3783751,PENDING,PRIORITY
FIN-0000763,INV-2026-00680,LND011,2026-09-05,698711,DISBURSED,MSME_FAST
FIN-0000764,INV-2026-00680,LND009,2026-08-28,679283,APPROVED,STANDARD
FIN-0000765,INV-2026-00681,LND010,2026-09-12,1307267,DISBURSED,PRIORITY
FIN-0000766,INV-2026-00681,LND013,2026-09-15,1406914,DISBURSED,PRIORITY
FIN-0000767,INV-2026-00682,LND015,2026-07-03,3703061,DISBURSED,PRIORITY
FIN-0000768,INV-2026-00683,LND018,2026-10-04,2443552,PENDING,PRIORITY
FIN-0000769,INV-2026-00684,LND007,2026-08-26,1046413,APPROVED,PRIORITY
FIN-0000770,INV-2026-00685,LND021,2026-06-17,3002938,PENDING,STANDARD
FIN-0000771,INV-2026-00686,LND021,2026-06-16,992146,DISBURSED,STANDARD
FIN-0000772,INV-2026-00687,LND013,2026-07-14,329208,DISBURSED,MSME_FAST
FIN-0000773,INV-2026-00688,LND017,2026-06-25,3797181,PENDING,PRIORITY
FIN-0000774,INV-2026-00689,LND021,2026-09-14,36804,APPROVED,PRIORITY
FIN-0000775,INV-2026-00690,LND006,2026-07-14,2633846,DISBURSED,MSME_FAST
FIN-0000776,INV-2026-00691,LND009,2026-06-30,2711000,DISBURSED,STANDARD
FIN-0000777,INV-2026-00692,LND002,2026-07-02,3149913,PENDING,PRIORITY
FIN-0000778,INV-2026-00693,LND007,2026-06-09,1884736,PENDING,STANDARD
FIN-0000779,INV-2026-00693,LND005,2026-06-03,1915615,PENDING,STANDARD
FIN-0000780,INV-2026-00694,LND014,2026-06-28,3613775,DISBURSED,PRIORITY
FIN-0000781,INV-2026-00695,LND001,2026-06-19,1682887,DISBURSED,MSME_FAST
FIN-0000782,INV-2026-00696,LND011,2026-10-09,3343119,PENDING,MSME_FAST
FIN-0000783,INV-2026-00697,LND020,2026-10-07,2538524,DISBURSED,MSME_FAST
FIN-0000784,INV-2026-00697,LND002,2026-10-04,2199962,DISBURSED,MSME_FAST
FIN-0000785,INV-2026-00698,LND016,2026-08-18,46677,PENDING,STANDARD
FIN-0000786,INV-2026-00699,LND007,2026-09-28,819938,DISBURSED,MSME_FAST
FIN-0000787,INV-2026-00700,LND013,2026-09-18,348544,APPROVED,STANDARD
FIN-0000788,INV-2026-00701,LND014,2026-06-30,3563107,DISBURSED,MSME_FAST
FIN-0000789,INV-2026-00702,LND022,2026-08-19,3004087,APPROVED,STANDARD
FIN-0000790,INV-2026-00703,LND010,2026-07-12,3042461,APPROVED,PRIORITY
FIN-0000791,INV-2026-00704,LND019,2026-09-01,3558564,APPROVED,STANDARD
FIN-0000792,INV-2026-00705,LND015,2026-09-24,1031723,APPROVED,STANDARD
FIN-0000793,INV-2026-00706,LND016,2026-09-19,1591494,APPROVED,STANDARD
FIN-0000794,INV-2026-00707,LND018,2026-08-09,1657274,DISBURSED,PRIORITY
FIN-0000795,INV-2026-00708,LND001,2026-09-27,3047469,PENDING,STANDARD
FIN-0000796,INV-2026-00709,LND012,2026-06-12,3420016,DISBURSED,STANDARD
FIN-0000797,INV-2026-00710,LND025,2026-07-05,261685,DISBURSED,PRIORITY
FIN-0000798,INV-2026-00711,LND019,2026-08-30,3660307,PENDING,STANDARD
FIN-0000799,INV-2026-00712,LND004,2026-10-01,2901363,APPROVED,STANDARD
FIN-0000800,INV-2026-00713,LND025,2026-08-09,1701760,APPROVED,STANDARD
FIN-0000801,INV-2026-00714,LND012,2026-07-22,473012,PENDING,STANDARD
FIN-0000802,INV-2026-00715,LND003,2026-08-08,2659696,DISBURSED,MSME_FAST
FIN-0000803,INV-2026-00716,LND010,2026-09-29,1512031,DISBURSED,STANDARD
FIN-0000804,INV-2026-00717,LND018,2026-07-04,2134805,DISBURSED,MSME_FAST
FIN-0000805,INV-2026-00718,LND003,2026-08-04,1744049,DISBURSED,STANDARD
FIN-0000806,INV-2026-00719,LND020,2026-08-12,369060,PENDING,PRIORITY
FIN-0000807,INV-2026-00720,LND022,2026-07-28,2183597,DISBURSED,MSME_FAST
FIN-0000808,INV-2026-00721,LND011,2026-06-25,2445387,APPROVED,STANDARD
FIN-0000809,INV-2026-00722,LND001,2026-08-30,106714,DISBURSED,STANDARD
FIN-0000810,INV-2026-00723,LND021,2026-06-27,2039568,APPROVED,PRIORITY
FIN-0000811,INV-2026-00724,LND013,2026-09-08,202060,PENDING,MSME_FAST
FIN-0000812,INV-2026-00725,LND017,2026-08-13,663067,DISBURSED,MSME_FAST
FIN-0000813,INV-2026-00726,LND017,2026-07-18,854577,APPROVED,MSME_FAST
FIN-0000814,INV-2026-00727,LND013,2026-09-05,428076,DISBURSED,MSME_FAST
FIN-0000815,INV-2026-00728,LND022,2026-10-07,2678582,APPROVED,MSME_FAST
FIN-0000816,INV-2026-00729,LND012,2026-09-05,556399,DISBURSED,MSME_FAST
FIN-0000817,INV-2026-00730,LND014,2026-08-11,1285583,APPROVED,STANDARD
FIN-0000818,INV-2026-00731,LND018,2026-06-03,382472,DISBURSED,PRIORITY
FIN-0000819,INV-2026-00732,LND019,2026-06-20,368751,APPROVED,PRIORITY
FIN-0000820,INV-2026-00733,LND012,2026-10-02,1108196,PENDING,STANDARD
FIN-0000821,INV-2026-00734,LND015,2026-08-02,1759050,APPROVED,MSME_FAST
FIN-0000822,INV-2026-00735,LND025,2026-06-19,2922190,DISBURSED,MSME_FAST
FIN-0000823,INV-2026-00736,LND019,2026-08-28,2744255,DISBURSED,MSME_FAST
FIN-0000824,INV-2026-00737,LND008,2026-08-25,2739097,APPROVED,MSME_FAST
FIN-0000825,INV-2026-00738,LND008,2026-06-15,411632,DISBURSED,PRIORITY
FIN-0000826,INV-2026-00739,LND019,2026-07-19,1605361,PENDING,MSME_FAST
FIN-0000827,INV-2026-00739,LND002,2026-07-24,1478930,PENDING,STANDARD
FIN-0000828,INV-2026-00740,LND016,2026-06-16,906708,DISBURSED,STANDARD
FIN-0000829,INV-2026-00741,LND025,2026-07-28,1539909,APPROVED,MSME_FAST
FIN-0000830,INV-2026-00742,LND002,2026-06-18,1827999,APPROVED,PRIORITY
FIN-0000831,INV-2026-00743,LND003,2026-07-06,666277,DISBURSED,MSME_FAST
FIN-0000832,INV-2026-00744,LND019,2026-07-16,3218153,PENDING,PRIORITY
FIN-0000833,INV-2026-00745,LND014,2026-09-02,2718506,APPROVED,STANDARD
FIN-0000834,INV-2026-00746,LND017,2026-06-08,450533,PENDING,PRIORITY
FIN-0000835,INV-2026-00747,LND014,2026-06-14,3532924,APPROVED,MSME_FAST
FIN-0000836,INV-2026-00748,LND023,2026-06-20,4079458,APPROVED,PRIORITY
FIN-0000837,INV-2026-00748,LND001,2026-06-23,3503464,PENDING,PRIORITY
FIN-0000838,INV-2026-00749,LND006,2026-07-17,2791416,DISBURSED,STANDARD
FIN-0000839,INV-2026-00750,LND014,2026-08-15,2859237,PENDING,STANDARD
FIN-0000840,INV-2026-00751,LND017,2026-09-04,1374684,APPROVED,STANDARD
FIN-0000841,INV-2026-00752,LND015,2026-09-28,2800927,APPROVED,MSME_FAST
FIN-0000842,INV-2026-00753,LND012,2026-07-19,3013924,DISBURSED,MSME_FAST
FIN-0000843,INV-2026-00754,LND024,2026-08-29,1036450,APPROVED,STANDARD
FIN-0000844,INV-2026-00754,LND005,2026-09-04,1100367,PENDING,MSME_FAST
FIN-0000845,INV-2026-00755,LND018,2026-07-24,1366992,PENDING,PRIORITY
FIN-0000846,INV-2026-00755,LND015,2026-08-01,1433076,PENDING,PRIORITY
FIN-0000847,INV-2026-00756,LND024,2026-07-13,1200558,APPROVED,MSME_FAST
FIN-0000848,INV-2026-00756,LND004,2026-07-15,1151743,DISBURSED,MSME_FAST
FIN-0000849,INV-2026-00757,LND009,2026-06-17,3702344,APPROVED,PRIORITY
FIN-0000850,INV-2026-00758,LND018,2026-07-11,1020189,PENDING,STANDARD
FIN-0000851,INV-2026-00759,LND014,2026-06-06,509369,PENDING,PRIORITY
FIN-0000852,INV-2026-00760,LND014,2026-09-25,2776304,PENDING,MSME_FAST
FIN-0000853,INV-2026-00760,LND003,2026-09-25,3083549,DISBURSED,MSME_FAST
FIN-0000854,INV-2026-00761,LND023,2026-08-21,3766322,APPROVED,PRIORITY
FIN-0000855,INV-2026-00762,LND003,2026-09-25,978612,PENDING,PRIORITY
FIN-0000856,INV-2026-00763,LND016,2026-09-19,1536728,PENDING,STANDARD
FIN-0000857,INV-2026-00764,LND007,2026-10-08,2342719,APPROVED,STANDARD
FIN-0000858,INV-2026-00765,LND007,2026-09-15,3510841,APPROVED,MSME_FAST
FIN-0000859,INV-2026-00766,LND005,2026-06-26,593955,PENDING,STANDARD
FIN-0000860,INV-2026-00767,LND004,2026-09-26,1576699,APPROVED,STANDARD
FIN-0000861,INV-2026-00768,LND001,2026-09-25,1164288,DISBURSED,PRIORITY
FIN-0000862,INV-2026-00769,LND012,2026-08-12,2515636,PENDING,PRIORITY
FIN-0000863,INV-2026-00770,LND010,2026-08-28,212296,PENDING,PRIORITY
FIN-0000864,INV-2026-00771,LND014,2026-09-30,2267246,DISBURSED,STANDARD
FIN-0000865,INV-2026-00772,LND005,2026-06-25,85715,APPROVED,MSME_FAST
FIN-0000866,INV-2026-00773,LND002,2026-08-27,611383,DISBURSED,PRIORITY
FIN-0000867,INV-2026-00774,LND017,2026-09-16,3574384,PENDING,PRIORITY
FIN-0000868,INV-2026-00774,LND012,2026-09-11,3316137,DISBURSED,PRIORITY
FIN-0000869,INV-2026-00775,LND009,2026-09-01,67642,PENDING,PRIORITY
FIN-0000870,INV-2026-00776,LND022,2026-08-09,812455,PENDING,PRIORITY
FIN-0000871,INV-2026-00777,LND024,2026-08-17,3414480,APPROVED,MSME_FAST
FIN-0000872,INV-2026-00778,LND017,2026-09-09,3355275,DISBURSED,PRIORITY
FIN-0000873,INV-2026-00779,LND015,2026-07-21,623859,APPROVED,STANDARD
FIN-0000874,INV-2026-00780,LND020,2026-10-05,2039329,PENDING,MSME_FAST
FIN-0000875,INV-2026-00781,LND019,2026-09-25,3789435,APPROVED,STANDARD
FIN-0000876,INV-2026-00782,LND018,2026-08-19,1061630,APPROVED,MSME_FAST
FIN-0000877,INV-2026-00783,LND024,2026-09-20,1982895,PENDING,PRIORITY
FIN-0000878,INV-2026-00784,LND002,2026-09-01,1208608,APPROVED,MSME_FAST
FIN-0000879,INV-2026-00785,LND001,2026-06-30,3399581,APPROVED,PRIORITY
FIN-0000880,INV-2026-00786,LND004,2026-06-29,1546386,PENDING,MSME_FAST
FIN-0000881,INV-2026-00787,LND018,2026-08-12,1926208,APPROVED,MSME_FAST
FIN-0000882,INV-2026-00788,LND018,2026-09-11,3612102,PENDING,PRIORITY
FIN-0000883,INV-2026-00789,LND004,2026-08-27,2650890,DISBURSED,PRIORITY
FIN-0000884,INV-2026-00789,LND020,2026-08-15,2657642,APPROVED,STANDARD
FIN-0000885,INV-2026-00790,LND022,2026-06-30,136464,PENDING,PRIORITY
FIN-0000886,INV-2026-00791,LND021,2026-06-30,1086810,DISBURSED,PRIORITY
FIN-0000887,INV-2026-00792,LND015,2026-10-01,2457928,PENDING,STANDARD
FIN-0000888,INV-2026-00793,LND024,2026-06-09,1352161,APPROVED,PRIORITY
FIN-0000889,INV-2026-00794,LND020,2026-07-27,342514,PENDING,MSME_FAST
FIN-0000890,INV-2026-00795,LND004,2026-07-26,426580,DISBURSED,PRIORITY
FIN-0000891,INV-2026-00796,LND017,2026-08-03,2399043,APPROVED,STANDARD
FIN-0000892,INV-2026-00797,LND017,2026-09-06,566069,DISBURSED,PRIORITY
FIN-0000893,INV-2026-00798,LND005,2026-09-08,2782804,APPROVED,PRIORITY
FIN-0000894,INV-2026-00799,LND003,2026-10-02,339736,APPROVED,MSME_FAST
FIN-0000895,INV-2026-00800,LND020,2026-06-16,1339724,DISBURSED,MSME_FAST
FIN-0000896,INV-2026-00801,LND025,2026-09-28,3967348,PENDING,PRIORITY
FIN-0000897,INV-2026-00802,LND002,2026-06-22,1167255,PENDING,MSME_FAST
FIN-0000898,INV-2026-00803,LND015,2026-08-08,2739012,APPROVED,PRIORITY
FIN-0000899,INV-2026-00804,LND023,2026-09-30,3526965,APPROVED,MSME_FAST
FIN-0000900,INV-2026-00805,LND011,2026-07-29,2501713,DISBURSED,MSME_FAST
FIN-0000901,INV-2026-00806,LND003,2026-06-20,1170189,PENDING,STANDARD
FIN-0000902,INV-2026-00807,LND009,2026-07-09,3815287,DISBURSED,STANDARD
FIN-0000903,INV-2026-00808,LND005,2026-07-25,2995436,APPROVED,STANDARD
FIN-0000904,INV-2026-00809,LND021,2026-09-03,1281074,PENDING,MSME_FAST
FIN-0000905,INV-2026-00810,LND012,2026-08-29,2247783,APPROVED,PRIORITY
FIN-0000906,INV-2026-00811,LND003,2026-07-31,1192477,PENDING,MSME_FAST
FIN-0000907,INV-2026-00812,LND003,2026-07-04,951699,APPROVED,PRIORITY
FIN-0000908,INV-2026-00813,LND013,2026-10-04,2421833,DISBURSED,PRIORITY
FIN-0000909,INV-2026-00814,LND014,2026-09-27,3108591,PENDING,PRIORITY
FIN-0000910,INV-2026-00815,LND013,2026-08-27,4039569,APPROVED,STANDARD
FIN-0000911,INV-2026-00816,LND020,2026-09-01,933999,PENDING,PRIORITY
FIN-0000912,INV-2026-00817,LND019,2026-08-25,580785,APPROVED,PRIORITY
FIN-0000913,INV-2026-00818,LND004,2026-09-26,2451606,DISBURSED,MSME_FAST
FIN-0000914,INV-2026-00819,LND001,2026-07-30,1660150,PENDING,STANDARD
FIN-0000915,INV-2026-00820,LND003,2026-07-13,3487058,APPROVED,MSME_FAST
FIN-0000916,INV-2026-00821,LND020,2026-09-22,241511,APPROVED,STANDARD
FIN-0000917,INV-2026-00822,LND010,2026-09-21,2709047,PENDING,STANDARD
FIN-0000918,INV-2026-00823,LND022,2026-07-20,1591948,PENDING,STANDARD
FIN-0000919,INV-2026-00824,LND007,2026-08-28,3317260,PENDING,PRIORITY
FIN-0000920,INV-2026-00825,LND021,2026-08-24,2385883,PENDING,STANDARD
FIN-0000921,INV-2026-00826,LND009,2026-07-07,2048680,APPROVED,PRIORITY
FIN-0000922,INV-2026-00827,LND008,2026-09-27,3130138,DISBURSED,MSME_FAST
FIN-0000923,INV-2026-00828,LND022,2026-09-14,3729656,APPROVED,MSME_FAST
FIN-0000924,INV-2026-00829,LND016,2026-06-25,1699674,PENDING,PRIORITY
FIN-0000925,INV-2026-00830,LND007,2026-08-22,177149,DISBURSED,MSME_FAST
FIN-0000926,INV-2026-00830,LND011,2026-08-17,193166,DISBURSED,PRIORITY
FIN-0000927,INV-2026-00831,LND017,2026-08-18,2245717,DISBURSED,STANDARD
FIN-0000928,INV-2026-00832,LND008,2026-08-19,2887676,PENDING,STANDARD
FIN-0000929,INV-2026-00833,LND009,2026-07-24,2535529,APPROVED,STANDARD
FIN-0000930,INV-2026-00834,LND008,2026-06-15,1791598,DISBURSED,STANDARD
FIN-0000931,INV-2026-00835,LND025,2026-09-22,2604937,APPROVED,STANDARD
FIN-0000932,INV-2026-00835,LND015,2026-09-22,2191680,APPROVED,STANDARD
FIN-0000933,INV-2026-00836,LND020,2026-06-14,2053716,DISBURSED,STANDARD
FIN-0000934,INV-2026-00837,LND023,2026-09-19,1529533,PENDING,STANDARD
FIN-0000935,INV-2026-00837,LND013,2026-09-13,1601239,APPROVED,PRIORITY
FIN-0000936,INV-2026-00838,LND020,2026-10-04,2071074,DISBURSED,STANDARD
FIN-0000937,INV-2026-00839,LND009,2026-08-18,2944985,DISBURSED,MSME_FAST
FIN-0000938,INV-2026-00840,LND011,2026-06-16,1524528,DISBURSED,MSME_FAST
FIN-0000939,INV-2026-00841,LND024,2026-08-04,907830,DISBURSED,MSME_FAST
FIN-0000940,INV-2026-00842,LND009,2026-07-20,623982,APPROVED,MSME_FAST
FIN-0000941,INV-2026-00842,LND010,2026-08-02,545930,APPROVED,PRIORITY
FIN-0000942,INV-2026-00843,LND010,2026-07-07,1169712,DISBURSED,STANDARD
FIN-0000943,INV-2026-00844,LND010,2026-07-26,1311782,DISBURSED,STANDARD
FIN-0000944,INV-2026-00845,LND004,2026-06-14,3365411,APPROVED,STANDARD
FIN-0000945,INV-2026-00846,LND017,2026-09-20,1221250,DISBURSED,PRIORITY
FIN-0000946,INV-2026-00847,LND002,2026-09-23,2493929,DISBURSED,PRIORITY
FIN-0000947,INV-2026-00848,LND011,2026-08-19,840725,APPROVED,MSME_FAST
FIN-0000948,INV-2026-00849,LND023,2026-07-06,1356397,PENDING,STANDARD
FIN-0000949,INV-2026-00850,LND021,2026-09-01,445006,APPROVED,STANDARD
FIN-0000950,INV-2026-00851,LND022,2026-09-14,1116316,DISBURSED,STANDARD
FIN-0000951,INV-2026-00852,LND015,2026-07-25,2431290,PENDING,MSME_FAST
FIN-0000952,INV-2026-00853,LND013,2026-10-01,3595374,APPROVED,MSME_FAST
FIN-0000953,INV-2026-00854,LND004,2026-07-18,1268884,APPROVED,PRIORITY
FIN-0000954,INV-2026-00855,LND007,2026-08-31,193164,DISBURSED,STANDARD
FIN-0000955,INV-2026-00856,LND005,2026-09-18,835293,APPROVED,MSME_FAST
FIN-0000956,INV-2026-00856,LND010,2026-09-13,743439,DISBURSED,STANDARD
FIN-0000957,INV-2026-00857,LND014,2026-08-16,541926,APPROVED,PRIORITY
FIN-0000958,INV-2026-00858,LND025,2026-08-19,2609285,APPROVED,MSME_FAST
FIN-0000959,INV-2026-00859,LND001,2026-07-06,2357915,APPROVED,MSME_FAST
FIN-0000960,INV-2026-00860,LND006,2026-09-18,3392361,APPROVED,MSME_FAST
FIN-0000961,INV-2026-00861,LND020,2026-09-17,2281953,DISBURSED,MSME_FAST
FIN-0000962,INV-2026-00862,LND006,2026-07-07,3044200,DISBURSED,PRIORITY
FIN-0000963,INV-2026-00863,LND004,2026-07-18,45947,DISBURSED,STANDARD
FIN-0000964,INV-2026-00864,LND006,2026-09-18,1483473,APPROVED,MSME_FAST
FIN-0000965,INV-2026-00865,LND023,2026-06-22,2502467,PENDING,STANDARD
FIN-0000966,INV-2026-00866,LND021,2026-08-15,337051,PENDING,MSME_FAST
FIN-0000967,INV-2026-00867,LND003,2026-09-14,3125526,DISBURSED,MSME_FAST
FIN-0000968,INV-2026-00867,LND001,2026-09-21,3177201,APPROVED,PRIORITY
FIN-0000969,INV-2026-00868,LND018,2026-07-24,1190531,PENDING,STANDARD
FIN-0000970,INV-2026-00869,LND020,2026-07-31,1132579,DISBURSED,PRIORITY
FIN-0000971,INV-2026-00870,LND011,2026-06-29,3306975,PENDING,MSME_FAST
FIN-0000972,INV-2026-00871,LND005,2026-08-29,2992053,APPROVED,PRIORITY
FIN-0000973,INV-2026-00872,LND004,2026-09-16,1785015,DISBURSED,PRIORITY
FIN-0000974,INV-2026-00873,LND005,2026-06-29,1957103,PENDING,MSME_FAST
FIN-0000975,INV-2026-00874,LND017,2026-06-30,948735,APPROVED,STANDARD
FIN-0000976,INV-2026-00875,LND019,2026-07-13,2060468,APPROVED,MSME_FAST
FIN-0000977,INV-2026-00876,LND007,2026-06-28,3517934,DISBURSED,MSME_FAST
FIN-0000978,INV-2026-00877,LND022,2026-06-13,2589806,APPROVED,STANDARD
FIN-0000979,INV-2026-00878,LND014,2026-08-26,2671635,APPROVED,MSME_FAST
FIN-0000980,INV-2026-00879,LND016,2026-09-20,3234680,PENDING,STANDARD
FIN-0000981,INV-2026-00880,LND011,2026-07-10,453278,DISBURSED,STANDARD
FIN-0000982,INV-2026-00881,LND017,2026-06-15,1490707,APPROVED,PRIORITY
FIN-0000983,INV-2026-00882,LND007,2026-07-21,4014020,PENDING,MSME_FAST
FIN-0000984,INV-2026-00883,LND013,2026-10-03,124786,DISBURSED,PRIORITY
FIN-0000985,INV-2026-00884,LND023,2026-08-30,2487686,PENDING,MSME_FAST
FIN-0000986,INV-2026-00885,LND015,2026-08-19,1652315,PENDING,PRIORITY
FIN-0000987,INV-2026-00886,LND008,2026-09-04,2299555,DISBURSED,MSME_FAST
FIN-0000988,INV-2026-00887,LND024,2026-07-17,2290969,PENDING,MSME_FAST
FIN-0000989,INV-2026-00888,LND004,2026-07-31,422088,APPROVED,PRIORITY
FIN-0000990,INV-2026-00889,LND019,2026-08-14,612950,DISBURSED,STANDARD
FIN-0000991,INV-2026-00890,LND015,2026-10-01,4034039,PENDING,MSME_FAST
FIN-0000992,INV-2026-00891,LND015,2026-08-29,1573463,PENDING,MSME_FAST
FIN-0000993,INV-2026-00892,LND018,2026-06-11,1133031,APPROVED,MSME_FAST
FIN-0000994,INV-2026-00893,LND012,2026-07-08,175072,PENDING,MSME_FAST
FIN-0000995,INV-2026-00894,LND015,2026-09-01,536328,DISBURSED,PRIORITY
FIN-0000996,INV-2026-00895,LND001,2026-06-26,567509,DISBURSED,STANDARD
FIN-0000997,INV-2026-00896,LND015,2026-09-30,3006897,DISBURSED,STANDARD
FIN-0000998,INV-2026-00897,LND010,2026-07-25,3073625,PENDING,STANDARD
FIN-0000999,INV-2026-00898,LND011,2026-07-02,493932,APPROVED,PRIORITY
FIN-0001000,INV-2026-00899,LND016,2026-09-22,3764897,PENDING,PRIORITY
FIN-0001001,INV-2026-00900,LND017,2026-08-03,226138,PENDING,PRIORITY
FIN-0001002,INV-2026-00901,LND002,2026-08-28,3451871,APPROVED,PRIORITY
FIN-0001003,INV-2026-00902,LND016,2026-09-16,1754923,PENDING,PRIORITY
FIN-0001004,INV-2026-00903,LND021,2026-07-02,2286842,DISBURSED,STANDARD
FIN-0001005,INV-2026-00904,LND023,2026-07-21,2659253,APPROVED,MSME_FAST
FIN-0001006,INV-2026-00905,LND017,2026-08-29,4032403,PENDING,PRIORITY
FIN-0001007,INV-2026-00906,LND017,2026-07-04,325488,PENDING,MSME_FAST
FIN-0001008,INV-2026-00907,LND007,2026-09-13,190754,APPROVED,MSME_FAST
FIN-0001009,INV-2026-00908,LND007,2026-08-28,3835684,PENDING,STANDARD
FIN-0001010,INV-2026-00909,LND017,2026-06-12,365149,APPROVED,PRIORITY
FIN-0001011,INV-2026-00910,LND013,2026-07-18,2236174,APPROVED,STANDARD
FIN-0001012,INV-2026-00911,LND016,2026-08-19,3277510,PENDING,MSME_FAST
FIN-0001013,INV-2026-00912,LND023,2026-07-30,1387142,APPROVED,MSME_FAST
FIN-0001014,INV-2026-00912,LND014,2026-08-02,1360899,PENDING,PRIORITY
FIN-0001015,INV-2026-00913,LND023,2026-06-15,2359708,APPROVED,PRIORITY
FIN-0001016,INV-2026-00914,LND019,2026-08-14,1538209,DISBURSED,STANDARD
FIN-0001017,INV-2026-00915,LND005,2026-08-20,1631399,PENDING,PRIORITY
FIN-0001018,INV-2026-00916,LND023,2026-06-21,3273229,DISBURSED,PRIORITY
FIN-0001019,INV-2026-00917,LND020,2026-08-19,824286,DISBURSED,STANDARD
FIN-0001020,INV-2026-00918,LND024,2026-08-22,2485240,APPROVED,PRIORITY
FIN-0001021,INV-2026-00919,LND016,2026-06-23,2492180,DISBURSED,MSME_FAST
FIN-0001022,INV-2026-00920,LND023,2026-07-26,1317575,APPROVED,STANDARD
FIN-0001023,INV-2026-00921,LND025,2026-10-01,1698368,APPROVED,STANDARD
FIN-0001024,INV-2026-00922,LND025,2026-07-25,1811362,APPROVED,STANDARD
FIN-0001025,INV-2026-00923,LND023,2026-09-28,1816890,APPROVED,MSME_FAST
FIN-0001026,INV-2026-00924,LND006,2026-09-17,1809125,APPROVED,MSME_FAST
FIN-0001027,INV-2026-00925,LND010,2026-08-20,2427967,APPROVED,STANDARD
FIN-0001028,INV-2026-00926,LND009,2026-07-07,1524446,PENDING,STANDARD
FIN-0001029,INV-2026-00927,LND018,2026-09-21,1593833,DISBURSED,MSME_FAST
FIN-0001030,INV-2026-00928,LND019,2026-06-29,4077374,PENDING,PRIORITY
FIN-0001031,INV-2026-00929,LND025,2026-08-08,3470004,PENDING,STANDARD
FIN-0001032,INV-2026-00929,LND014,2026-07-31,3063270,PENDING,STANDARD
FIN-0001033,INV-2026-00930,LND015,2026-08-23,1407623,PENDING,PRIORITY
FIN-0001034,INV-2026-00931,LND023,2026-10-05,82531,APPROVED,PRIORITY
FIN-0001035,INV-2026-00932,LND012,2026-09-28,742887,APPROVED,STANDARD
FIN-0001036,INV-2026-00932,LND021,2026-09-23,794265,DISBURSED,PRIORITY
FIN-0001037,INV-2026-00933,LND018,2026-09-29,2080201,DISBURSED,MSME_FAST
FIN-0001038,INV-2026-00934,LND004,2026-07-24,2717162,PENDING,STANDARD
FIN-0001039,INV-2026-00935,LND006,2026-06-17,846802,DISBURSED,MSME_FAST
FIN-0001040,INV-2026-00936,LND011,2026-08-10,3862433,DISBURSED,STANDARD
FIN-0001041,INV-2026-00937,LND008,2026-08-14,1441620,APPROVED,MSME_FAST
FIN-0001042,INV-2026-00938,LND022,2026-06-19,2187227,PENDING,MSME_FAST
FIN-0001043,INV-2026-00939,LND001,2026-07-24,2707958,DISBURSED,PRIORITY
FIN-0001044,INV-2026-00940,LND016,2026-07-30,3779847,DISBURSED,PRIORITY
FIN-0001045,INV-2026-00941,LND012,2026-06-06,3389241,PENDING,MSME_FAST
FIN-0001046,INV-2026-00942,LND003,2026-10-05,1584139,DISBURSED,STANDARD
FIN-0001047,INV-2026-00943,LND008,2026-06-27,1776306,DISBURSED,MSME_FAST
FIN-0001048,INV-2026-00944,LND011,2026-06-15,1323563,APPROVED,MSME_FAST
FIN-0001049,INV-2026-00945,LND005,2026-10-02,343352,APPROVED,PRIORITY
FIN-0001050,INV-2026-00945,LND003,2026-10-05,373124,DISBURSED,MSME_FAST
FIN-0001051,INV-2026-00946,LND007,2026-06-21,2977945,APPROVED,PRIORITY
FIN-0001052,INV-2026-00947,LND023,2026-07-19,2927823,PENDING,PRIORITY
FIN-0001053,INV-2026-00948,LND015,2026-06-09,719181,PENDING,PRIORITY
FIN-0001054,INV-2026-00949,LND017,2026-08-03,3758253,PENDING,STANDARD
FIN-0001055,INV-2026-00950,LND010,2026-08-25,252138,DISBURSED,MSME_FAST
FIN-0001056,INV-2026-00951,LND010,2026-10-03,3410949,APPROVED,PRIORITY
FIN-0001057,INV-2026-00952,LND018,2026-07-05,397329,APPROVED,MSME_FAST
FIN-0001058,INV-2026-00953,LND001,2026-09-24,3101713,DISBURSED,MSME_FAST
FIN-0001059,INV-2026-00954,LND003,2026-07-24,278020,APPROVED,PRIORITY
FIN-0001060,INV-2026-00955,LND006,2026-08-21,1510910,PENDING,MSME_FAST
FIN-0001061,INV-2026-00956,LND021,2026-08-31,3324541,APPROVED,MSME_FAST
FIN-0001062,INV-2026-00957,LND003,2026-09-18,3299933,APPROVED,STANDARD
FIN-0001063,INV-2026-00958,LND012,2026-07-06,1145938,DISBURSED,PRIORITY
FIN-0001064,INV-2026-00959,LND025,2026-06-03,1642727,PENDING,STANDARD
FIN-0001065,INV-2026-00959,LND007,2026-06-15,1756575,DISBURSED,MSME_FAST
FIN-0001066,INV-2026-00960,LND022,2026-06-25,3911846,DISBURSED,STANDARD
FIN-0001067,INV-2026-00961,LND013,2026-07-07,1446417,PENDING,MSME_FAST
FIN-0001068,INV-2026-00962,LND003,2026-08-28,769682,PENDING,PRIORITY
FIN-0001069,INV-2026-00963,LND002,2026-07-31,101971,DISBURSED,PRIORITY
FIN-0001070,INV-2026-00964,LND019,2026-09-13,2371791,DISBURSED,PRIORITY
FIN-0001071,INV-2026-00965,LND017,2026-08-29,2053232,APPROVED,PRIORITY
FIN-0001072,INV-2026-00965,LND015,2026-09-06,1677100,PENDING,STANDARD
FIN-0001073,INV-2026-00966,LND006,2026-10-06,1270301,PENDING,STANDARD
FIN-0001074,INV-2026-00967,LND007,2026-09-19,1641127,PENDING,MSME_FAST
FIN-0001075,INV-2026-00968,LND004,2026-09-08,1889778,PENDING,PRIORITY
FIN-0001076,INV-2026-00969,LND011,2026-06-17,2974417,APPROVED,PRIORITY
FIN-0001077,INV-2026-00970,LND017,2026-08-28,1061224,DISBURSED,PRIORITY
FIN-0001078,INV-2026-00971,LND010,2026-08-04,431242,PENDING,MSME_FAST
FIN-0001079,INV-2026-00972,LND010,2026-08-04,3348036,APPROVED,MSME_FAST
FIN-0001080,INV-2026-00973,LND001,2026-07-26,2951794,APPROVED,MSME_FAST
FIN-0001081,INV-2026-00974,LND014,2026-10-12,4198213,PENDING,STANDARD
FIN-0001082,INV-2026-00975,LND003,2026-07-11,3646303,APPROVED,PRIORITY
FIN-0001083,INV-2026-00976,LND020,2026-07-17,1028885,APPROVED,STANDARD
FIN-0001084,INV-2026-00977,LND025,2026-09-13,286008,APPROVED,PRIORITY
FIN-0001085,INV-2026-00978,LND010,2026-09-01,1730217,DISBURSED,STANDARD
FIN-0001086,INV-2026-00979,LND013,2026-08-14,1578848,APPROVED,MSME_FAST
FIN-0001087,INV-2026-00979,LND008,2026-08-11,1863376,PENDING,MSME_FAST
FIN-0001088,INV-2026-00980,LND024,2026-09-22,490708,DISBURSED,PRIORITY
FIN-0001089,INV-2026-00981,LND011,2026-06-27,371072,APPROVED,STANDARD
FIN-0001090,INV-2026-00982,LND017,2026-09-12,2297188,DISBURSED,PRIORITY
FIN-0001091,INV-2026-00982,LND006,2026-09-11,2160824,PENDING,MSME_FAST
FIN-0001092,INV-2026-00983,LND017,2026-08-06,471821,PENDING,MSME_FAST
FIN-0001093,INV-2026-00984,LND012,2026-09-12,290700,DISBURSED,STANDARD
FIN-0001094,INV-2026-00984,LND001,2026-09-13,274575,DISBURSED,MSME_FAST
FIN-0001095,INV-2026-00985,LND015,2026-08-21,3514693,APPROVED,PRIORITY
FIN-0001096,INV-2026-00986,LND024,2026-09-16,1935830,APPROVED,PRIORITY
FIN-0001097,INV-2026-00986,LND022,2026-09-05,2028693,APPROVED,PRIORITY
FIN-0001098,INV-2026-00987,LND023,2026-10-03,1058443,PENDING,STANDARD
FIN-0001099,INV-2026-00988,LND016,2026-08-22,1514864,PENDING,PRIORITY
FIN-0001100,INV-2026-00989,LND021,2026-07-04,1972265,PENDING,STANDARD
FIN-0001101,INV-2026-00990,LND008,2026-09-04,2218081,PENDING,MSME_FAST
FIN-0001102,INV-2026-00991,LND006,2026-10-09,1374093,APPROVED,PRIORITY
FIN-0001103,INV-2026-00991,LND012,2026-09-26,1196651,APPROVED,MSME_FAST
FIN-0001104,INV-2026-00992,LND008,2026-09-20,3716296,APPROVED,MSME_FAST
FIN-0001105,INV-2026-00993,LND013,2026-09-21,2833540,DISBURSED,MSME_FAST
FIN-0001106,INV-2026-00994,LND005,2026-08-08,2926194,APPROVED,MSME_FAST
FIN-0001107,INV-2026-00995,LND001,2026-06-09,1068827,APPROVED,MSME_FAST
FIN-0001108,INV-2026-00996,LND025,2026-09-06,3414590,APPROVED,PRIORITY
FIN-0001109,INV-2026-00997,LND023,2026-06-26,2325000,DISBURSED,STANDARD
FIN-0001110,INV-2026-00998,LND014,2026-07-30,1350708,PENDING,MSME_FAST
FIN-0001111,INV-2026-00999,LND011,2026-09-11,3524143,DISBURSED,PRIORITY
FIN-0001112,INV-2026-01000,LND005,2026-10-04,2653150,APPROVED,STANDARD
FIN-0001113,INV-2026-01001,LND006,2026-10-06,1135553,PENDING,MSME_FAST
FIN-0001114,INV-2026-01002,LND022,2026-09-23,550371,APPROVED,STANDARD
FIN-0001115,INV-2026-01003,LND013,2026-06-05,847638,DISBURSED,PRIORITY
FIN-0001116,INV-2026-01004,LND006,2026-08-24,1006517,APPROVED,MSME_FAST
FIN-0001117,INV-2026-01005,LND019,2026-07-04,2955433,PENDING,PRIORITY
FIN-0001118,INV-2026-01006,LND017,2026-07-25,3469487,PENDING,MSME_FAST
FIN-0001119,INV-2026-01007,LND006,2026-08-25,1082763,APPROVED,PRIORITY
FIN-0001120,INV-2026-01008,LND012,2026-06-11,1177809,APPROVED,MSME_FAST
FIN-0001121,INV-2026-01009,LND019,2026-08-20,1784394,DISBURSED,STANDARD
FIN-0001122,INV-2026-01010,LND002,2026-06-27,696412,PENDING,STANDARD
FIN-0001123,INV-2026-01011,LND002,2026-09-13,3562368,APPROVED,PRIORITY
FIN-0001124,INV-2026-01012,LND001,2026-09-13,1649302,DISBURSED,MSME_FAST
FIN-0001125,INV-2026-01013,LND006,2026-06-15,973877,PENDING,PRIORITY
FIN-0001126,INV-2026-01014,LND008,2026-08-08,1880188,APPROVED,MSME_FAST
FIN-0001127,INV-2026-01015,LND020,2026-08-20,3045784,PENDING,PRIORITY
FIN-0001128,INV-2026-01016,LND020,2026-06-19,101525,PENDING,PRIORITY
FIN-0001129,INV-2026-01017,LND017,2026-06-15,3596171,APPROVED,STANDARD
FIN-0001130,INV-2026-01018,LND007,2026-06-11,47004,PENDING,MSME_FAST
FIN-0001131,INV-2026-01019,LND015,2026-08-05,3273718,PENDING,MSME_FAST
FIN-0001132,INV-2026-01020,LND008,2026-09-03,2465103,APPROVED,STANDARD
FIN-0001133,INV-2026-01021,LND013,2026-08-30,815557,APPROVED,STANDARD
FIN-0001134,INV-2026-01022,LND006,2026-06-21,1123274,DISBURSED,MSME_FAST
FIN-0001135,INV-2026-01023,LND004,2026-06-19,1241422,DISBURSED,STANDARD
FIN-0001136,INV-2026-01024,LND001,2026-06-12,429421,DISBURSED,MSME_FAST
FIN-0001137,INV-2026-01025,LND003,2026-09-19,1307040,DISBURSED,PRIORITY
FIN-0001138,INV-2026-01026,LND021,2026-10-04,3071579,DISBURSED,MSME_FAST
FIN-0001139,INV-2026-01027,LND004,2026-07-02,2892354,DISBURSED,PRIORITY
FIN-0001140,INV-2026-01027,LND009,2026-06-28,3081021,DISBURSED,STANDARD
FIN-0001141,INV-2026-01028,LND005,2026-08-21,2084033,DISBURSED,MSME_FAST
FIN-0001142,INV-2026-01029,LND001,2026-06-26,1278421,APPROVED,STANDARD
FIN-0001143,INV-2026-01030,LND012,2026-08-04,2558151,APPROVED,PRIORITY
FIN-0001144,INV-2026-01031,LND022,2026-06-09,57023,PENDING,STANDARD
FIN-0001145,INV-2026-01031,LND017,2026-06-16,60275,DISBURSED,STANDARD
FIN-0001146,INV-2026-01032,LND017,2026-07-14,3408277,DISBURSED,MSME_FAST
FIN-0001147,INV-2026-01033,LND008,2026-06-14,610852,PENDING,STANDARD
FIN-0001148,INV-2026-01033,LND005,2026-06-14,643106,PENDING,STANDARD
FIN-0001149,INV-2026-01034,LND021,2026-07-12,1339040,APPROVED,MSME_FAST
FIN-0001150,INV-2026-01034,LND004,2026-07-08,1227325,DISBURSED,MSME_FAST
FIN-0001151,INV-2026-01035,LND015,2026-10-02,47662,DISBURSED,PRIORITY
FIN-0001152,INV-2026-01036,LND023,2026-09-27,3117714,PENDING,STANDARD
FIN-0001153,INV-2026-01037,LND004,2026-06-21,461655,PENDING,PRIORITY
FIN-0001154,INV-2026-01037,LND009,2026-06-19,491816,APPROVED,PRIORITY
FIN-0001155,INV-2026-01038,LND002,2026-09-14,1007608,DISBURSED,PRIORITY
FIN-0001156,INV-2026-01039,LND010,2026-06-23,1587836,PENDING,STANDARD
FIN-0001157,INV-2026-01040,LND011,2026-09-09,2827946,DISBURSED,STANDARD
FIN-0001158,INV-2026-01041,LND021,2026-08-17,587430,APPROVED,MSME_FAST
FIN-0001159,INV-2026-01042,LND018,2026-10-01,3320869,PENDING,PRIORITY
FIN-0001160,INV-2026-01043,LND013,2026-08-05,1829391,DISBURSED,STANDARD
FIN-0001161,INV-2026-01044,LND017,2026-07-05,550233,DISBURSED,PRIORITY
FIN-0001162,INV-2026-01045,LND018,2026-10-01,1253595,APPROVED,MSME_FAST
FIN-0001163,INV-2026-01046,LND016,2026-09-22,3169121,DISBURSED,PRIORITY
FIN-0001164,INV-2026-01047,LND016,2026-09-02,4263938,PENDING,PRIORITY
FIN-0001165,INV-2026-01047,LND019,2026-09-12,4077633,PENDING,MSME_FAST
FIN-0001166,INV-2026-01048,LND001,2026-07-31,156939,APPROVED,STANDARD
FIN-0001167,INV-2026-01049,LND015,2026-08-08,355585,APPROVED,PRIORITY
FIN-0001168,INV-2026-01050,LND006,2026-08-11,3247573,DISBURSED,MSME_FAST
FIN-0001169,INV-2026-01051,LND012,2026-09-20,1690890,APPROVED,PRIORITY
FIN-0001170,INV-2026-01052,LND011,2026-08-06,2618427,DISBURSED,STANDARD
FIN-0001171,INV-2026-01053,LND015,2026-08-25,2570411,APPROVED,STANDARD
FIN-0001172,INV-2026-01054,LND013,2026-09-07,3441366,PENDING,MSME_FAST
FIN-0001173,INV-2026-01055,LND015,2026-09-02,148220,APPROVED,PRIORITY
FIN-0001174,INV-2026-01056,LND010,2026-08-23,2621322,APPROVED,STANDARD
FIN-0001175,INV-2026-01057,LND019,2026-08-20,2437426,APPROVED,PRIORITY
FIN-0001176,INV-2026-01058,LND010,2026-08-24,2164865,DISBURSED,PRIORITY
FIN-0001177,INV-2026-01059,LND024,2026-08-26,2005428,APPROVED,STANDARD
FIN-0001178,INV-2026-01060,LND015,2026-09-16,2625875,PENDING,PRIORITY
FIN-0001179,INV-2026-01061,LND013,2026-07-27,209272,DISBURSED,MSME_FAST
FIN-0001180,INV-2026-01062,LND016,2026-07-28,2415432,APPROVED,MSME_FAST
FIN-0001181,INV-2026-01063,LND021,2026-08-08,2437304,PENDING,PRIORITY
FIN-0001182,INV-2026-01064,LND005,2026-07-29,4272670,PENDING,MSME_FAST
FIN-0001183,INV-2026-01065,LND008,2026-07-25,3982314,DISBURSED,PRIORITY
FIN-0001184,INV-2026-01066,LND016,2026-07-02,3430793,DISBURSED,STANDARD
FIN-0001185,INV-2026-01067,LND018,2026-09-28,2087626,PENDING,STANDARD
FIN-0001186,INV-2026-01068,LND005,2026-09-02,2817267,PENDING,PRIORITY
FIN-0001187,INV-2026-01069,LND003,2026-06-18,3860663,APPROVED,MSME_FAST
FIN-0001188,INV-2026-01070,LND001,2026-08-26,997252,PENDING,MSME_FAST
FIN-0001189,INV-2026-01070,LND019,2026-08-30,1076463,PENDING,STANDARD
FIN-0001190,INV-2026-01071,LND025,2026-09-17,801332,APPROVED,PRIORITY
FIN-0001191,INV-2026-01072,LND021,2026-06-21,2789248,PENDING,MSME_FAST
FIN-0001192,INV-2026-01073,LND010,2026-06-15,488575,DISBURSED,PRIORITY
FIN-0001193,INV-2026-01074,LND012,2026-08-13,2552779,APPROVED,PRIORITY
FIN-0001194,INV-2026-01075,LND017,2026-08-19,3835269,PENDING,PRIORITY
FIN-0001195,INV-2026-01076,LND002,2026-08-12,2453591,PENDING,STANDARD
FIN-0001196,INV-2026-01077,LND011,2026-09-04,4186530,APPROVED,PRIORITY
FIN-0001197,INV-2026-01078,LND019,2026-08-05,2074475,APPROVED,MSME_FAST
FIN-0001198,INV-2026-01079,LND013,2026-09-09,3243650,DISBURSED,MSME_FAST
FIN-0001199,INV-2026-01080,LND007,2026-09-03,379001,APPROVED,MSME_FAST
FIN-0001200,INV-2026-01081,LND009,2026-06-26,2968463,DISBURSED,MSME_FAST
FIN-0001201,INV-2026-01082,LND023,2026-07-31,2164471,PENDING,PRIORITY
FIN-0001202,INV-2026-01083,LND014,2026-07-10,3500425,PENDING,STANDARD
FIN-0001203,INV-2026-01084,LND019,2026-08-08,1917663,APPROVED,PRIORITY
FIN-0001204,INV-2026-01085,LND017,2026-09-28,2924397,PENDING,MSME_FAST
FIN-0001205,INV-2026-01086,LND014,2026-07-28,1184517,DISBURSED,PRIORITY
FIN-0001206,INV-2026-01087,LND004,2026-08-06,1339222,APPROVED,MSME_FAST
FIN-0001207,INV-2026-01088,LND023,2026-10-10,2034971,APPROVED,MSME_FAST
FIN-0001208,INV-2026-01089,LND014,2026-10-06,4265446,PENDING,PRIORITY
FIN-0001209,INV-2026-01090,LND022,2026-08-09,2085033,DISBURSED,PRIORITY
FIN-0001210,INV-2026-01091,LND025,2026-07-21,267778,APPROVED,MSME_FAST
FIN-0001211,INV-2026-01092,LND024,2026-10-05,2273810,PENDING,STANDARD
FIN-0001212,INV-2026-01093,LND025,2026-06-19,2815854,APPROVED,PRIORITY
FIN-0001213,INV-2026-01094,LND005,2026-06-18,1215389,DISBURSED,STANDARD
FIN-0001214,INV-2026-01094,LND004,2026-06-29,1160269,APPROVED,PRIORITY
FIN-0001215,INV-2026-01095,LND012,2026-08-06,1741999,PENDING,MSME_FAST
FIN-0001216,INV-2026-01096,LND002,2026-07-10,2684835,APPROVED,PRIORITY
FIN-0001217,INV-2026-01097,LND015,2026-08-23,1494939,DISBURSED,PRIORITY
FIN-0001218,INV-2026-01098,LND001,2026-08-19,1714096,DISBURSED,STANDARD
FIN-0001219,INV-2026-01099,LND001,2026-06-22,523810,DISBURSED,PRIORITY
FIN-0001220,INV-2026-01100,LND014,2026-07-04,792868,APPROVED,PRIORITY
FIN-0001221,INV-2026-01101,LND015,2026-09-08,794290,DISBURSED,PRIORITY
FIN-0001222,INV-2026-01102,LND017,2026-07-02,3444801,PENDING,STANDARD
FIN-0001223,INV-2026-01103,LND003,2026-09-07,2887188,APPROVED,MSME_FAST
FIN-0001224,INV-2026-01104,LND013,2026-08-27,1800648,DISBURSED,STANDARD
FIN-0001225,INV-2026-01105,LND011,2026-08-14,2209914,APPROVED,MSME_FAST
FIN-0001226,INV-2026-01106,LND001,2026-07-06,1869569,PENDING,PRIORITY
FIN-0001227,INV-2026-01107,LND021,2026-08-01,638401,APPROVED,STANDARD
FIN-0001228,INV-2026-01108,LND005,2026-08-09,534510,APPROVED,MSME_FAST
FIN-0001229,INV-2026-01109,LND020,2026-09-23,3871458,PENDING,PRIORITY
FIN-0001230,INV-2026-01110,LND007,2026-08-01,1810620,APPROVED,STANDARD
FIN-0001231,INV-2026-01111,LND024,2026-08-26,2722089,APPROVED,MSME_FAST
FIN-0001232,INV-2026-01111,LND006,2026-09-03,2595954,APPROVED,MSME_FAST
FIN-0001233,INV-2026-01112,LND023,2026-09-21,3033116,DISBURSED,PRIORITY
FIN-0001234,INV-2026-01113,LND023,2026-07-19,3393647,APPROVED,STANDARD
FIN-0001235,INV-2026-01114,LND005,2026-07-06,4266915,DISBURSED,STANDARD
FIN-0001236,INV-2026-01114,LND019,2026-07-01,3627423,APPROVED,MSME_FAST
FIN-0001237,INV-2026-01115,LND021,2026-06-08,3319991,APPROVED,MSME_FAST
FIN-0001238,INV-2026-01116,LND013,2026-06-18,2862114,APPROVED,STANDARD
FIN-0001239,INV-2026-01117,LND015,2026-09-29,3522652,APPROVED,MSME_FAST
FIN-0001240,INV-2026-01118,LND004,2026-08-13,3261523,PENDING,MSME_FAST
FIN-0001241,INV-2026-01119,LND004,2026-08-13,1159915,PENDING,PRIORITY
FIN-0001242,INV-2026-01120,LND014,2026-08-01,3908964,DISBURSED,PRIORITY
FIN-0001243,INV-2026-01121,LND023,2026-06-19,1330033,DISBURSED,PRIORITY
FIN-0001244,INV-2026-01122,LND023,2026-10-08,1335825,PENDING,PRIORITY
FIN-0001245,INV-2026-01123,LND012,2026-06-22,3544669,DISBURSED,PRIORITY
FIN-0001246,INV-2026-01124,LND006,2026-07-31,2281966,DISBURSED,PRIORITY
FIN-0001247,INV-2026-01125,LND015,2026-08-11,2314595,PENDING,MSME_FAST
FIN-0001248,INV-2026-01126,LND017,2026-10-06,2752487,DISBURSED,MSME_FAST
FIN-0001249,INV-2026-01127,LND012,2026-07-21,483803,PENDING,PRIORITY
FIN-0001250,INV-2026-01128,LND016,2026-07-03,3878871,PENDING,PRIORITY
FIN-0001251,INV-2026-01129,LND009,2026-06-20,2381602,APPROVED,MSME_FAST
FIN-0001252,INV-2026-01130,LND011,2026-08-22,3536158,APPROVED,STANDARD
FIN-0001253,INV-2026-01131,LND009,2026-10-02,3313201,APPROVED,STANDARD
FIN-0001254,INV-2026-01132,LND020,2026-06-26,1028826,APPROVED,STANDARD
FIN-0001255,INV-2026-01133,LND007,2026-07-16,3615111,APPROVED,MSME_FAST
FIN-0001256,INV-2026-01134,LND015,2026-09-05,1734785,APPROVED,PRIORITY
FIN-0001257,INV-2026-01135,LND008,2026-08-23,2793482,PENDING,PRIORITY
FIN-0001258,INV-2026-01136,LND019,2026-09-22,2403410,PENDING,STANDARD
FIN-0001259,INV-2026-01137,LND018,2026-09-20,2082608,DISBURSED,MSME_FAST
FIN-0001260,INV-2026-01138,LND002,2026-06-10,4150153,APPROVED,MSME_FAST
FIN-0001261,INV-2026-01139,LND014,2026-08-13,4293308,DISBURSED,STANDARD
FIN-0001262,INV-2026-01140,LND001,2026-07-09,3544622,PENDING,STANDARD
FIN-0001263,INV-2026-01140,LND025,2026-06-27,3814017,APPROVED,STANDARD
FIN-0001264,INV-2026-01141,LND020,2026-09-16,2264113,PENDING,MSME_FAST
FIN-0001265,INV-2026-01142,LND017,2026-09-24,1924533,PENDING,MSME_FAST
FIN-0001266,INV-2026-01143,LND010,2026-08-06,1065078,PENDING,PRIORITY
FIN-0001267,INV-2026-01144,LND018,2026-08-29,1502758,APPROVED,STANDARD
FIN-0001268,INV-2026-01145,LND017,2026-09-23,2558145,PENDING,PRIORITY
FIN-0001269,INV-2026-01146,LND012,2026-09-27,3659882,PENDING,PRIORITY
FIN-0001270,INV-2026-01147,LND024,2026-09-14,165476,APPROVED,STANDARD
FIN-0001271,INV-2026-01148,LND013,2026-06-21,3412484,DISBURSED,STANDARD
FIN-0001272,INV-2026-01149,LND014,2026-10-11,2669401,PENDING,PRIORITY
FIN-0001273,INV-2026-01150,LND003,2026-06-20,2565662,PENDING,STANDARD
FIN-0001274,INV-2026-01151,LND015,2026-09-05,194300,DISBURSED,MSME_FAST
FIN-0001275,INV-2026-01152,LND010,2026-07-08,1979183,PENDING,STANDARD
FIN-0001276,INV-2026-01153,LND015,2026-06-21,857317,DISBURSED,PRIORITY
FIN-0001277,INV-2026-01154,LND001,2026-09-29,1582200,PENDING,STANDARD
FIN-0001278,INV-2026-01154,LND015,2026-09-26,1807722,DISBURSED,STANDARD
FIN-0001279,INV-2026-01155,LND015,2026-08-29,890313,APPROVED,STANDARD
FIN-0001280,INV-2026-01156,LND006,2026-06-16,3168512,PENDING,PRIORITY
FIN-0001281,INV-2026-01156,LND012,2026-06-13,2969555,PENDING,PRIORITY
FIN-0001282,INV-2026-01157,LND015,2026-09-11,3561227,DISBURSED,STANDARD
FIN-0001283,INV-2026-01158,LND016,2026-07-22,351948,APPROVED,STANDARD
FIN-0001284,INV-2026-01159,LND010,2026-07-10,3172903,APPROVED,STANDARD
FIN-0001285,INV-2026-01160,LND023,2026-08-17,3275559,PENDING,STANDARD
FIN-0001286,INV-2026-01161,LND020,2026-06-26,2866197,PENDING,PRIORITY
FIN-0001287,INV-2026-01162,LND021,2026-07-23,4078407,APPROVED,PRIORITY
FIN-0001288,INV-2026-01162,LND008,2026-07-25,3874837,DISBURSED,STANDARD
FIN-0001289,INV-2026-01163,LND020,2026-09-13,455267,PENDING,STANDARD
FIN-0001290,INV-2026-01164,LND007,2026-06-27,2804279,PENDING,MSME_FAST
FIN-0001291,INV-2026-01165,LND003,2026-06-17,1561340,PENDING,MSME_FAST
FIN-0001292,INV-2026-01166,LND013,2026-08-23,1417720,PENDING,STANDARD
FIN-0001293,INV-2026-01167,LND025,2026-06-22,825537,DISBURSED,PRIORITY
FIN-0001294,INV-2026-01167,LND004,2026-06-21,793637,APPROVED,STANDARD
FIN-0001295,INV-2026-01168,LND015,2026-08-27,284619,APPROVED,STANDARD
FIN-0001296,INV-2026-01169,LND018,2026-08-03,3123968,APPROVED,PRIORITY
FIN-0001297,INV-2026-01170,LND017,2026-08-26,3825355,DISBURSED,MSME_FAST
FIN-0001298,INV-2026-01171,LND022,2026-07-23,71529,DISBURSED,STANDARD
FIN-0001299,INV-2026-01172,LND001,2026-09-24,2554015,APPROVED,PRIORITY
FIN-0001300,INV-2026-01173,LND003,2026-06-22,2561921,APPROVED,PRIORITY
FIN-0001301,INV-2026-01174,LND005,2026-09-03,2092391,PENDING,PRIORITY
FIN-0001302,INV-2026-01175,LND010,2026-08-01,1786788,DISBURSED,MSME_FAST
FIN-0001303,INV-2026-01176,LND007,2026-07-02,255038,APPROVED,STANDARD
FIN-0001304,INV-2026-01176,LND012,2026-07-07,268785,APPROVED,MSME_FAST
FIN-0001305,INV-2026-01177,LND024,2026-06-19,1726106,PENDING,STANDARD
FIN-0001306,INV-2026-01178,LND023,2026-09-29,3574883,DISBURSED,PRIORITY
FIN-0001307,INV-2026-01179,LND023,2026-08-07,1908457,PENDING,MSME_FAST
FIN-0001308,INV-2026-01179,LND004,2026-08-06,1984507,DISBURSED,PRIORITY
FIN-0001309,INV-2026-01180,LND022,2026-07-21,3613273,APPROVED,STANDARD
FIN-0001310,INV-2026-01181,LND004,2026-08-03,343248,APPROVED,PRIORITY
FIN-0001311,INV-2026-01182,LND022,2026-08-25,57500,PENDING,STANDARD
FIN-0001312,INV-2026-01183,LND022,2026-10-14,2009516,APPROVED,STANDARD
FIN-0001313,INV-2026-01184,LND025,2026-06-24,2563543,DISBURSED,STANDARD
FIN-0001314,INV-2026-01185,LND025,2026-06-23,2963588,DISBURSED,STANDARD
FIN-0001315,INV-2026-01186,LND014,2026-06-03,1455574,PENDING,PRIORITY
FIN-0001316,INV-2026-01187,LND025,2026-09-22,839369,PENDING,PRIORITY
FIN-0001317,INV-2026-01187,LND020,2026-09-11,834528,DISBURSED,MSME_FAST
FIN-0001318,INV-2026-01188,LND012,2026-09-12,1978570,DISBURSED,MSME_FAST
FIN-0001319,INV-2026-01189,LND023,2026-08-05,4304956,DISBURSED,PRIORITY
FIN-0001320,INV-2026-01189,LND001,2026-08-08,3960801,APPROVED,STANDARD
FIN-0001321,INV-2026-01190,LND019,2026-08-06,3129980,PENDING,PRIORITY
FIN-0001322,INV-2026-01191,LND019,2026-07-23,1352912,DISBURSED,STANDARD
FIN-0001323,INV-2026-01192,LND014,2026-06-20,1606724,DISBURSED,MSME_FAST
FIN-0001324,INV-2026-01192,LND020,2026-06-25,1887761,PENDING,STANDARD
FIN-0001325,INV-2026-01193,LND019,2026-09-29,719275,DISBURSED,STANDARD
FIN-0001326,INV-2026-01194,LND008,2026-06-11,2482514,APPROVED,PRIORITY
FIN-0001327,INV-2026-01195,LND025,2026-07-07,2522608,APPROVED,PRIORITY
FIN-0001328,INV-2026-01196,LND002,2026-09-27,1268911,APPROVED,MSME_FAST
FIN-0001329,INV-2026-01197,LND008,2026-08-07,2658864,PENDING,STANDARD
FIN-0001330,INV-2026-01198,LND004,2026-06-13,1936290,PENDING,PRIORITY
FIN-0001331,INV-2026-01199,LND013,2026-09-28,3810159,DISBURSED,STANDARD
FIN-0001332,INV-2026-01200,LND018,2026-07-21,1659959,DISBURSED,STANDARD
FIN-0001333,INV-2026-01201,LND001,2026-08-19,398831,PENDING,MSME_FAST
FIN-0001334,INV-2026-01202,LND015,2026-06-29,906130,DISBURSED,MSME_FAST
FIN-0001335,INV-2026-01203,LND017,2026-08-05,3885378,PENDING,MSME_FAST
FIN-0001336,INV-2026-01204,LND003,2026-07-27,3335582,APPROVED,STANDARD
FIN-0001337,INV-2026-01205,LND012,2026-09-22,3684016,DISBURSED,MSME_FAST
FIN-0001338,INV-2026-01206,LND017,2026-07-12,128649,DISBURSED,STANDARD
FIN-0001339,INV-2026-01207,LND013,2026-09-24,3427057,APPROVED,MSME_FAST
FIN-0001340,INV-2026-01208,LND021,2026-08-03,3336674,APPROVED,STANDARD
FIN-0001341,INV-2026-01209,LND012,2026-06-16,2869314,PENDING,PRIORITY
FIN-0001342,INV-2026-01210,LND016,2026-06-23,1192996,PENDING,PRIORITY
FIN-0001343,INV-2026-01211,LND017,2026-09-18,2039169,DISBURSED,MSME_FAST
FIN-0001344,INV-2026-01212,LND020,2026-08-17,442634,PENDING,STANDARD
FIN-0001345,INV-2026-01213,LND011,2026-06-09,3997895,APPROVED,STANDARD
FIN-0001346,INV-2026-01214,LND022,2026-06-04,2004775,DISBURSED,MSME_FAST
FIN-0001347,INV-2026-01215,LND013,2026-09-23,2388117,DISBURSED,PRIORITY
FIN-0001348,INV-2026-01216,LND015,2026-06-25,2695713,DISBURSED,PRIORITY
FIN-0001349,INV-2026-01216,LND012,2026-06-18,3117831,DISBURSED,MSME_FAST
FIN-0001350,INV-2026-01217,LND009,2026-06-28,2963742,PENDING,STANDARD
FIN-0001351,INV-2026-01218,LND008,2026-08-16,2644015,APPROVED,MSME_FAST
FIN-0001352,INV-2026-01218,LND004,2026-08-23,2690690,PENDING,MSME_FAST
FIN-0001353,INV-2026-01219,LND008,2026-09-01,553999,PENDING,MSME_FAST
FIN-0001354,INV-2026-01219,LND009,2026-09-04,547588,PENDING,MSME_FAST
FIN-0001355,INV-2026-01220,LND002,2026-09-21,184158,APPROVED,MSME_FAST
FIN-0001356,INV-2026-01221,LND010,2026-09-25,2815969,APPROVED,PRIORITY
FIN-0001357,INV-2026-01222,LND025,2026-09-14,3887379,DISBURSED,PRIORITY
FIN-0001358,INV-2026-01222,LND022,2026-09-19,3966413,DISBURSED,MSME_FAST
FIN-0001359,INV-2026-01223,LND010,2026-07-13,1960710,DISBURSED,STANDARD
FIN-0001360,INV-2026-01224,LND020,2026-07-17,2250591,APPROVED,STANDARD
FIN-0001361,INV-2026-01225,LND011,2026-06-14,2943934,APPROVED,STANDARD
FIN-0001362,INV-2026-01226,LND008,2026-07-08,3720812,APPROVED,STANDARD
FIN-0001363,INV-2026-01227,LND021,2026-08-16,164522,DISBURSED,MSME_FAST
FIN-0001364,INV-2026-01228,LND007,2026-09-23,3457419,PENDING,MSME_FAST
FIN-0001365,INV-2026-01228,LND023,2026-09-23,3440429,DISBURSED,PRIORITY
FIN-0001366,INV-2026-01229,LND005,2026-08-06,1251988,PENDING,MSME_FAST
FIN-0001367,INV-2026-01230,LND005,2026-08-08,920116,DISBURSED,STANDARD
FIN-0001368,INV-2026-01231,LND018,2026-09-11,2058210,DISBURSED,MSME_FAST
FIN-0001369,INV-2026-01232,LND017,2026-09-26,2329589,PENDING,PRIORITY
FIN-0001370,INV-2026-01233,LND006,2026-06-14,2513837,DISBURSED,MSME_FAST
FIN-0001371,INV-2026-01234,LND022,2026-07-18,846944,DISBURSED,MSME_FAST
FIN-0001372,INV-2026-01235,LND011,2026-09-14,2393932,PENDING,STANDARD
FIN-0001373,INV-2026-01236,LND016,2026-07-15,2496598,PENDING,PRIORITY
FIN-0001374,INV-2026-01237,LND017,2026-09-07,3764995,APPROVED,STANDARD
FIN-0001375,INV-2026-01238,LND006,2026-10-10,466836,APPROVED,MSME_FAST
FIN-0001376,INV-2026-01239,LND018,2026-07-09,2714107,PENDING,STANDARD
FIN-0001377,INV-2026-01239,LND012,2026-07-14,3177656,DISBURSED,MSME_FAST
FIN-0001378,INV-2026-01240,LND021,2026-06-27,3986869,PENDING,PRIORITY
FIN-0001379,INV-2026-01241,LND025,2026-06-28,3602190,DISBURSED,MSME_FAST
FIN-0001380,INV-2026-01242,LND010,2026-08-27,2872000,APPROVED,MSME_FAST
FIN-0001381,INV-2026-01243,LND008,2026-09-25,811945,DISBURSED,PRIORITY
FIN-0001382,INV-2026-01244,LND003,2026-07-12,3266771,DISBURSED,STANDARD
FIN-0001383,INV-2026-01245,LND024,2026-08-09,266405,DISBURSED,MSME_FAST
FIN-0001384,INV-2026-01246,LND001,2026-07-28,3404518,PENDING,MSME_FAST
FIN-0001385,INV-2026-01247,LND025,2026-06-24,92963,APPROVED,MSME_FAST
FIN-0001386,INV-2026-01248,LND019,2026-08-27,3521597,APPROVED,MSME_FAST
FIN-0001387,INV-2026-01249,LND013,2026-06-13,1996546,APPROVED,PRIORITY
FIN-0001388,INV-2026-01250,LND018,2026-06-08,160336,DISBURSED,MSME_FAST
FIN-0001389,INV-2026-01251,LND019,2026-08-05,2439018,PENDING,STANDARD
FIN-0001390,INV-2026-01252,LND019,2026-08-13,62655,APPROVED,MSME_FAST
FIN-0001391,INV-2026-01253,LND020,2026-06-15,51347,PENDING,MSME_FAST
FIN-0001392,INV-2026-01254,LND006,2026-09-25,1020250,APPROVED,STANDARD
FIN-0001393,INV-2026-01254,LND007,2026-09-17,996625,PENDING,PRIORITY
FIN-0001394,INV-2026-01255,LND018,2026-09-03,2936118,APPROVED,PRIORITY
FIN-0001395,INV-2026-01256,LND012,2026-06-09,2305509,PENDING,PRIORITY
FIN-0001396,INV-2026-01257,LND018,2026-09-29,544305,APPROVED,MSME_FAST
FIN-0001397,INV-2026-01258,LND012,2026-06-17,316603,PENDING,STANDARD
FIN-0001398,INV-2026-01259,LND019,2026-07-04,1335888,PENDING,MSME_FAST
FIN-0001399,INV-2026-01260,LND015,2026-08-01,1743577,DISBURSED,STANDARD
FIN-0001400,INV-2026-01261,LND023,2026-06-23,2027328,DISBURSED,STANDARD
FIN-0001401,INV-2026-01262,LND023,2026-09-09,1081003,DISBURSED,PRIORITY
FIN-0001402,INV-2026-01263,LND022,2026-09-23,1823441,PENDING,STANDARD
FIN-0001403,INV-2026-01264,LND013,2026-07-19,1704502,APPROVED,STANDARD
FIN-0001404,INV-2026-01265,LND022,2026-10-13,2266863,DISBURSED,STANDARD
FIN-0001405,INV-2026-01266,LND008,2026-09-25,2024293,APPROVED,MSME_FAST
FIN-0001406,INV-2026-01267,LND020,2026-06-26,432880,DISBURSED,STANDARD
FIN-0001407,INV-2026-01268,LND007,2026-09-12,155587,DISBURSED,MSME_FAST
FIN-0001408,INV-2026-01268,LND020,2026-09-14,153390,DISBURSED,PRIORITY
FIN-0001409,INV-2026-01269,LND009,2026-09-05,673152,PENDING,STANDARD
FIN-0001410,INV-2026-01270,LND012,2026-08-16,2858531,DISBURSED,STANDARD
FIN-0001411,INV-2026-01270,LND019,2026-08-21,2746781,DISBURSED,STANDARD
FIN-0001412,INV-2026-01271,LND022,2026-07-04,2277673,PENDING,STANDARD
FIN-0001413,INV-2026-01271,LND003,2026-06-30,2855123,PENDING,MSME_FAST
FIN-0001414,INV-2026-01272,LND001,2026-08-17,516367,APPROVED,STANDARD
FIN-0001415,INV-2026-01273,LND004,2026-07-03,2883268,DISBURSED,MSME_FAST
FIN-0001416,INV-2026-01274,LND010,2026-10-04,1202715,DISBURSED,PRIORITY
FIN-0001417,INV-2026-01275,LND014,2026-06-26,2162324,PENDING,STANDARD
FIN-0001418,INV-2026-01276,LND006,2026-08-14,1043535,DISBURSED,MSME_FAST
FIN-0001419,INV-2026-01277,LND010,2026-10-13,3032884,PENDING,PRIORITY
FIN-0001420,INV-2026-01277,LND023,2026-10-09,2840912,PENDING,MSME_FAST
FIN-0001421,INV-2026-01278,LND002,2026-07-29,2010373,APPROVED,MSME_FAST
FIN-0001422,INV-2026-01279,LND018,2026-06-20,2954781,DISBURSED,MSME_FAST
FIN-0001423,INV-2026-01280,LND012,2026-06-15,1608836,DISBURSED,PRIORITY
FIN-0001424,INV-2026-01281,LND024,2026-06-28,618480,APPROVED,PRIORITY
FIN-0001425,INV-2026-01282,LND020,2026-06-26,217162,PENDING,MSME_FAST
FIN-0001426,INV-2026-01282,LND021,2026-06-24,232554,APPROVED,STANDARD
FIN-0001427,INV-2026-01283,LND011,2026-06-17,2697569,DISBURSED,MSME_FAST
FIN-0001428,INV-2026-01284,LND011,2026-08-18,1753515,DISBURSED,MSME_FAST
FIN-0001429,INV-2026-01285,LND009,2026-09-19,2752310,DISBURSED,MSME_FAST
FIN-0001430,INV-2026-01286,LND023,2026-07-21,1857958,DISBURSED,STANDARD
FIN-0001431,INV-2026-01287,LND015,2026-08-23,2151977,DISBURSED,STANDARD
FIN-0001432,INV-2026-01288,LND010,2026-07-23,1954725,DISBURSED,MSME_FAST
FIN-0001433,INV-2026-01289,LND011,2026-06-09,1454043,APPROVED,PRIORITY
FIN-0001434,INV-2026-01290,LND010,2026-09-10,1292092,DISBURSED,MSME_FAST
FIN-0001435,INV-2026-01290,LND011,2026-09-16,1432264,PENDING,PRIORITY
FIN-0001436,INV-2026-01291,LND025,2026-08-14,2269133,DISBURSED,PRIORITY
FIN-0001437,INV-2026-01291,LND002,2026-08-18,2183320,DISBURSED,PRIORITY
FIN-0001438,INV-2026-01292,LND006,2026-07-06,1131719,PENDING,STANDARD
FIN-0001439,INV-2026-01293,LND019,2026-09-22,825508,APPROVED,MSME_FAST
FIN-0001440,INV-2026-01294,LND024,2026-08-06,62063,PENDING,MSME_FAST
FIN-0001441,INV-2026-01295,LND002,2026-10-04,2687008,DISBURSED,PRIORITY
FIN-0001442,INV-2026-01296,LND004,2026-07-10,899281,PENDING,PRIORITY
FIN-0001443,INV-2026-01297,LND007,2026-07-29,3400868,DISBURSED,STANDARD
FIN-0001444,INV-2026-01298,LND004,2026-09-24,3352620,DISBURSED,PRIORITY
FIN-0001445,INV-2026-01299,LND020,2026-08-01,1561407,APPROVED,STANDARD
FIN-0001446,INV-2026-01300,LND023,2026-09-22,830367,DISBURSED,STANDARD
FIN-0001447,INV-2026-01301,LND006,2026-06-30,1009783,PENDING,MSME_FAST
FIN-0001448,INV-2026-01302,LND015,2026-06-14,2242571,APPROVED,STANDARD
FIN-0001449,INV-2026-01303,LND005,2026-08-24,2674554,DISBURSED,PRIORITY
FIN-0001450,INV-2026-01304,LND006,2026-09-16,2884653,DISBURSED,PRIORITY
FIN-0001451,INV-2026-01305,LND025,2026-07-30,1141249,APPROVED,MSME_FAST
FIN-0001452,INV-2026-01306,LND021,2026-09-04,2867987,APPROVED,MSME_FAST
FIN-0001453,INV-2026-01307,LND009,2026-09-15,584770,APPROVED,PRIORITY
FIN-0001454,INV-2026-01308,LND006,2026-09-23,3654199,PENDING,MSME_FAST
FIN-0001455,INV-2026-01308,LND003,2026-09-23,3170347,PENDING,MSME_FAST
FIN-0001456,INV-2026-01309,LND003,2026-08-10,903234,APPROVED,MSME_FAST
FIN-0001457,INV-2026-01310,LND006,2026-07-04,1988960,DISBURSED,MSME_FAST
FIN-0001458,INV-2026-01311,LND017,2026-10-05,3401250,PENDING,PRIORITY
FIN-0001459,INV-2026-01312,LND006,2026-08-27,1667336,APPROVED,STANDARD
FIN-0001460,INV-2026-01313,LND009,2026-07-20,161192,APPROVED,PRIORITY
FIN-0001461,INV-2026-01314,LND014,2026-07-02,566010,APPROVED,STANDARD
FIN-0001462,INV-2026-01315,LND023,2026-06-18,1957703,DISBURSED,STANDARD
FIN-0001463,INV-2026-01315,LND018,2026-06-20,1976522,APPROVED,MSME_FAST
FIN-0001464,INV-2026-01316,LND020,2026-06-11,2772588,DISBURSED,STANDARD
FIN-0001465,INV-2026-01317,LND021,2026-06-11,2848686,PENDING,STANDARD
FIN-0001466,INV-2026-01318,LND025,2026-08-04,3716703,APPROVED,STANDARD
FIN-0001467,INV-2026-01319,LND017,2026-06-25,1232796,PENDING,MSME_FAST
FIN-0001468,INV-2026-01320,LND002,2026-06-25,361666,PENDING,PRIORITY
FIN-0001469,INV-2026-01320,LND013,2026-06-13,344670,DISBURSED,PRIORITY
FIN-0001470,INV-2026-01321,LND023,2026-07-10,121975,APPROVED,PRIORITY
FIN-0001471,INV-2026-01322,LND014,2026-09-04,3372394,PENDING,PRIORITY
FIN-0001472,INV-2026-01322,LND021,2026-09-19,3222774,PENDING,MSME_FAST
FIN-0001473,INV-2026-01323,LND021,2026-08-03,4015412,DISBURSED,PRIORITY
FIN-0001474,INV-2026-01324,LND001,2026-10-05,2391729,PENDING,PRIORITY
FIN-0001475,INV-2026-01325,LND009,2026-09-05,368624,APPROVED,STANDARD
FIN-0001476,INV-2026-01326,LND016,2026-09-14,3205213,PENDING,MSME_FAST
FIN-0001477,INV-2026-01327,LND002,2026-06-16,889710,DISBURSED,STANDARD
FIN-0001478,INV-2026-01328,LND008,2026-07-05,3400629,APPROVED,PRIORITY
FIN-0001479,INV-2026-01329,LND007,2026-08-17,4028068,PENDING,PRIORITY
FIN-0001480,INV-2026-01330,LND016,2026-09-17,883014,PENDING,PRIORITY
FIN-0001481,INV-2026-01331,LND019,2026-08-12,1581340,DISBURSED,PRIORITY
FIN-0001482,INV-2026-01332,LND024,2026-09-06,3613841,APPROVED,STANDARD
FIN-0001483,INV-2026-01333,LND024,2026-07-01,1172463,PENDING,PRIORITY
FIN-0001484,INV-2026-01333,LND021,2026-07-01,1051918,APPROVED,PRIORITY
FIN-0001485,INV-2026-01334,LND003,2026-08-23,4000068,PENDING,STANDARD
FIN-0001486,INV-2026-01335,LND024,2026-08-15,919856,APPROVED,PRIORITY
FIN-0001487,INV-2026-01336,LND010,2026-08-02,283275,APPROVED,STANDARD
FIN-0001488,INV-2026-01337,LND001,2026-06-24,77116,DISBURSED,MSME_FAST
FIN-0001489,INV-2026-01338,LND009,2026-07-22,4048418,APPROVED,STANDARD
FIN-0001490,INV-2026-01339,LND025,2026-09-04,1259556,APPROVED,PRIORITY
FIN-0001491,INV-2026-01340,LND017,2026-06-28,928067,PENDING,MSME_FAST
FIN-0001492,INV-2026-01341,LND011,2026-08-01,920553,DISBURSED,PRIORITY
FIN-0001493,INV-2026-01342,LND023,2026-08-15,2521269,PENDING,MSME_FAST
FIN-0001494,INV-2026-01343,LND007,2026-06-03,3466369,APPROVED,MSME_FAST
FIN-0001495,INV-2026-01344,LND016,2026-06-13,2621678,APPROVED,MSME_FAST
FIN-0001496,INV-2026-01345,LND003,2026-09-30,4250272,APPROVED,MSME_FAST
FIN-0001497,INV-2026-01346,LND008,2026-06-26,1071012,DISBURSED,STANDARD
FIN-0001498,INV-2026-01347,LND004,2026-10-04,2649655,PENDING,MSME_FAST
FIN-0001499,INV-2026-01348,LND009,2026-08-06,70181,DISBURSED,STANDARD
FIN-0001500,INV-2026-01349,LND017,2026-09-13,3656363,PENDING,STANDARD
FIN-0001501,INV-2026-01350,LND002,2026-09-11,1461348,PENDING,STANDARD
FIN-0001502,INV-2026-01351,LND011,2026-06-29,4084649,DISBURSED,PRIORITY
FIN-0001503,INV-2026-01352,LND004,2026-06-12,1336369,APPROVED,PRIORITY
FIN-0001504,INV-2026-01353,LND021,2026-09-19,3800774,PENDING,STANDARD
FIN-0001505,INV-2026-01354,LND009,2026-06-11,1439883,PENDING,STANDARD
FIN-0001506,INV-2026-01355,LND025,2026-08-01,2680454,PENDING,PRIORITY
FIN-0001507,INV-2026-01355,LND013,2026-07-31,2710572,PENDING,STANDARD
FIN-0001508,INV-2026-01356,LND009,2026-07-24,1870659,PENDING,STANDARD
FIN-0001509,INV-2026-01357,LND007,2026-07-11,2194805,DISBURSED,MSME_FAST
FIN-0001510,INV-2026-01358,LND024,2026-06-13,1976775,APPROVED,PRIORITY
FIN-0001511,INV-2026-01359,LND005,2026-07-15,2518951,DISBURSED,PRIORITY
FIN-0001512,INV-2026-01360,LND006,2026-09-13,3662900,DISBURSED,MSME_FAST
FIN-0001513,INV-2026-01361,LND011,2026-08-17,1717818,APPROVED,STANDARD
FIN-0001514,INV-2026-01362,LND021,2026-06-23,863570,DISBURSED,MSME_FAST
FIN-0001515,INV-2026-01363,LND008,2026-06-25,669306,APPROVED,STANDARD
FIN-0001516,INV-2026-01364,LND001,2026-08-16,3051527,DISBURSED,STANDARD
FIN-0001517,INV-2026-01365,LND003,2026-09-23,2444611,APPROVED,STANDARD
FIN-0001518,INV-2026-01366,LND001,2026-06-22,2720511,DISBURSED,MSME_FAST
FIN-0001519,INV-2026-01367,LND024,2026-09-14,1872539,DISBURSED,PRIORITY
FIN-0001520,INV-2026-01368,LND002,2026-09-14,2652908,APPROVED,PRIORITY
FIN-0001521,INV-2026-01369,LND023,2026-06-10,942073,APPROVED,PRIORITY
FIN-0001522,INV-2026-01369,LND008,2026-06-19,1017971,APPROVED,STANDARD
FIN-0001523,INV-2026-01370,LND005,2026-07-04,3241733,APPROVED,STANDARD
FIN-0001524,INV-2026-01371,LND019,2026-07-30,2262698,PENDING,PRIORITY
FIN-0001525,INV-2026-01372,LND010,2026-08-16,1593316,APPROVED,MSME_FAST
FIN-0001526,INV-2026-01373,LND004,2026-07-03,1978038,PENDING,MSME_FAST
FIN-0001527,INV-2026-01374,LND018,2026-09-20,1929529,DISBURSED,PRIORITY
FIN-0001528,INV-2026-01375,LND017,2026-09-14,1990615,APPROVED,PRIORITY
FIN-0001529,INV-2026-01376,LND006,2026-08-13,1033219,APPROVED,STANDARD
FIN-0001530,INV-2026-01377,LND023,2026-09-09,2722104,DISBURSED,MSME_FAST
FIN-0001531,INV-2026-01378,LND007,2026-09-15,3717901,APPROVED,PRIORITY
FIN-0001532,INV-2026-01379,LND014,2026-06-25,1736522,DISBURSED,PRIORITY
FIN-0001533,INV-2026-01380,LND018,2026-06-30,1510266,APPROVED,MSME_FAST
FIN-0001534,INV-2026-01380,LND016,2026-06-26,1353427,DISBURSED,STANDARD
FIN-0001535,INV-2026-01381,LND017,2026-07-01,2480095,APPROVED,PRIORITY
FIN-0001536,INV-2026-01382,LND025,2026-08-21,2265171,APPROVED,PRIORITY
FIN-0001537,INV-2026-01383,LND016,2026-09-22,3195862,DISBURSED,STANDARD
FIN-0001538,INV-2026-01384,LND025,2026-09-12,244467,APPROVED,STANDARD
FIN-0001539,INV-2026-01385,LND015,2026-06-23,1713343,APPROVED,MSME_FAST
FIN-0001540,INV-2026-01386,LND018,2026-07-12,1601148,APPROVED,PRIORITY
FIN-0001541,INV-2026-01387,LND011,2026-09-16,3932667,PENDING,STANDARD
FIN-0001542,INV-2026-01388,LND002,2026-10-03,633004,DISBURSED,PRIORITY
FIN-0001543,INV-2026-01389,LND010,2026-09-16,1868898,APPROVED,MSME_FAST
FIN-0001544,INV-2026-01390,LND012,2026-07-23,2347673,PENDING,PRIORITY
FIN-0001545,INV-2026-01391,LND012,2026-09-27,4251776,APPROVED,STANDARD
FIN-0001546,INV-2026-01392,LND010,2026-06-27,1774995,PENDING,MSME_FAST
FIN-0001547,INV-2026-01393,LND009,2026-07-04,246693,PENDING,PRIORITY
FIN-0001548,INV-2026-01394,LND023,2026-09-16,2647752,DISBURSED,MSME_FAST
FIN-0001549,INV-2026-01395,LND022,2026-08-31,444793,APPROVED,MSME_FAST
FIN-0001550,INV-2026-01396,LND009,2026-06-29,660285,DISBURSED,MSME_FAST
FIN-0001551,INV-2026-01397,LND012,2026-08-07,3638499,PENDING,STANDARD
FIN-0001552,INV-2026-01398,LND003,2026-09-13,422867,DISBURSED,STANDARD
FIN-0001553,INV-2026-01398,LND017,2026-09-22,454987,PENDING,PRIORITY
FIN-0001554,INV-2026-01399,LND019,2026-06-17,2300373,DISBURSED,PRIORITY
FIN-0001555,INV-2026-01400,LND005,2026-07-06,3930628,APPROVED,MSME_FAST
FIN-0001556,INV-2026-01401,LND021,2026-08-18,2780627,APPROVED,PRIORITY
FIN-0001557,INV-2026-01402,LND005,2026-07-03,1150147,DISBURSED,MSME_FAST
FIN-0001558,INV-2026-01403,LND002,2026-09-10,3727745,DISBURSED,MSME_FAST
FIN-0001559,INV-2026-01403,LND010,2026-09-17,3992759,PENDING,PRIORITY
FIN-0001560,INV-2026-01404,LND003,2026-07-16,2767299,PENDING,STANDARD
FIN-0001561,INV-2026-01405,LND020,2026-06-13,3669690,APPROVED,PRIORITY
FIN-0001562,INV-2026-01406,LND024,2026-10-03,162249,PENDING,PRIORITY
FIN-0001563,INV-2026-01407,LND014,2026-08-11,1388788,APPROVED,STANDARD
FIN-0001564,INV-2026-01408,LND016,2026-07-22,243077,DISBURSED,PRIORITY
FIN-0001565,INV-2026-01409,LND005,2026-06-28,3137460,APPROVED,PRIORITY
FIN-0001566,INV-2026-01410,LND021,2026-09-23,709251,APPROVED,MSME_FAST
FIN-0001567,INV-2026-01411,LND001,2026-07-27,2681306,APPROVED,MSME_FAST
FIN-0001568,INV-2026-01412,LND017,2026-06-20,3847799,DISBURSED,MSME_FAST
FIN-0001569,INV-2026-01413,LND004,2026-10-06,1105855,PENDING,PRIORITY
FIN-0001570,INV-2026-01414,LND015,2026-07-16,3222193,DISBURSED,PRIORITY
FIN-0001571,INV-2026-01415,LND014,2026-06-20,1571664,PENDING,STANDARD
FIN-0001572,INV-2026-01416,LND024,2026-08-12,1137285,PENDING,PRIORITY
FIN-0001573,INV-2026-01417,LND013,2026-07-01,2851270,PENDING,PRIORITY
FIN-0001574,INV-2026-01417,LND004,2026-07-08,2311384,PENDING,MSME_FAST
FIN-0001575,INV-2026-01418,LND005,2026-09-23,3650774,APPROVED,MSME_FAST
FIN-0001576,INV-2026-01418,LND006,2026-09-21,4017944,DISBURSED,PRIORITY
FIN-0001577,INV-2026-01419,LND020,2026-08-01,3105237,DISBURSED,STANDARD
FIN-0001578,INV-2026-01420,LND003,2026-10-02,3335529,PENDING,STANDARD
FIN-0001579,INV-2026-01421,LND018,2026-08-26,1305588,PENDING,MSME_FAST
FIN-0001580,INV-2026-01422,LND005,2026-07-22,3416316,APPROVED,PRIORITY
FIN-0001581,INV-2026-01423,LND011,2026-08-09,3805567,DISBURSED,PRIORITY
FIN-0001582,INV-2026-01424,LND021,2026-08-01,3124886,DISBURSED,MSME_FAST
FIN-0001583,INV-2026-01425,LND013,2026-06-06,3176647,DISBURSED,MSME_FAST
FIN-0001584,INV-2026-01426,LND022,2026-06-25,1154033,PENDING,MSME_FAST
FIN-0001585,INV-2026-01427,LND010,2026-10-01,1898497,APPROVED,STANDARD
FIN-0001586,INV-2026-01427,LND003,2026-09-24,1930594,PENDING,MSME_FAST
FIN-0001587,INV-2026-01428,LND002,2026-08-25,3790232,APPROVED,STANDARD
FIN-0001588,INV-2026-01429,LND020,2026-07-21,987036,APPROVED,PRIORITY
FIN-0001589,INV-2026-01430,LND014,2026-07-17,1124078,APPROVED,MSME_FAST
FIN-0001590,INV-2026-01431,LND004,2026-09-27,2460444,PENDING,PRIORITY
FIN-0001591,INV-2026-01432,LND013,2026-07-22,1585167,PENDING,MSME_FAST
FIN-0001592,INV-2026-01433,LND003,2026-07-08,255232,APPROVED,STANDARD
FIN-0001593,INV-2026-01434,LND008,2026-07-17,3896197,PENDING,PRIORITY
FIN-0001594,INV-2026-01435,LND002,2026-07-05,1711147,PENDING,PRIORITY
FIN-0001595,INV-2026-01436,LND003,2026-08-25,1151563,APPROVED,STANDARD
FIN-0001596,INV-2026-01437,LND007,2026-07-17,207551,APPROVED,STANDARD
FIN-0001597,INV-2026-01438,LND013,2026-09-18,1790785,DISBURSED,PRIORITY
FIN-0001598,INV-2026-01439,LND004,2026-08-02,392499,DISBURSED,STANDARD
FIN-0001599,INV-2026-01440,LND011,2026-08-19,4423519,DISBURSED,STANDARD
FIN-0001600,INV-2026-01441,LND004,2026-07-22,3205373,PENDING,PRIORITY
FIN-0001601,INV-2026-01441,LND019,2026-07-27,2981789,APPROVED,PRIORITY
FIN-0001602,INV-2026-01442,LND021,2026-07-26,3505211,PENDING,PRIORITY
FIN-0001603,INV-2026-01443,LND017,2026-06-29,2815181,PENDING,MSME_FAST
FIN-0001604,INV-2026-01444,LND013,2026-07-16,2698209,PENDING,PRIORITY
FIN-0001605,INV-2026-01445,LND010,2026-06-16,2835306,PENDING,MSME_FAST
FIN-0001606,INV-2026-01446,LND006,2026-06-20,2627494,DISBURSED,STANDARD
FIN-0001607,INV-2026-01447,LND007,2026-09-05,910381,DISBURSED,PRIORITY
FIN-0001608,INV-2026-01448,LND006,2026-09-06,1077925,PENDING,STANDARD
FIN-0001609,INV-2026-01449,LND021,2026-06-15,1421791,PENDING,STANDARD
FIN-0001610,INV-2026-01450,LND014,2026-10-01,3782882,DISBURSED,STANDARD
FIN-0001611,INV-2026-01451,LND001,2026-06-25,1267379,PENDING,STANDARD
FIN-0001612,INV-2026-01451,LND013,2026-07-06,1133692,DISBURSED,STANDARD
FIN-0001613,INV-2026-01452,LND019,2026-07-27,2096137,PENDING,PRIORITY
FIN-0001614,INV-2026-01453,LND023,2026-06-28,1059205,PENDING,STANDARD
FIN-0001615,INV-2026-01454,LND003,2026-08-15,358828,APPROVED,MSME_FAST
FIN-0001616,INV-2026-01455,LND011,2026-07-09,990892,DISBURSED,PRIORITY
FIN-0001617,INV-2026-01456,LND020,2026-10-01,1890425,APPROVED,MSME_FAST
FIN-0001618,INV-2026-01457,LND017,2026-09-10,1665996,APPROVED,PRIORITY
FIN-0001619,INV-2026-01458,LND015,2026-09-24,3450572,PENDING,STANDARD
FIN-0001620,INV-2026-01459,LND020,2026-07-24,78590,APPROVED,MSME_FAST
FIN-0001621,INV-2026-01460,LND004,2026-09-28,2610382,APPROVED,MSME_FAST
FIN-0001622,INV-2026-01461,LND013,2026-08-18,3920604,APPROVED,PRIORITY
FIN-0001623,INV-2026-01462,LND025,2026-06-26,390809,APPROVED,MSME_FAST
FIN-0001624,INV-2026-01463,LND004,2026-08-01,1759935,APPROVED,PRIORITY
FIN-0001625,INV-2026-01464,LND014,2026-09-18,3635456,PENDING,STANDARD
FIN-0001626,INV-2026-01465,LND010,2026-06-27,3144880,DISBURSED,STANDARD
FIN-0001627,INV-2026-01466,LND018,2026-07-01,3262835,DISBURSED,PRIORITY
FIN-0001628,INV-2026-01467,LND022,2026-07-13,3702917,PENDING,PRIORITY
FIN-0001629,INV-2026-01468,LND002,2026-07-23,1047176,PENDING,PRIORITY
FIN-0001630,INV-2026-01469,LND020,2026-09-03,2242080,APPROVED,MSME_FAST
FIN-0001631,INV-2026-01470,LND014,2026-06-30,3799139,PENDING,MSME_FAST
FIN-0001632,INV-2026-01471,LND009,2026-08-19,689148,APPROVED,MSME_FAST
FIN-0001633,INV-2026-01472,LND009,2026-06-25,2402099,DISBURSED,PRIORITY
FIN-0001634,INV-2026-01472,LND017,2026-07-02,2886178,PENDING,MSME_FAST
FIN-0001635,INV-2026-01473,LND024,2026-08-30,1372820,DISBURSED,STANDARD
FIN-0001636,INV-2026-01474,LND011,2026-09-16,1096737,PENDING,MSME_FAST
FIN-0001637,INV-2026-01475,LND016,2026-08-14,3576020,DISBURSED,STANDARD
FIN-0001638,INV-2026-01476,LND020,2026-08-03,2599943,APPROVED,PRIORITY
FIN-0001639,INV-2026-01477,LND009,2026-07-23,957779,PENDING,PRIORITY
FIN-0001640,INV-2026-01478,LND022,2026-09-14,2127931,PENDING,PRIORITY
FIN-0001641,INV-2026-01479,LND014,2026-06-20,1125941,APPROVED,MSME_FAST
FIN-0001642,INV-2026-01480,LND012,2026-09-12,177316,DISBURSED,PRIORITY
FIN-0001643,INV-2026-01481,LND015,2026-08-13,663293,PENDING,STANDARD
FIN-0001644,INV-2026-01482,LND018,2026-08-31,3257102,DISBURSED,MSME_FAST
FIN-0001645,INV-2026-01483,LND002,2026-06-19,3204679,PENDING,MSME_FAST
FIN-0001646,INV-2026-01484,LND015,2026-09-05,72986,DISBURSED,MSME_FAST
FIN-0001647,INV-2026-01485,LND021,2026-07-30,1022509,PENDING,PRIORITY
FIN-0001648,INV-2026-01486,LND010,2026-08-05,2013665,APPROVED,PRIORITY
FIN-0001649,INV-2026-01487,LND024,2026-08-01,362433,PENDING,PRIORITY
FIN-0001650,INV-2026-01488,LND019,2026-09-06,1493388,PENDING,PRIORITY
FIN-0001651,INV-2026-01489,LND004,2026-08-13,1508770,DISBURSED,PRIORITY
FIN-0001652,INV-2026-01490,LND023,2026-09-27,2787885,PENDING,STANDARD
FIN-0001653,INV-2026-01491,LND001,2026-06-30,834987,APPROVED,STANDARD
FIN-0001654,INV-2026-01492,LND015,2026-07-17,1862113,DISBURSED,STANDARD
FIN-0001655,INV-2026-01492,LND023,2026-07-13,1824006,APPROVED,STANDARD
FIN-0001656,INV-2026-01493,LND025,2026-09-08,1418694,PENDING,STANDARD
FIN-0001657,INV-2026-01494,LND021,2026-06-29,2145193,PENDING,STANDARD
FIN-0001658,INV-2026-01495,LND016,2026-08-10,2872527,DISBURSED,MSME_FAST
FIN-0001659,INV-2026-01496,LND019,2026-07-30,235676,PENDING,MSME_FAST
FIN-0001660,INV-2026-01497,LND001,2026-09-03,1151526,APPROVED,STANDARD
FIN-0001661,INV-2026-01498,LND002,2026-08-07,549485,PENDING,PRIORITY
FIN-0001662,INV-2026-01499,LND004,2026-08-10,3281773,PENDING,MSME_FAST
FIN-0001663,INV-2026-01500,LND011,2026-07-08,3993606,PENDING,MSME_FAST
FIN-0001664,INV-2026-01500,LND021,2026-07-07,3984189,DISBURSED,MSME_FAST
FIN-0001665,INV-2026-01501,LND018,2026-07-21,1233730,APPROVED,PRIORITY
FIN-0001666,INV-2026-01502,LND022,2026-06-25,1711576,PENDING,MSME_FAST
FIN-0001667,INV-2026-01503,LND018,2026-09-17,2613789,APPROVED,STANDARD
FIN-0001668,INV-2026-01504,LND003,2026-08-20,2738915,PENDING,STANDARD
FIN-0001669,INV-2026-01505,LND008,2026-07-17,1109953,APPROVED,STANDARD
FIN-0001670,INV-2026-01506,LND020,2026-08-03,1332107,PENDING,MSME_FAST
FIN-0001671,INV-2026-01507,LND012,2026-09-01,1846661,DISBURSED,MSME_FAST
FIN-0001672,INV-2026-01508,LND001,2026-06-15,1894300,DISBURSED,MSME_FAST
FIN-0001673,INV-2026-01509,LND021,2026-09-28,3435340,DISBURSED,MSME_FAST
FIN-0001674,INV-2026-01510,LND015,2026-07-07,1725632,DISBURSED,PRIORITY
FIN-0001675,INV-2026-01511,LND004,2026-09-17,2182138,PENDING,PRIORITY
FIN-0001676,INV-2026-01512,LND007,2026-08-10,1620437,APPROVED,STANDARD
FIN-0001677,INV-2026-01513,LND003,2026-08-14,1896637,APPROVED,STANDARD
FIN-0001678,INV-2026-01514,LND023,2026-08-13,3084900,PENDING,MSME_FAST
FIN-0001679,INV-2026-01515,LND005,2026-09-03,2744460,DISBURSED,MSME_FAST
FIN-0001680,INV-2026-01516,LND018,2026-09-21,2165063,PENDING,STANDARD
FIN-0001681,INV-2026-01517,LND013,2026-09-07,791238,PENDING,MSME_FAST
FIN-0001682,INV-2026-01517,LND018,2026-09-09,873310,PENDING,STANDARD
FIN-0001683,INV-2026-01518,LND004,2026-07-18,472226,PENDING,PRIORITY
FIN-0001684,INV-2026-01519,LND014,2026-09-18,3109696,PENDING,STANDARD
FIN-0001685,INV-2026-01520,LND021,2026-08-27,1024851,APPROVED,STANDARD
FIN-0001686,INV-2026-01521,LND007,2026-06-10,2442668,PENDING,PRIORITY
FIN-0001687,INV-2026-01522,LND023,2026-07-08,1787984,PENDING,MSME_FAST
FIN-0001688,INV-2026-01523,LND008,2026-07-17,256756,PENDING,MSME_FAST
FIN-0001689,INV-2026-01524,LND022,2026-09-27,1888981,PENDING,STANDARD
FIN-0001690,INV-2026-01525,LND010,2026-07-31,190823,APPROVED,MSME_FAST
FIN-0001691,INV-2026-01526,LND001,2026-09-24,207739,PENDING,MSME_FAST
FIN-0001692,INV-2026-01527,LND004,2026-08-14,849223,APPROVED,MSME_FAST
FIN-0001693,INV-2026-01528,LND018,2026-10-04,2961690,PENDING,MSME_FAST
FIN-0001694,INV-2026-01529,LND003,2026-08-27,643108,APPROVED,STANDARD
FIN-0001695,INV-2026-01530,LND020,2026-08-05,3483739,PENDING,MSME_FAST
FIN-0001696,INV-2026-01531,LND018,2026-09-27,4136937,PENDING,MSME_FAST
FIN-0001697,INV-2026-01532,LND008,2026-07-27,3957609,PENDING,STANDARD
FIN-0001698,INV-2026-01533,LND003,2026-08-29,3006341,DISBURSED,PRIORITY
FIN-0001699,INV-2026-01534,LND010,2026-09-25,2303292,PENDING,MSME_FAST
FIN-0001700,INV-2026-01535,LND018,2026-08-24,2108322,PENDING,PRIORITY
FIN-0001701,INV-2026-01536,LND022,2026-07-19,390287,APPROVED,MSME_FAST
FIN-0001702,INV-2026-01537,LND002,2026-09-19,3811603,DISBURSED,STANDARD
FIN-0001703,INV-2026-01538,LND010,2026-07-24,2456546,DISBURSED,MSME_FAST
FIN-0001704,INV-2026-01539,LND011,2026-09-15,2727891,PENDING,MSME_FAST
FIN-0001705,INV-2026-01540,LND007,2026-08-12,143139,APPROVED,MSME_FAST
FIN-0001706,INV-2026-01541,LND024,2026-09-16,3466086,DISBURSED,MSME_FAST
FIN-0001707,INV-2026-01542,LND023,2026-08-02,1155247,APPROVED,STANDARD
FIN-0001708,INV-2026-01542,LND004,2026-08-09,1144975,DISBURSED,MSME_FAST
FIN-0001709,INV-2026-01543,LND012,2026-09-25,2285239,PENDING,PRIORITY
FIN-0001710,INV-2026-01544,LND014,2026-09-18,3120905,PENDING,PRIORITY
FIN-0001711,INV-2026-01545,LND003,2026-08-26,2189590,APPROVED,STANDARD
FIN-0001712,INV-2026-01546,LND002,2026-06-07,1009133,PENDING,PRIORITY
FIN-0001713,INV-2026-01547,LND019,2026-09-24,1699329,DISBURSED,PRIORITY
FIN-0001714,INV-2026-01548,LND001,2026-07-21,2453991,APPROVED,STANDARD
FIN-0001715,INV-2026-01549,LND017,2026-08-25,3682419,APPROVED,STANDARD
FIN-0001716,INV-2026-01550,LND020,2026-06-21,1125287,APPROVED,MSME_FAST
FIN-0001717,INV-2026-01551,LND017,2026-08-02,46535,APPROVED,STANDARD
FIN-0001718,INV-2026-01552,LND023,2026-07-14,1842666,DISBURSED,STANDARD
FIN-0001719,INV-2026-01553,LND014,2026-09-09,1060740,PENDING,MSME_FAST
FIN-0001720,INV-2026-01553,LND018,2026-09-11,1081946,PENDING,STANDARD
FIN-0001721,INV-2026-01554,LND003,2026-08-02,2500685,APPROVED,MSME_FAST
FIN-0001722,INV-2026-01555,LND005,2026-09-04,1811489,PENDING,STANDARD
FIN-0001723,INV-2026-01555,LND006,2026-08-28,1937025,APPROVED,MSME_FAST
FIN-0001724,INV-2026-01556,LND011,2026-08-26,3191450,PENDING,PRIORITY
FIN-0001725,INV-2026-01557,LND008,2026-09-25,1641973,PENDING,MSME_FAST
FIN-0001726,INV-2026-01558,LND002,2026-06-02,2392115,PENDING,STANDARD
FIN-0001727,INV-2026-01559,LND016,2026-06-21,2921998,APPROVED,STANDARD
FIN-0001728,INV-2026-01560,LND025,2026-09-26,3194972,APPROVED,PRIORITY
FIN-0001729,INV-2026-01560,LND004,2026-10-02,3065347,APPROVED,PRIORITY
FIN-0001730,INV-2026-01561,LND016,2026-06-05,3486024,APPROVED,STANDARD
FIN-0001731,INV-2026-01562,LND015,2026-06-29,3254944,DISBURSED,STANDARD
FIN-0001732,INV-2026-01563,LND002,2026-09-18,2127815,PENDING,MSME_FAST
FIN-0001733,INV-2026-01564,LND018,2026-09-06,236071,APPROVED,PRIORITY
FIN-0001734,INV-2026-01565,LND008,2026-07-25,3975360,APPROVED,STANDARD
FIN-0001735,INV-2026-01566,LND005,2026-06-13,1869638,PENDING,MSME_FAST
FIN-0001736,INV-2026-01567,LND007,2026-09-07,4162820,DISBURSED,PRIORITY
FIN-0001737,INV-2026-01568,LND012,2026-09-25,2255199,PENDING,STANDARD
FIN-0001738,INV-2026-01569,LND023,2026-06-10,825091,PENDING,MSME_FAST
FIN-0001739,INV-2026-01570,LND021,2026-08-29,1548547,PENDING,PRIORITY
FIN-0001740,INV-2026-01571,LND024,2026-09-29,1039588,PENDING,MSME_FAST
FIN-0001741,INV-2026-01572,LND001,2026-07-10,1809951,DISBURSED,MSME_FAST
FIN-0001742,INV-2026-01573,LND023,2026-08-23,2762208,DISBURSED,MSME_FAST
FIN-0001743,INV-2026-01574,LND012,2026-09-29,3234235,DISBURSED,MSME_FAST
FIN-0001744,INV-2026-01575,LND011,2026-09-22,2113940,PENDING,MSME_FAST
FIN-0001745,INV-2026-01576,LND020,2026-06-30,2436402,APPROVED,PRIORITY
FIN-0001746,INV-2026-01577,LND014,2026-07-11,1146714,APPROVED,MSME_FAST
FIN-0001747,INV-2026-01578,LND008,2026-09-26,3783249,DISBURSED,STANDARD
FIN-0001748,INV-2026-01579,LND021,2026-07-06,375839,APPROVED,STANDARD
FIN-0001749,INV-2026-01580,LND025,2026-10-10,813354,APPROVED,MSME_FAST
FIN-0001750,INV-2026-01581,LND017,2026-06-11,1818337,DISBURSED,STANDARD
FIN-0001751,INV-2026-01582,LND010,2026-07-10,2486023,DISBURSED,STANDARD
FIN-0001752,INV-2026-01583,LND008,2026-09-23,2658323,APPROVED,PRIORITY
FIN-0001753,INV-2026-01584,LND007,2026-09-26,2525671,PENDING,PRIORITY
FIN-0001754,INV-2026-01585,LND003,2026-07-23,807391,DISBURSED,PRIORITY
FIN-0001755,INV-2026-01585,LND002,2026-07-16,810467,APPROVED,STANDARD
FIN-0001756,INV-2026-01586,LND022,2026-10-12,2009434,APPROVED,STANDARD
FIN-0001757,INV-2026-01587,LND025,2026-07-05,881542,DISBURSED,STANDARD
FIN-0001758,INV-2026-01588,LND012,2026-08-24,2699861,APPROVED,PRIORITY
FIN-0001759,INV-2026-01588,LND020,2026-08-28,3298341,PENDING,STANDARD
FIN-0001760,INV-2026-01589,LND022,2026-08-15,2353392,PENDING,PRIORITY
FIN-0001761,INV-2026-01589,LND003,2026-08-15,2523255,DISBURSED,MSME_FAST
FIN-0001762,INV-2026-01590,LND018,2026-06-29,1314258,PENDING,STANDARD
FIN-0001763,INV-2026-01591,LND001,2026-06-25,2766676,APPROVED,MSME_FAST
FIN-0001764,INV-2026-01592,LND023,2026-07-26,114515,PENDING,PRIORITY
FIN-0001765,INV-2026-01593,LND006,2026-08-27,4144532,DISBURSED,PRIORITY
FIN-0001766,INV-2026-01594,LND003,2026-08-25,2516998,PENDING,PRIORITY
FIN-0001767,INV-2026-01595,LND004,2026-07-03,3957730,DISBURSED,PRIORITY
FIN-0001768,INV-2026-01596,LND015,2026-09-29,3497089,PENDING,MSME_FAST
FIN-0001769,INV-2026-01597,LND002,2026-08-01,2962825,PENDING,MSME_FAST
FIN-0001770,INV-2026-01598,LND014,2026-06-21,1925971,PENDING,PRIORITY
FIN-0001771,INV-2026-01599,LND008,2026-09-28,3117853,PENDING,PRIORITY
FIN-0001772,INV-2026-01600,LND006,2026-08-20,1415528,APPROVED,STANDARD
FIN-0001773,INV-2026-01600,LND004,2026-08-29,1218728,APPROVED,STANDARD
FIN-0001774,INV-2026-01601,LND014,2026-07-27,797532,APPROVED,MSME_FAST
FIN-0001775,INV-2026-01602,LND005,2026-07-09,1949605,DISBURSED,STANDARD
FIN-0001776,INV-2026-01603,LND018,2026-06-20,2608949,PENDING,PRIORITY
FIN-0001777,INV-2026-01604,LND023,2026-09-26,1465509,PENDING,PRIORITY
FIN-0001778,INV-2026-01605,LND010,2026-06-21,4140148,APPROVED,PRIORITY
FIN-0001779,INV-2026-01606,LND012,2026-09-14,3269377,APPROVED,PRIORITY
FIN-0001780,INV-2026-01607,LND006,2026-08-02,4045656,DISBURSED,MSME_FAST
FIN-0001781,INV-2026-01608,LND007,2026-09-02,3206015,DISBURSED,STANDARD
FIN-0001782,INV-2026-01609,LND020,2026-09-17,1023652,APPROVED,STANDARD
FIN-0001783,INV-2026-01610,LND014,2026-06-15,1002197,PENDING,STANDARD
FIN-0001784,INV-2026-01611,LND022,2026-08-21,237495,PENDING,STANDARD
FIN-0001785,INV-2026-01612,LND015,2026-08-23,700407,PENDING,PRIORITY
FIN-0001786,INV-2026-01613,LND022,2026-10-07,3431945,APPROVED,PRIORITY
FIN-0001787,INV-2026-01614,LND022,2026-09-30,836798,APPROVED,STANDARD
FIN-0001788,INV-2026-01615,LND021,2026-08-20,1501371,PENDING,PRIORITY
FIN-0001789,INV-2026-01616,LND012,2026-08-08,3079899,APPROVED,PRIORITY
FIN-0001790,INV-2026-01617,LND025,2026-10-01,1758468,PENDING,MSME_FAST
FIN-0001791,INV-2026-01618,LND002,2026-08-03,2075453,APPROVED,PRIORITY
FIN-0001792,INV-2026-01619,LND017,2026-06-10,1502939,PENDING,PRIORITY
FIN-0001793,INV-2026-01620,LND002,2026-06-28,2573794,APPROVED,STANDARD
FIN-0001794,INV-2026-01621,LND019,2026-09-06,1378596,APPROVED,MSME_FAST
FIN-0001795,INV-2026-01622,LND004,2026-07-04,467069,PENDING,STANDARD
FIN-0001796,INV-2026-01623,LND006,2026-06-19,1173986,APPROVED,MSME_FAST
FIN-0001797,INV-2026-01624,LND024,2026-08-27,3640725,APPROVED,PRIORITY
FIN-0001798,INV-2026-01625,LND009,2026-07-11,1409248,PENDING,STANDARD
FIN-0001799,INV-2026-01625,LND018,2026-07-04,1459689,DISBURSED,STANDARD
FIN-0001800,INV-2026-01626,LND013,2026-09-19,1100037,PENDING,STANDARD
FIN-0001801,INV-2026-01627,LND008,2026-07-22,3324627,APPROVED,MSME_FAST
FIN-0001802,INV-2026-01628,LND006,2026-07-28,191473,APPROVED,PRIORITY
FIN-0001803,INV-2026-01629,LND017,2026-06-21,1876875,APPROVED,STANDARD
FIN-0001804,INV-2026-01630,LND007,2026-09-17,547922,APPROVED,STANDARD
FIN-0001805,INV-2026-01631,LND002,2026-10-02,3697435,APPROVED,STANDARD
FIN-0001806,INV-2026-01631,LND022,2026-09-27,3704959,PENDING,MSME_FAST
FIN-0001807,INV-2026-01632,LND015,2026-09-22,1235829,PENDING,MSME_FAST
FIN-0001808,INV-2026-01633,LND021,2026-07-08,1286470,APPROVED,PRIORITY
FIN-0001809,INV-2026-01634,LND009,2026-08-12,2416671,DISBURSED,STANDARD
FIN-0001810,INV-2026-01635,LND013,2026-09-03,592603,DISBURSED,PRIORITY
FIN-0001811,INV-2026-01636,LND024,2026-08-26,2442245,APPROVED,STANDARD
FIN-0001812,INV-2026-01637,LND009,2026-06-12,2414017,APPROVED,MSME_FAST
FIN-0001813,INV-2026-01638,LND024,2026-06-05,1874243,APPROVED,MSME_FAST
FIN-0001814,INV-2026-01639,LND009,2026-10-02,2290577,PENDING,STANDARD
FIN-0001815,INV-2026-01640,LND008,2026-08-28,1623438,DISBURSED,PRIORITY
FIN-0001816,INV-2026-01641,LND019,2026-09-03,216240,DISBURSED,PRIORITY
FIN-0001817,INV-2026-01641,LND004,2026-09-02,181469,PENDING,PRIORITY
FIN-0001818,INV-2026-01642,LND010,2026-09-11,1121332,DISBURSED,PRIORITY
FIN-0001819,INV-2026-01642,LND001,2026-09-21,980628,DISBURSED,PRIORITY
FIN-0001820,INV-2026-01643,LND017,2026-08-19,3318821,DISBURSED,PRIORITY
FIN-0001821,INV-2026-01644,LND018,2026-09-08,158602,APPROVED,PRIORITY
FIN-0001822,INV-2026-01645,LND022,2026-07-25,2846765,DISBURSED,STANDARD
FIN-0001823,INV-2026-01645,LND012,2026-07-21,2665618,PENDING,PRIORITY
FIN-0001824,INV-2026-01646,LND016,2026-07-13,2614772,DISBURSED,STANDARD
FIN-0001825,INV-2026-01647,LND012,2026-09-15,1417751,APPROVED,STANDARD
FIN-0001826,INV-2026-01648,LND002,2026-06-20,1300876,DISBURSED,PRIORITY
FIN-0001827,INV-2026-01649,LND005,2026-08-06,162692,APPROVED,PRIORITY
FIN-0001828,INV-2026-01650,LND011,2026-06-11,3399113,PENDING,PRIORITY
FIN-0001829,INV-2026-01651,LND009,2026-08-26,883600,PENDING,PRIORITY
FIN-0001830,INV-2026-01652,LND011,2026-09-21,2067240,APPROVED,STANDARD
FIN-0001831,INV-2026-01653,LND014,2026-09-19,1027017,DISBURSED,STANDARD
FIN-0001832,INV-2026-01654,LND008,2026-07-18,3410815,APPROVED,PRIORITY
FIN-0001833,INV-2026-01655,LND006,2026-07-05,2938660,DISBURSED,PRIORITY
FIN-0001834,INV-2026-01656,LND010,2026-06-15,2707448,PENDING,STANDARD
FIN-0001835,INV-2026-01657,LND012,2026-06-04,1118982,PENDING,STANDARD
FIN-0001836,INV-2026-01657,LND007,2026-06-15,1026436,DISBURSED,PRIORITY
FIN-0001837,INV-2026-01658,LND008,2026-08-06,90087,APPROVED,STANDARD
FIN-0001838,INV-2026-01658,LND004,2026-07-31,95376,PENDING,STANDARD
FIN-0001839,INV-2026-01659,LND001,2026-08-07,1775544,DISBURSED,STANDARD
FIN-0001840,INV-2026-01660,LND013,2026-10-01,912474,PENDING,STANDARD
FIN-0001841,INV-2026-01661,LND005,2026-07-30,1705017,DISBURSED,STANDARD
FIN-0001842,INV-2026-01662,LND005,2026-08-19,1670982,DISBURSED,STANDARD
FIN-0001843,INV-2026-01663,LND020,2026-06-18,2455816,DISBURSED,PRIORITY
FIN-0001844,INV-2026-01664,LND023,2026-07-22,3972684,PENDING,STANDARD
FIN-0001845,INV-2026-01665,LND005,2026-09-11,914000,APPROVED,PRIORITY
FIN-0001846,INV-2026-01666,LND022,2026-06-28,148875,APPROVED,STANDARD
FIN-0001847,INV-2026-01667,LND013,2026-06-28,68953,PENDING,PRIORITY
FIN-0001848,INV-2026-01668,LND018,2026-07-26,394604,DISBURSED,PRIORITY
FIN-0001849,INV-2026-01669,LND012,2026-09-29,2910119,DISBURSED,STANDARD
FIN-0001850,INV-2026-01670,LND009,2026-10-05,3438848,PENDING,PRIORITY
FIN-0001851,INV-2026-01671,LND011,2026-08-24,102923,DISBURSED,PRIORITY
FIN-0001852,INV-2026-01672,LND008,2026-06-26,4396686,PENDING,STANDARD
FIN-0001853,INV-2026-01673,LND001,2026-06-26,202486,PENDING,MSME_FAST
FIN-0001854,INV-2026-01674,LND020,2026-06-29,2304350,PENDING,PRIORITY
FIN-0001855,INV-2026-01675,LND005,2026-08-11,3927508,APPROVED,PRIORITY
FIN-0001856,INV-2026-01675,LND004,2026-08-07,3605610,PENDING,MSME_FAST
FIN-0001857,INV-2026-01676,LND007,2026-08-02,1111920,PENDING,STANDARD
FIN-0001858,INV-2026-01677,LND012,2026-06-21,2531469,PENDING,STANDARD
FIN-0001859,INV-2026-01678,LND014,2026-09-29,3148587,PENDING,PRIORITY
FIN-0001860,INV-2026-01679,LND022,2026-08-26,1842965,DISBURSED,STANDARD
FIN-0001861,INV-2026-01680,LND017,2026-08-26,3871963,APPROVED,MSME_FAST
FIN-0001862,INV-2026-01681,LND005,2026-08-20,1400719,PENDING,MSME_FAST
FIN-0001863,INV-2026-01682,LND020,2026-06-22,4133528,PENDING,MSME_FAST
FIN-0001864,INV-2026-01683,LND005,2026-07-19,1260341,APPROVED,MSME_FAST
FIN-0001865,INV-2026-01684,LND009,2026-09-20,995286,PENDING,PRIORITY
FIN-0001866,INV-2026-01685,LND003,2026-08-18,882894,DISBURSED,MSME_FAST
FIN-0001867,INV-2026-01686,LND018,2026-06-02,2403915,DISBURSED,STANDARD
FIN-0001868,INV-2026-01687,LND014,2026-09-26,2769356,PENDING,PRIORITY
FIN-0001869,INV-2026-01688,LND012,2026-06-10,2998724,PENDING,MSME_FAST
FIN-0001870,INV-2026-01689,LND002,2026-10-03,2850791,APPROVED,PRIORITY
FIN-0001871,INV-2026-01690,LND019,2026-07-17,428622,APPROVED,STANDARD
FIN-0001872,INV-2026-01690,LND003,2026-07-22,404394,APPROVED,STANDARD
FIN-0001873,INV-2026-01691,LND007,2026-09-05,1456766,DISBURSED,MSME_FAST
FIN-0001874,INV-2026-01692,LND011,2026-08-03,697983,DISBURSED,STANDARD
FIN-0001875,INV-2026-01693,LND020,2026-07-28,391070,PENDING,PRIORITY
FIN-0001876,INV-2026-01694,LND009,2026-07-14,1268952,PENDING,PRIORITY
FIN-0001877,INV-2026-01695,LND020,2026-07-22,2057439,DISBURSED,STANDARD
FIN-0001878,INV-2026-01696,LND016,2026-07-13,2594479,APPROVED,STANDARD
FIN-0001879,INV-2026-01697,LND018,2026-09-07,2046124,APPROVED,MSME_FAST
FIN-0001880,INV-2026-01698,LND019,2026-06-29,3045198,DISBURSED,STANDARD
FIN-0001881,INV-2026-01699,LND001,2026-08-21,4222156,PENDING,MSME_FAST
FIN-0001882,INV-2026-01699,LND022,2026-08-09,4068879,DISBURSED,MSME_FAST
FIN-0001883,INV-2026-01700,LND017,2026-08-26,2802672,DISBURSED,PRIORITY
FIN-0001884,INV-2026-01701,LND018,2026-08-24,856698,DISBURSED,PRIORITY
FIN-0001885,INV-2026-01702,LND025,2026-07-18,3134070,PENDING,MSME_FAST
FIN-0001886,INV-2026-01703,LND003,2026-08-31,2693190,PENDING,STANDARD
FIN-0001887,INV-2026-01704,LND007,2026-09-19,1713234,APPROVED,MSME_FAST
FIN-0001888,INV-2026-01705,LND023,2026-08-11,685870,DISBURSED,MSME_FAST
FIN-0001889,INV-2026-01706,LND013,2026-08-16,639650,PENDING,PRIORITY
FIN-0001890,INV-2026-01707,LND003,2026-08-07,2968793,PENDING,PRIORITY
FIN-0001891,INV-2026-01708,LND017,2026-09-11,986685,DISBURSED,PRIORITY
FIN-0001892,INV-2026-01709,LND009,2026-09-19,3672983,APPROVED,MSME_FAST
FIN-0001893,INV-2026-01710,LND004,2026-09-27,3604933,DISBURSED,STANDARD
FIN-0001894,INV-2026-01711,LND005,2026-09-28,2517944,PENDING,PRIORITY
FIN-0001895,INV-2026-01712,LND002,2026-07-13,1270063,DISBURSED,STANDARD
FIN-0001896,INV-2026-01713,LND021,2026-07-13,962606,APPROVED,PRIORITY
FIN-0001897,INV-2026-01714,LND003,2026-09-08,1709919,APPROVED,PRIORITY
FIN-0001898,INV-2026-01715,LND004,2026-06-16,43965,DISBURSED,STANDARD
FIN-0001899,INV-2026-01716,LND025,2026-08-16,1176184,DISBURSED,MSME_FAST
FIN-0001900,INV-2026-01717,LND013,2026-08-16,1897196,PENDING,MSME_FAST
FIN-0001901,INV-2026-01718,LND014,2026-09-12,107255,DISBURSED,MSME_FAST
FIN-0001902,INV-2026-01719,LND024,2026-09-24,2289661,PENDING,STANDARD
FIN-0001903,INV-2026-01720,LND008,2026-06-14,2486507,DISBURSED,PRIORITY
FIN-0001904,INV-2026-01720,LND006,2026-06-14,2625203,PENDING,STANDARD
FIN-0001905,INV-2026-01721,LND013,2026-06-28,510417,DISBURSED,MSME_FAST
FIN-0001906,INV-2026-01722,LND021,2026-09-10,2707181,PENDING,STANDARD
FIN-0001907,INV-2026-01723,LND019,2026-09-14,1135399,APPROVED,MSME_FAST
FIN-0001908,INV-2026-01724,LND010,2026-08-16,848763,PENDING,PRIORITY
FIN-0001909,INV-2026-01725,LND021,2026-07-30,509615,DISBURSED,PRIORITY
FIN-0001910,INV-2026-01726,LND006,2026-06-13,3340284,DISBURSED,MSME_FAST
FIN-0001911,INV-2026-01727,LND013,2026-07-11,393873,APPROVED,MSME_FAST
FIN-0001912,INV-2026-01727,LND023,2026-07-08,345360,DISBURSED,STANDARD
FIN-0001913,INV-2026-01728,LND009,2026-06-30,2195701,DISBURSED,MSME_FAST
FIN-0001914,INV-2026-01729,LND021,2026-09-03,264130,PENDING,MSME_FAST
FIN-0001915,INV-2026-01730,LND018,2026-06-26,426934,DISBURSED,PRIORITY
FIN-0001916,INV-2026-01731,LND020,2026-08-08,2716522,DISBURSED,MSME_FAST
FIN-0001917,INV-2026-01732,LND023,2026-06-19,2588665,PENDING,MSME_FAST
FIN-0001918,INV-2026-01733,LND021,2026-09-15,2804264,DISBURSED,STANDARD
FIN-0001919,INV-2026-01734,LND010,2026-07-10,3014710,APPROVED,PRIORITY
FIN-0001920,INV-2026-01735,LND024,2026-08-04,1755808,DISBURSED,STANDARD
FIN-0001921,INV-2026-01736,LND016,2026-08-19,2269114,APPROVED,STANDARD
FIN-0001922,INV-2026-01737,LND020,2026-09-28,3578278,APPROVED,STANDARD
FIN-0001923,INV-2026-01738,LND011,2026-09-13,2990085,APPROVED,MSME_FAST
FIN-0001924,INV-2026-01739,LND014,2026-08-31,1603399,APPROVED,MSME_FAST
FIN-0001925,INV-2026-01740,LND020,2026-09-13,1883398,DISBURSED,MSME_FAST
FIN-0001926,INV-2026-01741,LND025,2026-06-29,1293478,PENDING,PRIORITY
FIN-0001927,INV-2026-01742,LND017,2026-06-24,822639,PENDING,PRIORITY
FIN-0001928,INV-2026-01743,LND010,2026-06-29,788876,APPROVED,PRIORITY
FIN-0001929,INV-2026-01744,LND021,2026-09-18,3451593,DISBURSED,MSME_FAST
FIN-0001930,INV-2026-01745,LND011,2026-08-21,1964642,APPROVED,PRIORITY
FIN-0001931,INV-2026-01746,LND003,2026-07-08,564709,DISBURSED,PRIORITY
FIN-0001932,INV-2026-01747,LND013,2026-07-03,1225780,APPROVED,PRIORITY
FIN-0001933,INV-2026-01748,LND023,2026-10-14,1951924,DISBURSED,STANDARD
FIN-0001934,INV-2026-01749,LND008,2026-07-18,1040695,PENDING,STANDARD
FIN-0001935,INV-2026-01750,LND021,2026-06-09,2994138,APPROVED,PRIORITY
FIN-0001936,INV-2026-01751,LND012,2026-08-24,3786460,PENDING,PRIORITY
FIN-0001937,INV-2026-01752,LND017,2026-06-21,1929766,PENDING,MSME_FAST
FIN-0001938,INV-2026-01753,LND009,2026-09-15,546374,APPROVED,MSME_FAST
FIN-0001939,INV-2026-01754,LND008,2026-07-22,2760202,DISBURSED,MSME_FAST
FIN-0001940,INV-2026-01755,LND005,2026-09-28,3825736,DISBURSED,STANDARD
FIN-0001941,INV-2026-01756,LND006,2026-08-07,1999836,DISBURSED,MSME_FAST
FIN-0001942,INV-2026-01757,LND017,2026-09-12,3488364,DISBURSED,MSME_FAST
FIN-0001943,INV-2026-01758,LND011,2026-09-27,71193,DISBURSED,STANDARD
FIN-0001944,INV-2026-01759,LND008,2026-06-13,870086,PENDING,PRIORITY
FIN-0001945,INV-2026-01760,LND012,2026-08-05,2777847,PENDING,MSME_FAST
FIN-0001946,INV-2026-01760,LND021,2026-08-06,2437851,DISBURSED,STANDARD
FIN-0001947,INV-2026-01761,LND024,2026-10-05,2308183,APPROVED,PRIORITY
FIN-0001948,INV-2026-01762,LND018,2026-07-11,2845859,PENDING,PRIORITY
FIN-0001949,INV-2026-01763,LND002,2026-07-13,2860059,PENDING,PRIORITY
FIN-0001950,INV-2026-01764,LND013,2026-07-22,3268447,DISBURSED,PRIORITY
FIN-0001951,INV-2026-01765,LND002,2026-06-05,1771180,PENDING,PRIORITY
FIN-0001952,INV-2026-01766,LND006,2026-08-17,2165453,APPROVED,MSME_FAST
FIN-0001953,INV-2026-01767,LND014,2026-09-10,1926082,PENDING,MSME_FAST
FIN-0001954,INV-2026-01768,LND013,2026-07-06,2256660,APPROVED,PRIORITY
FIN-0001955,INV-2026-01769,LND025,2026-09-25,1586678,APPROVED,STANDARD
FIN-0001956,INV-2026-01770,LND019,2026-08-18,4305906,PENDING,MSME_FAST
FIN-0001957,INV-2026-01771,LND023,2026-07-02,1299237,DISBURSED,MSME_FAST
FIN-0001958,INV-2026-01772,LND008,2026-09-25,1460443,PENDING,PRIORITY
FIN-0001959,INV-2026-01773,LND025,2026-08-10,480270,DISBURSED,STANDARD
FIN-0001960,INV-2026-01774,LND022,2026-09-20,1898035,DISBURSED,STANDARD
FIN-0001961,INV-2026-01775,LND006,2026-06-21,2449615,APPROVED,PRIORITY
FIN-0001962,INV-2026-01776,LND018,2026-08-22,366864,APPROVED,MSME_FAST
FIN-0001963,INV-2026-01777,LND024,2026-09-17,1892921,PENDING,MSME_FAST
FIN-0001964,INV-2026-01778,LND013,2026-08-27,121139,PENDING,MSME_FAST
FIN-0001965,INV-2026-01779,LND005,2026-08-27,3392575,PENDING,STANDARD
FIN-0001966,INV-2026-01779,LND007,2026-08-31,2915558,PENDING,STANDARD
FIN-0001967,INV-2026-01780,LND019,2026-09-24,958835,DISBURSED,STANDARD
FIN-0001968,INV-2026-01781,LND015,2026-07-03,765493,DISBURSED,MSME_FAST
FIN-0001969,INV-2026-01782,LND005,2026-07-11,132707,APPROVED,MSME_FAST
FIN-0001970,INV-2026-01783,LND024,2026-09-09,2229034,DISBURSED,MSME_FAST
FIN-0001971,INV-2026-01784,LND010,2026-07-20,3487203,APPROVED,PRIORITY
FIN-0001972,INV-2026-01785,LND006,2026-07-03,4076499,PENDING,STANDARD
FIN-0001973,INV-2026-01786,LND001,2026-06-09,3252479,DISBURSED,MSME_FAST
FIN-0001974,INV-2026-01787,LND015,2026-07-19,1818205,DISBURSED,STANDARD
FIN-0001975,INV-2026-01788,LND017,2026-07-24,638360,APPROVED,PRIORITY
FIN-0001976,INV-2026-01789,LND005,2026-08-04,151749,APPROVED,MSME_FAST
FIN-0001977,INV-2026-01790,LND020,2026-06-25,1698512,APPROVED,PRIORITY
FIN-0001978,INV-2026-01791,LND009,2026-08-04,3833277,PENDING,STANDARD
FIN-0001979,INV-2026-01792,LND015,2026-08-28,778850,APPROVED,STANDARD
FIN-0001980,INV-2026-01793,LND024,2026-09-26,1951488,DISBURSED,PRIORITY
FIN-0001981,INV-2026-01794,LND020,2026-09-24,893949,PENDING,MSME_FAST
FIN-0001982,INV-2026-01795,LND025,2026-08-29,2898712,APPROVED,MSME_FAST
FIN-0001983,INV-2026-01796,LND004,2026-08-29,1698034,APPROVED,MSME_FAST
FIN-0001984,INV-2026-01797,LND007,2026-09-13,2337509,DISBURSED,STANDARD
FIN-0001985,INV-2026-01797,LND009,2026-09-16,2163173,APPROVED,MSME_FAST
FIN-0001986,INV-2026-01798,LND011,2026-08-06,1002275,APPROVED,PRIORITY
FIN-0001987,INV-2026-01799,LND003,2026-07-08,3226075,APPROVED,MSME_FAST
FIN-0001988,INV-2026-01799,LND005,2026-07-05,3775911,APPROVED,PRIORITY
FIN-0001989,INV-2026-01800,LND013,2026-07-22,56301,APPROVED,STANDARD
FIN-0001990,INV-2026-01801,LND021,2026-07-20,672990,DISBURSED,STANDARD
FIN-0001991,INV-2026-01802,LND004,2026-08-07,700792,APPROVED,MSME_FAST
FIN-0001992,INV-2026-01803,LND020,2026-09-15,2462221,APPROVED,PRIORITY
FIN-0001993,INV-2026-01803,LND014,2026-09-19,2644858,DISBURSED,PRIORITY
FIN-0001994,INV-2026-01804,LND021,2026-08-22,2570203,APPROVED,MSME_FAST
FIN-0001995,INV-2026-01805,LND002,2026-09-08,3336744,APPROVED,MSME_FAST
FIN-0001996,INV-2026-01806,LND012,2026-08-19,2997531,DISBURSED,PRIORITY
FIN-0001997,INV-2026-01807,LND023,2026-06-22,4246843,DISBURSED,MSME_FAST
FIN-0001998,INV-2026-01807,LND021,2026-06-10,3911074,DISBURSED,STANDARD
FIN-0001999,INV-2026-01808,LND005,2026-10-04,1897605,PENDING,STANDARD
FIN-0002000,INV-2026-01809,LND018,2026-09-25,1687922,APPROVED,STANDARD
FIN-0002001,INV-2026-01810,LND008,2026-06-25,1766740,PENDING,PRIORITY
FIN-0002002,INV-2026-01811,LND021,2026-08-13,4115975,PENDING,MSME_FAST
FIN-0002003,INV-2026-01812,LND005,2026-09-23,265859,PENDING,STANDARD
FIN-0002004,INV-2026-01813,LND008,2026-07-31,459123,APPROVED,STANDARD
FIN-0002005,INV-2026-01814,LND020,2026-08-14,3618794,APPROVED,STANDARD
FIN-0002006,INV-2026-01815,LND002,2026-06-23,2879257,PENDING,STANDARD
FIN-0002007,INV-2026-01816,LND018,2026-08-16,1750152,DISBURSED,STANDARD
FIN-0002008,INV-2026-01816,LND024,2026-08-21,1611578,APPROVED,MSME_FAST
FIN-0002009,INV-2026-01817,LND011,2026-06-12,1063233,PENDING,PRIORITY
FIN-0002010,INV-2026-01818,LND006,2026-08-03,3530787,PENDING,STANDARD
FIN-0002011,INV-2026-01819,LND025,2026-06-05,3604124,PENDING,STANDARD
FIN-0002012,INV-2026-01820,LND021,2026-06-13,3883529,DISBURSED,MSME_FAST
FIN-0002013,INV-2026-01821,LND016,2026-08-30,3277943,DISBURSED,STANDARD
FIN-0002014,INV-2026-01822,LND013,2026-08-19,690566,APPROVED,MSME_FAST
FIN-0002015,INV-2026-01823,LND004,2026-06-04,3201903,PENDING,PRIORITY
FIN-0002016,INV-2026-01824,LND008,2026-06-20,4010831,APPROVED,PRIORITY
FIN-0002017,INV-2026-01824,LND011,2026-06-08,4254230,PENDING,PRIORITY
FIN-0002018,INV-2026-01825,LND008,2026-08-01,1536389,DISBURSED,PRIORITY
FIN-0002019,INV-2026-01825,LND009,2026-08-01,1522918,PENDING,MSME_FAST
FIN-0002020,INV-2026-01826,LND005,2026-08-25,3841917,APPROVED,MSME_FAST
FIN-0002021,INV-2026-01827,LND013,2026-09-03,3004355,APPROVED,PRIORITY
FIN-0002022,INV-2026-01828,LND015,2026-10-01,3286514,PENDING,STANDARD
FIN-0002023,INV-2026-01829,LND021,2026-08-05,2464005,PENDING,MSME_FAST
FIN-0002024,INV-2026-01830,LND013,2026-09-11,3165775,DISBURSED,PRIORITY
FIN-0002025,INV-2026-01831,LND014,2026-06-08,2615114,DISBURSED,PRIORITY
FIN-0002026,INV-2026-01832,LND003,2026-09-17,1198160,APPROVED,PRIORITY
FIN-0002027,INV-2026-01833,LND005,2026-08-28,352625,DISBURSED,PRIORITY
FIN-0002028,INV-2026-01834,LND021,2026-06-30,2250449,DISBURSED,MSME_FAST
FIN-0002029,INV-2026-01835,LND018,2026-08-20,1359408,APPROVED,STANDARD
FIN-0002030,INV-2026-01836,LND012,2026-07-18,1935616,PENDING,STANDARD
FIN-0002031,INV-2026-01837,LND021,2026-10-05,2225669,APPROVED,PRIORITY
FIN-0002032,INV-2026-01838,LND009,2026-09-05,748467,PENDING,PRIORITY
FIN-0002033,INV-2026-01839,LND007,2026-06-29,354488,PENDING,STANDARD
FIN-0002034,INV-2026-01840,LND015,2026-09-27,2689768,PENDING,MSME_FAST
FIN-0002035,INV-2026-01841,LND005,2026-09-21,2620042,PENDING,MSME_FAST
FIN-0002036,INV-2026-01842,LND014,2026-07-15,1043472,APPROVED,STANDARD
FIN-0002037,INV-2026-01843,LND019,2026-07-29,2208991,PENDING,STANDARD
FIN-0002038,INV-2026-01844,LND014,2026-09-26,3569387,PENDING,PRIORITY
FIN-0002039,INV-2026-01845,LND001,2026-09-04,3133462,APPROVED,MSME_FAST
FIN-0002040,INV-2026-01846,LND015,2026-10-14,1602986,APPROVED,STANDARD
FIN-0002041,INV-2026-01847,LND002,2026-08-07,2895947,PENDING,MSME_FAST
FIN-0002042,INV-2026-01848,LND017,2026-07-27,3321793,DISBURSED,STANDARD
FIN-0002043,INV-2026-01849,LND013,2026-09-01,933034,PENDING,MSME_FAST
FIN-0002044,INV-2026-01850,LND010,2026-09-14,4107034,PENDING,MSME_FAST
FIN-0002045,INV-2026-01851,LND001,2026-07-24,607153,DISBURSED,STANDARD
FIN-0002046,INV-2026-01852,LND002,2026-09-15,1089531,DISBURSED,STANDARD
FIN-0002047,INV-2026-01853,LND015,2026-09-24,2399592,PENDING,PRIORITY
FIN-0002048,INV-2026-01854,LND006,2026-08-11,1913913,PENDING,MSME_FAST
FIN-0002049,INV-2026-01855,LND025,2026-08-05,195771,DISBURSED,STANDARD
FIN-0002050,INV-2026-01855,LND018,2026-08-01,186846,APPROVED,MSME_FAST
FIN-0002051,INV-2026-01856,LND010,2026-09-06,3429557,DISBURSED,STANDARD
FIN-0002052,INV-2026-01856,LND003,2026-09-03,3408128,PENDING,STANDARD
FIN-0002053,INV-2026-01857,LND007,2026-09-11,2277630,APPROVED,STANDARD
FIN-0002054,INV-2026-01858,LND010,2026-07-05,3274810,DISBURSED,STANDARD
FIN-0002055,INV-2026-01859,LND006,2026-06-11,2317702,DISBURSED,PRIORITY
FIN-0002056,INV-2026-01860,LND001,2026-07-22,623955,APPROVED,MSME_FAST
FIN-0002057,INV-2026-01861,LND003,2026-09-10,1569605,APPROVED,PRIORITY
FIN-0002058,INV-2026-01862,LND002,2026-09-12,2692512,DISBURSED,MSME_FAST
FIN-0002059,INV-2026-01863,LND023,2026-07-01,4126904,APPROVED,PRIORITY
FIN-0002060,INV-2026-01864,LND010,2026-08-27,898741,DISBURSED,MSME_FAST
FIN-0002061,INV-2026-01865,LND021,2026-07-01,1719380,APPROVED,MSME_FAST
FIN-0002062,INV-2026-01866,LND022,2026-10-11,2308919,PENDING,STANDARD
FIN-0002063,INV-2026-01867,LND024,2026-09-05,2501109,APPROVED,MSME_FAST
FIN-0002064,INV-2026-01868,LND008,2026-07-22,3012174,PENDING,MSME_FAST
FIN-0002065,INV-2026-01869,LND019,2026-07-28,2694359,PENDING,PRIORITY
FIN-0002066,INV-2026-01870,LND009,2026-09-18,1842093,PENDING,MSME_FAST
FIN-0002067,INV-2026-01871,LND012,2026-06-24,267435,DISBURSED,STANDARD
FIN-0002068,INV-2026-01872,LND021,2026-08-22,1887827,APPROVED,MSME_FAST
FIN-0002069,INV-2026-01873,LND004,2026-08-19,2904560,DISBURSED,MSME_FAST
FIN-0002070,INV-2026-01874,LND015,2026-06-16,159767,PENDING,STANDARD
FIN-0002071,INV-2026-01875,LND001,2026-06-21,2296018,DISBURSED,MSME_FAST
FIN-0002072,INV-2026-01876,LND025,2026-06-15,2043630,PENDING,STANDARD
FIN-0002073,INV-2026-01877,LND006,2026-06-11,2305903,DISBURSED,MSME_FAST
FIN-0002074,INV-2026-01878,LND010,2026-09-23,2913363,APPROVED,STANDARD
FIN-0002075,INV-2026-01879,LND006,2026-08-13,825151,DISBURSED,MSME_FAST
FIN-0002076,INV-2026-01880,LND014,2026-07-11,2412439,DISBURSED,STANDARD
FIN-0002077,INV-2026-01881,LND006,2026-09-04,2200955,DISBURSED,PRIORITY
FIN-0002078,INV-2026-01882,LND008,2026-09-16,3416732,APPROVED,PRIORITY
FIN-0002079,INV-2026-01883,LND024,2026-07-19,2608464,DISBURSED,MSME_FAST
FIN-0002080,INV-2026-01884,LND017,2026-06-09,348954,APPROVED,MSME_FAST
FIN-0002081,INV-2026-01885,LND008,2026-09-06,1103302,APPROVED,STANDARD
FIN-0002082,INV-2026-01886,LND008,2026-09-16,1337607,PENDING,MSME_FAST
FIN-0002083,INV-2026-01886,LND013,2026-09-24,1465940,DISBURSED,MSME_FAST
FIN-0002084,INV-2026-01887,LND020,2026-09-28,1796101,DISBURSED,STANDARD
FIN-0002085,INV-2026-01888,LND002,2026-07-01,3720710,APPROVED,MSME_FAST
FIN-0002086,INV-2026-01889,LND010,2026-06-21,1497282,APPROVED,STANDARD
FIN-0002087,INV-2026-01890,LND022,2026-08-02,549841,DISBURSED,MSME_FAST
FIN-0002088,INV-2026-01891,LND012,2026-07-19,948979,DISBURSED,PRIORITY
FIN-0002089,INV-2026-01892,LND025,2026-08-08,3982474,DISBURSED,PRIORITY
FIN-0002090,INV-2026-01893,LND022,2026-09-25,877730,APPROVED,MSME_FAST
FIN-0002091,INV-2026-01894,LND009,2026-07-08,1983648,PENDING,STANDARD
FIN-0002092,INV-2026-01895,LND023,2026-08-14,604100,DISBURSED,PRIORITY
FIN-0002093,INV-2026-01896,LND020,2026-08-15,2310776,DISBURSED,STANDARD
FIN-0002094,INV-2026-01897,LND013,2026-08-14,3661243,PENDING,MSME_FAST
FIN-0002095,INV-2026-01898,LND022,2026-07-20,601275,PENDING,STANDARD
FIN-0002096,INV-2026-01899,LND015,2026-08-22,3558705,APPROVED,MSME_FAST
FIN-0002097,INV-2026-01900,LND013,2026-08-07,123237,APPROVED,PRIORITY
FIN-0002098,INV-2026-01901,LND012,2026-08-27,2830473,DISBURSED,STANDARD
FIN-0002099,INV-2026-01902,LND001,2026-09-22,3091837,PENDING,MSME_FAST
FIN-0002100,INV-2026-01903,LND017,2026-06-30,60533,PENDING,STANDARD
FIN-0002101,INV-2026-01904,LND005,2026-10-03,1826492,PENDING,STANDARD
FIN-0002102,INV-2026-01905,LND015,2026-06-07,1276273,DISBURSED,MSME_FAST
FIN-0002103,INV-2026-01906,LND003,2026-07-02,362222,DISBURSED,PRIORITY
FIN-0002104,INV-2026-01907,LND006,2026-10-02,2419287,APPROVED,PRIORITY
FIN-0002105,INV-2026-01908,LND025,2026-06-29,1057816,DISBURSED,STANDARD
FIN-0002106,INV-2026-01909,LND009,2026-06-11,1075835,APPROVED,PRIORITY
FIN-0002107,INV-2026-01909,LND015,2026-06-07,1094692,PENDING,PRIORITY
FIN-0002108,INV-2026-01910,LND023,2026-06-23,1968946,PENDING,STANDARD
FIN-0002109,INV-2026-01911,LND021,2026-06-18,1084340,PENDING,MSME_FAST
FIN-0002110,INV-2026-01912,LND009,2026-07-05,1773219,PENDING,MSME_FAST
FIN-0002111,INV-2026-01913,LND022,2026-06-08,1773430,DISBURSED,MSME_FAST
FIN-0002112,INV-2026-01914,LND002,2026-06-27,1002720,PENDING,PRIORITY
FIN-0002113,INV-2026-01915,LND009,2026-06-16,226021,DISBURSED,PRIORITY
FIN-0002114,INV-2026-01916,LND020,2026-07-09,1560998,PENDING,MSME_FAST
FIN-0002115,INV-2026-01917,LND022,2026-07-05,1354148,PENDING,MSME_FAST
FIN-0002116,INV-2026-01918,LND020,2026-09-11,870260,APPROVED,STANDARD
FIN-0002117,INV-2026-01919,LND025,2026-07-27,1794463,PENDING,MSME_FAST
FIN-0002118,INV-2026-01920,LND018,2026-07-17,1326128,PENDING,STANDARD
FIN-0002119,INV-2026-01921,LND013,2026-08-19,2084442,APPROVED,PRIORITY
FIN-0002120,INV-2026-01921,LND014,2026-08-25,1829944,PENDING,STANDARD
FIN-0002121,INV-2026-01922,LND015,2026-08-17,4201286,PENDING,STANDARD
FIN-0002122,INV-2026-01923,LND022,2026-09-11,440271,PENDING,STANDARD
FIN-0002123,INV-2026-01923,LND019,2026-09-06,418708,APPROVED,STANDARD
FIN-0002124,INV-2026-01924,LND025,2026-08-28,2797257,DISBURSED,STANDARD
FIN-0002125,INV-2026-01925,LND017,2026-06-25,2371199,PENDING,STANDARD
FIN-0002126,INV-2026-01926,LND014,2026-07-15,702425,DISBURSED,MSME_FAST
FIN-0002127,INV-2026-01927,LND010,2026-08-14,2184923,PENDING,MSME_FAST
FIN-0002128,INV-2026-01928,LND024,2026-07-06,2403605,DISBURSED,STANDARD
FIN-0002129,INV-2026-01929,LND022,2026-06-18,3050753,DISBURSED,STANDARD
FIN-0002130,INV-2026-01930,LND009,2026-09-20,2796744,DISBURSED,PRIORITY
FIN-0002131,INV-2026-01931,LND003,2026-09-09,3420164,APPROVED,MSME_FAST
FIN-0002132,INV-2026-01932,LND025,2026-10-01,2029243,DISBURSED,STANDARD
FIN-0002133,INV-2026-01933,LND025,2026-07-23,1442639,DISBURSED,PRIORITY
FIN-0002134,INV-2026-01934,LND013,2026-06-27,2602001,APPROVED,PRIORITY
FIN-0002135,INV-2026-01935,LND017,2026-10-05,1518925,DISBURSED,STANDARD
FIN-0002136,INV-2026-01936,LND017,2026-07-24,629801,APPROVED,MSME_FAST
FIN-0002137,INV-2026-01937,LND009,2026-07-08,2736125,DISBURSED,STANDARD
FIN-0002138,INV-2026-01938,LND018,2026-07-25,1745064,APPROVED,PRIORITY
FIN-0002139,INV-2026-01939,LND025,2026-06-18,3439406,PENDING,PRIORITY
FIN-0002140,INV-2026-01940,LND007,2026-07-04,3693553,PENDING,STANDARD
FIN-0002141,INV-2026-01941,LND007,2026-08-19,1618845,DISBURSED,STANDARD
FIN-0002142,INV-2026-01942,LND002,2026-08-26,1496263,DISBURSED,MSME_FAST
FIN-0002143,INV-2026-01943,LND014,2026-08-24,3000037,DISBURSED,PRIORITY
FIN-0002144,INV-2026-01944,LND012,2026-06-14,1504770,APPROVED,PRIORITY
FIN-0002145,INV-2026-01945,LND008,2026-06-18,2247151,DISBURSED,PRIORITY
FIN-0002146,INV-2026-01946,LND022,2026-10-04,58227,APPROVED,PRIORITY
FIN-0002147,INV-2026-01947,LND022,2026-08-10,2985491,APPROVED,PRIORITY
FIN-0002148,INV-2026-01948,LND014,2026-08-25,1780592,APPROVED,STANDARD
FIN-0002149,INV-2026-01949,LND023,2026-09-22,2573928,APPROVED,PRIORITY
FIN-0002150,INV-2026-01949,LND011,2026-09-11,2399068,PENDING,STANDARD
FIN-0002151,INV-2026-01950,LND021,2026-07-30,2818574,PENDING,STANDARD
FIN-0002152,INV-2026-01951,LND021,2026-09-06,974166,DISBURSED,STANDARD
FIN-0002153,INV-2026-01952,LND008,2026-07-02,2992566,PENDING,MSME_FAST
FIN-0002154,INV-2026-01953,LND010,2026-09-21,4225241,DISBURSED,STANDARD
FIN-0002155,INV-2026-01954,LND002,2026-07-06,3817505,PENDING,PRIORITY
FIN-0002156,INV-2026-01955,LND024,2026-09-06,2441770,DISBURSED,PRIORITY
FIN-0002157,INV-2026-01956,LND015,2026-08-22,559401,DISBURSED,PRIORITY
FIN-0002158,INV-2026-01957,LND015,2026-07-06,3432280,DISBURSED,PRIORITY
FIN-0002159,INV-2026-01958,LND001,2026-06-26,267288,DISBURSED,PRIORITY
FIN-0002160,INV-2026-01959,LND010,2026-06-14,4118324,PENDING,STANDARD
FIN-0002161,INV-2026-01960,LND024,2026-08-17,3658610,DISBURSED,PRIORITY
FIN-0002162,INV-2026-01961,LND020,2026-06-30,616654,PENDING,MSME_FAST
FIN-0002163,INV-2026-01962,LND006,2026-08-10,1550647,APPROVED,MSME_FAST
FIN-0002164,INV-2026-01963,LND023,2026-09-03,1333890,DISBURSED,MSME_FAST
FIN-0002165,INV-2026-01964,LND003,2026-08-22,3960526,APPROVED,MSME_FAST
FIN-0002166,INV-2026-01965,LND020,2026-09-28,521609,DISBURSED,PRIORITY
FIN-0002167,INV-2026-01966,LND018,2026-07-03,538707,PENDING,PRIORITY
FIN-0002168,INV-2026-01967,LND018,2026-08-22,2113395,APPROVED,MSME_FAST
FIN-0002169,INV-2026-01967,LND014,2026-08-29,1917597,APPROVED,MSME_FAST
FIN-0002170,INV-2026-01968,LND003,2026-09-01,1841016,DISBURSED,PRIORITY
FIN-0002171,INV-2026-01969,LND017,2026-10-03,2575899,PENDING,STANDARD
FIN-0002172,INV-2026-01970,LND011,2026-09-09,238166,PENDING,MSME_FAST
FIN-0002173,INV-2026-01971,LND007,2026-06-26,2052160,APPROVED,STANDARD
FIN-0002174,INV-2026-01972,LND003,2026-10-07,2987355,DISBURSED,PRIORITY
FIN-0002175,INV-2026-01973,LND025,2026-06-19,987469,PENDING,STANDARD
FIN-0002176,INV-2026-01973,LND015,2026-06-10,1007052,DISBURSED,MSME_FAST
FIN-0002177,INV-2026-01974,LND005,2026-09-12,416476,DISBURSED,MSME_FAST
FIN-0002178,INV-2026-01975,LND018,2026-06-27,3990538,PENDING,MSME_FAST
FIN-0002179,INV-2026-01976,LND013,2026-09-18,1905834,APPROVED,PRIORITY
FIN-0002180,INV-2026-01977,LND001,2026-06-27,3133549,DISBURSED,MSME_FAST
FIN-0002181,INV-2026-01978,LND001,2026-10-04,1877173,PENDING,PRIORITY
FIN-0002182,INV-2026-01979,LND016,2026-06-30,62258,DISBURSED,STANDARD
FIN-0002183,INV-2026-01980,LND004,2026-08-01,3160622,PENDING,STANDARD
FIN-0002184,INV-2026-01981,LND001,2026-09-15,518419,DISBURSED,STANDARD
FIN-0002185,INV-2026-01982,LND019,2026-08-10,2590551,APPROVED,STANDARD
FIN-0002186,INV-2026-01983,LND009,2026-07-05,506353,APPROVED,PRIORITY
FIN-0002187,INV-2026-01984,LND014,2026-09-07,776997,PENDING,MSME_FAST
FIN-0002188,INV-2026-01984,LND017,2026-08-31,674195,APPROVED,PRIORITY
FIN-0002189,INV-2026-01985,LND024,2026-08-25,1719786,APPROVED,STANDARD
FIN-0002190,INV-2026-01986,LND006,2026-06-20,311754,APPROVED,PRIORITY
FIN-0002191,INV-2026-01987,LND018,2026-07-23,352014,PENDING,STANDARD
FIN-0002192,INV-2026-01988,LND017,2026-08-15,2983646,DISBURSED,STANDARD
FIN-0002193,INV-2026-01989,LND012,2026-06-30,1946615,DISBURSED,STANDARD
FIN-0002194,INV-2026-01990,LND024,2026-06-19,54089,APPROVED,STANDARD
FIN-0002195,INV-2026-01991,LND016,2026-10-02,486616,APPROVED,MSME_FAST
FIN-0002196,INV-2026-01992,LND003,2026-08-07,2064469,APPROVED,MSME_FAST
FIN-0002197,INV-2026-01993,LND001,2026-08-20,3608336,DISBURSED,PRIORITY
FIN-0002198,INV-2026-01994,LND008,2026-08-22,3653006,APPROVED,STANDARD
FIN-0002199,INV-2026-01995,LND005,2026-07-02,2649027,DISBURSED,MSME_FAST
FIN-0002200,INV-2026-01996,LND002,2026-09-27,907804,DISBURSED,MSME_FAST
FIN-0002201,INV-2026-01997,LND025,2026-06-20,2994234,DISBURSED,STANDARD
FIN-0002202,INV-2026-01998,LND024,2026-07-24,2664774,PENDING,MSME_FAST
FIN-0002203,INV-2026-01999,LND003,2026-08-03,95292,DISBURSED,STANDARD
FIN-0002204,INV-2026-02000,LND015,2026-06-24,1968118,DISBURSED,STANDARD
FIN-0002205,INV-2026-02001,LND018,2026-09-28,3007351,DISBURSED,STANDARD
FIN-0002206,INV-2026-02002,LND015,2026-07-31,3414464,APPROVED,MSME_FAST
FIN-0002207,INV-2026-02003,LND007,2026-07-25,2832321,APPROVED,STANDARD
FIN-0002208,INV-2026-02004,LND006,2026-08-03,685671,PENDING,PRIORITY
FIN-0002209,INV-2026-02005,LND015,2026-06-29,2786591,APPROVED,MSME_FAST
FIN-0002210,INV-2026-02006,LND004,2026-09-30,2238134,APPROVED,PRIORITY
FIN-0002211,INV-2026-02006,LND017,2026-10-02,2187588,PENDING,STANDARD
FIN-0002212,INV-2026-02007,LND014,2026-07-09,1004674,APPROVED,STANDARD
FIN-0002213,INV-2026-02008,LND011,2026-07-06,3730802,PENDING,PRIORITY
FIN-0002214,INV-2026-02009,LND018,2026-08-24,2369094,PENDING,MSME_FAST
FIN-0002215,INV-2026-02010,LND015,2026-09-14,318436,PENDING,PRIORITY
FIN-0002216,INV-2026-02010,LND020,2026-09-13,328420,PENDING,STANDARD
FIN-0002217,INV-2026-02011,LND015,2026-07-25,1413645,APPROVED,MSME_FAST
FIN-0002218,INV-2026-02012,LND003,2026-09-03,2316193,APPROVED,MSME_FAST
FIN-0002219,INV-2026-02013,LND024,2026-09-13,2336862,DISBURSED,MSME_FAST
FIN-0002220,INV-2026-02014,LND010,2026-08-16,3686984,APPROVED,PRIORITY
FIN-0002221,INV-2026-02015,LND020,2026-07-22,2541209,DISBURSED,STANDARD
FIN-0002222,INV-2026-02016,LND001,2026-08-14,2394801,PENDING,PRIORITY
FIN-0002223,INV-2026-02017,LND016,2026-06-06,1482587,DISBURSED,PRIORITY
FIN-0002224,INV-2026-02018,LND014,2026-10-02,186661,APPROVED,MSME_FAST
FIN-0002225,INV-2026-02019,LND025,2026-07-11,2024493,PENDING,STANDARD
FIN-0002226,INV-2026-02019,LND020,2026-07-16,2104754,PENDING,MSME_FAST
FIN-0002227,INV-2026-02020,LND021,2026-09-14,817482,PENDING,STANDARD
FIN-0002228,INV-2026-02021,LND025,2026-08-02,3834987,DISBURSED,PRIORITY
FIN-0002229,INV-2026-02022,LND022,2026-08-14,984632,PENDING,MSME_FAST
FIN-0002230,INV-2026-02023,LND013,2026-09-28,3282328,PENDING,MSME_FAST
FIN-0002231,INV-2026-02023,LND008,2026-09-29,3290510,APPROVED,STANDARD
FIN-0002232,INV-2026-02024,LND006,2026-08-07,2243161,DISBURSED,STANDARD
FIN-0002233,INV-2026-02025,LND014,2026-09-20,3459848,DISBURSED,MSME_FAST
FIN-0002234,INV-2026-02026,LND016,2026-07-05,3272381,PENDING,STANDARD
FIN-0002235,INV-2026-02027,LND013,2026-06-05,4166181,APPROVED,MSME_FAST
FIN-0002236,INV-2026-02028,LND021,2026-09-28,2086495,DISBURSED,STANDARD
FIN-0002237,INV-2026-02029,LND018,2026-09-03,2271382,PENDING,PRIORITY
FIN-0002238,INV-2026-02030,LND011,2026-10-05,3385667,APPROVED,STANDARD
FIN-0002239,INV-2026-02031,LND002,2026-08-22,2882323,APPROVED,MSME_FAST
FIN-0002240,INV-2026-02032,LND009,2026-08-14,1047501,DISBURSED,MSME_FAST
FIN-0002241,INV-2026-02033,LND001,2026-07-31,324971,PENDING,PRIORITY
FIN-0002242,INV-2026-02034,LND008,2026-09-13,2991756,APPROVED,MSME_FAST
FIN-0002243,INV-2026-02035,LND022,2026-07-30,550104,DISBURSED,MSME_FAST
FIN-0002244,INV-2026-02036,LND009,2026-07-27,1341445,DISBURSED,STANDARD
FIN-0002245,INV-2026-02037,LND020,2026-06-18,419598,PENDING,PRIORITY
FIN-0002246,INV-2026-02038,LND014,2026-07-04,1933418,DISBURSED,PRIORITY
FIN-0002247,INV-2026-02038,LND015,2026-07-08,1944646,DISBURSED,PRIORITY
FIN-0002248,INV-2026-02039,LND004,2026-09-03,1080843,DISBURSED,MSME_FAST
FIN-0002249,INV-2026-02040,LND017,2026-09-26,3359589,DISBURSED,MSME_FAST
FIN-0002250,INV-2026-02041,LND010,2026-07-12,1163212,APPROVED,PRIORITY
FIN-0002251,INV-2026-02042,LND022,2026-06-09,3382071,APPROVED,PRIORITY
FIN-0002252,INV-2026-02042,LND016,2026-06-04,3602788,APPROVED,PRIORITY
FIN-0002253,INV-2026-02043,LND011,2026-07-15,808099,PENDING,STANDARD
FIN-0002254,INV-2026-02044,LND014,2026-08-29,2353507,PENDING,PRIORITY
FIN-0002255,INV-2026-02045,LND024,2026-07-14,2968050,APPROVED,MSME_FAST
FIN-0002256,INV-2026-02046,LND010,2026-09-18,3797996,DISBURSED,MSME_FAST
FIN-0002257,INV-2026-02047,LND025,2026-07-30,2213411,PENDING,MSME_FAST
FIN-0002258,INV-2026-02048,LND019,2026-08-19,966494,DISBURSED,MSME_FAST
FIN-0002259,INV-2026-02049,LND009,2026-10-08,1149824,APPROVED,STANDARD
FIN-0002260,INV-2026-02050,LND016,2026-10-02,3948962,DISBURSED,STANDARD
FIN-0002261,INV-2026-02051,LND011,2026-06-09,2044222,DISBURSED,STANDARD
FIN-0002262,INV-2026-02051,LND025,2026-06-15,1895515,DISBURSED,STANDARD
FIN-0002263,INV-2026-02052,LND022,2026-06-21,3518639,APPROVED,PRIORITY
FIN-0002264,INV-2026-02053,LND023,2026-08-29,1015216,APPROVED,PRIORITY
FIN-0002265,INV-2026-02053,LND018,2026-08-28,1181899,DISBURSED,MSME_FAST
FIN-0002266,INV-2026-02054,LND014,2026-07-27,559765,DISBURSED,MSME_FAST
FIN-0002267,INV-2026-02055,LND020,2026-07-22,753260,DISBURSED,PRIORITY
FIN-0002268,INV-2026-02056,LND021,2026-08-31,2685822,DISBURSED,PRIORITY
FIN-0002269,INV-2026-02057,LND025,2026-09-20,815545,APPROVED,PRIORITY
FIN-0002270,INV-2026-02057,LND011,2026-09-21,847176,PENDING,PRIORITY
FIN-0002271,INV-2026-02058,LND001,2026-09-28,733060,APPROVED,MSME_FAST
FIN-0002272,INV-2026-02059,LND006,2026-08-09,1837264,DISBURSED,PRIORITY
FIN-0002273,INV-2026-02059,LND023,2026-08-23,1812082,DISBURSED,MSME_FAST
FIN-0002274,INV-2026-02060,LND011,2026-06-17,2961740,APPROVED,MSME_FAST
FIN-0002275,INV-2026-02061,LND021,2026-07-11,1757690,APPROVED,MSME_FAST
FIN-0002276,INV-2026-02062,LND021,2026-06-21,3302149,PENDING,MSME_FAST
FIN-0002277,INV-2026-02063,LND004,2026-09-10,1198939,APPROVED,PRIORITY
FIN-0002278,INV-2026-02064,LND016,2026-09-22,1301384,PENDING,STANDARD
FIN-0002279,INV-2026-02065,LND025,2026-09-02,2013675,APPROVED,STANDARD
FIN-0002280,INV-2026-02066,LND016,2026-08-24,2572132,APPROVED,PRIORITY
FIN-0002281,INV-2026-02067,LND015,2026-07-02,993642,APPROVED,MSME_FAST
FIN-0002282,INV-2026-02068,LND020,2026-06-29,1641592,PENDING,STANDARD
FIN-0002283,INV-2026-02069,LND020,2026-08-03,2805485,DISBURSED,STANDARD
FIN-0002284,INV-2026-02069,LND005,2026-08-01,3292585,DISBURSED,MSME_FAST
FIN-0002285,INV-2026-02070,LND009,2026-09-10,2600343,PENDING,MSME_FAST
FIN-0002286,INV-2026-02071,LND008,2026-08-22,873209,DISBURSED,MSME_FAST
FIN-0002287,INV-2026-02072,LND001,2026-10-11,740386,APPROVED,MSME_FAST
FIN-0002288,INV-2026-02073,LND018,2026-07-29,2620172,PENDING,PRIORITY
FIN-0002289,INV-2026-02074,LND022,2026-08-29,3123881,APPROVED,PRIORITY
FIN-0002290,INV-2026-02075,LND002,2026-06-26,3927456,DISBURSED,STANDARD
FIN-0002291,INV-2026-02076,LND024,2026-08-14,3041961,PENDING,MSME_FAST
FIN-0002292,INV-2026-02077,LND025,2026-07-05,485823,PENDING,MSME_FAST
FIN-0002293,INV-2026-02078,LND011,2026-08-13,2296386,PENDING,STANDARD
FIN-0002294,INV-2026-02079,LND020,2026-08-31,3431425,PENDING,STANDARD
FIN-0002295,INV-2026-02080,LND014,2026-07-06,1047404,PENDING,PRIORITY
FIN-0002296,INV-2026-02081,LND019,2026-06-17,1061206,APPROVED,MSME_FAST
FIN-0002297,INV-2026-02082,LND012,2026-09-03,1770771,PENDING,STANDARD
FIN-0002298,INV-2026-02083,LND011,2026-06-26,611269,APPROVED,STANDARD
FIN-0002299,INV-2026-02084,LND002,2026-06-16,1456122,PENDING,STANDARD
FIN-0002300,INV-2026-02085,LND022,2026-09-08,2370790,DISBURSED,PRIORITY
FIN-0002301,INV-2026-02086,LND007,2026-09-30,967101,DISBURSED,MSME_FAST
FIN-0002302,INV-2026-02087,LND015,2026-07-04,871606,PENDING,STANDARD
FIN-0002303,INV-2026-02088,LND001,2026-09-29,3214041,APPROVED,PRIORITY
FIN-0002304,INV-2026-02089,LND023,2026-09-16,2827442,APPROVED,PRIORITY
FIN-0002305,INV-2026-02090,LND024,2026-09-14,1289796,PENDING,MSME_FAST
FIN-0002306,INV-2026-02091,LND014,2026-10-05,2170022,APPROVED,PRIORITY
FIN-0002307,INV-2026-02091,LND005,2026-09-30,2208417,PENDING,STANDARD
FIN-0002308,INV-2026-02092,LND009,2026-09-22,728269,APPROVED,PRIORITY
FIN-0002309,INV-2026-02093,LND019,2026-06-26,2419935,APPROVED,MSME_FAST
FIN-0002310,INV-2026-02094,LND003,2026-09-23,2708899,APPROVED,STANDARD
FIN-0002311,INV-2026-02095,LND016,2026-08-02,1035396,DISBURSED,STANDARD
FIN-0002312,INV-2026-02096,LND007,2026-09-20,1353849,DISBURSED,MSME_FAST
FIN-0002313,INV-2026-02097,LND013,2026-10-06,2036403,PENDING,PRIORITY
FIN-0002314,INV-2026-02097,LND001,2026-09-28,1977332,PENDING,MSME_FAST
FIN-0002315,INV-2026-02098,LND021,2026-08-04,3192318,DISBURSED,MSME_FAST
FIN-0002316,INV-2026-02099,LND021,2026-09-15,1841761,DISBURSED,MSME_FAST
FIN-0002317,INV-2026-02100,LND005,2026-07-10,202605,PENDING,STANDARD
FIN-0002318,INV-2026-02101,LND007,2026-08-20,2893769,APPROVED,STANDARD
FIN-0002319,INV-2026-02102,LND024,2026-10-07,3371524,DISBURSED,STANDARD
FIN-0002320,INV-2026-02103,LND011,2026-09-26,374738,DISBURSED,PRIORITY
FIN-0002321,INV-2026-02104,LND018,2026-09-15,2845413,PENDING,MSME_FAST
FIN-0002322,INV-2026-02105,LND015,2026-08-29,2078485,PENDING,MSME_FAST
FIN-0002323,INV-2026-02106,LND003,2026-07-14,1365749,DISBURSED,PRIORITY
FIN-0002324,INV-2026-02107,LND014,2026-06-26,3821094,DISBURSED,PRIORITY
FIN-0002325,INV-2026-02108,LND010,2026-06-30,71722,DISBURSED,PRIORITY
FIN-0002326,INV-2026-02109,LND023,2026-08-05,3201401,APPROVED,PRIORITY
FIN-0002327,INV-2026-02110,LND015,2026-08-02,4153724,APPROVED,PRIORITY
FIN-0002328,INV-2026-02111,LND018,2026-08-30,2025507,DISBURSED,PRIORITY
FIN-0002329,INV-2026-02112,LND019,2026-06-22,3234203,APPROVED,STANDARD
FIN-0002330,INV-2026-02113,LND002,2026-09-15,989148,APPROVED,PRIORITY
FIN-0002331,INV-2026-02114,LND013,2026-09-01,1117708,APPROVED,PRIORITY
FIN-0002332,INV-2026-02115,LND011,2026-06-10,2180726,APPROVED,MSME_FAST
FIN-0002333,INV-2026-02116,LND014,2026-06-16,3080392,DISBURSED,MSME_FAST
FIN-0002334,INV-2026-02117,LND007,2026-09-29,1011856,APPROVED,STANDARD
FIN-0002335,INV-2026-02118,LND005,2026-10-02,919737,APPROVED,PRIORITY
FIN-0002336,INV-2026-02119,LND003,2026-07-15,3371393,APPROVED,PRIORITY
FIN-0002337,INV-2026-02120,LND017,2026-07-06,3489293,APPROVED,MSME_FAST
FIN-0002338,INV-2026-02121,LND018,2026-08-30,3006819,APPROVED,PRIORITY
FIN-0002339,INV-2026-02122,LND004,2026-08-31,3358922,DISBURSED,STANDARD
FIN-0002340,INV-2026-02123,LND009,2026-08-31,662452,APPROVED,PRIORITY
FIN-0002341,INV-2026-02123,LND015,2026-09-01,632856,APPROVED,MSME_FAST
FIN-0002342,INV-2026-02124,LND021,2026-08-22,1887798,DISBURSED,STANDARD
FIN-0002343,INV-2026-02125,LND023,2026-07-20,3717053,DISBURSED,STANDARD
FIN-0002344,INV-2026-02126,LND012,2026-06-21,343097,DISBURSED,MSME_FAST
FIN-0002345,INV-2026-02127,LND011,2026-09-25,646628,DISBURSED,PRIORITY
FIN-0002346,INV-2026-02128,LND007,2026-06-22,46689,APPROVED,STANDARD
FIN-0002347,INV-2026-02129,LND001,2026-07-15,3285200,APPROVED,MSME_FAST
FIN-0002348,INV-2026-02130,LND014,2026-09-06,3583923,APPROVED,MSME_FAST
FIN-0002349,INV-2026-02131,LND017,2026-07-13,472676,APPROVED,MSME_FAST
FIN-0002350,INV-2026-02132,LND024,2026-07-31,3020769,PENDING,STANDARD
FIN-0002351,INV-2026-02133,LND008,2026-06-29,2404703,APPROVED,PRIORITY
FIN-0002352,INV-2026-02134,LND022,2026-07-12,3561355,APPROVED,PRIORITY
FIN-0002353,INV-2026-02135,LND021,2026-06-06,1274777,PENDING,PRIORITY
FIN-0002354,INV-2026-02136,LND003,2026-07-31,2040419,PENDING,MSME_FAST
FIN-0002355,INV-2026-02137,LND023,2026-08-24,2976039,DISBURSED,PRIORITY
FIN-0002356,INV-2026-02138,LND012,2026-06-30,271111,DISBURSED,PRIORITY
FIN-0002357,INV-2026-02138,LND016,2026-06-23,305028,APPROVED,MSME_FAST
FIN-0002358,INV-2026-02139,LND017,2026-08-30,3061580,DISBURSED,PRIORITY
FIN-0002359,INV-2026-02140,LND004,2026-06-19,663839,DISBURSED,PRIORITY
FIN-0002360,INV-2026-02141,LND018,2026-07-26,3184100,APPROVED,MSME_FAST
FIN-0002361,INV-2026-02142,LND003,2026-08-08,2324589,PENDING,PRIORITY
FIN-0002362,INV-2026-02143,LND020,2026-09-04,1215946,APPROVED,MSME_FAST
FIN-0002363,INV-2026-02144,LND013,2026-09-05,333002,PENDING,PRIORITY
FIN-0002364,INV-2026-02144,LND012,2026-09-05,309895,DISBURSED,MSME_FAST
FIN-0002365,INV-2026-02145,LND007,2026-07-04,3627100,DISBURSED,PRIORITY
FIN-0002366,INV-2026-02146,LND024,2026-06-09,3857523,PENDING,PRIORITY
FIN-0002367,INV-2026-02147,LND014,2026-08-13,911533,DISBURSED,PRIORITY
FIN-0002368,INV-2026-02147,LND010,2026-08-17,1144844,APPROVED,STANDARD
FIN-0002369,INV-2026-02148,LND003,2026-08-15,1714813,APPROVED,PRIORITY
FIN-0002370,INV-2026-02149,LND006,2026-06-14,1031549,DISBURSED,MSME_FAST
FIN-0002371,INV-2026-02149,LND005,2026-06-20,882701,DISBURSED,MSME_FAST
FIN-0002372,INV-2026-02150,LND002,2026-06-19,3945330,DISBURSED,MSME_FAST
FIN-0002373,INV-2026-02151,LND017,2026-10-12,1624826,APPROVED,PRIORITY
FIN-0002374,INV-2026-02152,LND002,2026-06-15,1436137,PENDING,PRIORITY
FIN-0002375,INV-2026-02153,LND025,2026-07-03,2513032,PENDING,PRIORITY
FIN-0002376,INV-2026-02153,LND015,2026-06-29,2335380,APPROVED,STANDARD
FIN-0002377,INV-2026-02154,LND022,2026-07-30,2367586,PENDING,STANDARD
FIN-0002378,INV-2026-02154,LND012,2026-08-10,2376549,DISBURSED,MSME_FAST
FIN-0002379,INV-2026-02155,LND025,2026-09-19,2761075,APPROVED,PRIORITY
FIN-0002380,INV-2026-02156,LND025,2026-08-02,3620133,PENDING,STANDARD
FIN-0002381,INV-2026-02157,LND006,2026-09-13,69900,APPROVED,PRIORITY
FIN-0002382,INV-2026-02158,LND007,2026-08-11,99558,APPROVED,MSME_FAST
FIN-0002383,INV-2026-02159,LND006,2026-09-12,2880790,APPROVED,MSME_FAST
FIN-0002384,INV-2026-02160,LND020,2026-09-12,2975921,DISBURSED,MSME_FAST
FIN-0002385,INV-2026-02161,LND005,2026-06-20,703050,DISBURSED,STANDARD
FIN-0002386,INV-2026-02161,LND011,2026-06-24,791546,DISBURSED,STANDARD
FIN-0002387,INV-2026-02162,LND004,2026-08-26,3172135,APPROVED,STANDARD
FIN-0002388,INV-2026-02163,LND024,2026-06-02,407788,DISBURSED,STANDARD
FIN-0002389,INV-2026-02164,LND009,2026-09-06,1074382,PENDING,MSME_FAST
FIN-0002390,INV-2026-02165,LND002,2026-08-12,1792456,APPROVED,MSME_FAST
FIN-0002391,INV-2026-02166,LND003,2026-10-01,3213239,PENDING,MSME_FAST
FIN-0002392,INV-2026-02167,LND010,2026-10-01,2492403,PENDING,PRIORITY
FIN-0002393,INV-2026-02168,LND025,2026-06-21,3418202,PENDING,MSME_FAST
FIN-0002394,INV-2026-02169,LND012,2026-09-08,2318195,DISBURSED,STANDARD
FIN-0002395,INV-2026-02170,LND011,2026-06-18,1987515,PENDING,PRIORITY
FIN-0002396,INV-2026-02171,LND012,2026-06-07,1742505,APPROVED,MSME_FAST
FIN-0002397,INV-2026-02172,LND002,2026-10-03,1201358,PENDING,PRIORITY
FIN-0002398,INV-2026-02173,LND018,2026-07-02,2316127,PENDING,MSME_FAST
FIN-0002399,INV-2026-02174,LND018,2026-06-29,1367584,PENDING,STANDARD
FIN-0002400,INV-2026-02175,LND004,2026-08-22,1835581,APPROVED,PRIORITY
FIN-0002401,INV-2026-02176,LND006,2026-08-02,1666080,APPROVED,MSME_FAST
FIN-0002402,INV-2026-02177,LND004,2026-08-11,2345137,PENDING,MSME_FAST
FIN-0002403,INV-2026-02178,LND008,2026-06-11,651030,APPROVED,STANDARD
FIN-0002404,INV-2026-02179,LND016,2026-08-06,957307,DISBURSED,PRIORITY
FIN-0002405,INV-2026-02180,LND018,2026-07-29,2981486,APPROVED,PRIORITY
FIN-0002406,INV-2026-02181,LND004,2026-08-18,2039865,APPROVED,STANDARD
FIN-0002407,INV-2026-02182,LND019,2026-07-03,1454091,PENDING,PRIORITY
FIN-0002408,INV-2026-02183,LND022,2026-07-21,1412681,APPROVED,PRIORITY
FIN-0002409,INV-2026-02184,LND003,2026-08-19,1805608,APPROVED,STANDARD
FIN-0002410,INV-2026-02185,LND021,2026-07-20,1842748,APPROVED,STANDARD
FIN-0002411,INV-2026-02186,LND009,2026-10-03,2615719,PENDING,PRIORITY
FIN-0002412,INV-2026-02187,LND014,2026-09-27,187187,APPROVED,PRIORITY
FIN-0002413,INV-2026-02188,LND013,2026-08-05,2381958,DISBURSED,MSME_FAST
FIN-0002414,INV-2026-02189,LND013,2026-07-28,2066133,DISBURSED,PRIORITY
FIN-0002415,INV-2026-02190,LND019,2026-08-28,3575452,PENDING,MSME_FAST
FIN-0002416,INV-2026-02191,LND017,2026-08-28,291869,PENDING,STANDARD
FIN-0002417,INV-2026-02192,LND005,2026-06-20,394709,APPROVED,STANDARD
FIN-0002418,INV-2026-02193,LND007,2026-07-18,141422,APPROVED,MSME_FAST
FIN-0002419,INV-2026-02194,LND024,2026-07-09,2400077,APPROVED,PRIORITY
FIN-0002420,INV-2026-02195,LND008,2026-07-27,878341,PENDING,STANDARD
FIN-0002421,INV-2026-02196,LND003,2026-07-11,1400382,DISBURSED,MSME_FAST
FIN-0002422,INV-2026-02196,LND010,2026-07-07,1336942,PENDING,MSME_FAST
FIN-0002423,INV-2026-02197,LND004,2026-08-23,2303067,PENDING,PRIORITY
FIN-0002424,INV-2026-02198,LND021,2026-06-10,465202,PENDING,PRIORITY
FIN-0002425,INV-2026-02199,LND002,2026-08-24,4106862,DISBURSED,STANDARD
FIN-0002426,INV-2026-02200,LND012,2026-09-14,864356,PENDING,PRIORITY
FIN-0002427,INV-2026-02201,LND007,2026-06-07,3147319,APPROVED,PRIORITY
FIN-0002428,INV-2026-02202,LND021,2026-09-01,2276201,DISBURSED,MSME_FAST
FIN-0002429,INV-2026-02202,LND018,2026-09-06,2133615,PENDING,PRIORITY
FIN-0002430,INV-2026-02203,LND021,2026-09-05,3784830,APPROVED,STANDARD
FIN-0002431,INV-2026-02203,LND003,2026-09-09,3636473,DISBURSED,STANDARD
FIN-0002432,INV-2026-02204,LND003,2026-06-08,1494477,DISBURSED,STANDARD
FIN-0002433,INV-2026-02205,LND025,2026-08-07,2488379,PENDING,MSME_FAST
FIN-0002434,INV-2026-02206,LND007,2026-08-19,1076301,PENDING,MSME_FAST
FIN-0002435,INV-2026-02207,LND001,2026-08-15,2580010,PENDING,STANDARD
FIN-0002436,INV-2026-02208,LND025,2026-09-30,3375571,PENDING,STANDARD
FIN-0002437,INV-2026-02209,LND007,2026-10-04,2460545,APPROVED,STANDARD
FIN-0002438,INV-2026-02210,LND009,2026-07-01,3481183,PENDING,STANDARD
FIN-0002439,INV-2026-02211,LND025,2026-08-20,1514400,DISBURSED,MSME_FAST
FIN-0002440,INV-2026-02212,LND011,2026-08-12,686712,DISBURSED,MSME_FAST
FIN-0002441,INV-2026-02212,LND018,2026-08-20,620882,APPROVED,MSME_FAST
FIN-0002442,INV-2026-02213,LND011,2026-08-18,2678379,APPROVED,STANDARD
FIN-0002443,INV-2026-02214,LND011,2026-08-22,2262398,DISBURSED,MSME_FAST
FIN-0002444,INV-2026-02214,LND001,2026-08-26,2276928,DISBURSED,PRIORITY
FIN-0002445,INV-2026-02215,LND016,2026-08-03,3032175,APPROVED,STANDARD
FIN-0002446,INV-2026-02216,LND002,2026-07-27,2826442,DISBURSED,STANDARD
FIN-0002447,INV-2026-02216,LND013,2026-07-24,3152864,APPROVED,PRIORITY
FIN-0002448,INV-2026-02217,LND009,2026-07-25,1525921,PENDING,PRIORITY
FIN-0002449,INV-2026-02218,LND002,2026-06-16,2344051,DISBURSED,STANDARD
FIN-0002450,INV-2026-02219,LND011,2026-08-10,1058823,PENDING,MSME_FAST
FIN-0002451,INV-2026-02220,LND023,2026-07-27,3111004,DISBURSED,MSME_FAST
FIN-0002452,INV-2026-02221,LND006,2026-06-04,3217109,DISBURSED,PRIORITY
FIN-0002453,INV-2026-02222,LND005,2026-09-21,2601566,PENDING,PRIORITY
FIN-0002454,INV-2026-02223,LND005,2026-08-27,3547437,PENDING,PRIORITY
FIN-0002455,INV-2026-02224,LND023,2026-09-16,1678892,APPROVED,PRIORITY
FIN-0002456,INV-2026-02225,LND008,2026-07-15,2131330,DISBURSED,PRIORITY
FIN-0002457,INV-2026-02226,LND025,2026-08-19,1926402,PENDING,PRIORITY
FIN-0002458,INV-2026-02227,LND023,2026-10-03,1391754,APPROVED,PRIORITY
FIN-0002459,INV-2026-02228,LND003,2026-10-04,226702,PENDING,STANDARD
FIN-0002460,INV-2026-02229,LND017,2026-06-19,2721828,PENDING,PRIORITY
FIN-0002461,INV-2026-02229,LND018,2026-06-29,3084043,DISBURSED,MSME_FAST
FIN-0002462,INV-2026-02230,LND016,2026-08-27,1129089,APPROVED,PRIORITY
FIN-0002463,INV-2026-02231,LND023,2026-09-22,2525465,DISBURSED,MSME_FAST
FIN-0002464,INV-2026-02232,LND018,2026-06-16,2745644,APPROVED,PRIORITY
FIN-0002465,INV-2026-02232,LND017,2026-06-22,2983825,PENDING,MSME_FAST
FIN-0002466,INV-2026-02233,LND016,2026-06-23,311539,DISBURSED,PRIORITY
FIN-0002467,INV-2026-02234,LND006,2026-07-07,4179725,PENDING,PRIORITY
FIN-0002468,INV-2026-02235,LND019,2026-08-06,1181367,DISBURSED,STANDARD
FIN-0002469,INV-2026-02235,LND017,2026-08-13,1076183,PENDING,MSME_FAST
FIN-0002470,INV-2026-02236,LND006,2026-06-10,3157677,APPROVED,STANDARD
FIN-0002471,INV-2026-02237,LND014,2026-07-02,3977506,PENDING,STANDARD
FIN-0002472,INV-2026-02238,LND025,2026-07-28,1103319,PENDING,MSME_FAST
FIN-0002473,INV-2026-02239,LND009,2026-08-17,290247,DISBURSED,STANDARD
FIN-0002474,INV-2026-02240,LND005,2026-07-24,210437,DISBURSED,PRIORITY
FIN-0002475,INV-2026-02241,LND012,2026-07-24,1196234,PENDING,MSME_FAST
FIN-0002476,INV-2026-02242,LND022,2026-07-31,139819,DISBURSED,MSME_FAST
FIN-0002477,INV-2026-02243,LND012,2026-08-22,3549882,DISBURSED,MSME_FAST
FIN-0002478,INV-2026-02244,LND020,2026-09-28,1234434,DISBURSED,PRIORITY
FIN-0002479,INV-2026-02245,LND006,2026-08-31,1593499,PENDING,PRIORITY
FIN-0002480,INV-2026-02246,LND010,2026-06-19,2106772,PENDING,PRIORITY
FIN-0002481,INV-2026-02247,LND021,2026-07-16,1977239,DISBURSED,STANDARD
FIN-0002482,INV-2026-02248,LND010,2026-09-06,2448574,DISBURSED,MSME_FAST
FIN-0002483,INV-2026-02248,LND023,2026-08-27,2525151,PENDING,MSME_FAST
FIN-0002484,INV-2026-02249,LND022,2026-10-02,3394267,APPROVED,PRIORITY
FIN-0002485,INV-2026-02250,LND017,2026-07-17,2087777,DISBURSED,STANDARD
FIN-0002486,INV-2026-02251,LND002,2026-07-17,414467,PENDING,STANDARD
FIN-0002487,INV-2026-02252,LND009,2026-09-01,3189972,APPROVED,MSME_FAST
FIN-0002488,INV-2026-02253,LND024,2026-08-19,1855307,DISBURSED,STANDARD
FIN-0002489,INV-2026-02253,LND016,2026-08-12,1801032,PENDING,MSME_FAST
FIN-0002490,INV-2026-02254,LND007,2026-08-25,1433745,DISBURSED,MSME_FAST
FIN-0002491,INV-2026-02254,LND021,2026-09-05,1635629,DISBURSED,STANDARD
FIN-0002492,INV-2026-02255,LND010,2026-09-30,1015953,PENDING,MSME_FAST
FIN-0002493,INV-2026-02256,LND024,2026-09-29,2338361,DISBURSED,MSME_FAST
FIN-0002494,INV-2026-02256,LND020,2026-09-16,2691293,PENDING,MSME_FAST
FIN-0002495,INV-2026-02257,LND023,2026-09-23,233810,PENDING,MSME_FAST
FIN-0002496,INV-2026-02258,LND015,2026-10-03,62832,PENDING,STANDARD
FIN-0002497,INV-2026-02259,LND005,2026-09-17,2834577,APPROVED,MSME_FAST
FIN-0002498,INV-2026-02260,LND012,2026-10-05,1730240,DISBURSED,PRIORITY
FIN-0002499,INV-2026-02261,LND010,2026-06-10,3384789,DISBURSED,PRIORITY
FIN-0002500,INV-2026-02262,LND007,2026-07-21,1931293,DISBURSED,PRIORITY
FIN-0002501,INV-2026-02263,LND004,2026-08-16,1329493,PENDING,MSME_FAST
FIN-0002502,INV-2026-02264,LND013,2026-06-10,95108,PENDING,MSME_FAST
FIN-0002503,INV-2026-02265,LND001,2026-09-15,4081369,PENDING,MSME_FAST
FIN-0002504,INV-2026-02266,LND013,2026-07-15,2958903,PENDING,STANDARD
FIN-0002505,INV-2026-02267,LND022,2026-09-07,2211417,APPROVED,MSME_FAST
FIN-0002506,INV-2026-02268,LND003,2026-08-01,411197,DISBURSED,STANDARD
FIN-0002507,INV-2026-02269,LND007,2026-06-12,2542144,APPROVED,MSME_FAST
FIN-0002508,INV-2026-02270,LND020,2026-07-28,2097416,DISBURSED,MSME_FAST
FIN-0002509,INV-2026-02271,LND020,2026-07-19,604758,DISBURSED,STANDARD
FIN-0002510,INV-2026-02272,LND013,2026-10-08,905359,PENDING,STANDARD
FIN-0002511,INV-2026-02273,LND009,2026-09-15,1471023,PENDING,STANDARD
FIN-0002512,INV-2026-02274,LND009,2026-07-06,2279862,PENDING,STANDARD
FIN-0002513,INV-2026-02275,LND007,2026-06-27,688867,PENDING,PRIORITY
FIN-0002514,INV-2026-02276,LND021,2026-07-21,203202,PENDING,STANDARD
FIN-0002515,INV-2026-02276,LND020,2026-07-09,250618,PENDING,STANDARD
FIN-0002516,INV-2026-02277,LND001,2026-09-26,3122620,APPROVED,PRIORITY
FIN-0002517,INV-2026-02278,LND019,2026-09-26,2752852,DISBURSED,MSME_FAST
FIN-0002518,INV-2026-02279,LND007,2026-08-14,420344,APPROVED,PRIORITY
FIN-0002519,INV-2026-02280,LND011,2026-09-05,4091757,APPROVED,STANDARD
FIN-0002520,INV-2026-02281,LND011,2026-07-06,541320,PENDING,MSME_FAST
FIN-0002521,INV-2026-02282,LND012,2026-08-21,560774,PENDING,PRIORITY
FIN-0002522,INV-2026-02283,LND016,2026-07-29,1865081,APPROVED,MSME_FAST
FIN-0002523,INV-2026-02283,LND014,2026-07-28,2145982,APPROVED,MSME_FAST
FIN-0002524,INV-2026-02284,LND005,2026-09-02,3059948,DISBURSED,STANDARD
FIN-0002525,INV-2026-02285,LND018,2026-08-23,1345907,DISBURSED,PRIORITY
FIN-0002526,INV-2026-02286,LND003,2026-07-14,2825325,DISBURSED,PRIORITY
FIN-0002527,INV-2026-02286,LND019,2026-07-18,2650704,PENDING,STANDARD
FIN-0002528,INV-2026-02287,LND023,2026-09-27,2267757,APPROVED,PRIORITY
FIN-0002529,INV-2026-02288,LND009,2026-09-13,1106477,APPROVED,PRIORITY
FIN-0002530,INV-2026-02289,LND023,2026-06-07,2736628,PENDING,PRIORITY
FIN-0002531,INV-2026-02290,LND020,2026-07-29,2816261,PENDING,STANDARD
FIN-0002532,INV-2026-02291,LND023,2026-08-06,387791,APPROVED,MSME_FAST
FIN-0002533,INV-2026-02291,LND015,2026-07-27,460336,APPROVED,MSME_FAST
FIN-0002534,INV-2026-02292,LND012,2026-06-10,1649779,DISBURSED,MSME_FAST
FIN-0002535,INV-2026-02293,LND012,2026-08-08,526464,APPROVED,MSME_FAST
FIN-0002536,INV-2026-02294,LND003,2026-09-14,2115625,DISBURSED,STANDARD
FIN-0002537,INV-2026-02295,LND017,2026-07-27,2983726,APPROVED,STANDARD
FIN-0002538,INV-2026-02296,LND023,2026-07-12,1400232,APPROVED,MSME_FAST
FIN-0002539,INV-2026-02297,LND024,2026-08-11,3859368,DISBURSED,PRIORITY
FIN-0002540,INV-2026-02298,LND025,2026-08-25,623852,DISBURSED,PRIORITY
FIN-0002541,INV-2026-02299,LND003,2026-08-25,2261680,DISBURSED,MSME_FAST
FIN-0002542,INV-2026-02300,LND014,2026-08-17,955080,PENDING,STANDARD
FIN-0002543,INV-2026-02301,LND019,2026-07-10,1561440,APPROVED,MSME_FAST
FIN-0002544,INV-2026-02302,LND010,2026-07-19,2662785,PENDING,STANDARD
FIN-0002545,INV-2026-02303,LND018,2026-09-01,754394,DISBURSED,MSME_FAST
FIN-0002546,INV-2026-02304,LND010,2026-09-03,1762034,DISBURSED,MSME_FAST
FIN-0002547,INV-2026-02305,LND024,2026-08-29,1434151,APPROVED,MSME_FAST
FIN-0002548,INV-2026-02306,LND005,2026-07-08,2343991,DISBURSED,STANDARD
FIN-0002549,INV-2026-02307,LND002,2026-09-06,1065508,DISBURSED,MSME_FAST
FIN-0002550,INV-2026-02308,LND003,2026-07-25,708176,APPROVED,MSME_FAST
FIN-0002551,INV-2026-02309,LND017,2026-08-27,797413,DISBURSED,PRIORITY
FIN-0002552,INV-2026-02310,LND010,2026-09-19,2399849,PENDING,MSME_FAST
FIN-0002553,INV-2026-02311,LND023,2026-06-21,3625204,PENDING,PRIORITY
FIN-0002554,INV-2026-02312,LND001,2026-09-10,392476,PENDING,PRIORITY
FIN-0002555,INV-2026-02313,LND014,2026-08-24,721191,DISBURSED,MSME_FAST
FIN-0002556,INV-2026-02314,LND004,2026-07-29,2341455,DISBURSED,PRIORITY
FIN-0002557,INV-2026-02315,LND002,2026-06-20,3226498,PENDING,MSME_FAST
FIN-0002558,INV-2026-02316,LND023,2026-08-08,2632948,PENDING,MSME_FAST
FIN-0002559,INV-2026-02317,LND024,2026-09-06,3966034,APPROVED,MSME_FAST
FIN-0002560,INV-2026-02317,LND002,2026-09-15,4250296,APPROVED,PRIORITY
FIN-0002561,INV-2026-02318,LND002,2026-07-20,1624628,PENDING,MSME_FAST
FIN-0002562,INV-2026-02319,LND023,2026-09-05,2735859,APPROVED,MSME_FAST
FIN-0002563,INV-2026-02320,LND025,2026-09-23,244042,DISBURSED,PRIORITY
FIN-0002564,INV-2026-02321,LND017,2026-06-30,407237,PENDING,MSME_FAST
FIN-0002565,INV-2026-02322,LND014,2026-06-12,2811244,APPROVED,STANDARD
FIN-0002566,INV-2026-02322,LND020,2026-06-14,2643784,APPROVED,PRIORITY
FIN-0002567,INV-2026-02323,LND007,2026-08-31,91688,PENDING,STANDARD
FIN-0002568,INV-2026-02324,LND020,2026-08-30,2742564,DISBURSED,STANDARD
FIN-0002569,INV-2026-02325,LND007,2026-07-14,877659,PENDING,STANDARD
FIN-0002570,INV-2026-02326,LND005,2026-09-27,496478,PENDING,PRIORITY
FIN-0002571,INV-2026-02327,LND011,2026-07-03,2841338,APPROVED,PRIORITY
FIN-0002572,INV-2026-02328,LND006,2026-07-10,1678540,PENDING,PRIORITY
FIN-0002573,INV-2026-02328,LND017,2026-07-14,1531758,PENDING,MSME_FAST
FIN-0002574,INV-2026-02329,LND005,2026-06-28,2251757,APPROVED,STANDARD
FIN-0002575,INV-2026-02330,LND017,2026-07-05,3212550,PENDING,STANDARD
FIN-0002576,INV-2026-02331,LND010,2026-09-17,3960194,DISBURSED,MSME_FAST
FIN-0002577,INV-2026-02332,LND003,2026-08-15,2528496,DISBURSED,PRIORITY
FIN-0002578,INV-2026-02333,LND020,2026-07-26,1546984,DISBURSED,STANDARD
FIN-0002579,INV-2026-02334,LND016,2026-08-24,643240,APPROVED,MSME_FAST
FIN-0002580,INV-2026-02335,LND002,2026-08-05,111465,PENDING,STANDARD
FIN-0002581,INV-2026-02336,LND015,2026-06-19,1402048,PENDING,STANDARD
FIN-0002582,INV-2026-02337,LND015,2026-09-11,1703250,DISBURSED,MSME_FAST
FIN-0002583,INV-2026-02338,LND005,2026-07-31,101502,PENDING,MSME_FAST
FIN-0002584,INV-2026-02339,LND005,2026-09-29,2444554,PENDING,PRIORITY
FIN-0002585,INV-2026-02340,LND010,2026-06-15,2112748,PENDING,MSME_FAST
FIN-0002586,INV-2026-02341,LND023,2026-06-16,2610976,APPROVED,MSME_FAST
FIN-0002587,INV-2026-02342,LND013,2026-09-22,1852877,PENDING,STANDARD
FIN-0002588,INV-2026-02343,LND002,2026-08-21,2887936,PENDING,PRIORITY
FIN-0002589,INV-2026-02344,LND016,2026-07-31,2007093,DISBURSED,PRIORITY
FIN-0002590,INV-2026-02345,LND017,2026-06-17,3447269,DISBURSED,MSME_FAST
FIN-0002591,INV-2026-02346,LND017,2026-09-07,778620,DISBURSED,MSME_FAST
FIN-0002592,INV-2026-02347,LND024,2026-08-27,1616428,DISBURSED,STANDARD
FIN-0002593,INV-2026-02348,LND004,2026-09-09,2796048,PENDING,PRIORITY
FIN-0002594,INV-2026-02348,LND003,2026-09-10,2463346,DISBURSED,PRIORITY
FIN-0002595,INV-2026-02349,LND002,2026-07-23,183282,APPROVED,PRIORITY
FIN-0002596,INV-2026-02350,LND010,2026-08-09,1295359,PENDING,MSME_FAST
FIN-0002597,INV-2026-02351,LND008,2026-09-14,1084025,PENDING,STANDARD
FIN-0002598,INV-2026-02352,LND013,2026-08-29,1690611,DISBURSED,MSME_FAST
FIN-0002599,INV-2026-02353,LND024,2026-10-03,2520246,APPROVED,MSME_FAST
FIN-0002600,INV-2026-02354,LND023,2026-06-01,1509837,DISBURSED,STANDARD
FIN-0002601,INV-2026-02355,LND023,2026-08-04,3337361,APPROVED,MSME_FAST
FIN-0002602,INV-2026-02355,LND025,2026-08-04,3380661,DISBURSED,STANDARD
FIN-0002603,INV-2026-02356,LND018,2026-07-22,657628,PENDING,PRIORITY
FIN-0002604,INV-2026-02357,LND005,2026-07-21,4213784,PENDING,STANDARD
FIN-0002605,INV-2026-02357,LND024,2026-07-26,4206690,APPROVED,STANDARD
FIN-0002606,INV-2026-02358,LND018,2026-09-28,204585,DISBURSED,MSME_FAST
FIN-0002607,INV-2026-02359,LND011,2026-07-29,4089843,PENDING,PRIORITY
FIN-0002608,INV-2026-02360,LND013,2026-09-11,3803519,DISBURSED,MSME_FAST
FIN-0002609,INV-2026-02361,LND014,2026-08-03,1384649,PENDING,STANDARD
FIN-0002610,INV-2026-02362,LND013,2026-09-20,535774,PENDING,MSME_FAST
FIN-0002611,INV-2026-02363,LND014,2026-09-18,1039887,DISBURSED,MSME_FAST
FIN-0002612,INV-2026-02364,LND019,2026-07-28,371503,DISBURSED,STANDARD
FIN-0002613,INV-2026-02365,LND024,2026-09-27,358953,APPROVED,STANDARD
FIN-0002614,INV-2026-02366,LND011,2026-08-15,1063259,PENDING,PRIORITY
FIN-0002615,INV-2026-02367,LND014,2026-08-20,946284,PENDING,PRIORITY
FIN-0002616,INV-2026-02368,LND002,2026-06-15,1229054,DISBURSED,MSME_FAST
FIN-0002617,INV-2026-02369,LND023,2026-09-09,4093629,APPROVED,STANDARD
FIN-0002618,INV-2026-02370,LND015,2026-07-27,3007170,PENDING,MSME_FAST
FIN-0002619,INV-2026-02371,LND013,2026-08-23,3553578,APPROVED,PRIORITY
FIN-0002620,INV-2026-02372,LND021,2026-08-23,2090609,DISBURSED,PRIORITY
FIN-0002621,INV-2026-02373,LND014,2026-10-03,1200155,APPROVED,STANDARD
FIN-0002622,INV-2026-02374,LND013,2026-08-12,1966492,APPROVED,STANDARD
FIN-0002623,INV-2026-02375,LND015,2026-09-13,3784755,APPROVED,STANDARD
FIN-0002624,INV-2026-02376,LND025,2026-10-04,646612,DISBURSED,PRIORITY
FIN-0002625,INV-2026-02377,LND025,2026-07-25,2166721,APPROVED,MSME_FAST
FIN-0002626,INV-2026-02378,LND024,2026-06-27,637250,APPROVED,MSME_FAST
FIN-0002627,INV-2026-02379,LND023,2026-09-13,1105414,APPROVED,PRIORITY
FIN-0002628,INV-2026-02379,LND015,2026-09-07,1121685,APPROVED,STANDARD
FIN-0002629,INV-2026-02380,LND007,2026-07-07,2581838,PENDING,MSME_FAST
FIN-0002630,INV-2026-02381,LND006,2026-09-23,3675783,PENDING,MSME_FAST
FIN-0002631,INV-2026-02382,LND020,2026-09-25,3889155,PENDING,MSME_FAST
FIN-0002632,INV-2026-02383,LND014,2026-06-17,338278,APPROVED,STANDARD
FIN-0002633,INV-2026-02384,LND001,2026-08-14,3166993,APPROVED,STANDARD
FIN-0002634,INV-2026-02385,LND016,2026-07-31,758582,APPROVED,MSME_FAST
FIN-0002635,INV-2026-02385,LND006,2026-07-26,693866,PENDING,MSME_FAST
FIN-0002636,INV-2026-02386,LND025,2026-09-24,932427,APPROVED,STANDARD
FIN-0002637,INV-2026-02387,LND018,2026-07-17,3539169,DISBURSED,STANDARD
FIN-0002638,INV-2026-02388,LND012,2026-07-15,332083,DISBURSED,PRIORITY
FIN-0002639,INV-2026-02389,LND020,2026-07-30,3925397,DISBURSED,MSME_FAST
FIN-0002640,INV-2026-02390,LND005,2026-07-09,3385296,PENDING,MSME_FAST
FIN-0002641,INV-2026-02391,LND024,2026-09-10,1656916,DISBURSED,MSME_FAST
FIN-0002642,INV-2026-02392,LND017,2026-08-26,1477977,APPROVED,PRIORITY
FIN-0002643,INV-2026-02393,LND016,2026-06-14,2122238,APPROVED,STANDARD
FIN-0002644,INV-2026-02394,LND011,2026-09-08,3589864,APPROVED,PRIORITY
FIN-0002645,INV-2026-02395,LND006,2026-08-25,526000,APPROVED,PRIORITY
FIN-0002646,INV-2026-02395,LND011,2026-09-01,505795,DISBURSED,PRIORITY
FIN-0002647,INV-2026-02396,LND009,2026-09-30,1091761,APPROVED,PRIORITY
FIN-0002648,INV-2026-02397,LND019,2026-07-30,1289994,DISBURSED,STANDARD
FIN-0002649,INV-2026-02398,LND017,2026-08-23,1431423,PENDING,MSME_FAST
FIN-0002650,INV-2026-02399,LND009,2026-09-03,1527818,APPROVED,PRIORITY
FIN-0002651,INV-2026-02400,LND017,2026-07-09,2778142,PENDING,MSME_FAST
FIN-0002652,INV-2026-02401,LND006,2026-08-30,3157166,PENDING,PRIORITY
FIN-0002653,INV-2026-02401,LND009,2026-08-26,3304520,APPROVED,STANDARD
FIN-0002654,INV-2026-02402,LND013,2026-08-29,325909,PENDING,PRIORITY
FIN-0002655,INV-2026-02403,LND014,2026-08-12,4132576,APPROVED,PRIORITY
FIN-0002656,INV-2026-02404,LND022,2026-08-16,279191,APPROVED,STANDARD
FIN-0002657,INV-2026-02405,LND001,2026-07-25,1400417,PENDING,STANDARD
FIN-0002658,INV-2026-02406,LND002,2026-09-23,529991,DISBURSED,STANDARD
FIN-0002659,INV-2026-02407,LND016,2026-07-31,2640604,DISBURSED,MSME_FAST
FIN-0002660,INV-2026-02407,LND007,2026-07-29,2744752,DISBURSED,MSME_FAST
FIN-0002661,INV-2026-02408,LND002,2026-08-30,3070508,DISBURSED,STANDARD
FIN-0002662,INV-2026-02409,LND019,2026-07-17,1137468,DISBURSED,PRIORITY
FIN-0002663,INV-2026-02410,LND012,2026-06-21,1890014,APPROVED,MSME_FAST
FIN-0002664,INV-2026-02410,LND005,2026-06-24,1673078,PENDING,STANDARD
FIN-0002665,INV-2026-02411,LND024,2026-07-02,1529090,DISBURSED,PRIORITY
FIN-0002666,INV-2026-02412,LND008,2026-06-18,149367,PENDING,PRIORITY
FIN-0002667,INV-2026-02413,LND001,2026-07-10,1010435,PENDING,PRIORITY
FIN-0002668,INV-2026-02414,LND002,2026-08-28,969060,DISBURSED,MSME_FAST
FIN-0002669,INV-2026-02415,LND003,2026-07-21,3886529,DISBURSED,MSME_FAST
FIN-0002670,INV-2026-02416,LND017,2026-06-22,610369,APPROVED,MSME_FAST
FIN-0002671,INV-2026-02417,LND002,2026-06-12,1745440,APPROVED,MSME_FAST
FIN-0002672,INV-2026-02418,LND022,2026-08-28,1302899,PENDING,STANDARD
FIN-0002673,INV-2026-02419,LND004,2026-09-25,1826547,APPROVED,MSME_FAST
FIN-0002674,INV-2026-02420,LND002,2026-08-13,439581,APPROVED,PRIORITY
FIN-0002675,INV-2026-02421,LND016,2026-06-11,459641,APPROVED,MSME_FAST
FIN-0002676,INV-2026-02421,LND007,2026-06-19,445535,APPROVED,STANDARD
FIN-0002677,INV-2026-02422,LND008,2026-06-29,1709195,DISBURSED,STANDARD
FIN-0002678,INV-2026-02423,LND015,2026-08-10,1606035,DISBURSED,MSME_FAST
FIN-0002679,INV-2026-02424,LND017,2026-08-18,2725168,PENDING,MSME_FAST
FIN-0002680,INV-2026-02425,LND007,2026-07-09,1752774,PENDING,STANDARD
FIN-0002681,INV-2026-02426,LND015,2026-08-29,462694,PENDING,STANDARD
FIN-0002682,INV-2026-02426,LND024,2026-09-01,448049,DISBURSED,PRIORITY
FIN-0002683,INV-2026-02427,LND003,2026-09-21,1526597,APPROVED,MSME_FAST
FIN-0002684,INV-2026-02428,LND018,2026-07-12,1052604,DISBURSED,MSME_FAST
FIN-0002685,INV-2026-02429,LND020,2026-09-16,3111094,APPROVED,STANDARD
FIN-0002686,INV-2026-02430,LND025,2026-09-08,2100289,PENDING,PRIORITY
FIN-0002687,INV-2026-02431,LND017,2026-06-18,2683251,APPROVED,MSME_FAST
FIN-0002688,INV-2026-02432,LND007,2026-08-09,303356,APPROVED,STANDARD
FIN-0002689,INV-2026-02432,LND003,2026-08-14,313494,PENDING,MSME_FAST
FIN-0002690,INV-2026-02433,LND021,2026-07-10,1106751,APPROVED,PRIORITY
FIN-0002691,INV-2026-02434,LND013,2026-08-13,949138,APPROVED,STANDARD
FIN-0002692,INV-2026-02435,LND004,2026-07-23,1424089,APPROVED,PRIORITY
FIN-0002693,INV-2026-02436,LND004,2026-08-23,3547175,DISBURSED,STANDARD
FIN-0002694,INV-2026-02436,LND002,2026-08-31,3716268,DISBURSED,STANDARD
FIN-0002695,INV-2026-02437,LND004,2026-09-26,3063853,DISBURSED,PRIORITY
FIN-0002696,INV-2026-02438,LND010,2026-07-21,2893302,PENDING,STANDARD
FIN-0002697,INV-2026-02438,LND015,2026-07-11,2475078,APPROVED,STANDARD
FIN-0002698,INV-2026-02439,LND007,2026-07-24,3452820,APPROVED,STANDARD
FIN-0002699,INV-2026-02440,LND015,2026-08-10,3244189,DISBURSED,STANDARD
FIN-0002700,INV-2026-02441,LND003,2026-07-25,3598520,APPROVED,STANDARD
FIN-0002701,INV-2026-02441,LND002,2026-07-28,4082368,PENDING,MSME_FAST
FIN-0002702,INV-2026-02442,LND024,2026-07-07,2963362,DISBURSED,MSME_FAST
FIN-0002703,INV-2026-02443,LND018,2026-09-01,2616366,APPROVED,MSME_FAST
FIN-0002704,INV-2026-02444,LND009,2026-08-20,3824228,PENDING,PRIORITY
FIN-0002705,INV-2026-02445,LND025,2026-08-06,765562,DISBURSED,MSME_FAST
FIN-0002706,INV-2026-02446,LND002,2026-09-27,648098,APPROVED,MSME_FAST
FIN-0002707,INV-2026-02447,LND012,2026-06-12,499387,APPROVED,PRIORITY
FIN-0002708,INV-2026-02448,LND005,2026-06-26,2679917,APPROVED,MSME_FAST
FIN-0002709,INV-2026-02449,LND010,2026-08-08,2843253,APPROVED,PRIORITY
FIN-0002710,INV-2026-02450,LND015,2026-09-14,3531016,PENDING,PRIORITY
FIN-0002711,INV-2026-02451,LND014,2026-09-08,3609088,APPROVED,PRIORITY
FIN-0002712,INV-2026-02452,LND001,2026-07-10,1090528,DISBURSED,STANDARD
FIN-0002713,INV-2026-02453,LND007,2026-08-23,2151862,DISBURSED,MSME_FAST
FIN-0002714,INV-2026-02454,LND014,2026-07-25,1861946,APPROVED,MSME_FAST
FIN-0002715,INV-2026-02455,LND017,2026-09-26,2788623,PENDING,MSME_FAST
FIN-0002716,INV-2026-02456,LND016,2026-09-29,959992,PENDING,MSME_FAST
FIN-0002717,INV-2026-02457,LND014,2026-09-30,3319696,DISBURSED,MSME_FAST
FIN-0002718,INV-2026-02458,LND017,2026-09-22,286092,DISBURSED,MSME_FAST
FIN-0002719,INV-2026-02459,LND025,2026-08-10,1814826,DISBURSED,STANDARD
FIN-0002720,INV-2026-02460,LND019,2026-09-14,1071385,DISBURSED,PRIORITY
FIN-0002721,INV-2026-02461,LND005,2026-08-25,566219,PENDING,PRIORITY
FIN-0002722,INV-2026-02462,LND016,2026-08-18,1722183,APPROVED,MSME_FAST
FIN-0002723,INV-2026-02462,LND008,2026-08-21,2152977,PENDING,PRIORITY
FIN-0002724,INV-2026-02463,LND013,2026-09-20,4119490,PENDING,STANDARD
FIN-0002725,INV-2026-02464,LND001,2026-07-17,3471358,PENDING,MSME_FAST
FIN-0002726,INV-2026-02465,LND001,2026-09-07,183391,PENDING,MSME_FAST
FIN-0002727,INV-2026-02466,LND012,2026-08-27,3372825,PENDING,PRIORITY
FIN-0002728,INV-2026-02467,LND018,2026-06-02,1488761,DISBURSED,STANDARD
FIN-0002729,INV-2026-02467,LND012,2026-06-14,1496569,DISBURSED,PRIORITY
FIN-0002730,INV-2026-02468,LND006,2026-10-04,930774,DISBURSED,STANDARD
FIN-0002731,INV-2026-02469,LND002,2026-06-07,3097698,PENDING,STANDARD
FIN-0002732,INV-2026-02470,LND009,2026-06-28,411798,DISBURSED,PRIORITY
FIN-0002733,INV-2026-02471,LND025,2026-07-01,2111755,APPROVED,MSME_FAST
FIN-0002734,INV-2026-02472,LND013,2026-09-19,2345920,DISBURSED,MSME_FAST
FIN-0002735,INV-2026-02473,LND007,2026-07-08,1039506,APPROVED,MSME_FAST
FIN-0002736,INV-2026-02474,LND015,2026-08-13,567403,PENDING,STANDARD
FIN-0002737,INV-2026-02475,LND017,2026-07-16,2688192,PENDING,STANDARD
FIN-0002738,INV-2026-02476,LND019,2026-06-26,2650751,PENDING,PRIORITY
FIN-0002739,INV-2026-02477,LND009,2026-08-07,2428258,APPROVED,PRIORITY
FIN-0002740,INV-2026-02478,LND011,2026-09-26,3952184,DISBURSED,PRIORITY
FIN-0002741,INV-2026-02479,LND015,2026-09-07,2988079,PENDING,MSME_FAST
FIN-0002742,INV-2026-02480,LND012,2026-09-29,1556213,DISBURSED,PRIORITY
FIN-0002743,INV-2026-02481,LND020,2026-08-22,919570,DISBURSED,STANDARD
FIN-0002744,INV-2026-02482,LND017,2026-09-17,2958418,PENDING,PRIORITY
FIN-0002745,INV-2026-02483,LND023,2026-08-08,1468496,DISBURSED,STANDARD
FIN-0002746,INV-2026-02484,LND012,2026-06-13,1969988,APPROVED,STANDARD
FIN-0002747,INV-2026-02484,LND015,2026-06-13,2015938,APPROVED,MSME_FAST
FIN-0002748,INV-2026-02485,LND012,2026-07-29,3120694,PENDING,PRIORITY
FIN-0002749,INV-2026-02486,LND014,2026-07-19,3024534,APPROVED,MSME_FAST
FIN-0002750,INV-2026-02486,LND021,2026-07-16,3266620,APPROVED,PRIORITY
FIN-0002751,INV-2026-02487,LND008,2026-09-07,3085543,PENDING,STANDARD
FIN-0002752,INV-2026-02488,LND010,2026-06-22,4016246,DISBURSED,PRIORITY
FIN-0002753,INV-2026-02489,LND008,2026-09-09,1866523,PENDING,MSME_FAST
FIN-0002754,INV-2026-02490,LND002,2026-09-14,2290218,DISBURSED,MSME_FAST
FIN-0002755,INV-2026-02491,LND023,2026-07-22,1572969,APPROVED,PRIORITY
FIN-0002756,INV-2026-02492,LND015,2026-07-23,3152477,APPROVED,STANDARD
FIN-0002757,INV-2026-02493,LND005,2026-10-05,993836,DISBURSED,STANDARD
FIN-0002758,INV-2026-02494,LND003,2026-09-21,129630,PENDING,MSME_FAST
FIN-0002759,INV-2026-02495,LND023,2026-09-17,4027501,PENDING,MSME_FAST
FIN-0002760,INV-2026-02496,LND022,2026-08-29,1980400,DISBURSED,MSME_FAST
FIN-0002761,INV-2026-02497,LND014,2026-08-31,4440550,PENDING,MSME_FAST
FIN-0002762,INV-2026-02498,LND002,2026-06-28,3895562,DISBURSED,PRIORITY
FIN-0002763,INV-2026-02498,LND006,2026-06-24,3369940,DISBURSED,STANDARD
FIN-0002764,INV-2026-02499,LND018,2026-09-18,3208152,PENDING,PRIORITY
FIN-0002765,INV-2026-02500,LND025,2026-08-01,2210592,APPROVED,PRIORITY
FIN-0002766,INV-2026-02501,LND016,2026-08-12,2849226,APPROVED,MSME_FAST
FIN-0002767,INV-2026-02502,LND024,2026-09-08,3053382,PENDING,PRIORITY
FIN-0002768,INV-2026-02503,LND009,2026-08-18,2377669,APPROVED,STANDARD
FIN-0002769,INV-2026-02504,LND010,2026-09-01,2635124,DISBURSED,STANDARD
FIN-0002770,INV-2026-02505,LND021,2026-07-28,3555150,DISBURSED,STANDARD
FIN-0002771,INV-2026-02506,LND017,2026-09-13,1779175,PENDING,MSME_FAST
FIN-0002772,INV-2026-02507,LND013,2026-09-10,67386,PENDING,MSME_FAST
FIN-0002773,INV-2026-02508,LND003,2026-09-30,2646533,DISBURSED,MSME_FAST
FIN-0002774,INV-2026-02509,LND002,2026-09-05,3182931,DISBURSED,PRIORITY
FIN-0002775,INV-2026-02510,LND015,2026-06-12,1070715,APPROVED,STANDARD
FIN-0002776,INV-2026-02511,LND019,2026-08-16,551096,PENDING,PRIORITY
FIN-0002777,INV-2026-02512,LND018,2026-08-03,1896273,PENDING,STANDARD
FIN-0002778,INV-2026-02513,LND019,2026-07-14,612591,DISBURSED,STANDARD
FIN-0002779,INV-2026-02514,LND024,2026-07-15,1226200,PENDING,PRIORITY
FIN-0002780,INV-2026-02515,LND013,2026-07-08,62408,APPROVED,STANDARD
FIN-0002781,INV-2026-02516,LND023,2026-10-13,159672,APPROVED,MSME_FAST
FIN-0002782,INV-2026-02517,LND012,2026-08-28,3174026,APPROVED,MSME_FAST
FIN-0002783,INV-2026-02518,LND008,2026-08-02,2537451,APPROVED,STANDARD
FIN-0002784,INV-2026-02519,LND015,2026-07-06,738522,DISBURSED,MSME_FAST
FIN-0002785,INV-2026-02520,LND025,2026-06-04,1333214,DISBURSED,MSME_FAST
FIN-0002786,INV-2026-02520,LND002,2026-06-12,1125085,DISBURSED,MSME_FAST
FIN-0002787,INV-2026-02521,LND007,2026-09-25,1752414,PENDING,MSME_FAST
FIN-0002788,INV-2026-02522,LND016,2026-07-16,535749,PENDING,STANDARD
FIN-0002789,INV-2026-02523,LND003,2026-09-03,2173833,PENDING,MSME_FAST
FIN-0002790,INV-2026-02524,LND008,2026-07-27,4315224,APPROVED,STANDARD
FIN-0002791,INV-2026-02525,LND024,2026-08-21,3513853,APPROVED,PRIORITY
FIN-0002792,INV-2026-02525,LND019,2026-08-06,3884595,APPROVED,STANDARD
FIN-0002793,INV-2026-02526,LND012,2026-10-01,519368,APPROVED,MSME_FAST
FIN-0002794,INV-2026-02527,LND024,2026-09-30,3385378,APPROVED,PRIORITY
FIN-0002795,INV-2026-02528,LND007,2026-06-29,1069511,PENDING,MSME_FAST
FIN-0002796,INV-2026-02529,LND019,2026-08-20,1891008,PENDING,STANDARD
FIN-0002797,INV-2026-02529,LND022,2026-08-09,2222220,DISBURSED,MSME_FAST
FIN-0002798,INV-2026-02530,LND001,2026-07-10,393084,PENDING,MSME_FAST
FIN-0002799,INV-2026-02531,LND008,2026-07-06,1436757,PENDING,MSME_FAST
FIN-0002800,INV-2026-02532,LND002,2026-09-30,2206783,APPROVED,STANDARD
FIN-0002801,INV-2026-02533,LND014,2026-08-25,2404109,APPROVED,STANDARD
FIN-0002802,INV-2026-02534,LND015,2026-09-16,341111,PENDING,PRIORITY
FIN-0002803,INV-2026-02535,LND020,2026-08-12,1046558,DISBURSED,MSME_FAST
FIN-0002804,INV-2026-02536,LND025,2026-06-18,2994956,PENDING,PRIORITY
FIN-0002805,INV-2026-02537,LND005,2026-07-28,2218175,APPROVED,STANDARD
FIN-0002806,INV-2026-02538,LND015,2026-07-11,2232325,APPROVED,MSME_FAST
FIN-0002807,INV-2026-02539,LND014,2026-06-12,1871402,DISBURSED,STANDARD
FIN-0002808,INV-2026-02540,LND008,2026-10-03,667991,PENDING,MSME_FAST
FIN-0002809,INV-2026-02540,LND020,2026-09-23,672820,APPROVED,STANDARD
FIN-0002810,INV-2026-02541,LND006,2026-07-12,3204771,APPROVED,PRIORITY
FIN-0002811,INV-2026-02542,LND009,2026-07-14,2663885,PENDING,STANDARD
FIN-0002812,INV-2026-02543,LND024,2026-09-03,3690851,APPROVED,STANDARD
FIN-0002813,INV-2026-02544,LND020,2026-10-14,2757782,PENDING,PRIORITY
FIN-0002814,INV-2026-02545,LND018,2026-09-09,2038977,APPROVED,PRIORITY
FIN-0002815,INV-2026-02546,LND022,2026-07-31,178398,APPROVED,MSME_FAST
FIN-0002816,INV-2026-02547,LND008,2026-08-30,2521514,DISBURSED,MSME_FAST
FIN-0002817,INV-2026-02548,LND013,2026-08-31,3720781,APPROVED,MSME_FAST
FIN-0002818,INV-2026-02548,LND023,2026-08-28,3881384,DISBURSED,PRIORITY
FIN-0002819,INV-2026-02549,LND021,2026-07-31,907734,PENDING,PRIORITY
FIN-0002820,INV-2026-02550,LND006,2026-08-29,1003270,APPROVED,STANDARD
FIN-0002821,INV-2026-02551,LND004,2026-06-26,2782676,APPROVED,MSME_FAST
FIN-0002822,INV-2026-02552,LND022,2026-06-22,2551322,PENDING,STANDARD
FIN-0002823,INV-2026-02552,LND011,2026-06-29,2327069,APPROVED,PRIORITY
FIN-0002824,INV-2026-02553,LND016,2026-08-18,3576782,APPROVED,STANDARD
FIN-0002825,INV-2026-02554,LND018,2026-07-12,3968931,APPROVED,STANDARD
FIN-0002826,INV-2026-02555,LND002,2026-08-17,2321875,PENDING,STANDARD
FIN-0002827,INV-2026-02556,LND001,2026-06-07,2949246,APPROVED,MSME_FAST
FIN-0002828,INV-2026-02557,LND023,2026-09-26,3152604,PENDING,STANDARD
FIN-0002829,INV-2026-02557,LND005,2026-09-30,2801103,DISBURSED,STANDARD
FIN-0002830,INV-2026-02558,LND009,2026-07-12,813045,APPROVED,STANDARD
FIN-0002831,INV-2026-02559,LND023,2026-08-30,983685,APPROVED,STANDARD
FIN-0002832,INV-2026-02560,LND006,2026-07-20,346199,DISBURSED,STANDARD
FIN-0002833,INV-2026-02561,LND006,2026-07-29,3451422,DISBURSED,PRIORITY
FIN-0002834,INV-2026-02562,LND002,2026-06-08,3279237,APPROVED,STANDARD
FIN-0002835,INV-2026-02563,LND019,2026-09-15,2468930,PENDING,MSME_FAST
FIN-0002836,INV-2026-02564,LND021,2026-07-29,1727129,APPROVED,MSME_FAST
FIN-0002837,INV-2026-02565,LND022,2026-09-08,314203,PENDING,STANDARD
FIN-0002838,INV-2026-02566,LND015,2026-08-12,4114940,DISBURSED,PRIORITY
FIN-0002839,INV-2026-02567,LND008,2026-07-02,1565892,PENDING,MSME_FAST
FIN-0002840,INV-2026-02568,LND019,2026-08-05,2302580,DISBURSED,STANDARD
FIN-0002841,INV-2026-02569,LND002,2026-08-14,3908430,DISBURSED,MSME_FAST
FIN-0002842,INV-2026-02570,LND018,2026-06-14,1783229,PENDING,STANDARD
FIN-0002843,INV-2026-02571,LND008,2026-08-30,2914765,DISBURSED,MSME_FAST
FIN-0002844,INV-2026-02571,LND004,2026-08-27,3021263,PENDING,MSME_FAST
FIN-0002845,INV-2026-02572,LND025,2026-06-20,649419,DISBURSED,MSME_FAST
FIN-0002846,INV-2026-02573,LND003,2026-08-11,2018797,DISBURSED,MSME_FAST
FIN-0002847,INV-2026-02574,LND008,2026-09-14,538482,PENDING,STANDARD
FIN-0002848,INV-2026-02575,LND022,2026-06-22,2380902,PENDING,STANDARD
FIN-0002849,INV-2026-02576,LND016,2026-09-11,2357550,DISBURSED,STANDARD
FIN-0002850,INV-2026-02577,LND007,2026-07-08,4192520,DISBURSED,STANDARD
FIN-0002851,INV-2026-02577,LND012,2026-07-10,3715259,APPROVED,STANDARD
FIN-0002852,INV-2026-02578,LND009,2026-07-19,751753,DISBURSED,STANDARD
FIN-0002853,INV-2026-02579,LND005,2026-07-10,2109057,APPROVED,PRIORITY
FIN-0002854,INV-2026-02580,LND008,2026-07-17,3691998,DISBURSED,PRIORITY
FIN-0002855,INV-2026-02581,LND022,2026-09-23,408902,DISBURSED,PRIORITY
FIN-0002856,INV-2026-02582,LND008,2026-08-12,2683160,PENDING,PRIORITY
FIN-0002857,INV-2026-02583,LND010,2026-09-07,3411936,PENDING,MSME_FAST
FIN-0002858,INV-2026-02583,LND024,2026-09-21,3075141,PENDING,PRIORITY
FIN-0002859,INV-2026-02584,LND001,2026-09-24,2673710,DISBURSED,STANDARD
FIN-0002860,INV-2026-02585,LND011,2026-09-24,3876907,DISBURSED,STANDARD
FIN-0002861,INV-2026-02586,LND024,2026-08-28,3179141,DISBURSED,PRIORITY
FIN-0002862,INV-2026-02587,LND002,2026-09-14,989458,DISBURSED,STANDARD
FIN-0002863,INV-2026-02588,LND002,2026-06-25,1510599,DISBURSED,STANDARD
FIN-0002864,INV-2026-02588,LND005,2026-06-20,1592900,PENDING,STANDARD
FIN-0002865,INV-2026-02589,LND014,2026-08-19,3455141,PENDING,PRIORITY
FIN-0002866,INV-2026-02590,LND013,2026-08-04,2731490,DISBURSED,MSME_FAST
FIN-0002867,INV-2026-02591,LND002,2026-07-17,2938144,DISBURSED,MSME_FAST
FIN-0002868,INV-2026-02592,LND008,2026-09-11,1770779,PENDING,STANDARD
FIN-0002869,INV-2026-02593,LND024,2026-07-24,3127236,PENDING,PRIORITY
FIN-0002870,INV-2026-02594,LND024,2026-06-26,1277107,DISBURSED,MSME_FAST
FIN-0002871,INV-2026-02595,LND013,2026-08-23,2366745,DISBURSED,STANDARD
FIN-0002872,INV-2026-02595,LND001,2026-08-29,2081858,PENDING,STANDARD
FIN-0002873,INV-2026-02596,LND006,2026-08-23,2034331,PENDING,MSME_FAST
FIN-0002874,INV-2026-02597,LND014,2026-09-05,404026,APPROVED,STANDARD
FIN-0002875,INV-2026-02598,LND012,2026-08-02,1108155,PENDING,STANDARD
FIN-0002876,INV-2026-02599,LND008,2026-09-13,762868,DISBURSED,STANDARD
FIN-0002877,INV-2026-02600,LND002,2026-08-26,1892887,APPROVED,STANDARD
FIN-0002878,INV-2026-02601,LND008,2026-09-13,2098439,DISBURSED,MSME_FAST
FIN-0002879,INV-2026-02602,LND013,2026-08-11,3282227,DISBURSED,PRIORITY
FIN-0002880,INV-2026-02603,LND002,2026-08-12,348192,DISBURSED,STANDARD
FIN-0002881,INV-2026-02604,LND022,2026-06-09,1160897,PENDING,PRIORITY
FIN-0002882,INV-2026-02605,LND009,2026-09-15,569281,APPROVED,MSME_FAST
FIN-0002883,INV-2026-02606,LND010,2026-07-06,1151767,APPROVED,MSME_FAST
FIN-0002884,INV-2026-02607,LND004,2026-09-24,3391343,APPROVED,STANDARD
FIN-0002885,INV-2026-02608,LND018,2026-08-01,1130379,DISBURSED,PRIORITY
FIN-0002886,INV-2026-02609,LND005,2026-09-21,3845606,PENDING,STANDARD
FIN-0002887,INV-2026-02610,LND014,2026-09-18,555533,DISBURSED,PRIORITY
FIN-0002888,INV-2026-02611,LND008,2026-10-04,1279532,APPROVED,STANDARD
FIN-0002889,INV-2026-02612,LND012,2026-09-30,2361576,APPROVED,MSME_FAST
FIN-0002890,INV-2026-02613,LND010,2026-07-26,3219908,DISBURSED,STANDARD
FIN-0002891,INV-2026-02614,LND022,2026-07-15,2111805,APPROVED,MSME_FAST
FIN-0002892,INV-2026-02615,LND005,2026-07-07,2362527,APPROVED,PRIORITY
FIN-0002893,INV-2026-02616,LND024,2026-08-14,2568215,DISBURSED,STANDARD
FIN-0002894,INV-2026-02617,LND022,2026-08-15,973392,APPROVED,PRIORITY
FIN-0002895,INV-2026-02617,LND024,2026-08-16,1040365,PENDING,PRIORITY
FIN-0002896,INV-2026-02618,LND005,2026-07-31,1400145,APPROVED,STANDARD
FIN-0002897,INV-2026-02619,LND002,2026-09-05,3520814,PENDING,MSME_FAST
FIN-0002898,INV-2026-02620,LND006,2026-08-05,2892055,PENDING,STANDARD
FIN-0002899,INV-2026-02621,LND002,2026-06-27,345009,DISBURSED,PRIORITY
FIN-0002900,INV-2026-02622,LND024,2026-08-20,1489280,DISBURSED,PRIORITY
FIN-0002901,INV-2026-02623,LND009,2026-07-24,2860093,APPROVED,STANDARD
FIN-0002902,INV-2026-02624,LND001,2026-07-31,1056667,PENDING,STANDARD
FIN-0002903,INV-2026-02625,LND016,2026-07-25,2630840,DISBURSED,STANDARD
FIN-0002904,INV-2026-02626,LND025,2026-06-11,2875414,APPROVED,PRIORITY
FIN-0002905,INV-2026-02627,LND017,2026-09-22,193678,APPROVED,PRIORITY
FIN-0002906,INV-2026-02628,LND023,2026-08-31,3733847,DISBURSED,MSME_FAST
FIN-0002907,INV-2026-02629,LND011,2026-07-21,3220208,APPROVED,MSME_FAST
FIN-0002908,INV-2026-02630,LND020,2026-07-14,1821522,PENDING,PRIORITY
FIN-0002909,INV-2026-02631,LND015,2026-07-16,982554,DISBURSED,STANDARD
FIN-0002910,INV-2026-02632,LND016,2026-08-27,1972053,DISBURSED,STANDARD
FIN-0002911,INV-2026-02633,LND023,2026-08-14,1445628,PENDING,MSME_FAST
FIN-0002912,INV-2026-02634,LND005,2026-07-28,2868750,PENDING,PRIORITY
FIN-0002913,INV-2026-02635,LND009,2026-10-03,3438738,DISBURSED,STANDARD
FIN-0002914,INV-2026-02636,LND013,2026-09-05,2259806,PENDING,PRIORITY
FIN-0002915,INV-2026-02637,LND015,2026-07-13,2191328,APPROVED,STANDARD
FIN-0002916,INV-2026-02638,LND008,2026-07-24,790225,APPROVED,PRIORITY
FIN-0002917,INV-2026-02638,LND005,2026-07-22,714015,APPROVED,MSME_FAST
FIN-0002918,INV-2026-02639,LND016,2026-09-02,1019950,PENDING,STANDARD
FIN-0002919,INV-2026-02640,LND014,2026-08-17,395105,PENDING,PRIORITY
FIN-0002920,INV-2026-02641,LND014,2026-07-27,682673,DISBURSED,STANDARD
FIN-0002921,INV-2026-02642,LND012,2026-06-20,961476,APPROVED,STANDARD
FIN-0002922,INV-2026-02643,LND019,2026-08-03,1555354,PENDING,MSME_FAST
FIN-0002923,INV-2026-02644,LND022,2026-07-09,1615081,APPROVED,STANDARD
FIN-0002924,INV-2026-02645,LND018,2026-08-06,3309930,APPROVED,MSME_FAST
FIN-0002925,INV-2026-02645,LND023,2026-08-14,3239820,APPROVED,PRIORITY
FIN-0002926,INV-2026-02646,LND023,2026-08-18,3345754,APPROVED,PRIORITY
FIN-0002927,INV-2026-02647,LND017,2026-07-17,2217822,DISBURSED,STANDARD
FIN-0002928,INV-2026-02648,LND017,2026-09-25,2262505,APPROVED,PRIORITY
FIN-0002929,INV-2026-02649,LND016,2026-06-30,2225564,APPROVED,STANDARD
FIN-0002930,INV-2026-02650,LND014,2026-07-23,2619781,DISBURSED,STANDARD
FIN-0002931,INV-2026-02651,LND010,2026-09-23,4222998,APPROVED,PRIORITY
FIN-0002932,INV-2026-02652,LND024,2026-07-27,3439949,APPROVED,PRIORITY
FIN-0002933,INV-2026-02653,LND010,2026-09-12,994159,DISBURSED,PRIORITY
FIN-0002934,INV-2026-02654,LND015,2026-07-25,1259594,PENDING,STANDARD
FIN-0002935,INV-2026-02655,LND008,2026-08-01,2063649,DISBURSED,MSME_FAST
FIN-0002936,INV-2026-02656,LND001,2026-07-27,1641634,DISBURSED,STANDARD
FIN-0002937,INV-2026-02657,LND013,2026-09-06,3228964,DISBURSED,STANDARD
FIN-0002938,INV-2026-02658,LND011,2026-06-29,1894530,APPROVED,STANDARD
FIN-0002939,INV-2026-02659,LND022,2026-08-12,302891,PENDING,STANDARD
FIN-0002940,INV-2026-02659,LND008,2026-08-17,281238,PENDING,STANDARD
FIN-0002941,INV-2026-02660,LND008,2026-06-11,2367349,DISBURSED,MSME_FAST
FIN-0002942,INV-2026-02661,LND007,2026-06-14,2772129,PENDING,MSME_FAST
FIN-0002943,INV-2026-02662,LND011,2026-08-24,246317,PENDING,MSME_FAST
FIN-0002944,INV-2026-02663,LND008,2026-10-03,292260,PENDING,MSME_FAST
FIN-0002945,INV-2026-02664,LND003,2026-08-28,1717827,PENDING,PRIORITY
FIN-0002946,INV-2026-02665,LND006,2026-07-01,4131217,PENDING,PRIORITY
FIN-0002947,INV-2026-02666,LND019,2026-06-24,1164850,DISBURSED,MSME_FAST
FIN-0002948,INV-2026-02667,LND015,2026-09-18,3664909,PENDING,PRIORITY
FIN-0002949,INV-2026-02668,LND018,2026-07-03,2509531,DISBURSED,MSME_FAST
FIN-0002950,INV-2026-02669,LND016,2026-09-04,2390106,PENDING,PRIORITY
FIN-0002951,INV-2026-02670,LND019,2026-06-19,784463,DISBURSED,STANDARD
FIN-0002952,INV-2026-02671,LND006,2026-07-03,1557866,APPROVED,PRIORITY
FIN-0002953,INV-2026-02672,LND011,2026-06-10,86851,DISBURSED,STANDARD
FIN-0002954,INV-2026-02673,LND017,2026-06-25,1931990,PENDING,STANDARD
FIN-0002955,INV-2026-02674,LND017,2026-07-27,1458598,PENDING,STANDARD
FIN-0002956,INV-2026-02675,LND022,2026-08-10,2134559,PENDING,MSME_FAST
FIN-0002957,INV-2026-02675,LND021,2026-08-09,2347701,APPROVED,MSME_FAST
FIN-0002958,INV-2026-02676,LND015,2026-08-29,432681,APPROVED,MSME_FAST
FIN-0002959,INV-2026-02677,LND022,2026-09-08,98416,PENDING,STANDARD
FIN-0002960,INV-2026-02678,LND017,2026-09-19,2468503,PENDING,PRIORITY
FIN-0002961,INV-2026-02679,LND023,2026-08-02,915758,PENDING,PRIORITY
FIN-0002962,INV-2026-02680,LND009,2026-07-01,2186664,DISBURSED,MSME_FAST
FIN-0002963,INV-2026-02681,LND022,2026-07-07,4076294,APPROVED,PRIORITY
FIN-0002964,INV-2026-02682,LND004,2026-07-21,3097117,DISBURSED,MSME_FAST
FIN-0002965,INV-2026-02683,LND009,2026-09-04,792091,PENDING,PRIORITY
FIN-0002966,INV-2026-02684,LND021,2026-07-21,1067062,PENDING,MSME_FAST
FIN-0002967,INV-2026-02685,LND010,2026-08-14,798851,APPROVED,PRIORITY
FIN-0002968,INV-2026-02686,LND007,2026-09-25,1000232,PENDING,MSME_FAST
FIN-0002969,INV-2026-02687,LND017,2026-09-06,2472376,DISBURSED,MSME_FAST
FIN-0002970,INV-2026-02688,LND005,2026-10-04,2309848,PENDING,STANDARD
FIN-0002971,INV-2026-02689,LND009,2026-07-08,1967791,APPROVED,PRIORITY
FIN-0002972,INV-2026-02690,LND024,2026-08-30,3244161,DISBURSED,MSME_FAST
FIN-0002973,INV-2026-02691,LND015,2026-06-25,2724925,PENDING,STANDARD
FIN-0002974,INV-2026-02692,LND008,2026-08-18,1357898,DISBURSED,MSME_FAST
FIN-0002975,INV-2026-02692,LND001,2026-08-16,1269878,PENDING,MSME_FAST
FIN-0002976,INV-2026-02693,LND016,2026-08-07,2646018,APPROVED,PRIORITY
FIN-0002977,INV-2026-02694,LND007,2026-10-04,1908136,DISBURSED,STANDARD
FIN-0002978,INV-2026-02695,LND015,2026-07-01,956335,DISBURSED,STANDARD
FIN-0002979,INV-2026-02695,LND005,2026-06-28,1028010,APPROVED,PRIORITY
FIN-0002980,INV-2026-02696,LND020,2026-06-30,1496211,DISBURSED,PRIORITY
FIN-0002981,INV-2026-02697,LND021,2026-06-25,641679,PENDING,MSME_FAST
FIN-0002982,INV-2026-02698,LND006,2026-06-09,2676504,PENDING,STANDARD
FIN-0002983,INV-2026-02699,LND022,2026-10-10,2380373,DISBURSED,STANDARD
FIN-0002984,INV-2026-02700,LND008,2026-06-16,3639125,DISBURSED,MSME_FAST
FIN-0002985,INV-2026-02700,LND012,2026-06-04,3944032,DISBURSED,PRIORITY
FIN-0002986,INV-2026-02701,LND004,2026-08-11,732384,APPROVED,STANDARD
FIN-0002987,INV-2026-02702,LND005,2026-07-25,3824118,APPROVED,STANDARD
FIN-0002988,INV-2026-02703,LND012,2026-08-28,492455,APPROVED,MSME_FAST
FIN-0002989,INV-2026-02704,LND010,2026-07-17,322160,PENDING,PRIORITY
FIN-0002990,INV-2026-02705,LND010,2026-08-12,772648,APPROVED,PRIORITY
FIN-0002991,INV-2026-02706,LND017,2026-09-29,1361123,APPROVED,STANDARD
FIN-0002992,INV-2026-02707,LND004,2026-07-12,2384246,APPROVED,PRIORITY
FIN-0002993,INV-2026-02708,LND017,2026-08-03,622743,PENDING,STANDARD
FIN-0002994,INV-2026-02709,LND024,2026-08-23,1413512,APPROVED,MSME_FAST
FIN-0002995,INV-2026-02710,LND008,2026-06-16,3944334,APPROVED,PRIORITY
FIN-0002996,INV-2026-02711,LND015,2026-07-21,860803,APPROVED,MSME_FAST
FIN-0002997,INV-2026-02712,LND002,2026-06-28,382198,PENDING,STANDARD
FIN-0002998,INV-2026-02713,LND001,2026-07-02,697250,APPROVED,STANDARD
FIN-0002999,INV-2026-02714,LND010,2026-06-15,3275220,APPROVED,PRIORITY
FIN-0003000,INV-2026-02714,LND009,2026-06-11,2896422,APPROVED,MSME_FAST
FIN-0003001,INV-2026-02715,LND004,2026-10-04,2068807,APPROVED,STANDARD
FIN-0003002,INV-2026-02716,LND015,2026-09-17,2737390,PENDING,STANDARD
FIN-0003003,INV-2026-02716,LND001,2026-09-06,2553566,APPROVED,STANDARD
FIN-0003004,INV-2026-02717,LND013,2026-09-24,2789935,DISBURSED,STANDARD
FIN-0003005,INV-2026-02718,LND007,2026-09-06,3672010,PENDING,STANDARD
FIN-0003006,INV-2026-02719,LND001,2026-09-13,2501993,PENDING,MSME_FAST
FIN-0003007,INV-2026-02720,LND007,2026-07-08,4304790,PENDING,MSME_FAST
FIN-0003008,INV-2026-02721,LND023,2026-09-14,2979762,DISBURSED,MSME_FAST
FIN-0003009,INV-2026-02722,LND001,2026-06-08,644882,DISBURSED,STANDARD
FIN-0003010,INV-2026-02723,LND008,2026-09-30,2058604,DISBURSED,STANDARD
FIN-0003011,INV-2026-02724,LND001,2026-08-01,1523915,PENDING,MSME_FAST
FIN-0003012,INV-2026-02725,LND020,2026-06-10,895842,PENDING,MSME_FAST
FIN-0003013,INV-2026-02726,LND007,2026-07-05,632132,APPROVED,PRIORITY
FIN-0003014,INV-2026-02727,LND008,2026-08-15,2567884,PENDING,MSME_FAST
FIN-0003015,INV-2026-02728,LND004,2026-07-18,1490888,DISBURSED,MSME_FAST
FIN-0003016,INV-2026-02729,LND009,2026-09-28,510284,APPROVED,STANDARD
FIN-0003017,INV-2026-02730,LND007,2026-07-31,2541625,APPROVED,STANDARD
FIN-0003018,INV-2026-02730,LND015,2026-07-23,2477352,APPROVED,MSME_FAST
FIN-0003019,INV-2026-02731,LND007,2026-07-13,864333,APPROVED,STANDARD
FIN-0003020,INV-2026-02732,LND005,2026-07-09,2358797,DISBURSED,PRIORITY
FIN-0003021,INV-2026-02733,LND008,2026-07-12,3527281,DISBURSED,MSME_FAST
FIN-0003022,INV-2026-02734,LND003,2026-06-23,1556088,APPROVED,PRIORITY
FIN-0003023,INV-2026-02735,LND018,2026-09-21,2755813,APPROVED,MSME_FAST
FIN-0003024,INV-2026-02736,LND014,2026-07-14,2319362,DISBURSED,STANDARD
FIN-0003025,INV-2026-02737,LND024,2026-09-27,1734329,DISBURSED,STANDARD
FIN-0003026,INV-2026-02738,LND019,2026-06-12,1672927,PENDING,PRIORITY
FIN-0003027,INV-2026-02739,LND012,2026-09-15,3047044,DISBURSED,PRIORITY
FIN-0003028,INV-2026-02740,LND001,2026-09-29,1972999,APPROVED,STANDARD
FIN-0003029,INV-2026-02740,LND004,2026-09-25,1593952,DISBURSED,PRIORITY
FIN-0003030,INV-2026-02741,LND006,2026-07-11,3457460,DISBURSED,PRIORITY
FIN-0003031,INV-2026-02742,LND008,2026-09-15,2812273,DISBURSED,MSME_FAST
FIN-0003032,INV-2026-02743,LND001,2026-08-02,2304782,PENDING,PRIORITY
FIN-0003033,INV-2026-02744,LND003,2026-08-12,1002162,PENDING,MSME_FAST
FIN-0003034,INV-2026-02745,LND005,2026-10-08,4244481,APPROVED,STANDARD
FIN-0003035,INV-2026-02746,LND003,2026-09-25,2135582,DISBURSED,MSME_FAST
FIN-0003036,INV-2026-02747,LND011,2026-08-04,358879,PENDING,MSME_FAST
FIN-0003037,INV-2026-02748,LND003,2026-07-13,2457992,APPROVED,MSME_FAST
FIN-0003038,INV-2026-02749,LND007,2026-08-21,3275076,PENDING,STANDARD
FIN-0003039,INV-2026-02750,LND021,2026-07-01,4249639,APPROVED,MSME_FAST
FIN-0003040,INV-2026-02751,LND005,2026-09-17,197904,DISBURSED,PRIORITY
FIN-0003041,INV-2026-02752,LND007,2026-09-09,1560302,APPROVED,STANDARD
FIN-0003042,INV-2026-02753,LND002,2026-09-25,115024,DISBURSED,STANDARD
FIN-0003043,INV-2026-02754,LND007,2026-07-02,3586795,PENDING,MSME_FAST
FIN-0003044,INV-2026-02755,LND020,2026-09-14,2385544,PENDING,MSME_FAST
FIN-0003045,INV-2026-02756,LND014,2026-09-22,2878400,PENDING,STANDARD
FIN-0003046,INV-2026-02757,LND014,2026-06-10,2878570,DISBURSED,PRIORITY
FIN-0003047,INV-2026-02758,LND015,2026-07-04,2560246,DISBURSED,PRIORITY
FIN-0003048,INV-2026-02759,LND019,2026-10-04,1200560,PENDING,PRIORITY
FIN-0003049,INV-2026-02760,LND009,2026-07-27,443631,DISBURSED,STANDARD
FIN-0003050,INV-2026-02761,LND006,2026-08-02,3758966,PENDING,MSME_FAST
FIN-0003051,INV-2026-02762,LND014,2026-08-16,2833319,DISBURSED,MSME_FAST
FIN-0003052,INV-2026-02763,LND003,2026-09-02,1420698,APPROVED,MSME_FAST
FIN-0003053,INV-2026-02764,LND015,2026-10-05,3813722,PENDING,STANDARD
FIN-0003054,INV-2026-02765,LND015,2026-09-16,2669385,PENDING,MSME_FAST
FIN-0003055,INV-2026-02766,LND011,2026-09-11,1862447,DISBURSED,MSME_FAST
FIN-0003056,INV-2026-02767,LND011,2026-08-30,2282318,DISBURSED,PRIORITY
FIN-0003057,INV-2026-02768,LND007,2026-07-14,2336232,PENDING,PRIORITY
FIN-0003058,INV-2026-02769,LND012,2026-07-14,3459782,PENDING,STANDARD
FIN-0003059,INV-2026-02770,LND010,2026-09-23,258324,APPROVED,PRIORITY
FIN-0003060,INV-2026-02771,LND002,2026-07-27,3345279,PENDING,STANDARD
FIN-0003061,INV-2026-02772,LND001,2026-07-02,2123681,DISBURSED,PRIORITY
FIN-0003062,INV-2026-02773,LND009,2026-09-16,3260154,DISBURSED,MSME_FAST
FIN-0003063,INV-2026-02774,LND020,2026-10-02,1983192,PENDING,PRIORITY
FIN-0003064,INV-2026-02775,LND012,2026-08-05,3144686,DISBURSED,MSME_FAST
FIN-0003065,INV-2026-02776,LND021,2026-08-13,249157,APPROVED,MSME_FAST
FIN-0003066,INV-2026-02777,LND019,2026-08-24,3319595,APPROVED,PRIORITY
FIN-0003067,INV-2026-02778,LND003,2026-09-06,1694685,DISBURSED,STANDARD
FIN-0003068,INV-2026-02779,LND007,2026-09-26,560429,DISBURSED,MSME_FAST
FIN-0003069,INV-2026-02780,LND018,2026-08-26,2438448,PENDING,PRIORITY
FIN-0003070,INV-2026-02781,LND004,2026-09-02,4018353,PENDING,PRIORITY
FIN-0003071,INV-2026-02782,LND002,2026-07-04,3455817,DISBURSED,MSME_FAST
FIN-0003072,INV-2026-02782,LND024,2026-06-22,2959717,APPROVED,PRIORITY
FIN-0003073,INV-2026-02783,LND009,2026-09-13,941362,APPROVED,STANDARD
FIN-0003074,INV-2026-02784,LND016,2026-08-13,1318958,APPROVED,STANDARD
FIN-0003075,INV-2026-02785,LND018,2026-07-18,2129822,PENDING,MSME_FAST
FIN-0003076,INV-2026-02786,LND002,2026-08-20,1292107,APPROVED,PRIORITY
FIN-0003077,INV-2026-02787,LND021,2026-09-02,563118,DISBURSED,STANDARD
FIN-0003078,INV-2026-02788,LND006,2026-09-01,2249607,PENDING,STANDARD
FIN-0003079,INV-2026-02789,LND010,2026-09-09,1017806,APPROVED,STANDARD
FIN-0003080,INV-2026-02790,LND004,2026-07-24,2450725,APPROVED,STANDARD
FIN-0003081,INV-2026-02791,LND012,2026-08-03,3558139,APPROVED,PRIORITY
FIN-0003082,INV-2026-02792,LND019,2026-07-27,1663045,PENDING,STANDARD
FIN-0003083,INV-2026-02793,LND008,2026-09-21,166862,PENDING,PRIORITY
FIN-0003084,INV-2026-02794,LND021,2026-08-04,3865812,DISBURSED,STANDARD
FIN-0003085,INV-2026-02795,LND001,2026-09-21,1433879,APPROVED,PRIORITY
FIN-0003086,INV-2026-02796,LND001,2026-07-09,2183221,DISBURSED,STANDARD
FIN-0003087,INV-2026-02797,LND021,2026-08-05,2589950,PENDING,PRIORITY
FIN-0003088,INV-2026-02798,LND025,2026-08-02,1392899,PENDING,PRIORITY
FIN-0003089,INV-2026-02799,LND024,2026-07-27,1820122,PENDING,PRIORITY
FIN-0003090,INV-2026-02800,LND018,2026-08-13,2867333,PENDING,MSME_FAST
FIN-0003091,INV-2026-02800,LND015,2026-08-06,2672802,APPROVED,STANDARD
FIN-0003092,INV-2026-02801,LND001,2026-08-04,2163791,APPROVED,STANDARD
FIN-0003093,INV-2026-02802,LND010,2026-07-23,610347,APPROVED,PRIORITY
FIN-0003094,INV-2026-02803,LND016,2026-08-27,3480819,PENDING,STANDARD
FIN-0003095,INV-2026-02803,LND004,2026-09-01,3057113,DISBURSED,MSME_FAST
FIN-0003096,INV-2026-02804,LND015,2026-07-21,856099,APPROVED,STANDARD
FIN-0003097,INV-2026-02804,LND004,2026-07-15,984969,PENDING,PRIORITY
FIN-0003098,INV-2026-02805,LND017,2026-07-05,3715388,DISBURSED,STANDARD
FIN-0003099,INV-2026-02806,LND018,2026-08-15,1065631,APPROVED,MSME_FAST
FIN-0003100,INV-2026-02807,LND022,2026-08-27,3605399,DISBURSED,PRIORITY
FIN-0003101,INV-2026-02807,LND009,2026-08-30,3887289,PENDING,PRIORITY
FIN-0003102,INV-2026-02808,LND014,2026-06-21,3372548,DISBURSED,PRIORITY
FIN-0003103,INV-2026-02809,LND019,2026-10-11,2426107,PENDING,STANDARD
FIN-0003104,INV-2026-02810,LND020,2026-09-20,1283267,APPROVED,PRIORITY
FIN-0003105,INV-2026-02811,LND018,2026-09-29,168001,PENDING,STANDARD
FIN-0003106,INV-2026-02812,LND021,2026-09-16,730168,APPROVED,PRIORITY
FIN-0003107,INV-2026-02813,LND006,2026-09-14,3475651,DISBURSED,PRIORITY
FIN-0003108,INV-2026-02814,LND001,2026-07-21,886232,DISBURSED,PRIORITY
FIN-0003109,INV-2026-02815,LND023,2026-06-23,450097,DISBURSED,MSME_FAST
FIN-0003110,INV-2026-02816,LND009,2026-09-11,3053921,APPROVED,MSME_FAST
FIN-0003111,INV-2026-02817,LND022,2026-09-11,2525984,DISBURSED,STANDARD
FIN-0003112,INV-2026-02818,LND016,2026-07-13,1872021,PENDING,STANDARD
FIN-0003113,INV-2026-02819,LND021,2026-09-26,2181533,PENDING,PRIORITY
FIN-0003114,INV-2026-02820,LND016,2026-09-01,1002885,PENDING,STANDARD
FIN-0003115,INV-2026-02821,LND009,2026-09-09,2923082,APPROVED,MSME_FAST
FIN-0003116,INV-2026-02822,LND014,2026-09-15,290417,PENDING,STANDARD
FIN-0003117,INV-2026-02822,LND015,2026-09-19,346374,DISBURSED,STANDARD
FIN-0003118,INV-2026-02823,LND016,2026-07-07,1699320,APPROVED,MSME_FAST
FIN-0003119,INV-2026-02824,LND006,2026-08-28,2966791,PENDING,MSME_FAST
FIN-0003120,INV-2026-02825,LND012,2026-08-21,334703,PENDING,MSME_FAST
FIN-0003121,INV-2026-02826,LND002,2026-08-06,2582858,PENDING,STANDARD
FIN-0003122,INV-2026-02827,LND013,2026-08-05,1249722,APPROVED,PRIORITY
FIN-0003123,INV-2026-02827,LND005,2026-08-01,1155003,APPROVED,STANDARD
FIN-0003124,INV-2026-02828,LND014,2026-06-20,925225,DISBURSED,PRIORITY
FIN-0003125,INV-2026-02829,LND021,2026-07-08,243240,DISBURSED,STANDARD
FIN-0003126,INV-2026-02830,LND023,2026-09-19,3543697,PENDING,MSME_FAST
FIN-0003127,INV-2026-02831,LND006,2026-10-04,445046,PENDING,STANDARD
FIN-0003128,INV-2026-02832,LND019,2026-06-19,1815223,PENDING,STANDARD
FIN-0003129,INV-2026-02833,LND002,2026-07-28,1103281,DISBURSED,PRIORITY
FIN-0003130,INV-2026-02834,LND019,2026-07-28,1948523,PENDING,STANDARD
FIN-0003131,INV-2026-02835,LND022,2026-07-01,1817471,DISBURSED,STANDARD
FIN-0003132,INV-2026-02836,LND002,2026-07-29,1781372,APPROVED,PRIORITY
FIN-0003133,INV-2026-02836,LND019,2026-07-28,1643346,DISBURSED,MSME_FAST
FIN-0003134,INV-2026-02837,LND010,2026-09-21,1588389,APPROVED,STANDARD
FIN-0003135,INV-2026-02838,LND018,2026-09-23,3216193,DISBURSED,STANDARD
FIN-0003136,INV-2026-02839,LND008,2026-06-05,3888296,APPROVED,STANDARD
FIN-0003137,INV-2026-02840,LND018,2026-09-18,1189471,APPROVED,STANDARD
FIN-0003138,INV-2026-02841,LND016,2026-07-16,2428701,APPROVED,MSME_FAST
FIN-0003139,INV-2026-02842,LND015,2026-06-06,4014119,DISBURSED,PRIORITY
FIN-0003140,INV-2026-02843,LND006,2026-10-01,2242679,DISBURSED,PRIORITY
FIN-0003141,INV-2026-02844,LND018,2026-07-21,2206556,DISBURSED,MSME_FAST
FIN-0003142,INV-2026-02845,LND019,2026-07-12,2039742,APPROVED,MSME_FAST
FIN-0003143,INV-2026-02846,LND011,2026-07-05,1865881,APPROVED,STANDARD
FIN-0003144,INV-2026-02846,LND003,2026-07-03,2015582,DISBURSED,MSME_FAST
FIN-0003145,INV-2026-02847,LND008,2026-07-02,3632685,DISBURSED,STANDARD
FIN-0003146,INV-2026-02848,LND025,2026-09-12,2351187,DISBURSED,STANDARD
FIN-0003147,INV-2026-02849,LND018,2026-07-06,2234290,APPROVED,STANDARD
FIN-0003148,INV-2026-02849,LND022,2026-07-10,2057222,PENDING,MSME_FAST
FIN-0003149,INV-2026-02850,LND021,2026-09-09,1523030,DISBURSED,PRIORITY
FIN-0003150,INV-2026-02850,LND018,2026-09-04,1414432,APPROVED,MSME_FAST
FIN-0003151,INV-2026-02851,LND010,2026-08-09,3218255,DISBURSED,PRIORITY
FIN-0003152,INV-2026-02852,LND018,2026-06-21,3484372,PENDING,PRIORITY
FIN-0003153,INV-2026-02853,LND021,2026-07-13,1527256,APPROVED,STANDARD
FIN-0003154,INV-2026-02854,LND009,2026-06-13,1387249,DISBURSED,STANDARD
FIN-0003155,INV-2026-02855,LND017,2026-07-01,1256084,PENDING,MSME_FAST
FIN-0003156,INV-2026-02856,LND018,2026-09-04,187493,DISBURSED,PRIORITY
FIN-0003157,INV-2026-02857,LND012,2026-06-12,1013948,DISBURSED,PRIORITY
FIN-0003158,INV-2026-02858,LND014,2026-07-29,541029,APPROVED,MSME_FAST
FIN-0003159,INV-2026-02859,LND002,2026-06-18,2114891,DISBURSED,STANDARD
FIN-0003160,INV-2026-02860,LND023,2026-07-19,2269004,PENDING,MSME_FAST
FIN-0003161,INV-2026-02861,LND006,2026-08-25,1634319,DISBURSED,MSME_FAST
FIN-0003162,INV-2026-02862,LND015,2026-07-21,1875959,DISBURSED,PRIORITY
FIN-0003163,INV-2026-02863,LND015,2026-07-18,1136359,APPROVED,PRIORITY
FIN-0003164,INV-2026-02864,LND021,2026-08-09,1462377,PENDING,STANDARD
FIN-0003165,INV-2026-02865,LND005,2026-06-14,3847182,APPROVED,MSME_FAST
FIN-0003166,INV-2026-02865,LND006,2026-06-16,3872812,PENDING,PRIORITY
FIN-0003167,INV-2026-02866,LND019,2026-09-24,2442350,PENDING,STANDARD
FIN-0003168,INV-2026-02867,LND014,2026-08-30,1816817,DISBURSED,MSME_FAST
FIN-0003169,INV-2026-02867,LND006,2026-08-24,2269496,APPROVED,PRIORITY
FIN-0003170,INV-2026-02868,LND019,2026-06-27,3261392,PENDING,PRIORITY
FIN-0003171,INV-2026-02869,LND007,2026-07-21,2041038,DISBURSED,STANDARD
FIN-0003172,INV-2026-02870,LND007,2026-06-26,1618344,PENDING,PRIORITY
FIN-0003173,INV-2026-02871,LND009,2026-06-28,2643787,PENDING,MSME_FAST
FIN-0003174,INV-2026-02872,LND011,2026-09-08,3811092,APPROVED,STANDARD
FIN-0003175,INV-2026-02873,LND010,2026-06-07,797919,DISBURSED,MSME_FAST
FIN-0003176,INV-2026-02873,LND013,2026-06-11,850224,APPROVED,MSME_FAST
FIN-0003177,INV-2026-02874,LND012,2026-06-13,1859177,DISBURSED,STANDARD
FIN-0003178,INV-2026-02875,LND002,2026-08-24,3360607,PENDING,PRIORITY
FIN-0003179,INV-2026-02876,LND015,2026-08-23,2933967,DISBURSED,MSME_FAST
FIN-0003180,INV-2026-02877,LND012,2026-09-05,1451411,PENDING,PRIORITY
FIN-0003181,INV-2026-02878,LND008,2026-06-06,3662962,PENDING,STANDARD
FIN-0003182,INV-2026-02879,LND016,2026-09-07,2539727,DISBURSED,MSME_FAST
FIN-0003183,INV-2026-02879,LND002,2026-09-07,3090679,PENDING,MSME_FAST
FIN-0003184,INV-2026-02880,LND014,2026-06-24,4314300,PENDING,STANDARD
FIN-0003185,INV-2026-02881,LND003,2026-06-21,3838834,PENDING,MSME_FAST
FIN-0003186,INV-2026-02882,LND008,2026-08-31,2701064,DISBURSED,STANDARD
FIN-0003187,INV-2026-02883,LND014,2026-07-25,852742,DISBURSED,PRIORITY
FIN-0003188,INV-2026-02883,LND007,2026-08-01,790833,APPROVED,STANDARD
FIN-0003189,INV-2026-02884,LND023,2026-08-07,574497,DISBURSED,PRIORITY
FIN-0003190,INV-2026-02885,LND002,2026-08-27,243888,APPROVED,STANDARD
FIN-0003191,INV-2026-02886,LND008,2026-09-13,3242871,APPROVED,PRIORITY
FIN-0003192,INV-2026-02887,LND008,2026-06-14,240424,DISBURSED,MSME_FAST
FIN-0003193,INV-2026-02888,LND008,2026-09-01,52113,APPROVED,PRIORITY
FIN-0003194,INV-2026-02889,LND017,2026-08-01,2066637,DISBURSED,MSME_FAST
FIN-0003195,INV-2026-02890,LND006,2026-08-03,2239880,DISBURSED,STANDARD
FIN-0003196,INV-2026-02891,LND020,2026-08-08,231723,APPROVED,STANDARD
FIN-0003197,INV-2026-02891,LND018,2026-08-12,227208,DISBURSED,PRIORITY
FIN-0003198,INV-2026-02892,LND010,2026-09-28,3284314,PENDING,MSME_FAST
FIN-0003199,INV-2026-02893,LND025,2026-08-30,1683414,APPROVED,STANDARD
FIN-0003200,INV-2026-02893,LND017,2026-08-28,1689067,DISBURSED,MSME_FAST
FIN-0003201,INV-2026-02894,LND016,2026-07-28,1875687,APPROVED,MSME_FAST
FIN-0003202,INV-2026-02895,LND014,2026-07-25,2927746,PENDING,STANDARD
FIN-0003203,INV-2026-02896,LND010,2026-07-29,4135319,DISBURSED,STANDARD
FIN-0003204,INV-2026-02897,LND018,2026-08-06,2186548,DISBURSED,MSME_FAST
FIN-0003205,INV-2026-02898,LND001,2026-09-25,2596325,APPROVED,MSME_FAST
FIN-0003206,INV-2026-02899,LND003,2026-08-11,641033,DISBURSED,PRIORITY
FIN-0003207,INV-2026-02900,LND011,2026-10-10,3434198,PENDING,MSME_FAST
FIN-0003208,INV-2026-02901,LND022,2026-08-11,2556458,APPROVED,MSME_FAST
FIN-0003209,INV-2026-02902,LND023,2026-07-11,1489263,APPROVED,PRIORITY
FIN-0003210,INV-2026-02903,LND002,2026-06-05,1527267,PENDING,STANDARD
FIN-0003211,INV-2026-02904,LND016,2026-08-01,4057078,PENDING,STANDARD
FIN-0003212,INV-2026-02905,LND018,2026-07-26,825207,DISBURSED,PRIORITY
FIN-0003213,INV-2026-02906,LND016,2026-09-23,116761,APPROVED,MSME_FAST
FIN-0003214,INV-2026-02907,LND020,2026-07-26,962409,PENDING,STANDARD
FIN-0003215,INV-2026-02908,LND020,2026-07-18,467061,PENDING,STANDARD
FIN-0003216,INV-2026-02909,LND012,2026-09-06,251602,APPROVED,STANDARD
FIN-0003217,INV-2026-02910,LND024,2026-07-05,2684775,DISBURSED,MSME_FAST
FIN-0003218,INV-2026-02911,LND012,2026-07-06,2393585,DISBURSED,MSME_FAST
FIN-0003219,INV-2026-02911,LND013,2026-07-03,2610532,PENDING,MSME_FAST
FIN-0003220,INV-2026-02912,LND014,2026-07-09,3224865,DISBURSED,PRIORITY
FIN-0003221,INV-2026-02913,LND022,2026-07-01,1796598,DISBURSED,STANDARD
FIN-0003222,INV-2026-02913,LND014,2026-07-04,1915644,PENDING,STANDARD
FIN-0003223,INV-2026-02914,LND025,2026-06-17,1529844,APPROVED,STANDARD
FIN-0003224,INV-2026-02915,LND002,2026-08-12,3262040,APPROVED,STANDARD
FIN-0003225,INV-2026-02915,LND024,2026-08-25,2749943,APPROVED,MSME_FAST
FIN-0003226,INV-2026-02916,LND008,2026-07-04,2332304,APPROVED,PRIORITY
FIN-0003227,INV-2026-02917,LND004,2026-08-23,3503971,DISBURSED,PRIORITY
FIN-0003228,INV-2026-02917,LND009,2026-08-27,3766324,PENDING,PRIORITY
FIN-0003229,INV-2026-02918,LND024,2026-09-14,3304390,DISBURSED,STANDARD
FIN-0003230,INV-2026-02919,LND010,2026-06-22,1239221,DISBURSED,MSME_FAST
FIN-0003231,INV-2026-02920,LND010,2026-06-16,2107007,APPROVED,STANDARD
FIN-0003232,INV-2026-02921,LND009,2026-07-03,698774,APPROVED,MSME_FAST
FIN-0003233,INV-2026-02922,LND022,2026-09-11,4165231,DISBURSED,PRIORITY
FIN-0003234,INV-2026-02923,LND015,2026-09-18,3391324,APPROVED,MSME_FAST
FIN-0003235,INV-2026-02924,LND007,2026-07-24,103739,APPROVED,MSME_FAST
FIN-0003236,INV-2026-02925,LND020,2026-09-12,3772797,DISBURSED,STANDARD
FIN-0003237,INV-2026-02925,LND009,2026-09-14,3144958,DISBURSED,STANDARD
FIN-0003238,INV-2026-02926,LND020,2026-08-16,781248,DISBURSED,MSME_FAST
FIN-0003239,INV-2026-02927,LND023,2026-08-19,228419,DISBURSED,STANDARD
FIN-0003240,INV-2026-02928,LND016,2026-06-29,2108510,DISBURSED,PRIORITY
FIN-0003241,INV-2026-02929,LND012,2026-09-16,4092939,PENDING,MSME_FAST
FIN-0003242,INV-2026-02930,LND025,2026-06-30,875258,APPROVED,STANDARD
FIN-0003243,INV-2026-02931,LND011,2026-08-22,3381115,DISBURSED,PRIORITY
FIN-0003244,INV-2026-02932,LND022,2026-07-08,2918087,APPROVED,STANDARD
FIN-0003245,INV-2026-02933,LND014,2026-10-01,1465078,DISBURSED,PRIORITY
FIN-0003246,INV-2026-02934,LND021,2026-08-30,217445,PENDING,STANDARD
FIN-0003247,INV-2026-02934,LND003,2026-09-08,246241,PENDING,PRIORITY
FIN-0003248,INV-2026-02935,LND006,2026-09-17,3936315,APPROVED,STANDARD
FIN-0003249,INV-2026-02936,LND010,2026-09-03,1768612,APPROVED,PRIORITY
FIN-0003250,INV-2026-02937,LND013,2026-07-29,1632044,PENDING,MSME_FAST
FIN-0003251,INV-2026-02938,LND012,2026-09-20,947926,APPROVED,STANDARD
FIN-0003252,INV-2026-02939,LND017,2026-09-14,858713,DISBURSED,MSME_FAST
FIN-0003253,INV-2026-02940,LND020,2026-06-21,3926896,DISBURSED,MSME_FAST
FIN-0003254,INV-2026-02941,LND007,2026-09-09,4028536,PENDING,PRIORITY
FIN-0003255,INV-2026-02942,LND023,2026-07-12,1346692,DISBURSED,STANDARD
FIN-0003256,INV-2026-02943,LND014,2026-08-13,531510,APPROVED,PRIORITY
FIN-0003257,INV-2026-02944,LND013,2026-06-04,2222505,PENDING,MSME_FAST
FIN-0003258,INV-2026-02945,LND019,2026-07-15,960126,APPROVED,MSME_FAST
FIN-0003259,INV-2026-02946,LND007,2026-07-22,2068808,DISBURSED,MSME_FAST
FIN-0003260,INV-2026-02947,LND020,2026-08-26,49728,APPROVED,PRIORITY
FIN-0003261,INV-2026-02948,LND018,2026-07-29,2736213,APPROVED,STANDARD
FIN-0003262,INV-2026-02949,LND011,2026-08-13,3408146,PENDING,PRIORITY
FIN-0003263,INV-2026-02950,LND007,2026-09-25,1723067,PENDING,PRIORITY
FIN-0003264,INV-2026-02950,LND023,2026-09-18,1926437,APPROVED,PRIORITY
FIN-0003265,INV-2026-02951,LND021,2026-06-19,3489227,PENDING,STANDARD
FIN-0003266,INV-2026-02952,LND015,2026-07-07,3912986,APPROVED,PRIORITY
FIN-0003267,INV-2026-02952,LND002,2026-07-12,4258993,PENDING,PRIORITY
FIN-0003268,INV-2026-02953,LND023,2026-07-01,1464072,PENDING,MSME_FAST
FIN-0003269,INV-2026-02954,LND001,2026-08-30,3728770,PENDING,MSME_FAST
FIN-0003270,INV-2026-02955,LND001,2026-08-27,1835887,APPROVED,STANDARD
FIN-0003271,INV-2026-02956,LND015,2026-06-21,1813835,PENDING,STANDARD
FIN-0003272,INV-2026-02957,LND002,2026-06-10,1828762,DISBURSED,PRIORITY
FIN-0003273,INV-2026-02958,LND015,2026-08-05,1063999,APPROVED,MSME_FAST
FIN-0003274,INV-2026-02959,LND006,2026-06-18,4010539,APPROVED,STANDARD
FIN-0003275,INV-2026-02960,LND019,2026-06-12,272658,PENDING,PRIORITY
FIN-0003276,INV-2026-02961,LND018,2026-07-22,2398245,PENDING,MSME_FAST
FIN-0003277,INV-2026-02962,LND013,2026-07-27,1499228,PENDING,STANDARD
FIN-0003278,INV-2026-02963,LND017,2026-08-06,1820550,DISBURSED,MSME_FAST
FIN-0003279,INV-2026-02964,LND012,2026-09-21,2248507,PENDING,STANDARD
FIN-0003280,INV-2026-02965,LND005,2026-08-28,3771251,APPROVED,MSME_FAST
FIN-0003281,INV-2026-02966,LND024,2026-06-05,3323445,PENDING,PRIORITY
FIN-0003282,INV-2026-02967,LND018,2026-09-24,2953775,PENDING,MSME_FAST
FIN-0003283,INV-2026-02968,LND019,2026-09-06,3175594,PENDING,PRIORITY
FIN-0003284,INV-2026-02968,LND013,2026-09-11,3609214,DISBURSED,STANDARD
FIN-0003285,INV-2026-02969,LND003,2026-08-17,2095729,PENDING,STANDARD
FIN-0003286,INV-2026-02970,LND015,2026-08-09,267920,APPROVED,STANDARD
FIN-0003287,INV-2026-02971,LND012,2026-09-04,3710287,PENDING,PRIORITY
FIN-0003288,INV-2026-02972,LND025,2026-07-05,197258,DISBURSED,PRIORITY
FIN-0003289,INV-2026-02973,LND023,2026-07-27,2361290,PENDING,MSME_FAST
FIN-0003290,INV-2026-02974,LND011,2026-09-07,1761288,DISBURSED,MSME_FAST
FIN-0003291,INV-2026-02975,LND013,2026-07-24,2128950,PENDING,MSME_FAST
FIN-0003292,INV-2026-02975,LND017,2026-07-23,2094465,APPROVED,MSME_FAST
FIN-0003293,INV-2026-02976,LND022,2026-09-20,211768,DISBURSED,PRIORITY
FIN-0003294,INV-2026-02977,LND002,2026-10-02,45862,APPROVED,MSME_FAST
FIN-0003295,INV-2026-02978,LND004,2026-08-27,4167189,APPROVED,PRIORITY
FIN-0003296,INV-2026-02979,LND013,2026-09-07,1373258,APPROVED,MSME_FAST
FIN-0003297,INV-2026-02980,LND014,2026-08-27,3401658,APPROVED,MSME_FAST
FIN-0003298,INV-2026-02980,LND019,2026-09-04,3357968,PENDING,MSME_FAST
FIN-0003299,INV-2026-02981,LND002,2026-10-04,3406568,PENDING,STANDARD
FIN-0003300,INV-2026-02982,LND018,2026-07-13,1045283,DISBURSED,MSME_FAST
FIN-0003301,INV-2026-02983,LND001,2026-09-17,1181009,APPROVED,MSME_FAST
FIN-0003302,INV-2026-02984,LND022,2026-08-28,2168178,PENDING,PRIORITY
FIN-0003303,INV-2026-02984,LND017,2026-09-05,2085908,PENDING,PRIORITY
FIN-0003304,INV-2026-02985,LND001,2026-08-24,3040894,APPROVED,PRIORITY
FIN-0003305,INV-2026-02986,LND012,2026-09-08,1656864,APPROVED,MSME_FAST
FIN-0003306,INV-2026-02987,LND003,2026-09-29,952530,DISBURSED,PRIORITY
FIN-0003307,INV-2026-02988,LND021,2026-08-03,269952,PENDING,PRIORITY
FIN-0003308,INV-2026-02989,LND010,2026-08-06,619791,DISBURSED,PRIORITY
FIN-0003309,INV-2026-02990,LND015,2026-06-16,868695,PENDING,PRIORITY
FIN-0003310,INV-2026-02991,LND004,2026-09-13,2882154,APPROVED,MSME_FAST
FIN-0003311,INV-2026-02992,LND008,2026-07-28,1816587,PENDING,STANDARD
FIN-0003312,INV-2026-02992,LND006,2026-07-30,1807486,DISBURSED,PRIORITY
FIN-0003313,INV-2026-02993,LND009,2026-08-02,4424430,DISBURSED,MSME_FAST
FIN-0003314,INV-2026-02993,LND012,2026-08-06,4159547,DISBURSED,PRIORITY
FIN-0003315,INV-2026-02994,LND017,2026-07-22,2003581,PENDING,STANDARD
FIN-0003316,INV-2026-02995,LND001,2026-07-13,1553590,APPROVED,STANDARD
FIN-0003317,INV-2026-02996,LND002,2026-07-23,3918042,PENDING,PRIORITY
FIN-0003318,INV-2026-02997,LND001,2026-07-16,2197548,APPROVED,MSME_FAST
FIN-0003319,INV-2026-02998,LND005,2026-08-27,193898,APPROVED,PRIORITY
FIN-0003320,INV-2026-02999,LND016,2026-09-14,511915,PENDING,PRIORITY
FIN-0003321,INV-2026-03000,LND018,2026-09-19,519838,PENDING,PRIORITY
FIN-0003322,INV-2026-03001,LND023,2026-08-05,3673918,DISBURSED,MSME_FAST
FIN-0003323,INV-2026-03002,LND008,2026-06-25,3133621,DISBURSED,MSME_FAST
FIN-0003324,INV-2026-03003,LND005,2026-08-13,3458602,PENDING,PRIORITY
FIN-0003325,INV-2026-03004,LND022,2026-08-31,1999338,DISBURSED,PRIORITY
FIN-0003326,INV-2026-03004,LND016,2026-09-06,2186995,PENDING,PRIORITY
FIN-0003327,INV-2026-03005,LND010,2026-09-28,3463291,DISBURSED,MSME_FAST
FIN-0003328,INV-2026-03006,LND020,2026-06-19,1564338,PENDING,MSME_FAST
FIN-0003329,INV-2026-03007,LND010,2026-08-08,902884,DISBURSED,MSME_FAST
FIN-0003330,INV-2026-03008,LND010,2026-07-12,2641187,APPROVED,STANDARD
FIN-0003331,INV-2026-03009,LND005,2026-09-10,496114,PENDING,MSME_FAST
FIN-0003332,INV-2026-03010,LND020,2026-08-12,521295,PENDING,MSME_FAST
FIN-0003333,INV-2026-03011,LND024,2026-06-10,2628829,APPROVED,PRIORITY
FIN-0003334,INV-2026-03012,LND002,2026-07-09,2900309,PENDING,MSME_FAST
FIN-0003335,INV-2026-03013,LND001,2026-08-08,1565835,PENDING,STANDARD
FIN-0003336,INV-2026-03014,LND007,2026-07-29,460818,DISBURSED,MSME_FAST
FIN-0003337,INV-2026-03015,LND021,2026-07-01,1509984,PENDING,STANDARD
FIN-0003338,INV-2026-03016,LND005,2026-09-15,3969452,APPROVED,STANDARD
FIN-0003339,INV-2026-03016,LND006,2026-09-12,3459243,PENDING,MSME_FAST
FIN-0003340,INV-2026-03017,LND022,2026-06-29,3228364,APPROVED,PRIORITY
FIN-0003341,INV-2026-03018,LND018,2026-07-31,1250774,DISBURSED,PRIORITY
FIN-0003342,INV-2026-03019,LND008,2026-07-14,4024189,APPROVED,PRIORITY
FIN-0003343,INV-2026-03020,LND022,2026-09-13,2659357,PENDING,STANDARD
FIN-0003344,INV-2026-03021,LND002,2026-09-16,1791046,DISBURSED,MSME_FAST
FIN-0003345,INV-2026-03021,LND011,2026-09-10,2072843,PENDING,STANDARD
FIN-0003346,INV-2026-03022,LND001,2026-07-31,3532146,DISBURSED,PRIORITY
FIN-0003347,INV-2026-03023,LND002,2026-06-29,1338986,APPROVED,PRIORITY
FIN-0003348,INV-2026-03024,LND002,2026-06-04,3732107,APPROVED,PRIORITY
FIN-0003349,INV-2026-03025,LND009,2026-07-24,2194895,DISBURSED,PRIORITY
FIN-0003350,INV-2026-03026,LND007,2026-09-14,360780,APPROVED,MSME_FAST
FIN-0003351,INV-2026-03027,LND002,2026-08-01,3514964,APPROVED,MSME_FAST
FIN-0003352,INV-2026-03028,LND015,2026-06-05,1063090,APPROVED,MSME_FAST
FIN-0003353,INV-2026-03029,LND020,2026-07-24,814075,DISBURSED,MSME_FAST
FIN-0003354,INV-2026-03029,LND009,2026-08-06,802460,APPROVED,STANDARD
FIN-0003355,INV-2026-03030,LND010,2026-07-03,190575,APPROVED,PRIORITY
FIN-0003356,INV-2026-03031,LND006,2026-08-18,535559,DISBURSED,PRIORITY
FIN-0003357,INV-2026-03032,LND024,2026-08-27,3759298,DISBURSED,MSME_FAST
FIN-0003358,INV-2026-03033,LND020,2026-10-04,3287689,DISBURSED,MSME_FAST
FIN-0003359,INV-2026-03034,LND010,2026-07-14,3418123,DISBURSED,MSME_FAST
FIN-0003360,INV-2026-03035,LND015,2026-07-09,1036021,PENDING,MSME_FAST
FIN-0003361,INV-2026-03036,LND012,2026-08-02,497224,DISBURSED,STANDARD
FIN-0003362,INV-2026-03036,LND004,2026-08-12,412350,APPROVED,PRIORITY
FIN-0003363,INV-2026-03037,LND013,2026-08-02,3507407,APPROVED,MSME_FAST
FIN-0003364,INV-2026-03038,LND022,2026-09-21,3198496,PENDING,MSME_FAST
FIN-0003365,INV-2026-03039,LND012,2026-07-16,3670130,APPROVED,MSME_FAST
FIN-0003366,INV-2026-03040,LND009,2026-08-18,132921,PENDING,STANDARD
FIN-0003367,INV-2026-03041,LND016,2026-09-11,276994,DISBURSED,STANDARD
FIN-0003368,INV-2026-03042,LND017,2026-06-20,4026214,DISBURSED,STANDARD
FIN-0003369,INV-2026-03042,LND003,2026-06-24,4099652,APPROVED,PRIORITY
FIN-0003370,INV-2026-03043,LND008,2026-09-29,289363,PENDING,STANDARD
FIN-0003371,INV-2026-03044,LND018,2026-06-12,1396473,APPROVED,MSME_FAST
FIN-0003372,INV-2026-03045,LND002,2026-07-21,3163500,APPROVED,PRIORITY
FIN-0003373,INV-2026-03046,LND018,2026-08-06,63584,DISBURSED,PRIORITY
FIN-0003374,INV-2026-03047,LND010,2026-08-13,168923,PENDING,PRIORITY
FIN-0003375,INV-2026-03048,LND008,2026-08-02,549053,DISBURSED,PRIORITY
FIN-0003376,INV-2026-03049,LND009,2026-08-28,1235505,DISBURSED,PRIORITY
FIN-0003377,INV-2026-03050,LND025,2026-07-31,1946527,APPROVED,STANDARD
FIN-0003378,INV-2026-03051,LND005,2026-08-01,177947,PENDING,STANDARD
FIN-0003379,INV-2026-03052,LND024,2026-09-02,2115117,DISBURSED,STANDARD
FIN-0003380,INV-2026-03053,LND013,2026-07-07,1207652,APPROVED,MSME_FAST
FIN-0003381,INV-2026-03054,LND016,2026-07-03,3295867,DISBURSED,STANDARD
FIN-0003382,INV-2026-03055,LND017,2026-07-04,3541327,PENDING,STANDARD
FIN-0003383,INV-2026-03056,LND009,2026-10-01,948386,APPROVED,MSME_FAST
FIN-0003384,INV-2026-03057,LND011,2026-08-18,1491703,APPROVED,PRIORITY
FIN-0003385,INV-2026-03058,LND007,2026-06-09,3294661,APPROVED,MSME_FAST
FIN-0003386,INV-2026-03059,LND021,2026-06-17,1337115,APPROVED,PRIORITY
FIN-0003387,INV-2026-03060,LND010,2026-08-12,3318580,DISBURSED,PRIORITY
FIN-0003388,INV-2026-03061,LND023,2026-07-10,50565,APPROVED,STANDARD
FIN-0003389,INV-2026-03062,LND023,2026-07-25,156733,PENDING,STANDARD
FIN-0003390,INV-2026-03063,LND017,2026-06-04,3055378,DISBURSED,STANDARD
FIN-0003391,INV-2026-03064,LND011,2026-08-19,2407461,APPROVED,PRIORITY
FIN-0003392,INV-2026-03065,LND016,2026-08-14,737396,PENDING,PRIORITY
FIN-0003393,INV-2026-03065,LND002,2026-08-04,705637,APPROVED,STANDARD
FIN-0003394,INV-2026-03066,LND021,2026-09-26,2506992,DISBURSED,PRIORITY
FIN-0003395,INV-2026-03067,LND008,2026-06-14,1932379,APPROVED,PRIORITY
FIN-0003396,INV-2026-03068,LND022,2026-09-01,170308,PENDING,PRIORITY
FIN-0003397,INV-2026-03069,LND001,2026-09-04,673927,DISBURSED,STANDARD
FIN-0003398,INV-2026-03070,LND017,2026-07-18,1954002,PENDING,MSME_FAST
FIN-0003399,INV-2026-03071,LND013,2026-09-02,931272,DISBURSED,STANDARD
FIN-0003400,INV-2026-03072,LND014,2026-07-30,1332979,PENDING,STANDARD
FIN-0003401,INV-2026-03073,LND013,2026-09-09,2016604,DISBURSED,STANDARD
FIN-0003402,INV-2026-03074,LND006,2026-07-04,2877636,PENDING,PRIORITY
FIN-0003403,INV-2026-03075,LND021,2026-06-15,2496535,DISBURSED,STANDARD
FIN-0003404,INV-2026-03076,LND013,2026-09-15,1031468,APPROVED,MSME_FAST
FIN-0003405,INV-2026-03076,LND011,2026-09-16,1049757,DISBURSED,MSME_FAST
FIN-0003406,INV-2026-03077,LND020,2026-08-08,1122360,APPROVED,MSME_FAST
FIN-0003407,INV-2026-03078,LND018,2026-07-25,1052092,PENDING,MSME_FAST
FIN-0003408,INV-2026-03079,LND002,2026-08-28,3738943,PENDING,STANDARD
FIN-0003409,INV-2026-03080,LND014,2026-09-11,2577559,DISBURSED,STANDARD
FIN-0003410,INV-2026-03081,LND002,2026-09-24,844823,APPROVED,MSME_FAST
FIN-0003411,INV-2026-03082,LND013,2026-07-03,869638,APPROVED,STANDARD
FIN-0003412,INV-2026-03083,LND015,2026-09-07,2129899,APPROVED,MSME_FAST
FIN-0003413,INV-2026-03083,LND009,2026-09-03,2177362,DISBURSED,STANDARD
FIN-0003414,INV-2026-03084,LND004,2026-08-18,2546813,PENDING,PRIORITY
FIN-0003415,INV-2026-03085,LND004,2026-08-21,3509504,DISBURSED,STANDARD
FIN-0003416,INV-2026-03086,LND011,2026-08-18,2952151,APPROVED,MSME_FAST
FIN-0003417,INV-2026-03087,LND018,2026-08-03,2015467,APPROVED,STANDARD
FIN-0003418,INV-2026-03088,LND019,2026-09-20,2163285,PENDING,MSME_FAST
FIN-0003419,INV-2026-03089,LND010,2026-10-06,3477856,APPROVED,MSME_FAST
FIN-0003420,INV-2026-03090,LND003,2026-09-25,262797,DISBURSED,PRIORITY
FIN-0003421,INV-2026-03091,LND011,2026-06-30,1049179,APPROVED,STANDARD
FIN-0003422,INV-2026-03092,LND007,2026-08-25,3302396,APPROVED,MSME_FAST
FIN-0003423,INV-2026-03093,LND003,2026-07-06,1381720,APPROVED,PRIORITY
FIN-0003424,INV-2026-03094,LND018,2026-09-09,953171,DISBURSED,PRIORITY
FIN-0003425,INV-2026-03095,LND017,2026-07-24,2033524,APPROVED,PRIORITY
FIN-0003426,INV-2026-03096,LND003,2026-08-27,3661850,APPROVED,PRIORITY
FIN-0003427,INV-2026-03097,LND002,2026-08-27,802136,PENDING,PRIORITY
FIN-0003428,INV-2026-03098,LND012,2026-07-03,1399672,APPROVED,MSME_FAST
FIN-0003429,INV-2026-03099,LND009,2026-10-02,2623541,APPROVED,PRIORITY
FIN-0003430,INV-2026-03100,LND012,2026-09-30,3692201,DISBURSED,PRIORITY
FIN-0003431,INV-2026-03101,LND009,2026-09-13,1888032,DISBURSED,STANDARD
FIN-0003432,INV-2026-03102,LND004,2026-06-16,1607511,DISBURSED,STANDARD
FIN-0003433,INV-2026-03103,LND012,2026-08-17,3118649,DISBURSED,MSME_FAST
FIN-0003434,INV-2026-03104,LND011,2026-09-18,2212429,DISBURSED,PRIORITY
FIN-0003435,INV-2026-03104,LND018,2026-09-20,1772948,PENDING,STANDARD
FIN-0003436,INV-2026-03105,LND007,2026-09-24,1750081,PENDING,MSME_FAST
FIN-0003437,INV-2026-03106,LND020,2026-08-01,317112,DISBURSED,MSME_FAST
FIN-0003438,INV-2026-03107,LND021,2026-07-24,1023372,PENDING,STANDARD
FIN-0003439,INV-2026-03108,LND002,2026-09-26,3128214,PENDING,STANDARD
FIN-0003440,INV-2026-03109,LND007,2026-09-28,220479,PENDING,PRIORITY
FIN-0003441,INV-2026-03110,LND019,2026-06-27,3352581,PENDING,PRIORITY
FIN-0003442,INV-2026-03111,LND002,2026-09-16,4176429,PENDING,PRIORITY
FIN-0003443,INV-2026-03111,LND008,2026-09-03,3693513,DISBURSED,PRIORITY
FIN-0003444,INV-2026-03112,LND008,2026-08-06,3770026,PENDING,STANDARD
FIN-0003445,INV-2026-03113,LND024,2026-10-09,1526893,PENDING,PRIORITY
FIN-0003446,INV-2026-03114,LND024,2026-06-14,3308072,APPROVED,MSME_FAST
FIN-0003447,INV-2026-03115,LND008,2026-07-14,1350557,PENDING,MSME_FAST
FIN-0003448,INV-2026-03115,LND014,2026-07-17,1474025,DISBURSED,PRIORITY
FIN-0003449,INV-2026-03116,LND011,2026-09-05,2941061,APPROVED,PRIORITY
FIN-0003450,INV-2026-03116,LND025,2026-08-25,2828282,DISBURSED,STANDARD
FIN-0003451,INV-2026-03117,LND023,2026-07-29,2870458,DISBURSED,MSME_FAST
FIN-0003452,INV-2026-03118,LND007,2026-08-27,2016202,APPROVED,MSME_FAST
FIN-0003453,INV-2026-03119,LND015,2026-08-11,3692361,APPROVED,PRIORITY
FIN-0003454,INV-2026-03120,LND013,2026-07-11,1136248,PENDING,PRIORITY
FIN-0003455,INV-2026-03121,LND016,2026-08-04,1126038,PENDING,PRIORITY
FIN-0003456,INV-2026-03122,LND004,2026-09-04,360400,APPROVED,PRIORITY
FIN-0003457,INV-2026-03123,LND002,2026-10-03,980421,PENDING,STANDARD
FIN-0003458,INV-2026-03124,LND001,2026-07-20,1778106,PENDING,PRIORITY
FIN-0003459,INV-2026-03125,LND014,2026-06-28,2630048,PENDING,PRIORITY
FIN-0003460,INV-2026-03126,LND003,2026-06-18,1030458,APPROVED,MSME_FAST
FIN-0003461,INV-2026-03127,LND009,2026-08-01,1861519,PENDING,PRIORITY
FIN-0003462,INV-2026-03128,LND009,2026-07-18,2630073,PENDING,PRIORITY
FIN-0003463,INV-2026-03129,LND009,2026-06-18,1114584,APPROVED,MSME_FAST
FIN-0003464,INV-2026-03130,LND017,2026-07-02,498749,PENDING,STANDARD
FIN-0003465,INV-2026-03131,LND004,2026-08-15,2177982,DISBURSED,MSME_FAST
FIN-0003466,INV-2026-03132,LND022,2026-09-08,798286,PENDING,PRIORITY
FIN-0003467,INV-2026-03133,LND004,2026-06-22,4229683,DISBURSED,MSME_FAST
FIN-0003468,INV-2026-03134,LND010,2026-09-29,131468,DISBURSED,MSME_FAST
FIN-0003469,INV-2026-03134,LND013,2026-09-19,129886,APPROVED,STANDARD
FIN-0003470,INV-2026-03135,LND019,2026-06-25,2915876,APPROVED,STANDARD
FIN-0003471,INV-2026-03136,LND019,2026-09-04,1683809,PENDING,MSME_FAST
FIN-0003472,INV-2026-03137,LND022,2026-08-19,3031570,DISBURSED,MSME_FAST
FIN-0003473,INV-2026-03138,LND002,2026-07-26,1846904,PENDING,PRIORITY
FIN-0003474,INV-2026-03139,LND015,2026-06-21,371503,DISBURSED,STANDARD
FIN-0003475,INV-2026-03140,LND014,2026-08-15,78587,APPROVED,MSME_FAST
FIN-0003476,INV-2026-03141,LND018,2026-10-06,1839916,DISBURSED,MSME_FAST
FIN-0003477,INV-2026-03142,LND010,2026-09-30,2791239,PENDING,PRIORITY
FIN-0003478,INV-2026-03143,LND005,2026-08-30,1828926,APPROVED,STANDARD
FIN-0003479,INV-2026-03144,LND004,2026-07-24,1644282,PENDING,STANDARD
FIN-0003480,INV-2026-03144,LND014,2026-07-26,1477435,PENDING,PRIORITY
FIN-0003481,INV-2026-03145,LND015,2026-08-03,1078507,PENDING,MSME_FAST
FIN-0003482,INV-2026-03146,LND022,2026-08-16,438260,PENDING,PRIORITY
FIN-0003483,INV-2026-03147,LND022,2026-06-26,2574509,DISBURSED,PRIORITY
FIN-0003484,INV-2026-03147,LND019,2026-06-19,2937165,DISBURSED,STANDARD
FIN-0003485,INV-2026-03148,LND021,2026-06-04,3117183,DISBURSED,PRIORITY
FIN-0003486,INV-2026-03149,LND011,2026-06-09,277873,PENDING,MSME_FAST
FIN-0003487,INV-2026-03149,LND018,2026-06-08,326177,APPROVED,MSME_FAST
FIN-0003488,INV-2026-03150,LND010,2026-08-03,224755,DISBURSED,MSME_FAST
FIN-0003489,INV-2026-03151,LND014,2026-07-27,812074,APPROVED,PRIORITY
FIN-0003490,INV-2026-03152,LND020,2026-09-05,1271916,PENDING,MSME_FAST
FIN-0003491,INV-2026-03153,LND023,2026-09-18,3790066,APPROVED,MSME_FAST
FIN-0003492,INV-2026-03154,LND024,2026-09-24,2824323,DISBURSED,STANDARD
FIN-0003493,INV-2026-03155,LND017,2026-06-16,1434787,APPROVED,MSME_FAST
FIN-0003494,INV-2026-03156,LND022,2026-06-09,2812950,APPROVED,PRIORITY
FIN-0003495,INV-2026-03156,LND004,2026-06-09,2519344,APPROVED,STANDARD
FIN-0003496,INV-2026-03157,LND007,2026-07-14,3574589,PENDING,MSME_FAST
FIN-0003497,INV-2026-03158,LND011,2026-09-17,3109547,APPROVED,MSME_FAST
FIN-0003498,INV-2026-03158,LND008,2026-09-12,2669159,DISBURSED,MSME_FAST
FIN-0003499,INV-2026-03159,LND005,2026-08-12,2334810,DISBURSED,MSME_FAST
FIN-0003500,INV-2026-03160,LND009,2026-06-20,916517,DISBURSED,STANDARD
FIN-0003501,INV-2026-03161,LND018,2026-09-25,3456472,DISBURSED,PRIORITY
FIN-0003502,INV-2026-03162,LND004,2026-08-22,3770076,APPROVED,STANDARD
FIN-0003503,INV-2026-03163,LND021,2026-07-27,2494629,DISBURSED,STANDARD
FIN-0003504,INV-2026-03163,LND023,2026-07-17,2845773,PENDING,MSME_FAST
FIN-0003505,INV-2026-03164,LND023,2026-07-28,3324356,APPROVED,MSME_FAST
FIN-0003506,INV-2026-03165,LND018,2026-08-23,163431,PENDING,STANDARD
FIN-0003507,INV-2026-03166,LND019,2026-10-06,1542006,APPROVED,PRIORITY
FIN-0003508,INV-2026-03167,LND024,2026-08-20,2844809,APPROVED,MSME_FAST
FIN-0003509,INV-2026-03168,LND021,2026-09-28,3693000,APPROVED,PRIORITY
FIN-0003510,INV-2026-03169,LND019,2026-07-26,1925514,DISBURSED,MSME_FAST
FIN-0003511,INV-2026-03170,LND021,2026-08-07,387018,DISBURSED,MSME_FAST
FIN-0003512,INV-2026-03171,LND005,2026-10-10,3299562,PENDING,MSME_FAST
FIN-0003513,INV-2026-03172,LND023,2026-06-14,3618150,APPROVED,STANDARD
FIN-0003514,INV-2026-03172,LND010,2026-06-10,3493860,PENDING,PRIORITY
FIN-0003515,INV-2026-03173,LND016,2026-09-10,456467,APPROVED,STANDARD
FIN-0003516,INV-2026-03174,LND016,2026-07-15,53813,DISBURSED,MSME_FAST
FIN-0003517,INV-2026-03175,LND024,2026-09-30,3677440,APPROVED,MSME_FAST
FIN-0003518,INV-2026-03175,LND008,2026-10-01,3391888,PENDING,PRIORITY
FIN-0003519,INV-2026-03176,LND023,2026-08-23,2574996,DISBURSED,MSME_FAST
FIN-0003520,INV-2026-03177,LND008,2026-07-28,2533576,APPROVED,STANDARD
FIN-0003521,INV-2026-03178,LND002,2026-07-01,438446,APPROVED,PRIORITY
FIN-0003522,INV-2026-03178,LND006,2026-06-28,458847,PENDING,PRIORITY
FIN-0003523,INV-2026-03179,LND024,2026-09-27,772401,PENDING,MSME_FAST
FIN-0003524,INV-2026-03180,LND017,2026-09-02,3646662,DISBURSED,STANDARD
FIN-0003525,INV-2026-03181,LND006,2026-06-26,2024780,PENDING,STANDARD
FIN-0003526,INV-2026-03182,LND016,2026-06-11,4435386,DISBURSED,MSME_FAST
FIN-0003527,INV-2026-03183,LND016,2026-10-11,62935,PENDING,MSME_FAST
FIN-0003528,INV-2026-03184,LND011,2026-08-08,2646921,PENDING,STANDARD
FIN-0003529,INV-2026-03185,LND007,2026-09-02,3270139,PENDING,MSME_FAST
FIN-0003530,INV-2026-03186,LND006,2026-06-17,1802782,APPROVED,STANDARD
FIN-0003531,INV-2026-03187,LND017,2026-08-26,3753808,DISBURSED,PRIORITY
FIN-0003532,INV-2026-03188,LND022,2026-09-03,3159421,PENDING,STANDARD
FIN-0003533,INV-2026-03189,LND025,2026-07-27,427309,PENDING,STANDARD
FIN-0003534,INV-2026-03190,LND001,2026-09-30,3609045,PENDING,PRIORITY
FIN-0003535,INV-2026-03191,LND008,2026-08-03,747512,DISBURSED,PRIORITY
FIN-0003536,INV-2026-03192,LND017,2026-06-13,2394688,APPROVED,MSME_FAST
FIN-0003537,INV-2026-03192,LND014,2026-06-12,2711972,APPROVED,STANDARD
FIN-0003538,INV-2026-03193,LND020,2026-06-25,3164026,APPROVED,MSME_FAST
FIN-0003539,INV-2026-03194,LND005,2026-06-16,227103,DISBURSED,STANDARD
FIN-0003540,INV-2026-03195,LND004,2026-07-24,3300726,PENDING,STANDARD
FIN-0003541,INV-2026-03196,LND003,2026-09-03,2039938,APPROVED,STANDARD
FIN-0003542,INV-2026-03197,LND023,2026-10-03,3668625,PENDING,MSME_FAST
FIN-0003543,INV-2026-03198,LND015,2026-07-21,1104266,APPROVED,MSME_FAST
FIN-0003544,INV-2026-03199,LND015,2026-09-03,1752320,APPROVED,STANDARD
FIN-0003545,INV-2026-03200,LND011,2026-06-25,2012689,PENDING,PRIORITY
FIN-0003546,INV-2026-03201,LND007,2026-06-16,1724057,APPROVED,STANDARD
FIN-0003547,INV-2026-03202,LND008,2026-09-21,1579577,APPROVED,STANDARD
FIN-0003548,INV-2026-03203,LND009,2026-09-08,2729832,DISBURSED,STANDARD
FIN-0003549,INV-2026-03204,LND021,2026-09-14,2619585,APPROVED,PRIORITY
FIN-0003550,INV-2026-03205,LND015,2026-09-17,3453304,APPROVED,MSME_FAST
FIN-0003551,INV-2026-03206,LND018,2026-09-24,336930,DISBURSED,STANDARD
FIN-0003552,INV-2026-03207,LND010,2026-08-07,2901246,APPROVED,STANDARD
FIN-0003553,INV-2026-03208,LND004,2026-08-11,267509,DISBURSED,PRIORITY
FIN-0003554,INV-2026-03209,LND015,2026-07-22,1275571,APPROVED,PRIORITY
FIN-0003555,INV-2026-03210,LND007,2026-07-15,1934504,APPROVED,MSME_FAST
FIN-0003556,INV-2026-03210,LND005,2026-07-22,1558534,PENDING,STANDARD
FIN-0003557,INV-2026-03211,LND019,2026-07-01,2891087,PENDING,PRIORITY
FIN-0003558,INV-2026-03211,LND014,2026-06-29,2550048,PENDING,STANDARD
FIN-0003559,INV-2026-03212,LND022,2026-06-30,1909755,PENDING,STANDARD
FIN-0003560,INV-2026-03213,LND012,2026-06-16,847667,APPROVED,MSME_FAST
FIN-0003561,INV-2026-03213,LND007,2026-06-19,807722,PENDING,PRIORITY
FIN-0003562,INV-2026-03214,LND025,2026-08-20,542876,PENDING,MSME_FAST
FIN-0003563,INV-2026-03215,LND003,2026-08-26,3491712,DISBURSED,STANDARD
FIN-0003564,INV-2026-03216,LND020,2026-07-04,518059,PENDING,PRIORITY
FIN-0003565,INV-2026-03217,LND024,2026-09-06,3445264,APPROVED,MSME_FAST
FIN-0003566,INV-2026-03218,LND006,2026-08-23,1187556,APPROVED,PRIORITY
FIN-0003567,INV-2026-03218,LND007,2026-09-04,1261250,DISBURSED,MSME_FAST
FIN-0003568,INV-2026-03219,LND006,2026-10-04,265379,PENDING,PRIORITY
FIN-0003569,INV-2026-03220,LND015,2026-06-27,1571160,DISBURSED,PRIORITY
FIN-0003570,INV-2026-03221,LND006,2026-06-12,821494,PENDING,MSME_FAST
FIN-0003571,INV-2026-03222,LND007,2026-09-14,1137408,PENDING,PRIORITY
FIN-0003572,INV-2026-03223,LND024,2026-06-17,865216,DISBURSED,MSME_FAST
FIN-0003573,INV-2026-03224,LND024,2026-07-09,3197040,APPROVED,PRIORITY
FIN-0003574,INV-2026-03225,LND025,2026-08-17,1243413,PENDING,MSME_FAST
FIN-0003575,INV-2026-03226,LND004,2026-10-10,3396973,PENDING,MSME_FAST
FIN-0003576,INV-2026-03227,LND001,2026-06-14,1190439,DISBURSED,MSME_FAST
FIN-0003577,INV-2026-03228,LND023,2026-07-23,2999890,DISBURSED,MSME_FAST
FIN-0003578,INV-2026-03229,LND004,2026-08-20,960683,APPROVED,STANDARD
FIN-0003579,INV-2026-03230,LND009,2026-08-20,2608343,PENDING,PRIORITY
FIN-0003580,INV-2026-03231,LND009,2026-07-19,3047075,DISBURSED,MSME_FAST
FIN-0003581,INV-2026-03232,LND013,2026-09-11,3337041,PENDING,MSME_FAST
FIN-0003582,INV-2026-03233,LND012,2026-10-10,761412,DISBURSED,STANDARD
FIN-0003583,INV-2026-03233,LND008,2026-09-30,786722,PENDING,STANDARD
FIN-0003584,INV-2026-03234,LND012,2026-09-28,2804970,DISBURSED,MSME_FAST
FIN-0003585,INV-2026-03235,LND007,2026-07-03,3235377,PENDING,STANDARD
FIN-0003586,INV-2026-03236,LND019,2026-07-02,3843303,PENDING,PRIORITY
FIN-0003587,INV-2026-03237,LND009,2026-06-19,199788,DISBURSED,PRIORITY
FIN-0003588,INV-2026-03238,LND006,2026-09-15,1841778,PENDING,STANDARD
FIN-0003589,INV-2026-03239,LND004,2026-07-29,2279511,PENDING,PRIORITY
FIN-0003590,INV-2026-03240,LND022,2026-07-03,2802892,DISBURSED,STANDARD
FIN-0003591,INV-2026-03241,LND010,2026-10-09,465578,PENDING,STANDARD
FIN-0003592,INV-2026-03242,LND017,2026-08-16,1666594,APPROVED,MSME_FAST
FIN-0003593,INV-2026-03243,LND008,2026-07-19,634096,DISBURSED,PRIORITY
FIN-0003594,INV-2026-03244,LND004,2026-07-13,1809276,APPROVED,PRIORITY
FIN-0003595,INV-2026-03245,LND023,2026-09-26,1103175,DISBURSED,MSME_FAST
FIN-0003596,INV-2026-03246,LND017,2026-07-14,1120187,PENDING,STANDARD
FIN-0003597,INV-2026-03247,LND002,2026-09-22,474441,APPROVED,PRIORITY
FIN-0003598,INV-2026-03248,LND008,2026-08-31,4003202,APPROVED,MSME_FAST
FIN-0003599,INV-2026-03249,LND009,2026-10-06,4030471,PENDING,STANDARD
FIN-0003600,INV-2026-03250,LND016,2026-08-04,2714716,PENDING,PRIORITY
FIN-0003601,INV-2026-03251,LND010,2026-09-03,2432341,APPROVED,MSME_FAST
FIN-0003602,INV-2026-03252,LND013,2026-08-09,2205239,PENDING,STANDARD
FIN-0003603,INV-2026-03253,LND016,2026-07-06,201594,APPROVED,PRIORITY
FIN-0003604,INV-2026-03254,LND010,2026-10-07,1154626,PENDING,STANDARD
FIN-0003605,INV-2026-03255,LND008,2026-09-26,2201326,DISBURSED,MSME_FAST
FIN-0003606,INV-2026-03256,LND019,2026-09-07,3494166,PENDING,PRIORITY
FIN-0003607,INV-2026-03257,LND009,2026-09-02,1092793,DISBURSED,STANDARD
FIN-0003608,INV-2026-03258,LND020,2026-07-07,364585,DISBURSED,STANDARD
FIN-0003609,INV-2026-03259,LND023,2026-09-26,1088280,PENDING,PRIORITY
FIN-0003610,INV-2026-03260,LND009,2026-07-12,1081198,APPROVED,MSME_FAST
FIN-0003611,INV-2026-03261,LND010,2026-08-18,2230055,DISBURSED,MSME_FAST
FIN-0003612,INV-2026-03262,LND009,2026-08-21,3551134,APPROVED,STANDARD
FIN-0003613,INV-2026-03263,LND018,2026-06-24,2465117,PENDING,STANDARD
FIN-0003614,INV-2026-03264,LND001,2026-06-11,2270456,PENDING,STANDARD
FIN-0003615,INV-2026-03264,LND016,2026-06-09,2549770,DISBURSED,PRIORITY
FIN-0003616,INV-2026-03265,LND001,2026-08-10,2959843,APPROVED,PRIORITY
FIN-0003617,INV-2026-03266,LND003,2026-09-11,555430,PENDING,PRIORITY
FIN-0003618,INV-2026-03267,LND006,2026-09-24,1668929,APPROVED,MSME_FAST
FIN-0003619,INV-2026-03268,LND012,2026-08-07,2713133,DISBURSED,PRIORITY
FIN-0003620,INV-2026-03269,LND011,2026-09-23,888348,APPROVED,STANDARD
FIN-0003621,INV-2026-03270,LND019,2026-06-16,247311,APPROVED,MSME_FAST
FIN-0003622,INV-2026-03271,LND001,2026-09-08,2450240,DISBURSED,PRIORITY
FIN-0003623,INV-2026-03272,LND011,2026-07-08,2758210,PENDING,STANDARD
FIN-0003624,INV-2026-03273,LND023,2026-09-29,2929408,DISBURSED,STANDARD
FIN-0003625,INV-2026-03274,LND022,2026-06-07,1536667,PENDING,MSME_FAST
FIN-0003626,INV-2026-03274,LND014,2026-06-18,1621822,DISBURSED,PRIORITY
FIN-0003627,INV-2026-03275,LND007,2026-08-19,2397320,DISBURSED,MSME_FAST
FIN-0003628,INV-2026-03276,LND017,2026-08-23,3359639,PENDING,PRIORITY
FIN-0003629,INV-2026-03277,LND010,2026-08-21,2918780,PENDING,PRIORITY
FIN-0003630,INV-2026-03278,LND006,2026-08-05,2082433,DISBURSED,STANDARD
FIN-0003631,INV-2026-03279,LND022,2026-07-22,2562658,DISBURSED,MSME_FAST
FIN-0003632,INV-2026-03280,LND022,2026-09-08,1889593,APPROVED,PRIORITY
FIN-0003633,INV-2026-03281,LND017,2026-09-06,1388861,APPROVED,PRIORITY
FIN-0003634,INV-2026-03282,LND008,2026-07-21,1197595,DISBURSED,PRIORITY
FIN-0003635,INV-2026-03283,LND022,2026-06-12,2815211,PENDING,STANDARD
FIN-0003636,INV-2026-03284,LND023,2026-08-26,1690863,PENDING,MSME_FAST
FIN-0003637,INV-2026-03285,LND007,2026-06-29,2091401,APPROVED,MSME_FAST
FIN-0003638,INV-2026-03286,LND025,2026-08-24,210732,PENDING,PRIORITY
FIN-0003639,INV-2026-03287,LND018,2026-07-13,336550,PENDING,PRIORITY
FIN-0003640,INV-2026-03288,LND018,2026-07-01,814686,PENDING,PRIORITY
FIN-0003641,INV-2026-03289,LND009,2026-07-02,3606654,PENDING,STANDARD
FIN-0003642,INV-2026-03290,LND017,2026-07-19,435226,DISBURSED,STANDARD
FIN-0003643,INV-2026-03291,LND014,2026-07-30,848504,DISBURSED,MSME_FAST
FIN-0003644,INV-2026-03292,LND017,2026-07-21,1224048,PENDING,MSME_FAST
FIN-0003645,INV-2026-03293,LND015,2026-08-08,2948407,DISBURSED,STANDARD
FIN-0003646,INV-2026-03294,LND023,2026-10-04,2136759,APPROVED,MSME_FAST
FIN-0003647,INV-2026-03295,LND016,2026-08-14,2655646,PENDING,STANDARD
FIN-0003648,INV-2026-03296,LND014,2026-08-23,2385645,PENDING,PRIORITY
FIN-0003649,INV-2026-03297,LND020,2026-10-08,2063817,DISBURSED,MSME_FAST
FIN-0003650,INV-2026-03298,LND005,2026-09-11,3600899,PENDING,STANDARD
FIN-0003651,INV-2026-03299,LND001,2026-09-22,2451570,PENDING,PRIORITY
FIN-0003652,INV-2026-03300,LND021,2026-10-02,2272003,APPROVED,PRIORITY
FIN-0003653,INV-2026-03301,LND018,2026-06-25,2365680,PENDING,PRIORITY
FIN-0003654,INV-2026-03302,LND005,2026-06-28,3683539,PENDING,STANDARD
FIN-0003655,INV-2026-03303,LND016,2026-08-23,459859,APPROVED,STANDARD
FIN-0003656,INV-2026-03304,LND004,2026-08-07,2493450,APPROVED,PRIORITY
FIN-0003657,INV-2026-03305,LND005,2026-09-14,486709,PENDING,MSME_FAST
FIN-0003658,INV-2026-03306,LND015,2026-09-12,2797121,DISBURSED,PRIORITY
FIN-0003659,INV-2026-03307,LND016,2026-06-23,3653207,APPROVED,STANDARD
FIN-0003660,INV-2026-03308,LND002,2026-09-11,2212460,PENDING,MSME_FAST
FIN-0003661,INV-2026-03308,LND024,2026-08-28,2144646,PENDING,PRIORITY
FIN-0003662,INV-2026-03309,LND021,2026-09-17,1133425,PENDING,STANDARD
FIN-0003663,INV-2026-03310,LND024,2026-08-27,1223273,PENDING,PRIORITY
FIN-0003664,INV-2026-03311,LND020,2026-08-13,190295,PENDING,MSME_FAST
FIN-0003665,INV-2026-03312,LND024,2026-09-29,564517,DISBURSED,STANDARD
FIN-0003666,INV-2026-03313,LND015,2026-07-18,1060276,APPROVED,MSME_FAST
FIN-0003667,INV-2026-03314,LND008,2026-09-01,457184,PENDING,MSME_FAST
FIN-0003668,INV-2026-03314,LND014,2026-09-01,471876,DISBURSED,STANDARD
FIN-0003669,INV-2026-03315,LND002,2026-06-24,1759762,PENDING,PRIORITY
FIN-0003670,INV-2026-03316,LND020,2026-07-17,1137473,APPROVED,PRIORITY
FIN-0003671,INV-2026-03316,LND008,2026-07-22,965816,PENDING,PRIORITY
FIN-0003672,INV-2026-03317,LND014,2026-06-18,3525406,APPROVED,MSME_FAST
FIN-0003673,INV-2026-03318,LND005,2026-07-11,1554421,PENDING,PRIORITY
FIN-0003674,INV-2026-03319,LND021,2026-09-21,4426446,PENDING,PRIORITY
FIN-0003675,INV-2026-03320,LND022,2026-08-23,2846657,PENDING,MSME_FAST
FIN-0003676,INV-2026-03321,LND017,2026-09-21,2067938,PENDING,STANDARD
FIN-0003677,INV-2026-03322,LND014,2026-09-15,198959,DISBURSED,PRIORITY
FIN-0003678,INV-2026-03323,LND011,2026-08-18,1512008,APPROVED,STANDARD
FIN-0003679,INV-2026-03324,LND015,2026-09-22,3714597,APPROVED,STANDARD
FIN-0003680,INV-2026-03325,LND011,2026-08-28,3868940,DISBURSED,STANDARD
FIN-0003681,INV-2026-03326,LND008,2026-08-25,441898,PENDING,STANDARD
FIN-0003682,INV-2026-03327,LND024,2026-06-30,2399883,PENDING,MSME_FAST
FIN-0003683,INV-2026-03328,LND022,2026-09-28,3487892,DISBURSED,PRIORITY
FIN-0003684,INV-2026-03329,LND015,2026-06-29,1488369,DISBURSED,MSME_FAST
FIN-0003685,INV-2026-03330,LND022,2026-06-28,1246410,DISBURSED,MSME_FAST
FIN-0003686,INV-2026-03331,LND025,2026-08-05,2675536,APPROVED,PRIORITY
FIN-0003687,INV-2026-03331,LND015,2026-08-04,2485158,DISBURSED,PRIORITY
FIN-0003688,INV-2026-03332,LND015,2026-09-30,480348,PENDING,PRIORITY
FIN-0003689,INV-2026-03333,LND012,2026-09-01,1367638,APPROVED,STANDARD
FIN-0003690,INV-2026-03333,LND019,2026-09-05,1566234,APPROVED,MSME_FAST
FIN-0003691,INV-2026-03334,LND014,2026-07-22,2970834,APPROVED,PRIORITY
FIN-0003692,INV-2026-03335,LND017,2026-09-23,1528616,PENDING,MSME_FAST
FIN-0003693,INV-2026-03336,LND001,2026-09-20,2052295,APPROVED,STANDARD
FIN-0003694,INV-2026-03337,LND019,2026-06-21,3549985,APPROVED,MSME_FAST
FIN-0003695,INV-2026-03338,LND018,2026-06-08,2376873,DISBURSED,MSME_FAST
FIN-0003696,INV-2026-03339,LND021,2026-07-18,1040225,APPROVED,MSME_FAST
FIN-0003697,INV-2026-03340,LND008,2026-09-13,2733419,DISBURSED,MSME_FAST
FIN-0003698,INV-2026-03341,LND012,2026-08-31,1372607,DISBURSED,STANDARD
FIN-0003699,INV-2026-03342,LND006,2026-08-27,724628,DISBURSED,STANDARD
FIN-0003700,INV-2026-03343,LND020,2026-09-26,3158986,PENDING,STANDARD
FIN-0003701,INV-2026-03344,LND022,2026-10-04,2379655,DISBURSED,STANDARD
FIN-0003702,INV-2026-03345,LND001,2026-06-16,3197191,PENDING,MSME_FAST
FIN-0003703,INV-2026-03345,LND004,2026-06-08,3131406,PENDING,MSME_FAST
FIN-0003704,INV-2026-03346,LND001,2026-10-10,2736600,PENDING,MSME_FAST
FIN-0003705,INV-2026-03347,LND013,2026-09-20,874042,DISBURSED,STANDARD
FIN-0003706,INV-2026-03348,LND017,2026-08-08,237566,APPROVED,MSME_FAST
FIN-0003707,INV-2026-03349,LND025,2026-09-12,99978,APPROVED,MSME_FAST
FIN-0003708,INV-2026-03350,LND022,2026-07-07,488576,PENDING,PRIORITY
FIN-0003709,INV-2026-03351,LND023,2026-07-02,1344954,APPROVED,STANDARD
FIN-0003710,INV-2026-03352,LND022,2026-07-14,2876008,DISBURSED,MSME_FAST
FIN-0003711,INV-2026-03353,LND003,2026-08-29,3718953,DISBURSED,STANDARD
FIN-0003712,INV-2026-03353,LND012,2026-09-08,3261553,PENDING,PRIORITY
FIN-0003713,INV-2026-03354,LND015,2026-07-17,3129776,PENDING,PRIORITY
FIN-0003714,INV-2026-03355,LND006,2026-08-12,854159,PENDING,PRIORITY
FIN-0003715,INV-2026-03356,LND020,2026-08-23,2426284,DISBURSED,STANDARD
FIN-0003716,INV-2026-03357,LND018,2026-07-01,755177,DISBURSED,PRIORITY
FIN-0003717,INV-2026-03357,LND022,2026-07-06,722288,PENDING,MSME_FAST
FIN-0003718,INV-2026-03358,LND017,2026-10-07,1534125,PENDING,MSME_FAST
FIN-0003719,INV-2026-03359,LND011,2026-08-05,1387643,PENDING,STANDARD
FIN-0003720,INV-2026-03360,LND009,2026-09-03,3892324,DISBURSED,PRIORITY
FIN-0003721,INV-2026-03361,LND024,2026-06-26,1149921,APPROVED,PRIORITY
FIN-0003722,INV-2026-03362,LND005,2026-07-25,1581164,PENDING,MSME_FAST
FIN-0003723,INV-2026-03363,LND025,2026-07-28,2783637,PENDING,PRIORITY
FIN-0003724,INV-2026-03364,LND019,2026-06-16,1931306,DISBURSED,STANDARD
FIN-0003725,INV-2026-03365,LND022,2026-06-12,971156,PENDING,PRIORITY
FIN-0003726,INV-2026-03366,LND024,2026-10-04,2022276,APPROVED,STANDARD
FIN-0003727,INV-2026-03367,LND005,2026-06-29,307075,DISBURSED,MSME_FAST
FIN-0003728,INV-2026-03368,LND007,2026-06-23,3615427,DISBURSED,MSME_FAST
FIN-0003729,INV-2026-03369,LND002,2026-07-26,541909,DISBURSED,MSME_FAST
FIN-0003730,INV-2026-03370,LND016,2026-09-08,2267999,PENDING,PRIORITY
FIN-0003731,INV-2026-03370,LND010,2026-09-01,2265104,PENDING,STANDARD
FIN-0003732,INV-2026-03371,LND007,2026-08-08,529198,PENDING,STANDARD
FIN-0003733,INV-2026-03372,LND020,2026-10-02,226600,PENDING,MSME_FAST
FIN-0003734,INV-2026-03372,LND017,2026-09-21,265986,APPROVED,STANDARD
FIN-0003735,INV-2026-03373,LND015,2026-07-23,1192134,PENDING,PRIORITY
FIN-0003736,INV-2026-03374,LND012,2026-07-27,1872472,PENDING,PRIORITY
FIN-0003737,INV-2026-03375,LND007,2026-07-06,3372650,APPROVED,STANDARD
FIN-0003738,INV-2026-03376,LND009,2026-08-17,1735412,DISBURSED,STANDARD
FIN-0003739,INV-2026-03377,LND014,2026-07-09,1484012,DISBURSED,MSME_FAST
FIN-0003740,INV-2026-03378,LND003,2026-09-25,2134930,PENDING,PRIORITY
FIN-0003741,INV-2026-03379,LND019,2026-06-11,217688,DISBURSED,PRIORITY
FIN-0003742,INV-2026-03379,LND011,2026-06-06,221149,PENDING,STANDARD
FIN-0003743,INV-2026-03380,LND003,2026-08-25,2687960,DISBURSED,STANDARD
FIN-0003744,INV-2026-03381,LND008,2026-08-18,1424858,PENDING,MSME_FAST
FIN-0003745,INV-2026-03382,LND006,2026-08-27,1574066,DISBURSED,STANDARD
FIN-0003746,INV-2026-03383,LND025,2026-09-12,2844156,DISBURSED,PRIORITY
FIN-0003747,INV-2026-03384,LND001,2026-09-08,2278734,PENDING,STANDARD
FIN-0003748,INV-2026-03385,LND020,2026-06-07,3135406,APPROVED,STANDARD
FIN-0003749,INV-2026-03386,LND024,2026-06-11,3428369,APPROVED,STANDARD
FIN-0003750,INV-2026-03387,LND004,2026-06-12,759215,PENDING,STANDARD
FIN-0003751,INV-2026-03388,LND006,2026-07-05,172093,DISBURSED,PRIORITY
FIN-0003752,INV-2026-03389,LND011,2026-07-08,3295130,DISBURSED,STANDARD
FIN-0003753,INV-2026-03389,LND012,2026-07-09,3519310,PENDING,PRIORITY
FIN-0003754,INV-2026-03390,LND012,2026-06-12,2749630,PENDING,STANDARD
FIN-0003755,INV-2026-03391,LND018,2026-10-02,3522881,DISBURSED,STANDARD
FIN-0003756,INV-2026-03392,LND012,2026-07-21,882732,APPROVED,STANDARD
FIN-0003757,INV-2026-03393,LND007,2026-08-04,2784187,PENDING,PRIORITY
FIN-0003758,INV-2026-03394,LND006,2026-09-26,3273030,DISBURSED,STANDARD
FIN-0003759,INV-2026-03395,LND024,2026-06-23,2054820,DISBURSED,PRIORITY
FIN-0003760,INV-2026-03396,LND016,2026-09-06,524717,PENDING,MSME_FAST
FIN-0003761,INV-2026-03397,LND023,2026-09-03,3583523,APPROVED,STANDARD
FIN-0003762,INV-2026-03398,LND008,2026-07-13,1191891,APPROVED,STANDARD
FIN-0003763,INV-2026-03398,LND012,2026-07-04,1106086,APPROVED,STANDARD
FIN-0003764,INV-2026-03399,LND010,2026-08-12,1531189,APPROVED,PRIORITY
FIN-0003765,INV-2026-03400,LND005,2026-08-18,3430737,APPROVED,MSME_FAST
FIN-0003766,INV-2026-03401,LND023,2026-06-17,379676,PENDING,PRIORITY
FIN-0003767,INV-2026-03402,LND013,2026-06-17,778044,APPROVED,PRIORITY
FIN-0003768,INV-2026-03403,LND015,2026-06-11,2811455,PENDING,PRIORITY
FIN-0003769,INV-2026-03404,LND011,2026-07-14,3778828,APPROVED,MSME_FAST
FIN-0003770,INV-2026-03405,LND005,2026-06-23,2080217,PENDING,PRIORITY
FIN-0003771,INV-2026-03406,LND010,2026-09-21,979113,DISBURSED,STANDARD
FIN-0003772,INV-2026-03407,LND002,2026-09-15,3721163,PENDING,PRIORITY
FIN-0003773,INV-2026-03408,LND008,2026-08-25,2971262,DISBURSED,STANDARD
FIN-0003774,INV-2026-03409,LND018,2026-07-31,877433,PENDING,MSME_FAST
FIN-0003775,INV-2026-03410,LND001,2026-06-27,3451264,PENDING,MSME_FAST
FIN-0003776,INV-2026-03411,LND017,2026-09-26,493375,DISBURSED,MSME_FAST
FIN-0003777,INV-2026-03412,LND014,2026-07-07,4073961,APPROVED,STANDARD
FIN-0003778,INV-2026-03413,LND017,2026-06-27,3421228,DISBURSED,STANDARD
FIN-0003779,INV-2026-03414,LND011,2026-07-05,2538144,APPROVED,MSME_FAST
FIN-0003780,INV-2026-03415,LND025,2026-08-19,692930,APPROVED,PRIORITY
FIN-0003781,INV-2026-03416,LND016,2026-09-18,2638214,DISBURSED,MSME_FAST
FIN-0003782,INV-2026-03416,LND021,2026-09-13,2133130,PENDING,MSME_FAST
FIN-0003783,INV-2026-03417,LND018,2026-07-09,3310903,APPROVED,STANDARD
FIN-0003784,INV-2026-03418,LND012,2026-07-23,3193974,DISBURSED,MSME_FAST
FIN-0003785,INV-2026-03419,LND008,2026-08-16,3486108,DISBURSED,MSME_FAST
FIN-0003786,INV-2026-03420,LND015,2026-07-24,1134636,APPROVED,STANDARD
FIN-0003787,INV-2026-03421,LND012,2026-09-23,3487705,PENDING,STANDARD
FIN-0003788,INV-2026-03422,LND014,2026-08-11,2642199,DISBURSED,STANDARD
FIN-0003789,INV-2026-03423,LND007,2026-09-02,2915244,PENDING,MSME_FAST
FIN-0003790,INV-2026-03424,LND016,2026-08-21,1384202,PENDING,MSME_FAST
FIN-0003791,INV-2026-03424,LND024,2026-08-16,1227062,APPROVED,MSME_FAST
FIN-0003792,INV-2026-03425,LND011,2026-06-24,3135060,APPROVED,MSME_FAST
FIN-0003793,INV-2026-03426,LND024,2026-06-23,3571964,DISBURSED,STANDARD
FIN-0003794,INV-2026-03427,LND006,2026-07-04,138370,APPROVED,PRIORITY
FIN-0003795,INV-2026-03428,LND009,2026-08-02,174455,APPROVED,STANDARD
FIN-0003796,INV-2026-03429,LND018,2026-08-09,480436,DISBURSED,MSME_FAST
FIN-0003797,INV-2026-03430,LND007,2026-07-04,3939742,DISBURSED,MSME_FAST
FIN-0003798,INV-2026-03431,LND016,2026-08-21,252374,DISBURSED,MSME_FAST
FIN-0003799,INV-2026-03432,LND017,2026-08-31,982942,DISBURSED,MSME_FAST
FIN-0003800,INV-2026-03433,LND025,2026-09-22,3142215,DISBURSED,MSME_FAST
FIN-0003801,INV-2026-03434,LND014,2026-06-15,2160181,APPROVED,MSME_FAST
FIN-0003802,INV-2026-03435,LND023,2026-09-16,1654186,PENDING,STANDARD
FIN-0003803,INV-2026-03435,LND011,2026-09-24,1851322,APPROVED,STANDARD
FIN-0003804,INV-2026-03436,LND017,2026-08-02,3054747,APPROVED,MSME_FAST
FIN-0003805,INV-2026-03437,LND003,2026-08-05,4073486,DISBURSED,PRIORITY
FIN-0003806,INV-2026-03438,LND019,2026-08-11,1802389,PENDING,MSME_FAST
FIN-0003807,INV-2026-03439,LND002,2026-06-27,303148,DISBURSED,MSME_FAST
FIN-0003808,INV-2026-03440,LND025,2026-06-09,1097917,DISBURSED,PRIORITY
FIN-0003809,INV-2026-03441,LND022,2026-06-09,1367719,PENDING,MSME_FAST
FIN-0003810,INV-2026-03442,LND001,2026-07-22,1794983,PENDING,STANDARD
FIN-0003811,INV-2026-03443,LND021,2026-08-25,94521,APPROVED,STANDARD
FIN-0003812,INV-2026-03444,LND012,2026-09-21,1779825,APPROVED,MSME_FAST
FIN-0003813,INV-2026-03445,LND022,2026-08-02,665341,PENDING,STANDARD
FIN-0003814,INV-2026-03446,LND022,2026-07-28,3406766,PENDING,PRIORITY
FIN-0003815,INV-2026-03447,LND017,2026-06-27,3386135,APPROVED,PRIORITY
FIN-0003816,INV-2026-03448,LND010,2026-06-15,221750,DISBURSED,PRIORITY
FIN-0003817,INV-2026-03449,LND009,2026-08-17,2566016,DISBURSED,PRIORITY
FIN-0003818,INV-2026-03450,LND003,2026-07-08,1693803,DISBURSED,STANDARD
FIN-0003819,INV-2026-03451,LND018,2026-09-13,2219156,PENDING,STANDARD
FIN-0003820,INV-2026-03452,LND017,2026-07-01,3082244,DISBURSED,STANDARD
FIN-0003821,INV-2026-03453,LND023,2026-06-25,1301234,DISBURSED,MSME_FAST
FIN-0003822,INV-2026-03454,LND005,2026-07-09,253554,APPROVED,MSME_FAST
FIN-0003823,INV-2026-03455,LND002,2026-06-14,388949,APPROVED,MSME_FAST
FIN-0003824,INV-2026-03456,LND018,2026-07-04,250792,PENDING,STANDARD
FIN-0003825,INV-2026-03457,LND002,2026-10-04,1621929,DISBURSED,STANDARD
FIN-0003826,INV-2026-03458,LND017,2026-10-04,3815404,APPROVED,PRIORITY
FIN-0003827,INV-2026-03459,LND003,2026-06-23,538306,DISBURSED,PRIORITY
FIN-0003828,INV-2026-03459,LND010,2026-07-01,537547,PENDING,MSME_FAST
FIN-0003829,INV-2026-03460,LND023,2026-07-19,131071,PENDING,PRIORITY
FIN-0003830,INV-2026-03461,LND022,2026-09-24,3441347,DISBURSED,STANDARD
FIN-0003831,INV-2026-03462,LND013,2026-07-27,3245149,APPROVED,MSME_FAST
FIN-0003832,INV-2026-03463,LND021,2026-07-12,2561099,DISBURSED,PRIORITY
FIN-0003833,INV-2026-03464,LND010,2026-09-10,2133431,APPROVED,MSME_FAST
FIN-0003834,INV-2026-03465,LND010,2026-09-21,3778385,DISBURSED,STANDARD
FIN-0003835,INV-2026-03466,LND016,2026-07-09,2739711,APPROVED,PRIORITY
FIN-0003836,INV-2026-03467,LND023,2026-07-07,2841229,APPROVED,STANDARD
FIN-0003837,INV-2026-03467,LND004,2026-06-27,3207328,PENDING,STANDARD
FIN-0003838,INV-2026-03468,LND023,2026-07-16,1260670,PENDING,MSME_FAST
FIN-0003839,INV-2026-03469,LND005,2026-06-12,3737177,PENDING,PRIORITY
FIN-0003840,INV-2026-03470,LND007,2026-10-03,2744586,PENDING,STANDARD
FIN-0003841,INV-2026-03471,LND012,2026-06-05,2717456,DISBURSED,MSME_FAST
FIN-0003842,INV-2026-03472,LND001,2026-09-09,2538720,DISBURSED,STANDARD
FIN-0003843,INV-2026-03473,LND011,2026-06-18,260951,APPROVED,STANDARD
FIN-0003844,INV-2026-03474,LND001,2026-07-30,3078549,DISBURSED,STANDARD
FIN-0003845,INV-2026-03475,LND018,2026-08-12,2048497,APPROVED,MSME_FAST
FIN-0003846,INV-2026-03476,LND025,2026-08-20,3881600,PENDING,PRIORITY
FIN-0003847,INV-2026-03477,LND018,2026-09-06,2549221,PENDING,PRIORITY
FIN-0003848,INV-2026-03478,LND024,2026-06-28,1957020,PENDING,MSME_FAST
FIN-0003849,INV-2026-03479,LND017,2026-06-26,992934,PENDING,MSME_FAST
FIN-0003850,INV-2026-03480,LND016,2026-10-02,1821131,DISBURSED,STANDARD
FIN-0003851,INV-2026-03481,LND017,2026-07-06,2823811,DISBURSED,PRIORITY
FIN-0003852,INV-2026-03482,LND009,2026-06-03,1870149,PENDING,MSME_FAST
FIN-0003853,INV-2026-03483,LND021,2026-08-04,1738016,PENDING,PRIORITY
FIN-0003854,INV-2026-03484,LND013,2026-07-08,2707354,PENDING,PRIORITY
FIN-0003855,INV-2026-03485,LND023,2026-06-11,1344719,PENDING,MSME_FAST
FIN-0003856,INV-2026-03486,LND013,2026-08-28,141838,PENDING,MSME_FAST
FIN-0003857,INV-2026-03487,LND009,2026-09-02,2816679,APPROVED,PRIORITY
FIN-0003858,INV-2026-03488,LND021,2026-07-16,1028783,DISBURSED,PRIORITY
FIN-0003859,INV-2026-03489,LND001,2026-07-04,1380075,DISBURSED,PRIORITY
FIN-0003860,INV-2026-03490,LND008,2026-06-28,4068491,DISBURSED,PRIORITY
FIN-0003861,INV-2026-03491,LND023,2026-08-19,673033,DISBURSED,PRIORITY
FIN-0003862,INV-2026-03492,LND014,2026-08-09,3356717,DISBURSED,STANDARD
FIN-0003863,INV-2026-03493,LND011,2026-09-17,209610,PENDING,MSME_FAST
FIN-0003864,INV-2026-03494,LND015,2026-07-12,1842307,APPROVED,STANDARD
FIN-0003865,INV-2026-03495,LND011,2026-08-30,3352765,APPROVED,PRIORITY
FIN-0003866,INV-2026-03496,LND010,2026-09-02,2634676,PENDING,STANDARD
FIN-0003867,INV-2026-03497,LND010,2026-09-17,435343,APPROVED,MSME_FAST
FIN-0003868,INV-2026-03498,LND014,2026-07-11,3026408,PENDING,STANDARD
FIN-0003869,INV-2026-03499,LND017,2026-07-19,2118445,APPROVED,STANDARD
FIN-0003870,INV-2026-03500,LND025,2026-08-08,2494380,PENDING,PRIORITY
FIN-0003871,INV-2026-03501,LND025,2026-08-24,1633673,APPROVED,STANDARD
FIN-0003872,INV-2026-03502,LND003,2026-06-25,2152192,DISBURSED,STANDARD
FIN-0003873,INV-2026-03503,LND007,2026-10-10,2078603,DISBURSED,PRIORITY
FIN-0003874,INV-2026-03504,LND021,2026-09-11,2274977,DISBURSED,MSME_FAST
FIN-0003875,INV-2026-03505,LND013,2026-08-06,4000924,DISBURSED,MSME_FAST
FIN-0003876,INV-2026-03506,LND015,2026-07-23,1747530,DISBURSED,MSME_FAST
FIN-0003877,INV-2026-03507,LND023,2026-08-05,1524930,PENDING,PRIORITY
FIN-0003878,INV-2026-03508,LND017,2026-07-03,413663,DISBURSED,MSME_FAST
FIN-0003879,INV-2026-03509,LND002,2026-09-26,4057610,DISBURSED,PRIORITY
FIN-0003880,INV-2026-03509,LND015,2026-09-30,4360103,DISBURSED,PRIORITY
FIN-0003881,INV-2026-03510,LND016,2026-07-16,1062553,DISBURSED,MSME_FAST
FIN-0003882,INV-2026-03511,LND011,2026-07-06,2668531,DISBURSED,STANDARD
FIN-0003883,INV-2026-03512,LND014,2026-09-19,1262910,APPROVED,MSME_FAST
FIN-0003884,INV-2026-03513,LND003,2026-08-09,1502031,APPROVED,MSME_FAST
FIN-0003885,INV-2026-03513,LND024,2026-08-14,1478795,DISBURSED,MSME_FAST
FIN-0003886,INV-2026-03514,LND017,2026-07-08,302978,PENDING,STANDARD
FIN-0003887,INV-2026-03514,LND002,2026-07-09,351087,PENDING,STANDARD
FIN-0003888,INV-2026-03515,LND020,2026-08-01,2132807,APPROVED,MSME_FAST
FIN-0003889,INV-2026-03516,LND025,2026-07-05,437148,DISBURSED,STANDARD
FIN-0003890,INV-2026-03516,LND017,2026-07-05,412820,DISBURSED,PRIORITY
FIN-0003891,INV-2026-03517,LND022,2026-07-31,3243826,PENDING,MSME_FAST
FIN-0003892,INV-2026-03518,LND025,2026-06-18,2503614,APPROVED,PRIORITY
FIN-0003893,INV-2026-03519,LND025,2026-09-10,311292,DISBURSED,MSME_FAST
FIN-0003894,INV-2026-03520,LND007,2026-08-31,2491935,DISBURSED,STANDARD
FIN-0003895,INV-2026-03521,LND005,2026-08-31,3325076,APPROVED,STANDARD
FIN-0003896,INV-2026-03522,LND021,2026-06-07,314312,DISBURSED,PRIORITY
FIN-0003897,INV-2026-03523,LND024,2026-06-30,1658059,PENDING,PRIORITY
FIN-0003898,INV-2026-03524,LND016,2026-09-12,2812801,PENDING,PRIORITY
FIN-0003899,INV-2026-03525,LND013,2026-07-23,3062985,DISBURSED,STANDARD
FIN-0003900,INV-2026-03526,LND021,2026-06-30,232549,PENDING,PRIORITY
FIN-0003901,INV-2026-03527,LND013,2026-06-03,3171566,PENDING,MSME_FAST
FIN-0003902,INV-2026-03528,LND009,2026-09-12,1731173,DISBURSED,STANDARD
FIN-0003903,INV-2026-03529,LND016,2026-06-22,3285358,DISBURSED,MSME_FAST
FIN-0003904,INV-2026-03530,LND011,2026-08-19,603295,PENDING,PRIORITY
FIN-0003905,INV-2026-03531,LND016,2026-07-04,742831,DISBURSED,PRIORITY
FIN-0003906,INV-2026-03531,LND004,2026-06-30,873405,DISBURSED,PRIORITY
FIN-0003907,INV-2026-03532,LND008,2026-07-14,2504288,DISBURSED,STANDARD
FIN-0003908,INV-2026-03533,LND019,2026-07-02,4147453,APPROVED,STANDARD
FIN-0003909,INV-2026-03534,LND012,2026-09-17,3110625,APPROVED,STANDARD
FIN-0003910,INV-2026-03535,LND015,2026-08-26,106967,APPROVED,PRIORITY
FIN-0003911,INV-2026-03536,LND015,2026-08-31,1539737,PENDING,PRIORITY
FIN-0003912,INV-2026-03537,LND006,2026-06-15,2189106,PENDING,MSME_FAST
FIN-0003913,INV-2026-03538,LND011,2026-06-30,629801,DISBURSED,STANDARD
FIN-0003914,INV-2026-03539,LND018,2026-07-07,1166683,DISBURSED,STANDARD
FIN-0003915,INV-2026-03540,LND019,2026-06-15,1729626,APPROVED,STANDARD
FIN-0003916,INV-2026-03541,LND009,2026-10-05,575762,DISBURSED,MSME_FAST
FIN-0003917,INV-2026-03542,LND022,2026-07-31,2347913,PENDING,PRIORITY
FIN-0003918,INV-2026-03543,LND011,2026-07-30,93640,DISBURSED,STANDARD
FIN-0003919,INV-2026-03544,LND012,2026-10-02,1315266,PENDING,PRIORITY
FIN-0003920,INV-2026-03545,LND020,2026-08-25,246053,APPROVED,MSME_FAST
FIN-0003921,INV-2026-03545,LND002,2026-08-23,278902,PENDING,MSME_FAST
FIN-0003922,INV-2026-03546,LND009,2026-10-11,2582254,APPROVED,MSME_FAST
FIN-0003923,INV-2026-03547,LND019,2026-06-30,691423,DISBURSED,PRIORITY
FIN-0003924,INV-2026-03548,LND001,2026-08-09,422298,DISBURSED,PRIORITY
FIN-0003925,INV-2026-03549,LND011,2026-09-20,1526259,APPROVED,PRIORITY
FIN-0003926,INV-2026-03550,LND024,2026-08-21,2206470,DISBURSED,MSME_FAST
FIN-0003927,INV-2026-03551,LND023,2026-07-27,481187,DISBURSED,MSME_FAST
FIN-0003928,INV-2026-03552,LND022,2026-08-26,2037513,APPROVED,STANDARD
FIN-0003929,INV-2026-03553,LND019,2026-09-18,735549,DISBURSED,MSME_FAST
FIN-0003930,INV-2026-03554,LND025,2026-08-14,772199,PENDING,STANDARD
FIN-0003931,INV-2026-03555,LND024,2026-07-24,1831407,PENDING,MSME_FAST
FIN-0003932,INV-2026-03556,LND020,2026-09-11,941956,DISBURSED,PRIORITY
FIN-0003933,INV-2026-03557,LND008,2026-08-19,80450,PENDING,MSME_FAST
FIN-0003934,INV-2026-03557,LND009,2026-08-21,74043,DISBURSED,PRIORITY
FIN-0003935,INV-2026-03558,LND014,2026-09-11,3806063,PENDING,MSME_FAST
FIN-0003936,INV-2026-03559,LND018,2026-09-30,2637314,DISBURSED,MSME_FAST
FIN-0003937,INV-2026-03560,LND010,2026-10-09,3306105,PENDING,MSME_FAST
FIN-0003938,INV-2026-03561,LND017,2026-09-26,3413612,APPROVED,PRIORITY
FIN-0003939,INV-2026-03562,LND010,2026-07-10,1593190,APPROVED,PRIORITY
FIN-0003940,INV-2026-03563,LND005,2026-09-23,2001812,PENDING,MSME_FAST
FIN-0003941,INV-2026-03564,LND007,2026-07-05,2754794,APPROVED,PRIORITY
FIN-0003942,INV-2026-03565,LND004,2026-09-08,1461347,DISBURSED,PRIORITY
FIN-0003943,INV-2026-03566,LND023,2026-06-19,1890776,PENDING,PRIORITY
FIN-0003944,INV-2026-03567,LND013,2026-07-10,135095,DISBURSED,PRIORITY
FIN-0003945,INV-2026-03568,LND013,2026-06-23,2542326,PENDING,PRIORITY
FIN-0003946,INV-2026-03568,LND022,2026-06-26,2805538,APPROVED,PRIORITY
FIN-0003947,INV-2026-03569,LND012,2026-07-18,3598878,DISBURSED,PRIORITY
FIN-0003948,INV-2026-03570,LND012,2026-09-30,648228,APPROVED,STANDARD
FIN-0003949,INV-2026-03571,LND006,2026-08-14,1877832,APPROVED,MSME_FAST
FIN-0003950,INV-2026-03572,LND015,2026-07-10,3092687,PENDING,STANDARD
FIN-0003951,INV-2026-03572,LND019,2026-07-11,3027615,PENDING,MSME_FAST
FIN-0003952,INV-2026-03573,LND018,2026-06-26,146252,DISBURSED,PRIORITY
FIN-0003953,INV-2026-03574,LND012,2026-06-14,2750411,PENDING,STANDARD
FIN-0003954,INV-2026-03574,LND005,2026-06-24,2746215,PENDING,MSME_FAST
FIN-0003955,INV-2026-03575,LND007,2026-07-25,3843728,APPROVED,MSME_FAST
FIN-0003956,INV-2026-03576,LND017,2026-08-17,4025902,PENDING,STANDARD
FIN-0003957,INV-2026-03577,LND013,2026-09-30,3725671,DISBURSED,MSME_FAST
FIN-0003958,INV-2026-03578,LND017,2026-07-21,2757552,APPROVED,MSME_FAST
FIN-0003959,INV-2026-03579,LND011,2026-06-17,2080248,PENDING,PRIORITY
FIN-0003960,INV-2026-03580,LND003,2026-06-28,3517686,DISBURSED,MSME_FAST
FIN-0003961,INV-2026-03581,LND011,2026-07-02,2297653,APPROVED,STANDARD
FIN-0003962,INV-2026-03582,LND012,2026-09-24,2471677,DISBURSED,PRIORITY
FIN-0003963,INV-2026-03582,LND024,2026-09-28,2140717,APPROVED,PRIORITY
FIN-0003964,INV-2026-03583,LND019,2026-09-08,2230828,DISBURSED,STANDARD
FIN-0003965,INV-2026-03584,LND021,2026-07-05,2690226,APPROVED,PRIORITY
FIN-0003966,INV-2026-03585,LND017,2026-06-11,900330,PENDING,PRIORITY
FIN-0003967,INV-2026-03586,LND012,2026-06-27,594749,DISBURSED,PRIORITY
FIN-0003968,INV-2026-03587,LND002,2026-06-03,2663280,APPROVED,MSME_FAST
FIN-0003969,INV-2026-03588,LND005,2026-07-04,1094564,DISBURSED,STANDARD
FIN-0003970,INV-2026-03589,LND014,2026-06-01,910540,PENDING,PRIORITY
FIN-0003971,INV-2026-03590,LND010,2026-10-01,1677931,PENDING,STANDARD
FIN-0003972,INV-2026-03591,LND021,2026-10-03,1743350,PENDING,MSME_FAST
FIN-0003973,INV-2026-03592,LND025,2026-10-07,3163083,APPROVED,MSME_FAST
FIN-0003974,INV-2026-03593,LND017,2026-09-06,1455473,DISBURSED,MSME_FAST
FIN-0003975,INV-2026-03594,LND007,2026-07-04,4029238,DISBURSED,PRIORITY
FIN-0003976,INV-2026-03595,LND024,2026-08-02,826238,APPROVED,STANDARD
FIN-0003977,INV-2026-03596,LND006,2026-10-02,4047379,DISBURSED,MSME_FAST
FIN-0003978,INV-2026-03597,LND015,2026-09-19,328747,APPROVED,PRIORITY
FIN-0003979,INV-2026-03598,LND025,2026-07-16,2916493,APPROVED,PRIORITY
FIN-0003980,INV-2026-03599,LND013,2026-09-24,2838076,APPROVED,STANDARD
FIN-0003981,INV-2026-03600,LND005,2026-08-01,3504556,DISBURSED,STANDARD
FIN-0003982,INV-2026-03601,LND008,2026-07-13,3079531,PENDING,STANDARD
FIN-0003983,INV-2026-03601,LND005,2026-07-06,2710651,DISBURSED,PRIORITY
FIN-0003984,INV-2026-03602,LND015,2026-07-08,1024495,DISBURSED,PRIORITY
FIN-0003985,INV-2026-03602,LND002,2026-06-27,914715,APPROVED,STANDARD
FIN-0003986,INV-2026-03603,LND014,2026-07-20,1841986,PENDING,PRIORITY
FIN-0003987,INV-2026-03604,LND015,2026-06-23,1962406,DISBURSED,PRIORITY
FIN-0003988,INV-2026-03605,LND017,2026-08-12,1168740,PENDING,PRIORITY
FIN-0003989,INV-2026-03606,LND003,2026-07-31,2206124,APPROVED,PRIORITY
FIN-0003990,INV-2026-03607,LND009,2026-08-08,3079925,APPROVED,STANDARD
FIN-0003991,INV-2026-03608,LND019,2026-07-28,2826245,DISBURSED,PRIORITY
FIN-0003992,INV-2026-03608,LND017,2026-08-07,2950416,APPROVED,MSME_FAST
FIN-0003993,INV-2026-03609,LND006,2026-08-20,966256,PENDING,MSME_FAST
FIN-0003994,INV-2026-03610,LND003,2026-08-01,3487627,DISBURSED,MSME_FAST
FIN-0003995,INV-2026-03611,LND015,2026-07-23,3324835,PENDING,MSME_FAST
FIN-0003996,INV-2026-03612,LND008,2026-09-13,1416785,APPROVED,PRIORITY
FIN-0003997,INV-2026-03613,LND024,2026-08-01,790016,APPROVED,PRIORITY
FIN-0003998,INV-2026-03614,LND013,2026-08-06,298410,PENDING,MSME_FAST
FIN-0003999,INV-2026-03615,LND002,2026-07-02,1806823,APPROVED,STANDARD
FIN-0004000,INV-2026-03615,LND006,2026-07-11,1712557,DISBURSED,MSME_FAST
FIN-0004001,INV-2026-03616,LND005,2026-06-16,2475609,PENDING,STANDARD
FIN-0004002,INV-2026-03617,LND017,2026-07-23,4330711,APPROVED,MSME_FAST
FIN-0004003,INV-2026-03618,LND018,2026-10-01,1947979,DISBURSED,PRIORITY
FIN-0004004,INV-2026-03619,LND011,2026-06-16,3556000,DISBURSED,STANDARD
FIN-0004005,INV-2026-03620,LND009,2026-10-05,1751121,DISBURSED,MSME_FAST
FIN-0004006,INV-2026-03621,LND009,2026-09-03,1248948,DISBURSED,PRIORITY
FIN-0004007,INV-2026-03622,LND005,2026-06-11,702597,PENDING,MSME_FAST
FIN-0004008,INV-2026-03623,LND005,2026-07-10,1893252,PENDING,STANDARD
FIN-0004009,INV-2026-03624,LND022,2026-09-12,2305088,DISBURSED,STANDARD
FIN-0004010,INV-2026-03625,LND018,2026-09-16,436296,APPROVED,STANDARD
FIN-0004011,INV-2026-03626,LND018,2026-09-12,386215,PENDING,MSME_FAST
FIN-0004012,INV-2026-03627,LND015,2026-08-09,1094055,PENDING,MSME_FAST
FIN-0004013,INV-2026-03628,LND018,2026-08-13,1579931,DISBURSED,STANDARD
FIN-0004014,INV-2026-03629,LND018,2026-10-04,300483,DISBURSED,STANDARD
FIN-0004015,INV-2026-03630,LND007,2026-07-11,1349023,PENDING,MSME_FAST
FIN-0004016,INV-2026-03631,LND017,2026-06-03,3223710,PENDING,PRIORITY
FIN-0004017,INV-2026-03631,LND010,2026-06-05,2975465,PENDING,STANDARD
FIN-0004018,INV-2026-03632,LND008,2026-09-15,2119328,DISBURSED,STANDARD
FIN-0004019,INV-2026-03632,LND012,2026-09-05,2334292,DISBURSED,PRIORITY
FIN-0004020,INV-2026-03633,LND016,2026-08-10,2253714,PENDING,MSME_FAST
FIN-0004021,INV-2026-03634,LND025,2026-06-11,2686678,DISBURSED,MSME_FAST
FIN-0004022,INV-2026-03635,LND016,2026-07-24,2326039,APPROVED,MSME_FAST
FIN-0004023,INV-2026-03636,LND003,2026-09-03,2754290,DISBURSED,PRIORITY
FIN-0004024,INV-2026-03637,LND009,2026-10-04,743954,APPROVED,MSME_FAST
FIN-0004025,INV-2026-03638,LND007,2026-06-28,931618,DISBURSED,STANDARD
FIN-0004026,INV-2026-03639,LND001,2026-06-24,3556011,PENDING,MSME_FAST
FIN-0004027,INV-2026-03639,LND012,2026-07-03,3581643,PENDING,STANDARD
FIN-0004028,INV-2026-03640,LND007,2026-07-29,953168,DISBURSED,PRIORITY
FIN-0004029,INV-2026-03640,LND016,2026-08-05,976382,DISBURSED,STANDARD
FIN-0004030,INV-2026-03641,LND022,2026-09-24,1186779,DISBURSED,STANDARD
FIN-0004031,INV-2026-03642,LND004,2026-09-16,3529289,PENDING,STANDARD
FIN-0004032,INV-2026-03643,LND020,2026-10-05,314894,APPROVED,PRIORITY
FIN-0004033,INV-2026-03644,LND007,2026-10-03,229523,DISBURSED,MSME_FAST
FIN-0004034,INV-2026-03645,LND013,2026-07-09,1262529,DISBURSED,PRIORITY
FIN-0004035,INV-2026-03646,LND025,2026-09-24,3726747,DISBURSED,PRIORITY
FIN-0004036,INV-2026-03647,LND005,2026-09-01,3269814,APPROVED,STANDARD
FIN-0004037,INV-2026-03648,LND017,2026-07-17,967328,DISBURSED,STANDARD
FIN-0004038,INV-2026-03649,LND011,2026-08-07,1493593,PENDING,STANDARD
FIN-0004039,INV-2026-03650,LND005,2026-08-26,2133597,APPROVED,STANDARD
FIN-0004040,INV-2026-03650,LND004,2026-08-17,1904504,PENDING,PRIORITY
FIN-0004041,INV-2026-03651,LND024,2026-06-25,3803858,DISBURSED,MSME_FAST
FIN-0004042,INV-2026-03652,LND010,2026-07-15,4015125,APPROVED,STANDARD
FIN-0004043,INV-2026-03653,LND004,2026-08-25,2393959,DISBURSED,STANDARD
FIN-0004044,INV-2026-03654,LND023,2026-08-22,3377378,APPROVED,PRIORITY
FIN-0004045,INV-2026-03655,LND006,2026-06-28,2648946,DISBURSED,STANDARD
FIN-0004046,INV-2026-03656,LND010,2026-07-30,3628862,DISBURSED,STANDARD
FIN-0004047,INV-2026-03657,LND011,2026-07-21,3283104,PENDING,MSME_FAST
FIN-0004048,INV-2026-03658,LND004,2026-09-17,1555733,PENDING,STANDARD
FIN-0004049,INV-2026-03659,LND006,2026-08-25,543668,APPROVED,STANDARD
FIN-0004050,INV-2026-03660,LND006,2026-08-20,178194,PENDING,MSME_FAST
FIN-0004051,INV-2026-03661,LND024,2026-07-02,815153,DISBURSED,MSME_FAST
FIN-0004052,INV-2026-03662,LND017,2026-09-27,2984342,PENDING,MSME_FAST
FIN-0004053,INV-2026-03663,LND014,2026-06-23,242590,APPROVED,MSME_FAST
FIN-0004054,INV-2026-03664,LND009,2026-07-16,2457749,PENDING,STANDARD
FIN-0004055,INV-2026-03665,LND023,2026-08-06,1216796,DISBURSED,PRIORITY
FIN-0004056,INV-2026-03666,LND025,2026-07-08,588697,PENDING,MSME_FAST
FIN-0004057,INV-2026-03667,LND020,2026-07-26,3793851,PENDING,STANDARD
FIN-0004058,INV-2026-03668,LND013,2026-09-26,1754094,DISBURSED,MSME_FAST
FIN-0004059,INV-2026-03668,LND023,2026-09-28,1659213,PENDING,MSME_FAST
FIN-0004060,INV-2026-03669,LND024,2026-08-24,4068524,DISBURSED,STANDARD
FIN-0004061,INV-2026-03670,LND017,2026-08-03,220354,APPROVED,STANDARD
FIN-0004062,INV-2026-03671,LND010,2026-07-27,1537779,DISBURSED,PRIORITY
FIN-0004063,INV-2026-03672,LND016,2026-06-30,2309095,PENDING,STANDARD
FIN-0004064,INV-2026-03673,LND006,2026-07-09,2892975,PENDING,PRIORITY
FIN-0004065,INV-2026-03674,LND002,2026-07-23,433843,DISBURSED,STANDARD
FIN-0004066,INV-2026-03675,LND022,2026-10-05,1789556,APPROVED,PRIORITY
FIN-0004067,INV-2026-03676,LND009,2026-07-29,2728760,PENDING,PRIORITY
FIN-0004068,INV-2026-03677,LND006,2026-08-01,3375066,PENDING,PRIORITY
FIN-0004069,INV-2026-03677,LND018,2026-08-10,2979806,APPROVED,MSME_FAST
FIN-0004070,INV-2026-03678,LND015,2026-09-07,1837061,PENDING,PRIORITY
FIN-0004071,INV-2026-03679,LND009,2026-08-22,1473305,APPROVED,PRIORITY
FIN-0004072,INV-2026-03680,LND011,2026-07-27,3864196,PENDING,MSME_FAST
FIN-0004073,INV-2026-03681,LND017,2026-09-26,3613920,DISBURSED,MSME_FAST
FIN-0004074,INV-2026-03682,LND002,2026-07-19,3767107,PENDING,MSME_FAST
FIN-0004075,INV-2026-03683,LND017,2026-09-20,3357823,APPROVED,STANDARD
FIN-0004076,INV-2026-03684,LND017,2026-10-02,1444376,DISBURSED,PRIORITY
FIN-0004077,INV-2026-03685,LND022,2026-06-26,404416,PENDING,STANDARD
FIN-0004078,INV-2026-03686,LND021,2026-08-31,3027656,DISBURSED,STANDARD
FIN-0004079,INV-2026-03687,LND014,2026-07-22,3867573,DISBURSED,MSME_FAST
FIN-0004080,INV-2026-03688,LND020,2026-07-23,2639784,DISBURSED,PRIORITY
FIN-0004081,INV-2026-03689,LND019,2026-09-07,3280450,APPROVED,PRIORITY
FIN-0004082,INV-2026-03690,LND008,2026-07-06,1498623,DISBURSED,STANDARD
FIN-0004083,INV-2026-03691,LND015,2026-07-17,806125,APPROVED,PRIORITY
FIN-0004084,INV-2026-03692,LND013,2026-06-27,3687359,APPROVED,PRIORITY
FIN-0004085,INV-2026-03693,LND024,2026-09-02,3821527,DISBURSED,PRIORITY
FIN-0004086,INV-2026-03694,LND016,2026-07-22,1901068,DISBURSED,STANDARD
FIN-0004087,INV-2026-03695,LND001,2026-07-21,2490774,APPROVED,STANDARD
FIN-0004088,INV-2026-03696,LND009,2026-06-30,2373490,DISBURSED,MSME_FAST
FIN-0004089,INV-2026-03697,LND009,2026-08-21,3009991,DISBURSED,STANDARD
FIN-0004090,INV-2026-03698,LND024,2026-07-25,1639321,APPROVED,MSME_FAST
FIN-0004091,INV-2026-03699,LND014,2026-09-19,1959565,PENDING,STANDARD
FIN-0004092,INV-2026-03700,LND025,2026-09-14,437196,DISBURSED,MSME_FAST
FIN-0004093,INV-2026-03701,LND008,2026-07-13,2630097,DISBURSED,STANDARD
FIN-0004094,INV-2026-03701,LND020,2026-07-05,2612569,DISBURSED,STANDARD
FIN-0004095,INV-2026-03702,LND023,2026-07-14,214282,PENDING,PRIORITY
FIN-0004096,INV-2026-03703,LND022,2026-07-18,2922225,APPROVED,MSME_FAST
FIN-0004097,INV-2026-03704,LND024,2026-08-09,4278163,DISBURSED,PRIORITY
FIN-0004098,INV-2026-03705,LND012,2026-07-19,3409626,APPROVED,STANDARD
FIN-0004099,INV-2026-03706,LND011,2026-09-29,2438518,PENDING,MSME_FAST
FIN-0004100,INV-2026-03707,LND020,2026-10-03,848248,DISBURSED,STANDARD
FIN-0004101,INV-2026-03708,LND016,2026-06-23,1954425,DISBURSED,PRIORITY
FIN-0004102,INV-2026-03709,LND016,2026-07-18,3693860,DISBURSED,STANDARD
FIN-0004103,INV-2026-03710,LND014,2026-07-31,3099659,APPROVED,MSME_FAST
FIN-0004104,INV-2026-03711,LND022,2026-07-19,3731981,PENDING,STANDARD
FIN-0004105,INV-2026-03712,LND013,2026-09-26,4375184,PENDING,PRIORITY
FIN-0004106,INV-2026-03713,LND013,2026-08-13,1209875,DISBURSED,MSME_FAST
FIN-0004107,INV-2026-03714,LND005,2026-07-03,1649635,PENDING,STANDARD
FIN-0004108,INV-2026-03715,LND015,2026-07-20,2519827,DISBURSED,STANDARD
FIN-0004109,INV-2026-03716,LND010,2026-06-14,2450493,DISBURSED,MSME_FAST
FIN-0004110,INV-2026-03717,LND007,2026-07-30,1283915,DISBURSED,STANDARD
FIN-0004111,INV-2026-03718,LND016,2026-09-20,2504682,APPROVED,MSME_FAST
FIN-0004112,INV-2026-03719,LND002,2026-08-01,434773,DISBURSED,STANDARD
FIN-0004113,INV-2026-03720,LND014,2026-10-13,752589,DISBURSED,PRIORITY
FIN-0004114,INV-2026-03721,LND016,2026-10-04,2953939,DISBURSED,PRIORITY
FIN-0004115,INV-2026-03722,LND007,2026-07-09,974889,DISBURSED,MSME_FAST
FIN-0004116,INV-2026-03723,LND021,2026-08-11,3573202,APPROVED,PRIORITY
FIN-0004117,INV-2026-03724,LND022,2026-10-05,1541759,APPROVED,MSME_FAST
FIN-0004118,INV-2026-03725,LND011,2026-06-12,2680626,PENDING,MSME_FAST
FIN-0004119,INV-2026-03726,LND013,2026-08-27,3132896,PENDING,PRIORITY
FIN-0004120,INV-2026-03727,LND015,2026-09-29,2473539,APPROVED,MSME_FAST
FIN-0004121,INV-2026-03728,LND018,2026-06-07,1764289,APPROVED,MSME_FAST
FIN-0004122,INV-2026-03729,LND020,2026-08-27,3989757,DISBURSED,PRIORITY
FIN-0004123,INV-2026-03730,LND011,2026-07-09,3085286,APPROVED,MSME_FAST
FIN-0004124,INV-2026-03731,LND021,2026-08-11,2399100,APPROVED,STANDARD
FIN-0004125,INV-2026-03731,LND004,2026-08-13,2399248,PENDING,PRIORITY
FIN-0004126,INV-2026-03732,LND004,2026-10-03,82254,APPROVED,PRIORITY
FIN-0004127,INV-2026-03733,LND023,2026-08-20,1317428,PENDING,PRIORITY
FIN-0004128,INV-2026-03734,LND021,2026-08-22,2959340,APPROVED,PRIORITY
FIN-0004129,INV-2026-03734,LND008,2026-08-21,2889465,PENDING,PRIORITY
FIN-0004130,INV-2026-03735,LND016,2026-07-13,1736352,PENDING,PRIORITY
FIN-0004131,INV-2026-03736,LND002,2026-09-15,2209883,APPROVED,STANDARD
FIN-0004132,INV-2026-03737,LND010,2026-08-18,3559941,PENDING,MSME_FAST
FIN-0004133,INV-2026-03738,LND006,2026-06-24,1509744,DISBURSED,PRIORITY
FIN-0004134,INV-2026-03738,LND011,2026-06-26,1195399,APPROVED,PRIORITY
FIN-0004135,INV-2026-03739,LND017,2026-06-10,3141830,DISBURSED,MSME_FAST
FIN-0004136,INV-2026-03739,LND005,2026-06-05,3086954,APPROVED,STANDARD
FIN-0004137,INV-2026-03740,LND018,2026-06-21,416640,APPROVED,PRIORITY
FIN-0004138,INV-2026-03741,LND011,2026-10-05,256544,DISBURSED,STANDARD
FIN-0004139,INV-2026-03742,LND018,2026-07-30,2919451,APPROVED,PRIORITY
FIN-0004140,INV-2026-03743,LND001,2026-10-09,1005307,DISBURSED,MSME_FAST
FIN-0004141,INV-2026-03744,LND019,2026-07-14,54994,APPROVED,MSME_FAST
FIN-0004142,INV-2026-03744,LND020,2026-07-08,62009,DISBURSED,PRIORITY
FIN-0004143,INV-2026-03745,LND008,2026-09-15,816938,APPROVED,PRIORITY
FIN-0004144,INV-2026-03746,LND017,2026-07-08,2747541,PENDING,STANDARD
FIN-0004145,INV-2026-03747,LND021,2026-07-12,2092646,PENDING,STANDARD
FIN-0004146,INV-2026-03747,LND014,2026-07-12,2669347,APPROVED,PRIORITY
FIN-0004147,INV-2026-03748,LND023,2026-06-27,1738930,PENDING,PRIORITY
FIN-0004148,INV-2026-03749,LND003,2026-09-01,844827,APPROVED,MSME_FAST
FIN-0004149,INV-2026-03750,LND021,2026-06-27,3623389,DISBURSED,STANDARD
FIN-0004150,INV-2026-03751,LND025,2026-08-25,251057,DISBURSED,PRIORITY
FIN-0004151,INV-2026-03752,LND017,2026-09-02,1777739,PENDING,STANDARD
FIN-0004152,INV-2026-03753,LND001,2026-08-27,3156457,DISBURSED,MSME_FAST
FIN-0004153,INV-2026-03754,LND006,2026-07-14,934920,DISBURSED,STANDARD
FIN-0004154,INV-2026-03755,LND003,2026-09-18,3056062,PENDING,MSME_FAST
FIN-0004155,INV-2026-03756,LND021,2026-06-26,2824691,DISBURSED,PRIORITY
FIN-0004156,INV-2026-03757,LND004,2026-09-30,2718621,PENDING,MSME_FAST
FIN-0004157,INV-2026-03758,LND002,2026-08-11,696311,APPROVED,PRIORITY
FIN-0004158,INV-2026-03758,LND004,2026-08-07,674712,APPROVED,STANDARD
FIN-0004159,INV-2026-03759,LND025,2026-08-29,3341631,APPROVED,PRIORITY
FIN-0004160,INV-2026-03760,LND017,2026-07-24,513115,APPROVED,STANDARD
FIN-0004161,INV-2026-03761,LND012,2026-06-18,3397506,PENDING,PRIORITY
FIN-0004162,INV-2026-03762,LND006,2026-09-26,2206795,DISBURSED,MSME_FAST
FIN-0004163,INV-2026-03763,LND007,2026-06-25,2552043,APPROVED,MSME_FAST
FIN-0004164,INV-2026-03764,LND003,2026-08-22,3203697,APPROVED,MSME_FAST
FIN-0004165,INV-2026-03765,LND019,2026-09-11,2273653,PENDING,MSME_FAST
FIN-0004166,INV-2026-03766,LND010,2026-07-20,1878415,DISBURSED,MSME_FAST
FIN-0004167,INV-2026-03767,LND006,2026-06-16,2412171,DISBURSED,PRIORITY
FIN-0004168,INV-2026-03768,LND006,2026-07-18,2470516,PENDING,STANDARD
FIN-0004169,INV-2026-03769,LND017,2026-07-21,1503113,APPROVED,STANDARD
FIN-0004170,INV-2026-03770,LND019,2026-08-09,435485,DISBURSED,MSME_FAST
FIN-0004171,INV-2026-03771,LND014,2026-07-19,2046484,PENDING,PRIORITY
FIN-0004172,INV-2026-03772,LND023,2026-07-17,3512024,APPROVED,STANDARD
FIN-0004173,INV-2026-03773,LND013,2026-07-01,747404,APPROVED,PRIORITY
FIN-0004174,INV-2026-03774,LND016,2026-09-06,1835905,DISBURSED,STANDARD
FIN-0004175,INV-2026-03775,LND006,2026-06-08,270695,PENDING,PRIORITY
FIN-0004176,INV-2026-03776,LND018,2026-10-08,2131156,APPROVED,STANDARD
FIN-0004177,INV-2026-03776,LND013,2026-09-28,2250092,DISBURSED,STANDARD
FIN-0004178,INV-2026-03777,LND022,2026-08-18,2257149,APPROVED,MSME_FAST
FIN-0004179,INV-2026-03778,LND013,2026-08-01,655467,PENDING,PRIORITY
FIN-0004180,INV-2026-03779,LND021,2026-09-19,2104716,PENDING,MSME_FAST
FIN-0004181,INV-2026-03780,LND012,2026-07-22,1990823,APPROVED,MSME_FAST
FIN-0004182,INV-2026-03781,LND015,2026-07-28,2942188,PENDING,STANDARD
FIN-0004183,INV-2026-03782,LND020,2026-07-21,154164,APPROVED,PRIORITY
FIN-0004184,INV-2026-03783,LND007,2026-08-09,1026267,DISBURSED,MSME_FAST
FIN-0004185,INV-2026-03784,LND010,2026-09-26,1481721,APPROVED,STANDARD
FIN-0004186,INV-2026-03785,LND022,2026-07-11,1454359,PENDING,MSME_FAST
FIN-0004187,INV-2026-03786,LND016,2026-07-24,400015,APPROVED,STANDARD
FIN-0004188,INV-2026-03787,LND017,2026-07-23,2125725,DISBURSED,STANDARD
FIN-0004189,INV-2026-03788,LND020,2026-09-27,2632577,APPROVED,MSME_FAST
FIN-0004190,INV-2026-03789,LND010,2026-08-16,2933720,DISBURSED,STANDARD
FIN-0004191,INV-2026-03790,LND010,2026-08-30,3580613,DISBURSED,MSME_FAST
FIN-0004192,INV-2026-03791,LND011,2026-09-13,2542120,PENDING,PRIORITY
FIN-0004193,INV-2026-03792,LND013,2026-08-14,265240,PENDING,MSME_FAST
FIN-0004194,INV-2026-03793,LND004,2026-06-18,1305804,DISBURSED,MSME_FAST
FIN-0004195,INV-2026-03794,LND011,2026-08-13,3086000,PENDING,MSME_FAST
FIN-0004196,INV-2026-03795,LND005,2026-08-06,3648178,APPROVED,MSME_FAST
FIN-0004197,INV-2026-03796,LND001,2026-09-08,365199,PENDING,STANDARD
FIN-0004198,INV-2026-03797,LND001,2026-06-11,3016079,DISBURSED,MSME_FAST
FIN-0004199,INV-2026-03798,LND020,2026-07-28,269790,DISBURSED,PRIORITY
FIN-0004200,INV-2026-03799,LND007,2026-06-25,3975301,APPROVED,PRIORITY
FIN-0004201,INV-2026-03799,LND003,2026-06-20,4244125,APPROVED,STANDARD
FIN-0004202,INV-2026-03800,LND010,2026-06-21,1263601,APPROVED,PRIORITY
FIN-0004203,INV-2026-03801,LND012,2026-09-02,1274046,PENDING,PRIORITY
FIN-0004204,INV-2026-03802,LND009,2026-07-10,3205463,PENDING,MSME_FAST
FIN-0004205,INV-2026-03803,LND023,2026-09-02,50379,PENDING,PRIORITY
FIN-0004206,INV-2026-03804,LND020,2026-06-24,3116082,DISBURSED,STANDARD
FIN-0004207,INV-2026-03805,LND003,2026-07-23,3725967,APPROVED,STANDARD
FIN-0004208,INV-2026-03806,LND013,2026-09-21,2700061,DISBURSED,STANDARD
FIN-0004209,INV-2026-03807,LND021,2026-09-23,1663486,PENDING,STANDARD
FIN-0004210,INV-2026-03807,LND012,2026-09-21,1991419,DISBURSED,STANDARD
FIN-0004211,INV-2026-03808,LND010,2026-08-16,2050144,PENDING,MSME_FAST
FIN-0004212,INV-2026-03809,LND015,2026-08-08,2800966,APPROVED,MSME_FAST
FIN-0004213,INV-2026-03810,LND020,2026-07-22,2576010,DISBURSED,PRIORITY
FIN-0004214,INV-2026-03811,LND025,2026-07-03,3302349,DISBURSED,MSME_FAST
FIN-0004215,INV-2026-03812,LND010,2026-07-29,3055688,PENDING,MSME_FAST
FIN-0004216,INV-2026-03813,LND010,2026-08-13,2075851,PENDING,PRIORITY
FIN-0004217,INV-2026-03814,LND025,2026-09-23,3042587,DISBURSED,STANDARD
FIN-0004218,INV-2026-03814,LND017,2026-09-16,3021104,APPROVED,PRIORITY
FIN-0004219,INV-2026-03815,LND021,2026-07-30,1849972,APPROVED,STANDARD
FIN-0004220,INV-2026-03815,LND019,2026-07-20,1827352,DISBURSED,PRIORITY
FIN-0004221,INV-2026-03816,LND018,2026-08-03,1880593,APPROVED,MSME_FAST
FIN-0004222,INV-2026-03817,LND001,2026-07-02,2068829,DISBURSED,STANDARD
FIN-0004223,INV-2026-03818,LND018,2026-08-05,3071274,PENDING,STANDARD
FIN-0004224,INV-2026-03819,LND017,2026-06-12,2074461,DISBURSED,MSME_FAST
FIN-0004225,INV-2026-03820,LND017,2026-09-19,3647053,DISBURSED,PRIORITY
FIN-0004226,INV-2026-03821,LND009,2026-07-20,2260770,DISBURSED,MSME_FAST
FIN-0004227,INV-2026-03822,LND016,2026-06-21,3397914,APPROVED,PRIORITY
FIN-0004228,INV-2026-03823,LND001,2026-08-16,975434,APPROVED,PRIORITY
FIN-0004229,INV-2026-03824,LND025,2026-07-08,818328,PENDING,STANDARD
FIN-0004230,INV-2026-03824,LND015,2026-07-08,867570,DISBURSED,PRIORITY
FIN-0004231,INV-2026-03825,LND023,2026-07-14,349914,APPROVED,STANDARD
FIN-0004232,INV-2026-03826,LND025,2026-09-12,3599660,APPROVED,STANDARD
FIN-0004233,INV-2026-03827,LND005,2026-07-03,480497,DISBURSED,PRIORITY
FIN-0004234,INV-2026-03828,LND012,2026-07-23,3336301,APPROVED,STANDARD
FIN-0004235,INV-2026-03829,LND009,2026-09-11,1769769,DISBURSED,PRIORITY
FIN-0004236,INV-2026-03830,LND006,2026-08-26,2390926,PENDING,STANDARD
FIN-0004237,INV-2026-03831,LND007,2026-09-26,2514729,APPROVED,MSME_FAST
FIN-0004238,INV-2026-03832,LND002,2026-06-12,50278,PENDING,STANDARD
FIN-0004239,INV-2026-03833,LND022,2026-10-02,871369,DISBURSED,STANDARD
FIN-0004240,INV-2026-03834,LND018,2026-07-09,2772956,DISBURSED,MSME_FAST
FIN-0004241,INV-2026-03835,LND003,2026-10-07,3079649,APPROVED,PRIORITY
FIN-0004242,INV-2026-03835,LND017,2026-10-08,2937117,DISBURSED,MSME_FAST
FIN-0004243,INV-2026-03836,LND006,2026-06-17,3026788,DISBURSED,PRIORITY
FIN-0004244,INV-2026-03837,LND012,2026-09-16,1601290,DISBURSED,STANDARD
FIN-0004245,INV-2026-03838,LND009,2026-06-22,951629,APPROVED,MSME_FAST
FIN-0004246,INV-2026-03839,LND014,2026-09-23,634298,DISBURSED,PRIORITY
FIN-0004247,INV-2026-03840,LND020,2026-08-29,524432,APPROVED,PRIORITY
FIN-0004248,INV-2026-03841,LND017,2026-09-16,167823,DISBURSED,STANDARD
FIN-0004249,INV-2026-03841,LND005,2026-09-22,181326,DISBURSED,STANDARD
FIN-0004250,INV-2026-03842,LND023,2026-06-30,1613618,APPROVED,PRIORITY
FIN-0004251,INV-2026-03843,LND003,2026-06-16,3331049,APPROVED,STANDARD
FIN-0004252,INV-2026-03843,LND012,2026-06-25,3538935,APPROVED,PRIORITY
FIN-0004253,INV-2026-03844,LND022,2026-08-18,3458633,PENDING,MSME_FAST
FIN-0004254,INV-2026-03845,LND022,2026-09-20,1155811,PENDING,MSME_FAST
FIN-0004255,INV-2026-03845,LND002,2026-09-20,1417410,PENDING,MSME_FAST
FIN-0004256,INV-2026-03846,LND010,2026-09-09,354524,PENDING,STANDARD
FIN-0004257,INV-2026-03847,LND013,2026-06-05,722711,DISBURSED,STANDARD
FIN-0004258,INV-2026-03848,LND013,2026-09-14,509069,DISBURSED,MSME_FAST
FIN-0004259,INV-2026-03849,LND022,2026-08-18,764022,APPROVED,STANDARD
FIN-0004260,INV-2026-03850,LND007,2026-08-22,2221048,PENDING,MSME_FAST
FIN-0004261,INV-2026-03851,LND021,2026-10-02,1971127,APPROVED,PRIORITY
FIN-0004262,INV-2026-03852,LND007,2026-08-19,2099182,DISBURSED,STANDARD
FIN-0004263,INV-2026-03853,LND010,2026-07-23,1304927,DISBURSED,STANDARD
FIN-0004264,INV-2026-03854,LND004,2026-08-22,73553,DISBURSED,STANDARD
FIN-0004265,INV-2026-03855,LND016,2026-06-27,2201909,PENDING,PRIORITY
FIN-0004266,INV-2026-03856,LND014,2026-09-16,4098743,DISBURSED,STANDARD
FIN-0004267,INV-2026-03857,LND006,2026-08-01,3609508,APPROVED,MSME_FAST
FIN-0004268,INV-2026-03858,LND019,2026-07-17,799150,APPROVED,PRIORITY
FIN-0004269,INV-2026-03859,LND004,2026-06-20,1481872,APPROVED,MSME_FAST
FIN-0004270,INV-2026-03860,LND023,2026-06-26,537300,DISBURSED,MSME_FAST
FIN-0004271,INV-2026-03860,LND001,2026-07-08,595289,DISBURSED,STANDARD
FIN-0004272,INV-2026-03861,LND002,2026-07-05,336563,DISBURSED,PRIORITY
FIN-0004273,INV-2026-03862,LND012,2026-07-23,2787037,PENDING,MSME_FAST
FIN-0004274,INV-2026-03863,LND004,2026-07-17,944919,DISBURSED,MSME_FAST
FIN-0004275,INV-2026-03864,LND010,2026-08-05,2498281,PENDING,MSME_FAST
FIN-0004276,INV-2026-03865,LND008,2026-09-16,2827045,DISBURSED,PRIORITY
FIN-0004277,INV-2026-03865,LND014,2026-09-10,3347556,PENDING,STANDARD
FIN-0004278,INV-2026-03866,LND018,2026-06-03,866676,PENDING,PRIORITY
FIN-0004279,INV-2026-03866,LND015,2026-06-05,776690,PENDING,STANDARD
FIN-0004280,INV-2026-03867,LND005,2026-08-14,2911697,PENDING,PRIORITY
FIN-0004281,INV-2026-03868,LND019,2026-08-10,2015232,DISBURSED,STANDARD
FIN-0004282,INV-2026-03869,LND018,2026-09-11,649181,PENDING,STANDARD
FIN-0004283,INV-2026-03870,LND014,2026-07-06,3964689,DISBURSED,PRIORITY
FIN-0004284,INV-2026-03871,LND019,2026-08-20,1205516,APPROVED,MSME_FAST
FIN-0004285,INV-2026-03872,LND017,2026-09-02,164201,PENDING,STANDARD
FIN-0004286,INV-2026-03873,LND011,2026-09-04,4021374,PENDING,PRIORITY
FIN-0004287,INV-2026-03874,LND023,2026-10-04,442626,APPROVED,STANDARD
FIN-0004288,INV-2026-03875,LND007,2026-09-03,680701,PENDING,PRIORITY
FIN-0004289,INV-2026-03876,LND018,2026-09-01,2583710,PENDING,STANDARD
FIN-0004290,INV-2026-03877,LND022,2026-08-31,2367404,PENDING,PRIORITY
FIN-0004291,INV-2026-03878,LND018,2026-09-13,973449,APPROVED,PRIORITY
FIN-0004292,INV-2026-03879,LND019,2026-07-12,487694,APPROVED,PRIORITY
FIN-0004293,INV-2026-03880,LND011,2026-06-27,2325010,APPROVED,STANDARD
FIN-0004294,INV-2026-03881,LND004,2026-09-23,2451756,APPROVED,PRIORITY
FIN-0004295,INV-2026-03882,LND008,2026-09-13,1479101,DISBURSED,STANDARD
FIN-0004296,INV-2026-03883,LND002,2026-09-08,2632010,DISBURSED,STANDARD
FIN-0004297,INV-2026-03884,LND021,2026-06-03,386223,APPROVED,STANDARD
FIN-0004298,INV-2026-03884,LND013,2026-06-15,434617,PENDING,MSME_FAST
FIN-0004299,INV-2026-03885,LND015,2026-07-31,1692978,DISBURSED,MSME_FAST
FIN-0004300,INV-2026-03886,LND018,2026-09-13,655879,APPROVED,STANDARD
FIN-0004301,INV-2026-03887,LND018,2026-06-30,441657,APPROVED,MSME_FAST
FIN-0004302,INV-2026-03888,LND022,2026-08-22,1232632,APPROVED,PRIORITY
FIN-0004303,INV-2026-03889,LND004,2026-09-13,4066313,APPROVED,MSME_FAST
FIN-0004304,INV-2026-03890,LND012,2026-07-23,3789898,APPROVED,MSME_FAST
FIN-0004305,INV-2026-03890,LND018,2026-07-29,3741456,APPROVED,STANDARD
FIN-0004306,INV-2026-03891,LND003,2026-07-26,2684667,APPROVED,STANDARD
FIN-0004307,INV-2026-03891,LND004,2026-07-30,3129942,DISBURSED,PRIORITY
FIN-0004308,INV-2026-03892,LND017,2026-09-11,1697693,DISBURSED,STANDARD
FIN-0004309,INV-2026-03893,LND005,2026-09-03,451188,DISBURSED,STANDARD
FIN-0004310,INV-2026-03894,LND016,2026-06-15,3797011,DISBURSED,PRIORITY
FIN-0004311,INV-2026-03895,LND018,2026-09-02,1455888,PENDING,MSME_FAST
FIN-0004312,INV-2026-03896,LND013,2026-07-20,2414558,APPROVED,MSME_FAST
FIN-0004313,INV-2026-03897,LND021,2026-09-04,1861731,PENDING,PRIORITY
FIN-0004314,INV-2026-03898,LND007,2026-10-04,1779118,DISBURSED,MSME_FAST
FIN-0004315,INV-2026-03899,LND009,2026-07-08,3738922,DISBURSED,STANDARD
FIN-0004316,INV-2026-03900,LND021,2026-09-21,2303357,PENDING,STANDARD
FIN-0004317,INV-2026-03901,LND022,2026-09-20,1319321,DISBURSED,STANDARD
FIN-0004318,INV-2026-03902,LND004,2026-07-26,2112785,PENDING,MSME_FAST
FIN-0004319,INV-2026-03903,LND007,2026-08-23,821620,PENDING,PRIORITY
FIN-0004320,INV-2026-03904,LND012,2026-09-18,2724563,APPROVED,PRIORITY
FIN-0004321,INV-2026-03905,LND010,2026-09-08,184946,PENDING,MSME_FAST
FIN-0004322,INV-2026-03906,LND015,2026-08-09,1406410,APPROVED,STANDARD
FIN-0004323,INV-2026-03907,LND007,2026-09-26,1835031,PENDING,MSME_FAST
FIN-0004324,INV-2026-03908,LND015,2026-06-22,3221469,DISBURSED,PRIORITY
FIN-0004325,INV-2026-03909,LND009,2026-09-09,2853265,APPROVED,PRIORITY
FIN-0004326,INV-2026-03910,LND022,2026-07-30,3301431,APPROVED,MSME_FAST
FIN-0004327,INV-2026-03911,LND006,2026-06-20,393378,PENDING,PRIORITY
FIN-0004328,INV-2026-03912,LND025,2026-08-10,2712987,DISBURSED,MSME_FAST
FIN-0004329,INV-2026-03913,LND023,2026-08-30,3144761,DISBURSED,STANDARD
FIN-0004330,INV-2026-03914,LND021,2026-07-30,3001011,PENDING,PRIORITY
FIN-0004331,INV-2026-03915,LND009,2026-08-02,2294690,PENDING,MSME_FAST
FIN-0004332,INV-2026-03916,LND001,2026-09-27,2338827,DISBURSED,MSME_FAST
FIN-0004333,INV-2026-03917,LND013,2026-10-07,3799216,PENDING,STANDARD
FIN-0004334,INV-2026-03918,LND008,2026-07-22,1061171,DISBURSED,STANDARD
FIN-0004335,INV-2026-03919,LND004,2026-08-11,2969819,APPROVED,MSME_FAST
FIN-0004336,INV-2026-03920,LND021,2026-07-07,2983834,DISBURSED,PRIORITY
FIN-0004337,INV-2026-03921,LND002,2026-08-05,823898,PENDING,PRIORITY
FIN-0004338,INV-2026-03921,LND005,2026-08-16,754422,DISBURSED,MSME_FAST
FIN-0004339,INV-2026-03922,LND001,2026-08-08,1662716,DISBURSED,STANDARD
FIN-0004340,INV-2026-03923,LND018,2026-08-26,2140361,PENDING,MSME_FAST
FIN-0004341,INV-2026-03924,LND004,2026-08-31,2533503,DISBURSED,STANDARD
FIN-0004342,INV-2026-03925,LND020,2026-09-22,1000953,APPROVED,STANDARD
FIN-0004343,INV-2026-03926,LND001,2026-08-30,426477,APPROVED,PRIORITY
FIN-0004344,INV-2026-03927,LND004,2026-06-21,891949,PENDING,STANDARD
FIN-0004345,INV-2026-03928,LND019,2026-08-19,633739,DISBURSED,MSME_FAST
FIN-0004346,INV-2026-03929,LND025,2026-07-06,2344835,PENDING,STANDARD
FIN-0004347,INV-2026-03930,LND002,2026-08-08,3866159,APPROVED,MSME_FAST
FIN-0004348,INV-2026-03930,LND006,2026-08-14,3968163,PENDING,PRIORITY
FIN-0004349,INV-2026-03931,LND010,2026-06-19,3365123,DISBURSED,STANDARD
FIN-0004350,INV-2026-03932,LND025,2026-07-03,1997046,PENDING,STANDARD
FIN-0004351,INV-2026-03933,LND022,2026-08-26,3683087,APPROVED,MSME_FAST
FIN-0004352,INV-2026-03933,LND009,2026-09-04,3640598,DISBURSED,PRIORITY
FIN-0004353,INV-2026-03934,LND011,2026-08-08,1882231,DISBURSED,STANDARD
FIN-0004354,INV-2026-03934,LND005,2026-08-06,1737577,DISBURSED,STANDARD
FIN-0004355,INV-2026-03935,LND012,2026-08-28,2780783,DISBURSED,PRIORITY
FIN-0004356,INV-2026-03936,LND018,2026-07-12,3346584,PENDING,PRIORITY
FIN-0004357,INV-2026-03937,LND002,2026-06-23,1563921,PENDING,PRIORITY
FIN-0004358,INV-2026-03938,LND008,2026-09-29,2038208,PENDING,MSME_FAST
FIN-0004359,INV-2026-03938,LND012,2026-10-01,2104604,PENDING,PRIORITY
FIN-0004360,INV-2026-03939,LND002,2026-08-28,1925986,DISBURSED,STANDARD
FIN-0004361,INV-2026-03940,LND018,2026-07-26,442884,APPROVED,MSME_FAST
FIN-0004362,INV-2026-03941,LND020,2026-09-18,2901019,DISBURSED,STANDARD
FIN-0004363,INV-2026-03942,LND023,2026-09-08,777324,DISBURSED,PRIORITY
FIN-0004364,INV-2026-03942,LND011,2026-09-03,774381,APPROVED,MSME_FAST
FIN-0004365,INV-2026-03943,LND016,2026-07-23,1302197,APPROVED,STANDARD
FIN-0004366,INV-2026-03944,LND009,2026-08-15,2294930,DISBURSED,PRIORITY
FIN-0004367,INV-2026-03945,LND009,2026-06-23,3267281,DISBURSED,STANDARD
FIN-0004368,INV-2026-03946,LND023,2026-08-01,1355421,PENDING,PRIORITY
FIN-0004369,INV-2026-03947,LND010,2026-10-06,1366306,PENDING,STANDARD
FIN-0004370,INV-2026-03948,LND001,2026-08-14,2501558,APPROVED,STANDARD
FIN-0004371,INV-2026-03949,LND023,2026-08-17,3379435,PENDING,MSME_FAST
FIN-0004372,INV-2026-03950,LND025,2026-07-15,1932246,PENDING,STANDARD
FIN-0004373,INV-2026-03951,LND002,2026-06-03,442921,APPROVED,MSME_FAST
FIN-0004374,INV-2026-03952,LND011,2026-08-02,4140364,APPROVED,PRIORITY
FIN-0004375,INV-2026-03953,LND006,2026-06-28,4234210,APPROVED,STANDARD
FIN-0004376,INV-2026-03954,LND022,2026-08-10,535272,DISBURSED,STANDARD
FIN-0004377,INV-2026-03955,LND016,2026-06-21,1277231,APPROVED,MSME_FAST
FIN-0004378,INV-2026-03956,LND012,2026-07-02,2024114,DISBURSED,PRIORITY
FIN-0004379,INV-2026-03957,LND016,2026-06-14,536173,DISBURSED,STANDARD
FIN-0004380,INV-2026-03958,LND022,2026-07-14,1281381,APPROVED,PRIORITY
FIN-0004381,INV-2026-03959,LND021,2026-09-26,720175,DISBURSED,STANDARD
FIN-0004382,INV-2026-03960,LND009,2026-07-10,1389033,PENDING,STANDARD
FIN-0004383,INV-2026-03961,LND018,2026-10-01,59570,APPROVED,PRIORITY
FIN-0004384,INV-2026-03962,LND005,2026-09-24,1575949,APPROVED,MSME_FAST
FIN-0004385,INV-2026-03963,LND009,2026-09-03,1075086,DISBURSED,PRIORITY
FIN-0004386,INV-2026-03964,LND023,2026-09-17,629770,DISBURSED,STANDARD
FIN-0004387,INV-2026-03965,LND017,2026-07-20,2055152,APPROVED,MSME_FAST
FIN-0004388,INV-2026-03965,LND020,2026-07-22,1806349,APPROVED,PRIORITY
FIN-0004389,INV-2026-03966,LND003,2026-08-07,1923740,PENDING,MSME_FAST
FIN-0004390,INV-2026-03966,LND004,2026-08-05,1899171,APPROVED,PRIORITY
FIN-0004391,INV-2026-03967,LND005,2026-09-11,408169,APPROVED,PRIORITY
FIN-0004392,INV-2026-03968,LND011,2026-08-11,336120,APPROVED,MSME_FAST
FIN-0004393,INV-2026-03969,LND023,2026-06-19,839178,DISBURSED,MSME_FAST
FIN-0004394,INV-2026-03970,LND013,2026-06-05,1063948,DISBURSED,PRIORITY
FIN-0004395,INV-2026-03971,LND022,2026-07-19,3189264,DISBURSED,STANDARD
FIN-0004396,INV-2026-03972,LND002,2026-08-05,2505308,APPROVED,MSME_FAST
FIN-0004397,INV-2026-03973,LND020,2026-07-10,2056563,APPROVED,PRIORITY
FIN-0004398,INV-2026-03974,LND005,2026-07-22,3163711,DISBURSED,PRIORITY
FIN-0004399,INV-2026-03975,LND013,2026-10-01,2398864,APPROVED,PRIORITY
FIN-0004400,INV-2026-03975,LND001,2026-10-05,2133907,DISBURSED,PRIORITY
FIN-0004401,INV-2026-03976,LND005,2026-08-25,2006982,APPROVED,MSME_FAST
FIN-0004402,INV-2026-03977,LND010,2026-09-14,2515822,PENDING,MSME_FAST
FIN-0004403,INV-2026-03978,LND020,2026-07-03,1965369,DISBURSED,STANDARD
FIN-0004404,INV-2026-03979,LND019,2026-09-25,3800180,DISBURSED,PRIORITY
FIN-0004405,INV-2026-03980,LND007,2026-06-27,1920846,APPROVED,STANDARD
FIN-0004406,INV-2026-03981,LND015,2026-06-07,2086565,DISBURSED,PRIORITY
FIN-0004407,INV-2026-03982,LND010,2026-10-08,2846822,DISBURSED,PRIORITY
FIN-0004408,INV-2026-03983,LND022,2026-07-30,1129154,PENDING,STANDARD
FIN-0004409,INV-2026-03984,LND025,2026-09-24,1054255,PENDING,PRIORITY
FIN-0004410,INV-2026-03985,LND018,2026-06-26,352782,APPROVED,STANDARD
FIN-0004411,INV-2026-03985,LND012,2026-06-22,288657,DISBURSED,MSME_FAST
FIN-0004412,INV-2026-03986,LND017,2026-07-28,2189749,DISBURSED,STANDARD
FIN-0004413,INV-2026-03987,LND010,2026-06-16,3305823,PENDING,STANDARD
FIN-0004414,INV-2026-03988,LND024,2026-06-17,3510472,PENDING,MSME_FAST
FIN-0004415,INV-2026-03989,LND005,2026-08-27,2040696,APPROVED,PRIORITY
FIN-0004416,INV-2026-03989,LND025,2026-08-23,2156367,DISBURSED,STANDARD
FIN-0004417,INV-2026-03990,LND022,2026-06-21,3383435,PENDING,PRIORITY
FIN-0004418,INV-2026-03991,LND002,2026-09-03,3375196,PENDING,PRIORITY
FIN-0004419,INV-2026-03992,LND012,2026-07-12,3675325,DISBURSED,STANDARD
FIN-0004420,INV-2026-03993,LND022,2026-09-19,3341875,PENDING,PRIORITY
FIN-0004421,INV-2026-03994,LND017,2026-10-08,1519875,APPROVED,STANDARD
FIN-0004422,INV-2026-03995,LND004,2026-08-04,1889618,PENDING,STANDARD
FIN-0004423,INV-2026-03996,LND004,2026-09-23,1603149,PENDING,MSME_FAST
FIN-0004424,INV-2026-03997,LND013,2026-07-03,1547036,PENDING,STANDARD
FIN-0004425,INV-2026-03998,LND008,2026-09-21,293839,PENDING,STANDARD
FIN-0004426,INV-2026-03999,LND001,2026-08-26,858151,PENDING,PRIORITY
FIN-0004427,INV-2026-04000,LND016,2026-09-15,3638000,DISBURSED,STANDARD
FIN-0004428,INV-2026-04001,LND002,2026-09-12,3122841,PENDING,MSME_FAST
FIN-0004429,INV-2026-04002,LND019,2026-09-12,3299336,DISBURSED,STANDARD
FIN-0004430,INV-2026-04003,LND019,2026-09-05,3225385,PENDING,PRIORITY
FIN-0004431,INV-2026-04004,LND008,2026-06-06,380013,APPROVED,PRIORITY
FIN-0004432,INV-2026-04005,LND014,2026-09-19,2534328,APPROVED,MSME_FAST
FIN-0004433,INV-2026-04006,LND005,2026-09-04,4406706,APPROVED,PRIORITY
FIN-0004434,INV-2026-04007,LND021,2026-07-27,902391,APPROVED,STANDARD
FIN-0004435,INV-2026-04008,LND014,2026-07-29,461627,DISBURSED,STANDARD
FIN-0004436,INV-2026-04009,LND017,2026-09-10,2996196,APPROVED,STANDARD
FIN-0004437,INV-2026-04009,LND013,2026-09-16,2584729,DISBURSED,PRIORITY
FIN-0004438,INV-2026-04010,LND010,2026-07-02,1314517,PENDING,PRIORITY
FIN-0004439,INV-2026-04011,LND005,2026-08-20,3745850,DISBURSED,MSME_FAST
FIN-0004440,INV-2026-04012,LND017,2026-09-10,1136529,APPROVED,PRIORITY
FIN-0004441,INV-2026-04013,LND001,2026-08-01,194127,PENDING,PRIORITY
FIN-0004442,INV-2026-04014,LND009,2026-07-17,1592715,APPROVED,PRIORITY
FIN-0004443,INV-2026-04015,LND006,2026-08-20,3826434,APPROVED,STANDARD
FIN-0004444,INV-2026-04015,LND005,2026-08-26,3741536,DISBURSED,MSME_FAST
FIN-0004445,INV-2026-04016,LND004,2026-09-02,502045,PENDING,MSME_FAST
FIN-0004446,INV-2026-04016,LND007,2026-09-16,593151,APPROVED,PRIORITY
FIN-0004447,INV-2026-04017,LND016,2026-09-01,531714,PENDING,MSME_FAST
FIN-0004448,INV-2026-04018,LND021,2026-09-05,3452044,PENDING,MSME_FAST
FIN-0004449,INV-2026-04019,LND019,2026-08-12,61653,DISBURSED,STANDARD
FIN-0004450,INV-2026-04020,LND019,2026-10-03,4082936,PENDING,STANDARD
FIN-0004451,INV-2026-04021,LND020,2026-07-07,2604191,APPROVED,PRIORITY
FIN-0004452,INV-2026-04022,LND018,2026-06-18,3096226,APPROVED,STANDARD
FIN-0004453,INV-2026-04023,LND011,2026-09-28,1932255,APPROVED,STANDARD
FIN-0004454,INV-2026-04024,LND010,2026-08-19,1939637,DISBURSED,PRIORITY
FIN-0004455,INV-2026-04025,LND010,2026-07-01,1219511,PENDING,PRIORITY
FIN-0004456,INV-2026-04026,LND001,2026-09-21,1307117,DISBURSED,PRIORITY
FIN-0004457,INV-2026-04027,LND009,2026-07-29,488019,APPROVED,MSME_FAST
FIN-0004458,INV-2026-04027,LND006,2026-07-18,466781,DISBURSED,STANDARD
FIN-0004459,INV-2026-04028,LND007,2026-06-15,2168157,PENDING,PRIORITY
FIN-0004460,INV-2026-04029,LND003,2026-07-16,1963042,PENDING,MSME_FAST
FIN-0004461,INV-2026-04030,LND008,2026-07-01,2788576,PENDING,MSME_FAST
FIN-0004462,INV-2026-04030,LND006,2026-07-13,3110631,APPROVED,MSME_FAST
FIN-0004463,INV-2026-04031,LND018,2026-09-29,105680,DISBURSED,MSME_FAST
FIN-0004464,INV-2026-04032,LND013,2026-07-16,3448704,PENDING,STANDARD
FIN-0004465,INV-2026-04033,LND020,2026-08-01,963390,APPROVED,STANDARD
FIN-0004466,INV-2026-04034,LND024,2026-09-25,2829089,APPROVED,STANDARD
FIN-0004467,INV-2026-04035,LND019,2026-07-11,1109767,PENDING,MSME_FAST
FIN-0004468,INV-2026-04036,LND013,2026-10-06,496232,APPROVED,STANDARD
FIN-0004469,INV-2026-04037,LND005,2026-10-03,2295721,DISBURSED,STANDARD
FIN-0004470,INV-2026-04038,LND023,2026-08-04,976553,DISBURSED,PRIORITY
FIN-0004471,INV-2026-04039,LND008,2026-09-28,3713369,APPROVED,MSME_FAST
FIN-0004472,INV-2026-04040,LND012,2026-07-02,1512340,DISBURSED,PRIORITY
FIN-0004473,INV-2026-04040,LND006,2026-07-12,1304928,DISBURSED,PRIORITY
FIN-0004474,INV-2026-04041,LND018,2026-07-08,1114253,DISBURSED,MSME_FAST
FIN-0004475,INV-2026-04042,LND022,2026-09-12,2244402,APPROVED,MSME_FAST
FIN-0004476,INV-2026-04043,LND025,2026-06-14,3511516,APPROVED,MSME_FAST
FIN-0004477,INV-2026-04044,LND024,2026-07-21,3382704,DISBURSED,PRIORITY
FIN-0004478,INV-2026-04045,LND007,2026-06-24,924904,DISBURSED,MSME_FAST
FIN-0004479,INV-2026-04046,LND022,2026-08-21,204724,APPROVED,MSME_FAST
FIN-0004480,INV-2026-04047,LND017,2026-07-27,1953318,DISBURSED,MSME_FAST
FIN-0004481,INV-2026-04048,LND025,2026-08-09,3392290,PENDING,MSME_FAST
FIN-0004482,INV-2026-04048,LND002,2026-08-03,3522459,DISBURSED,MSME_FAST
FIN-0004483,INV-2026-04049,LND004,2026-08-29,3423344,DISBURSED,STANDARD
FIN-0004484,INV-2026-04050,LND012,2026-06-14,782763,APPROVED,MSME_FAST
FIN-0004485,INV-2026-04051,LND003,2026-07-14,3529774,DISBURSED,STANDARD
FIN-0004486,INV-2026-04052,LND007,2026-06-29,832196,APPROVED,MSME_FAST
FIN-0004487,INV-2026-04052,LND012,2026-06-14,961026,DISBURSED,STANDARD
FIN-0004488,INV-2026-04053,LND011,2026-09-24,330335,DISBURSED,PRIORITY
FIN-0004489,INV-2026-04054,LND025,2026-08-21,123144,DISBURSED,PRIORITY
FIN-0004490,INV-2026-04055,LND015,2026-07-26,2140053,PENDING,MSME_FAST
FIN-0004491,INV-2026-04056,LND019,2026-06-20,997086,PENDING,PRIORITY
FIN-0004492,INV-2026-04057,LND002,2026-08-30,822060,APPROVED,MSME_FAST
FIN-0004493,INV-2026-04058,LND004,2026-06-17,2935037,DISBURSED,PRIORITY
FIN-0004494,INV-2026-04059,LND017,2026-09-09,586699,PENDING,MSME_FAST
FIN-0004495,INV-2026-04060,LND007,2026-08-10,2825136,DISBURSED,PRIORITY
FIN-0004496,INV-2026-04061,LND011,2026-10-02,2182057,APPROVED,MSME_FAST
FIN-0004497,INV-2026-04062,LND023,2026-06-17,570181,APPROVED,PRIORITY
FIN-0004498,INV-2026-04062,LND025,2026-06-21,608316,APPROVED,MSME_FAST
FIN-0004499,INV-2026-04063,LND005,2026-07-04,3926584,PENDING,STANDARD
FIN-0004500,INV-2026-04063,LND002,2026-07-12,3797620,PENDING,MSME_FAST
FIN-0004501,INV-2026-04064,LND019,2026-07-20,332264,APPROVED,MSME_FAST
FIN-0004502,INV-2026-04065,LND015,2026-08-19,887616,PENDING,STANDARD
FIN-0004503,INV-2026-04066,LND006,2026-10-07,2779274,PENDING,STANDARD
FIN-0004504,INV-2026-04067,LND012,2026-07-14,1578967,APPROVED,MSME_FAST
FIN-0004505,INV-2026-04068,LND025,2026-08-14,252414,PENDING,PRIORITY
FIN-0004506,INV-2026-04069,LND023,2026-07-14,284685,DISBURSED,STANDARD
FIN-0004507,INV-2026-04070,LND014,2026-07-18,2987343,APPROVED,STANDARD
FIN-0004508,INV-2026-04071,LND003,2026-07-09,1956051,DISBURSED,STANDARD
FIN-0004509,INV-2026-04072,LND017,2026-09-18,1746266,PENDING,STANDARD
FIN-0004510,INV-2026-04073,LND014,2026-07-04,3473169,PENDING,PRIORITY
FIN-0004511,INV-2026-04074,LND018,2026-06-08,1688568,APPROVED,STANDARD
FIN-0004512,INV-2026-04075,LND009,2026-09-27,3058978,DISBURSED,PRIORITY
FIN-0004513,INV-2026-04076,LND006,2026-09-02,3129464,APPROVED,MSME_FAST
FIN-0004514,INV-2026-04077,LND022,2026-09-03,3979715,APPROVED,MSME_FAST
FIN-0004515,INV-2026-04077,LND004,2026-08-26,3990658,APPROVED,PRIORITY
FIN-0004516,INV-2026-04078,LND002,2026-07-18,2562611,PENDING,STANDARD
FIN-0004517,INV-2026-04079,LND002,2026-07-10,1954691,APPROVED,STANDARD
FIN-0004518,INV-2026-04080,LND016,2026-09-01,3382509,DISBURSED,PRIORITY
FIN-0004519,INV-2026-04081,LND009,2026-09-24,3532152,DISBURSED,PRIORITY
FIN-0004520,INV-2026-04081,LND016,2026-09-29,3058584,DISBURSED,PRIORITY
FIN-0004521,INV-2026-04082,LND024,2026-09-26,829818,APPROVED,PRIORITY
FIN-0004522,INV-2026-04083,LND008,2026-09-23,3105433,PENDING,MSME_FAST
FIN-0004523,INV-2026-04084,LND001,2026-06-11,1871078,APPROVED,PRIORITY
FIN-0004524,INV-2026-04085,LND022,2026-09-14,765604,APPROVED,MSME_FAST
FIN-0004525,INV-2026-04086,LND015,2026-07-29,3303179,DISBURSED,MSME_FAST
FIN-0004526,INV-2026-04087,LND014,2026-06-17,1685668,DISBURSED,STANDARD
FIN-0004527,INV-2026-04088,LND001,2026-08-05,2489257,PENDING,MSME_FAST
FIN-0004528,INV-2026-04089,LND022,2026-07-05,1850095,APPROVED,PRIORITY
FIN-0004529,INV-2026-04090,LND005,2026-06-11,3411886,APPROVED,PRIORITY
FIN-0004530,INV-2026-04091,LND024,2026-06-27,562166,APPROVED,STANDARD
FIN-0004531,INV-2026-04092,LND012,2026-07-10,126365,DISBURSED,PRIORITY
FIN-0004532,INV-2026-04093,LND006,2026-09-06,311284,PENDING,PRIORITY
FIN-0004533,INV-2026-04094,LND001,2026-08-08,258986,APPROVED,PRIORITY
FIN-0004534,INV-2026-04095,LND018,2026-09-12,3061123,APPROVED,PRIORITY
FIN-0004535,INV-2026-04095,LND011,2026-09-15,3092531,DISBURSED,PRIORITY
FIN-0004536,INV-2026-04096,LND025,2026-09-16,417224,DISBURSED,STANDARD
FIN-0004537,INV-2026-04096,LND002,2026-09-12,484151,DISBURSED,STANDARD
FIN-0004538,INV-2026-04097,LND013,2026-08-05,1641297,PENDING,STANDARD
FIN-0004539,INV-2026-04098,LND011,2026-10-05,3888176,APPROVED,PRIORITY
FIN-0004540,INV-2026-04099,LND022,2026-07-17,1216105,APPROVED,STANDARD
FIN-0004541,INV-2026-04100,LND013,2026-06-21,792360,DISBURSED,MSME_FAST
FIN-0004542,INV-2026-04101,LND017,2026-07-09,1869627,APPROVED,MSME_FAST
FIN-0004543,INV-2026-04101,LND023,2026-07-17,1691699,APPROVED,PRIORITY
FIN-0004544,INV-2026-04102,LND006,2026-09-07,2539536,PENDING,MSME_FAST
FIN-0004545,INV-2026-04103,LND002,2026-07-05,868338,DISBURSED,PRIORITY
FIN-0004546,INV-2026-04104,LND003,2026-06-22,3016004,DISBURSED,MSME_FAST
FIN-0004547,INV-2026-04105,LND017,2026-07-10,3269380,APPROVED,STANDARD
FIN-0004548,INV-2026-04106,LND008,2026-09-22,2786481,APPROVED,PRIORITY
FIN-0004549,INV-2026-04107,LND008,2026-07-12,2375859,DISBURSED,MSME_FAST
FIN-0004550,INV-2026-04108,LND004,2026-07-12,965159,PENDING,PRIORITY
FIN-0004551,INV-2026-04109,LND017,2026-06-21,437805,DISBURSED,STANDARD
FIN-0004552,INV-2026-04110,LND022,2026-08-03,108761,PENDING,MSME_FAST
FIN-0004553,INV-2026-04111,LND014,2026-07-03,4217090,PENDING,MSME_FAST
FIN-0004554,INV-2026-04112,LND012,2026-07-08,906194,DISBURSED,STANDARD
FIN-0004555,INV-2026-04113,LND020,2026-09-17,2511676,APPROVED,PRIORITY
FIN-0004556,INV-2026-04114,LND006,2026-09-20,2737264,DISBURSED,PRIORITY
FIN-0004557,INV-2026-04114,LND016,2026-09-26,2475878,PENDING,MSME_FAST
FIN-0004558,INV-2026-04115,LND012,2026-09-12,2211897,DISBURSED,PRIORITY
FIN-0004559,INV-2026-04116,LND006,2026-09-04,828607,DISBURSED,MSME_FAST
FIN-0004560,INV-2026-04117,LND022,2026-07-16,2034771,APPROVED,PRIORITY
FIN-0004561,INV-2026-04118,LND005,2026-10-02,1883395,APPROVED,PRIORITY
FIN-0004562,INV-2026-04119,LND020,2026-08-12,2066250,DISBURSED,MSME_FAST
FIN-0004563,INV-2026-04120,LND005,2026-06-21,2603890,APPROVED,STANDARD
FIN-0004564,INV-2026-04121,LND007,2026-06-20,2315251,DISBURSED,MSME_FAST
FIN-0004565,INV-2026-04122,LND006,2026-08-11,2066369,PENDING,MSME_FAST
FIN-0004566,INV-2026-04123,LND023,2026-06-16,3735738,APPROVED,STANDARD
FIN-0004567,INV-2026-04124,LND006,2026-10-03,2026365,DISBURSED,PRIORITY
FIN-0004568,INV-2026-04125,LND015,2026-10-05,222795,DISBURSED,PRIORITY
FIN-0004569,INV-2026-04126,LND013,2026-06-26,3398604,APPROVED,STANDARD
FIN-0004570,INV-2026-04127,LND012,2026-09-26,2134181,DISBURSED,PRIORITY
FIN-0004571,INV-2026-04128,LND005,2026-08-15,2836829,DISBURSED,PRIORITY
FIN-0004572,INV-2026-04129,LND012,2026-08-21,1725493,APPROVED,STANDARD
FIN-0004573,INV-2026-04130,LND002,2026-07-30,1894856,PENDING,STANDARD
FIN-0004574,INV-2026-04130,LND003,2026-08-09,2102629,PENDING,STANDARD
FIN-0004575,INV-2026-04131,LND012,2026-08-01,89500,DISBURSED,PRIORITY
FIN-0004576,INV-2026-04132,LND025,2026-09-09,969286,APPROVED,STANDARD
FIN-0004577,INV-2026-04133,LND006,2026-08-06,2959479,PENDING,STANDARD
FIN-0004578,INV-2026-04134,LND010,2026-08-26,2143278,APPROVED,PRIORITY
FIN-0004579,INV-2026-04135,LND004,2026-06-04,747298,PENDING,MSME_FAST
FIN-0004580,INV-2026-04136,LND010,2026-07-10,2305060,DISBURSED,PRIORITY
FIN-0004581,INV-2026-04137,LND005,2026-06-21,351208,PENDING,STANDARD
FIN-0004582,INV-2026-04138,LND007,2026-07-01,1486978,APPROVED,PRIORITY
FIN-0004583,INV-2026-04139,LND019,2026-07-22,1025816,DISBURSED,STANDARD
FIN-0004584,INV-2026-04139,LND004,2026-08-01,1091169,DISBURSED,PRIORITY
FIN-0004585,INV-2026-04140,LND017,2026-09-07,702750,APPROVED,PRIORITY
FIN-0004586,INV-2026-04141,LND002,2026-09-16,2363136,DISBURSED,MSME_FAST
FIN-0004587,INV-2026-04142,LND012,2026-09-13,1565508,PENDING,MSME_FAST
FIN-0004588,INV-2026-04143,LND001,2026-09-28,3351521,DISBURSED,MSME_FAST
FIN-0004589,INV-2026-04144,LND013,2026-07-30,4028278,APPROVED,PRIORITY
FIN-0004590,INV-2026-04145,LND023,2026-08-15,3423604,APPROVED,PRIORITY
FIN-0004591,INV-2026-04146,LND018,2026-10-11,2431725,PENDING,MSME_FAST
FIN-0004592,INV-2026-04147,LND001,2026-09-13,2238972,PENDING,STANDARD
FIN-0004593,INV-2026-04148,LND007,2026-07-03,806303,APPROVED,STANDARD
FIN-0004594,INV-2026-04149,LND003,2026-09-02,3391420,DISBURSED,PRIORITY
FIN-0004595,INV-2026-04149,LND014,2026-09-08,3482770,DISBURSED,PRIORITY
FIN-0004596,INV-2026-04150,LND010,2026-08-08,1064741,PENDING,PRIORITY
FIN-0004597,INV-2026-04151,LND018,2026-10-08,994145,PENDING,PRIORITY
FIN-0004598,INV-2026-04152,LND002,2026-07-23,1364365,DISBURSED,STANDARD
FIN-0004599,INV-2026-04153,LND011,2026-10-06,2886342,DISBURSED,PRIORITY
FIN-0004600,INV-2026-04154,LND018,2026-06-06,1798329,DISBURSED,MSME_FAST
FIN-0004601,INV-2026-04155,LND025,2026-06-25,2171493,PENDING,STANDARD
FIN-0004602,INV-2026-04155,LND022,2026-06-15,2299950,DISBURSED,MSME_FAST
FIN-0004603,INV-2026-04156,LND001,2026-06-24,3642145,APPROVED,MSME_FAST
FIN-0004604,INV-2026-04157,LND005,2026-09-08,1015492,PENDING,PRIORITY
FIN-0004605,INV-2026-04158,LND021,2026-08-09,259119,DISBURSED,MSME_FAST
FIN-0004606,INV-2026-04159,LND002,2026-06-23,2605290,APPROVED,PRIORITY
FIN-0004607,INV-2026-04160,LND011,2026-08-07,2622190,PENDING,STANDARD
FIN-0004608,INV-2026-04161,LND007,2026-07-16,1443416,PENDING,PRIORITY
FIN-0004609,INV-2026-04162,LND015,2026-07-08,2964348,APPROVED,STANDARD
FIN-0004610,INV-2026-04163,LND018,2026-08-18,1451712,PENDING,PRIORITY
FIN-0004611,INV-2026-04164,LND004,2026-09-20,514620,PENDING,PRIORITY
FIN-0004612,INV-2026-04165,LND021,2026-06-09,2793387,DISBURSED,PRIORITY
FIN-0004613,INV-2026-04166,LND012,2026-06-26,1832820,APPROVED,MSME_FAST
FIN-0004614,INV-2026-04167,LND004,2026-09-06,3937531,APPROVED,STANDARD
FIN-0004615,INV-2026-04168,LND025,2026-06-15,3459072,PENDING,PRIORITY
FIN-0004616,INV-2026-04169,LND025,2026-07-31,205619,PENDING,STANDARD
FIN-0004617,INV-2026-04170,LND018,2026-06-12,1460806,DISBURSED,PRIORITY
FIN-0004618,INV-2026-04171,LND025,2026-07-26,3318151,DISBURSED,MSME_FAST
FIN-0004619,INV-2026-04172,LND022,2026-08-14,1447919,APPROVED,PRIORITY
FIN-0004620,INV-2026-04173,LND013,2026-06-27,2798308,PENDING,STANDARD
FIN-0004621,INV-2026-04174,LND010,2026-06-08,2183881,DISBURSED,STANDARD
FIN-0004622,INV-2026-04175,LND025,2026-08-17,2438588,APPROVED,STANDARD
FIN-0004623,INV-2026-04176,LND010,2026-06-04,169686,PENDING,MSME_FAST
FIN-0004624,INV-2026-04176,LND009,2026-06-13,142430,DISBURSED,PRIORITY
FIN-0004625,INV-2026-04177,LND006,2026-09-06,4051016,PENDING,STANDARD
FIN-0004626,INV-2026-04178,LND008,2026-08-13,831526,APPROVED,STANDARD
FIN-0004627,INV-2026-04179,LND008,2026-08-27,2388306,APPROVED,PRIORITY
FIN-0004628,INV-2026-04180,LND021,2026-06-23,1448408,DISBURSED,PRIORITY
FIN-0004629,INV-2026-04180,LND003,2026-06-24,1389089,PENDING,MSME_FAST
FIN-0004630,INV-2026-04181,LND018,2026-09-12,3707419,DISBURSED,MSME_FAST
FIN-0004631,INV-2026-04182,LND012,2026-09-13,2867068,DISBURSED,PRIORITY
FIN-0004632,INV-2026-04183,LND018,2026-08-12,3744190,PENDING,MSME_FAST
FIN-0004633,INV-2026-04183,LND007,2026-08-11,3332853,DISBURSED,PRIORITY
FIN-0004634,INV-2026-04184,LND018,2026-10-03,2099247,PENDING,STANDARD
FIN-0004635,INV-2026-04185,LND016,2026-06-27,1855477,DISBURSED,PRIORITY
FIN-0004636,INV-2026-04186,LND014,2026-07-30,3799523,APPROVED,MSME_FAST
FIN-0004637,INV-2026-04186,LND010,2026-08-05,3173178,PENDING,PRIORITY
FIN-0004638,INV-2026-04187,LND019,2026-07-14,3031037,PENDING,PRIORITY
FIN-0004639,INV-2026-04188,LND022,2026-08-29,70539,DISBURSED,STANDARD
FIN-0004640,INV-2026-04189,LND022,2026-06-20,2278364,DISBURSED,STANDARD
FIN-0004641,INV-2026-04190,LND023,2026-07-24,1645015,DISBURSED,STANDARD
FIN-0004642,INV-2026-04191,LND021,2026-08-10,873303,PENDING,PRIORITY
FIN-0004643,INV-2026-04192,LND014,2026-08-23,766812,PENDING,STANDARD
FIN-0004644,INV-2026-04192,LND024,2026-08-24,787400,DISBURSED,PRIORITY
FIN-0004645,INV-2026-04193,LND017,2026-07-10,305079,PENDING,STANDARD
FIN-0004646,INV-2026-04194,LND004,2026-10-09,2018677,APPROVED,PRIORITY
FIN-0004647,INV-2026-04195,LND022,2026-06-25,2599901,PENDING,PRIORITY
FIN-0004648,INV-2026-04196,LND014,2026-10-02,1398662,APPROVED,STANDARD
FIN-0004649,INV-2026-04197,LND009,2026-06-28,1912100,PENDING,MSME_FAST
FIN-0004650,INV-2026-04198,LND005,2026-08-04,2324473,APPROVED,PRIORITY
FIN-0004651,INV-2026-04199,LND014,2026-09-02,3502034,DISBURSED,MSME_FAST
FIN-0004652,INV-2026-04200,LND009,2026-08-23,2310913,DISBURSED,STANDARD
FIN-0004653,INV-2026-04201,LND018,2026-06-13,551803,APPROVED,PRIORITY
FIN-0004654,INV-2026-04202,LND014,2026-07-25,1047187,APPROVED,PRIORITY
FIN-0004655,INV-2026-04203,LND004,2026-08-30,1453460,DISBURSED,PRIORITY
FIN-0004656,INV-2026-04204,LND004,2026-08-08,1319845,DISBURSED,PRIORITY
FIN-0004657,INV-2026-04205,LND023,2026-08-21,1891984,DISBURSED,PRIORITY
FIN-0004658,INV-2026-04206,LND020,2026-07-16,1604019,PENDING,PRIORITY
FIN-0004659,INV-2026-04207,LND017,2026-06-15,3468257,DISBURSED,STANDARD
FIN-0004660,INV-2026-04208,LND002,2026-09-03,2814827,DISBURSED,PRIORITY
FIN-0004661,INV-2026-04209,LND023,2026-09-30,2993231,PENDING,PRIORITY
FIN-0004662,INV-2026-04210,LND004,2026-08-02,1069734,APPROVED,MSME_FAST
FIN-0004663,INV-2026-04211,LND009,2026-08-31,1447402,PENDING,PRIORITY
FIN-0004664,INV-2026-04211,LND002,2026-09-04,1621414,PENDING,STANDARD
FIN-0004665,INV-2026-04212,LND011,2026-06-27,3413210,APPROVED,STANDARD
FIN-0004666,INV-2026-04212,LND019,2026-06-18,3662232,PENDING,PRIORITY
FIN-0004667,INV-2026-04213,LND020,2026-06-13,1316968,PENDING,PRIORITY
FIN-0004668,INV-2026-04214,LND024,2026-09-12,3695901,DISBURSED,PRIORITY
FIN-0004669,INV-2026-04215,LND019,2026-07-30,4198144,DISBURSED,MSME_FAST
FIN-0004670,INV-2026-04216,LND002,2026-07-09,2153395,APPROVED,MSME_FAST
FIN-0004671,INV-2026-04216,LND023,2026-06-30,2126421,DISBURSED,MSME_FAST
FIN-0004672,INV-2026-04217,LND008,2026-08-22,93965,PENDING,STANDARD
FIN-0004673,INV-2026-04218,LND004,2026-07-11,3926508,APPROVED,PRIORITY
FIN-0004674,INV-2026-04219,LND012,2026-06-08,1244595,APPROVED,PRIORITY
FIN-0004675,INV-2026-04220,LND023,2026-09-29,1692008,PENDING,STANDARD
FIN-0004676,INV-2026-04220,LND003,2026-09-28,1785284,APPROVED,STANDARD
FIN-0004677,INV-2026-04221,LND015,2026-08-09,3718220,DISBURSED,PRIORITY
FIN-0004678,INV-2026-04222,LND005,2026-08-22,1994787,DISBURSED,MSME_FAST
FIN-0004679,INV-2026-04223,LND012,2026-09-07,232664,DISBURSED,MSME_FAST
FIN-0004680,INV-2026-04224,LND021,2026-08-11,196290,PENDING,STANDARD
FIN-0004681,INV-2026-04225,LND013,2026-07-12,1678925,PENDING,STANDARD
FIN-0004682,INV-2026-04226,LND003,2026-06-20,3489350,PENDING,PRIORITY
FIN-0004683,INV-2026-04227,LND015,2026-08-09,3272343,PENDING,STANDARD
FIN-0004684,INV-2026-04228,LND012,2026-07-04,2645690,DISBURSED,MSME_FAST
FIN-0004685,INV-2026-04229,LND002,2026-09-23,2653568,PENDING,STANDARD
FIN-0004686,INV-2026-04229,LND019,2026-09-24,2242910,APPROVED,PRIORITY
FIN-0004687,INV-2026-04230,LND018,2026-09-04,85308,DISBURSED,STANDARD
FIN-0004688,INV-2026-04231,LND017,2026-08-03,3147769,DISBURSED,MSME_FAST
FIN-0004689,INV-2026-04231,LND025,2026-07-26,3099717,PENDING,PRIORITY
FIN-0004690,INV-2026-04232,LND003,2026-09-09,3940234,APPROVED,PRIORITY
FIN-0004691,INV-2026-04233,LND015,2026-08-12,3417530,APPROVED,STANDARD
FIN-0004692,INV-2026-04234,LND021,2026-09-01,673057,APPROVED,STANDARD
FIN-0004693,INV-2026-04235,LND019,2026-08-28,1839855,DISBURSED,MSME_FAST
FIN-0004694,INV-2026-04236,LND005,2026-09-08,1388213,PENDING,STANDARD
FIN-0004695,INV-2026-04237,LND017,2026-10-01,3318583,APPROVED,MSME_FAST
FIN-0004696,INV-2026-04238,LND012,2026-06-13,216714,PENDING,PRIORITY
FIN-0004697,INV-2026-04238,LND004,2026-06-17,196389,PENDING,MSME_FAST
FIN-0004698,INV-2026-04239,LND024,2026-08-30,910826,DISBURSED,STANDARD
FIN-0004699,INV-2026-04240,LND006,2026-07-06,3507163,PENDING,PRIORITY
FIN-0004700,INV-2026-04241,LND019,2026-06-12,3244137,APPROVED,PRIORITY
FIN-0004701,INV-2026-04242,LND006,2026-08-27,3129699,PENDING,PRIORITY
FIN-0004702,INV-2026-04243,LND018,2026-08-14,2665099,DISBURSED,PRIORITY
FIN-0004703,INV-2026-04244,LND010,2026-09-08,2971837,APPROVED,STANDARD
FIN-0004704,INV-2026-04245,LND005,2026-09-26,3337274,APPROVED,PRIORITY
FIN-0004705,INV-2026-04246,LND009,2026-09-03,3488612,APPROVED,STANDARD
FIN-0004706,INV-2026-04247,LND018,2026-08-02,2927790,APPROVED,PRIORITY
FIN-0004707,INV-2026-04248,LND014,2026-09-05,3355246,APPROVED,MSME_FAST
FIN-0004708,INV-2026-04248,LND006,2026-08-30,3130196,DISBURSED,MSME_FAST
FIN-0004709,INV-2026-04249,LND006,2026-07-20,2853141,DISBURSED,PRIORITY
FIN-0004710,INV-2026-04250,LND015,2026-06-11,2699899,DISBURSED,PRIORITY
FIN-0004711,INV-2026-04251,LND009,2026-08-19,2943476,PENDING,STANDARD
FIN-0004712,INV-2026-04252,LND014,2026-08-02,956571,APPROVED,MSME_FAST
FIN-0004713,INV-2026-04253,LND002,2026-06-03,1068971,DISBURSED,MSME_FAST
FIN-0004714,INV-2026-04254,LND021,2026-09-10,2385670,APPROVED,STANDARD
FIN-0004715,INV-2026-04255,LND020,2026-07-31,3242218,PENDING,MSME_FAST
FIN-0004716,INV-2026-04256,LND024,2026-06-09,1975789,PENDING,STANDARD
FIN-0004717,INV-2026-04257,LND014,2026-09-27,2795196,DISBURSED,PRIORITY
FIN-0004718,INV-2026-04258,LND005,2026-09-14,1053662,APPROVED,PRIORITY
FIN-0004719,INV-2026-04259,LND024,2026-08-09,572046,DISBURSED,PRIORITY
FIN-0004720,INV-2026-04260,LND023,2026-09-27,174929,DISBURSED,STANDARD
FIN-0004721,INV-2026-04261,LND019,2026-07-06,3479863,APPROVED,STANDARD
FIN-0004722,INV-2026-04262,LND003,2026-07-21,3485365,DISBURSED,STANDARD
FIN-0004723,INV-2026-04262,LND017,2026-07-13,3635845,DISBURSED,PRIORITY
FIN-0004724,INV-2026-04263,LND002,2026-08-31,858184,DISBURSED,MSME_FAST
FIN-0004725,INV-2026-04264,LND001,2026-07-26,762811,DISBURSED,STANDARD
FIN-0004726,INV-2026-04265,LND009,2026-10-09,2844080,DISBURSED,STANDARD
FIN-0004727,INV-2026-04266,LND014,2026-07-08,3279162,DISBURSED,STANDARD
FIN-0004728,INV-2026-04267,LND010,2026-07-07,3894886,APPROVED,PRIORITY
FIN-0004729,INV-2026-04268,LND016,2026-07-26,1948342,DISBURSED,MSME_FAST
FIN-0004730,INV-2026-04269,LND008,2026-09-07,1643822,APPROVED,MSME_FAST
FIN-0004731,INV-2026-04270,LND020,2026-07-20,3391777,DISBURSED,MSME_FAST
FIN-0004732,INV-2026-04271,LND003,2026-10-12,3616195,DISBURSED,STANDARD
FIN-0004733,INV-2026-04272,LND003,2026-08-29,376804,DISBURSED,PRIORITY
FIN-0004734,INV-2026-04273,LND019,2026-09-12,679818,APPROVED,PRIORITY
FIN-0004735,INV-2026-04274,LND021,2026-07-13,4274785,PENDING,STANDARD
FIN-0004736,INV-2026-04274,LND024,2026-07-23,3967031,PENDING,PRIORITY
FIN-0004737,INV-2026-04275,LND017,2026-07-07,3699694,PENDING,STANDARD
FIN-0004738,INV-2026-04276,LND005,2026-06-20,1884183,DISBURSED,STANDARD
FIN-0004739,INV-2026-04277,LND007,2026-08-29,2859137,PENDING,PRIORITY
FIN-0004740,INV-2026-04278,LND018,2026-06-23,327849,DISBURSED,MSME_FAST
FIN-0004741,INV-2026-04279,LND010,2026-09-26,3278707,APPROVED,PRIORITY
FIN-0004742,INV-2026-04280,LND005,2026-09-29,1909913,APPROVED,PRIORITY
FIN-0004743,INV-2026-04281,LND007,2026-06-28,3047221,PENDING,STANDARD
FIN-0004744,INV-2026-04282,LND003,2026-08-31,2606389,PENDING,STANDARD
FIN-0004745,INV-2026-04283,LND013,2026-09-11,2427674,APPROVED,PRIORITY
FIN-0004746,INV-2026-04284,LND024,2026-07-24,1830584,PENDING,PRIORITY
FIN-0004747,INV-2026-04285,LND007,2026-07-30,2058846,APPROVED,MSME_FAST
FIN-0004748,INV-2026-04286,LND006,2026-07-06,4014974,PENDING,STANDARD
FIN-0004749,INV-2026-04287,LND020,2026-09-08,1151694,DISBURSED,PRIORITY
FIN-0004750,INV-2026-04288,LND016,2026-06-14,3471651,PENDING,STANDARD
FIN-0004751,INV-2026-04289,LND022,2026-07-17,3656142,APPROVED,PRIORITY
FIN-0004752,INV-2026-04290,LND011,2026-06-14,2116334,PENDING,PRIORITY
FIN-0004753,INV-2026-04291,LND004,2026-08-10,1913845,PENDING,PRIORITY
FIN-0004754,INV-2026-04292,LND023,2026-08-07,338411,APPROVED,STANDARD
FIN-0004755,INV-2026-04293,LND021,2026-06-28,3978178,DISBURSED,MSME_FAST
FIN-0004756,INV-2026-04294,LND001,2026-08-30,4094862,PENDING,STANDARD
FIN-0004757,INV-2026-04295,LND003,2026-07-22,63864,APPROVED,MSME_FAST
FIN-0004758,INV-2026-04296,LND003,2026-07-31,129518,APPROVED,STANDARD
FIN-0004759,INV-2026-04297,LND020,2026-08-27,1590898,DISBURSED,STANDARD
FIN-0004760,INV-2026-04298,LND008,2026-09-17,941891,PENDING,PRIORITY
FIN-0004761,INV-2026-04299,LND022,2026-07-29,2957001,APPROVED,MSME_FAST
FIN-0004762,INV-2026-04300,LND002,2026-08-05,513720,DISBURSED,MSME_FAST
FIN-0004763,INV-2026-04300,LND005,2026-08-01,421235,DISBURSED,MSME_FAST
FIN-0004764,INV-2026-04301,LND010,2026-07-17,1702286,APPROVED,PRIORITY
FIN-0004765,INV-2026-04302,LND003,2026-08-02,2102884,PENDING,MSME_FAST
FIN-0004766,INV-2026-04303,LND010,2026-07-23,744641,PENDING,MSME_FAST
FIN-0004767,INV-2026-04304,LND018,2026-09-13,4064405,APPROVED,MSME_FAST
FIN-0004768,INV-2026-04305,LND011,2026-09-17,394934,APPROVED,MSME_FAST
FIN-0004769,INV-2026-04306,LND010,2026-07-03,720177,APPROVED,PRIORITY
FIN-0004770,INV-2026-04307,LND017,2026-06-10,4083785,PENDING,PRIORITY
FIN-0004771,INV-2026-04307,LND009,2026-06-10,3987942,PENDING,MSME_FAST
FIN-0004772,INV-2026-04308,LND008,2026-08-27,4022878,DISBURSED,PRIORITY
FIN-0004773,INV-2026-04309,LND025,2026-08-12,2730276,DISBURSED,STANDARD
FIN-0004774,INV-2026-04310,LND011,2026-06-19,4010032,DISBURSED,PRIORITY
FIN-0004775,INV-2026-04311,LND011,2026-08-02,1610781,APPROVED,STANDARD
FIN-0004776,INV-2026-04312,LND025,2026-07-27,2601314,PENDING,PRIORITY
FIN-0004777,INV-2026-04313,LND003,2026-08-12,1915429,APPROVED,MSME_FAST
FIN-0004778,INV-2026-04314,LND018,2026-08-03,611127,DISBURSED,PRIORITY
FIN-0004779,INV-2026-04315,LND019,2026-09-29,2877316,PENDING,PRIORITY
FIN-0004780,INV-2026-04316,LND001,2026-09-21,1931492,APPROVED,STANDARD
FIN-0004781,INV-2026-04317,LND007,2026-07-26,1272178,APPROVED,PRIORITY
FIN-0004782,INV-2026-04318,LND003,2026-09-06,1122860,DISBURSED,PRIORITY
FIN-0004783,INV-2026-04319,LND002,2026-09-09,941298,DISBURSED,STANDARD
FIN-0004784,INV-2026-04319,LND012,2026-09-05,1062400,DISBURSED,PRIORITY
FIN-0004785,INV-2026-04320,LND001,2026-07-06,1125290,PENDING,MSME_FAST
FIN-0004786,INV-2026-04321,LND001,2026-06-30,1938556,PENDING,MSME_FAST
FIN-0004787,INV-2026-04322,LND006,2026-10-04,3217336,DISBURSED,MSME_FAST
FIN-0004788,INV-2026-04323,LND007,2026-06-12,816230,PENDING,MSME_FAST
FIN-0004789,INV-2026-04324,LND004,2026-06-18,1435934,APPROVED,MSME_FAST
FIN-0004790,INV-2026-04325,LND015,2026-09-03,483816,APPROVED,MSME_FAST
FIN-0004791,INV-2026-04326,LND006,2026-08-16,2190719,DISBURSED,MSME_FAST
FIN-0004792,INV-2026-04327,LND006,2026-07-16,2036502,PENDING,MSME_FAST
FIN-0004793,INV-2026-04328,LND001,2026-06-23,3522834,PENDING,STANDARD
FIN-0004794,INV-2026-04328,LND011,2026-07-03,3237201,PENDING,STANDARD
FIN-0004795,INV-2026-04329,LND001,2026-07-20,1947392,PENDING,MSME_FAST
FIN-0004796,INV-2026-04330,LND014,2026-09-22,1966392,APPROVED,PRIORITY
FIN-0004797,INV-2026-04331,LND019,2026-09-29,2865910,DISBURSED,STANDARD
FIN-0004798,INV-2026-04332,LND003,2026-09-14,2074112,DISBURSED,STANDARD
FIN-0004799,INV-2026-04333,LND023,2026-07-11,3456062,APPROVED,STANDARD
FIN-0004800,INV-2026-04334,LND023,2026-09-19,435045,PENDING,MSME_FAST
FIN-0004801,INV-2026-04335,LND015,2026-08-16,2933338,PENDING,STANDARD
FIN-0004802,INV-2026-04336,LND020,2026-10-07,2108568,APPROVED,MSME_FAST
FIN-0004803,INV-2026-04337,LND020,2026-09-13,1477955,PENDING,PRIORITY
FIN-0004804,INV-2026-04337,LND021,2026-09-06,1508888,PENDING,STANDARD
FIN-0004805,INV-2026-04338,LND014,2026-08-26,1113672,DISBURSED,PRIORITY
FIN-0004806,INV-2026-04339,LND024,2026-06-25,1060163,DISBURSED,MSME_FAST
FIN-0004807,INV-2026-04340,LND008,2026-07-22,921334,PENDING,MSME_FAST
FIN-0004808,INV-2026-04341,LND024,2026-09-26,3265476,DISBURSED,MSME_FAST
FIN-0004809,INV-2026-04342,LND017,2026-07-09,811028,DISBURSED,MSME_FAST
FIN-0004810,INV-2026-04343,LND021,2026-07-20,484601,PENDING,MSME_FAST
FIN-0004811,INV-2026-04344,LND003,2026-09-03,1135817,DISBURSED,STANDARD
FIN-0004812,INV-2026-04345,LND020,2026-07-03,2877467,DISBURSED,STANDARD
FIN-0004813,INV-2026-04345,LND007,2026-07-02,3114176,DISBURSED,STANDARD
FIN-0004814,INV-2026-04346,LND002,2026-08-20,156999,DISBURSED,PRIORITY
FIN-0004815,INV-2026-04347,LND017,2026-09-24,2023540,DISBURSED,STANDARD
FIN-0004816,INV-2026-04348,LND009,2026-06-15,2676568,DISBURSED,PRIORITY
FIN-0004817,INV-2026-04348,LND019,2026-06-05,2553749,DISBURSED,MSME_FAST
FIN-0004818,INV-2026-04349,LND013,2026-08-24,2026202,APPROVED,PRIORITY
FIN-0004819,INV-2026-04350,LND016,2026-09-24,2933211,PENDING,MSME_FAST
FIN-0004820,INV-2026-04351,LND012,2026-06-30,2076755,APPROVED,MSME_FAST
FIN-0004821,INV-2026-04352,LND018,2026-08-31,1468604,DISBURSED,MSME_FAST
FIN-0004822,INV-2026-04353,LND001,2026-06-12,182440,PENDING,STANDARD
FIN-0004823,INV-2026-04354,LND001,2026-07-28,2747057,DISBURSED,STANDARD
FIN-0004824,INV-2026-04355,LND025,2026-07-06,4117761,APPROVED,PRIORITY
FIN-0004825,INV-2026-04356,LND002,2026-09-04,3730872,PENDING,MSME_FAST
FIN-0004826,INV-2026-04357,LND006,2026-09-29,1000516,DISBURSED,STANDARD
FIN-0004827,INV-2026-04358,LND023,2026-08-19,1997096,PENDING,STANDARD
FIN-0004828,INV-2026-04359,LND020,2026-08-05,3337871,DISBURSED,MSME_FAST
FIN-0004829,INV-2026-04360,LND024,2026-07-12,997786,DISBURSED,STANDARD
FIN-0004830,INV-2026-04361,LND007,2026-08-06,1012548,DISBURSED,PRIORITY
FIN-0004831,INV-2026-04362,LND025,2026-10-11,2599658,DISBURSED,STANDARD
FIN-0004832,INV-2026-04363,LND011,2026-08-04,1907249,APPROVED,STANDARD
FIN-0004833,INV-2026-04364,LND014,2026-07-06,1510082,PENDING,STANDARD
FIN-0004834,INV-2026-04364,LND008,2026-07-13,1419953,APPROVED,STANDARD
FIN-0004835,INV-2026-04365,LND005,2026-07-26,323057,PENDING,STANDARD
FIN-0004836,INV-2026-04366,LND003,2026-06-26,2731548,DISBURSED,MSME_FAST
FIN-0004837,INV-2026-04367,LND018,2026-09-21,3639682,PENDING,STANDARD
FIN-0004838,INV-2026-04368,LND008,2026-08-08,3052619,DISBURSED,STANDARD
FIN-0004839,INV-2026-04369,LND011,2026-09-24,1629536,PENDING,PRIORITY
FIN-0004840,INV-2026-04370,LND009,2026-06-12,2275930,DISBURSED,STANDARD
FIN-0004841,INV-2026-04371,LND024,2026-07-11,675337,PENDING,STANDARD
FIN-0004842,INV-2026-04372,LND005,2026-07-08,3159406,DISBURSED,STANDARD
FIN-0004843,INV-2026-04373,LND004,2026-06-09,3886308,DISBURSED,PRIORITY
FIN-0004844,INV-2026-04374,LND002,2026-08-09,1758465,DISBURSED,MSME_FAST
FIN-0004845,INV-2026-04375,LND014,2026-08-11,1264512,APPROVED,PRIORITY
FIN-0004846,INV-2026-04376,LND025,2026-09-17,3892931,APPROVED,STANDARD
FIN-0004847,INV-2026-04377,LND001,2026-06-27,1124936,DISBURSED,STANDARD
FIN-0004848,INV-2026-04378,LND009,2026-09-21,3189951,APPROVED,MSME_FAST
FIN-0004849,INV-2026-04378,LND003,2026-09-16,3414213,APPROVED,PRIORITY
FIN-0004850,INV-2026-04379,LND008,2026-07-05,1145967,APPROVED,STANDARD
FIN-0004851,INV-2026-04380,LND003,2026-07-09,1200095,APPROVED,MSME_FAST
FIN-0004852,INV-2026-04381,LND021,2026-07-16,448641,PENDING,MSME_FAST
FIN-0004853,INV-2026-04382,LND018,2026-08-08,1063600,PENDING,PRIORITY
FIN-0004854,INV-2026-04383,LND022,2026-09-27,3911184,DISBURSED,PRIORITY
FIN-0004855,INV-2026-04384,LND021,2026-07-05,866919,APPROVED,MSME_FAST
FIN-0004856,INV-2026-04385,LND023,2026-06-25,1567352,APPROVED,MSME_FAST
FIN-0004857,INV-2026-04385,LND007,2026-06-18,1450757,DISBURSED,STANDARD
FIN-0004858,INV-2026-04386,LND003,2026-09-02,4170899,APPROVED,PRIORITY
FIN-0004859,INV-2026-04387,LND024,2026-09-01,775611,APPROVED,MSME_FAST
FIN-0004860,INV-2026-04388,LND003,2026-09-23,1566708,APPROVED,PRIORITY
FIN-0004861,INV-2026-04389,LND009,2026-07-10,1674101,PENDING,PRIORITY
FIN-0004862,INV-2026-04390,LND019,2026-07-13,1854185,APPROVED,MSME_FAST
FIN-0004863,INV-2026-04391,LND008,2026-08-12,830172,PENDING,STANDARD
FIN-0004864,INV-2026-04392,LND005,2026-06-29,110274,APPROVED,STANDARD
FIN-0004865,INV-2026-04393,LND011,2026-09-23,235260,PENDING,PRIORITY
FIN-0004866,INV-2026-04394,LND022,2026-06-14,3239267,DISBURSED,MSME_FAST
FIN-0004867,INV-2026-04394,LND018,2026-06-17,3314136,PENDING,MSME_FAST
FIN-0004868,INV-2026-04395,LND005,2026-06-28,779197,PENDING,MSME_FAST
FIN-0004869,INV-2026-04396,LND018,2026-06-05,112216,DISBURSED,STANDARD
FIN-0004870,INV-2026-04397,LND012,2026-06-29,1466218,DISBURSED,MSME_FAST
FIN-0004871,INV-2026-04398,LND017,2026-09-02,915085,DISBURSED,PRIORITY
FIN-0004872,INV-2026-04399,LND010,2026-07-20,1140077,APPROVED,MSME_FAST
FIN-0004873,INV-2026-04399,LND012,2026-07-24,1186562,PENDING,STANDARD
FIN-0004874,INV-2026-04400,LND020,2026-07-08,559395,APPROVED,STANDARD
FIN-0004875,INV-2026-04401,LND022,2026-09-08,2068589,APPROVED,STANDARD
FIN-0004876,INV-2026-04402,LND017,2026-06-28,1580832,PENDING,MSME_FAST
FIN-0004877,INV-2026-04402,LND022,2026-06-23,1347508,DISBURSED,PRIORITY
FIN-0004878,INV-2026-04403,LND005,2026-07-29,584317,DISBURSED,PRIORITY
FIN-0004879,INV-2026-04404,LND002,2026-10-07,2551787,PENDING,PRIORITY
FIN-0004880,INV-2026-04405,LND020,2026-08-27,961492,DISBURSED,STANDARD
FIN-0004881,INV-2026-04406,LND020,2026-08-11,1210762,DISBURSED,MSME_FAST
FIN-0004882,INV-2026-04407,LND018,2026-08-08,2535554,APPROVED,MSME_FAST
FIN-0004883,INV-2026-04408,LND013,2026-09-01,338911,APPROVED,PRIORITY
FIN-0004884,INV-2026-04409,LND003,2026-07-05,2028594,PENDING,PRIORITY
FIN-0004885,INV-2026-04410,LND005,2026-06-18,1317013,DISBURSED,MSME_FAST
FIN-0004886,INV-2026-04411,LND021,2026-06-04,2295649,DISBURSED,PRIORITY
FIN-0004887,INV-2026-04412,LND012,2026-08-19,1722803,PENDING,STANDARD
FIN-0004888,INV-2026-04413,LND011,2026-07-28,2879136,PENDING,PRIORITY
FIN-0004889,INV-2026-04414,LND012,2026-08-08,2783950,DISBURSED,PRIORITY
FIN-0004890,INV-2026-04415,LND008,2026-06-13,1635680,APPROVED,MSME_FAST
FIN-0004891,INV-2026-04416,LND016,2026-07-20,330557,PENDING,STANDARD
FIN-0004892,INV-2026-04417,LND024,2026-06-26,88691,DISBURSED,PRIORITY
FIN-0004893,INV-2026-04417,LND014,2026-06-23,100538,APPROVED,STANDARD
FIN-0004894,INV-2026-04418,LND009,2026-08-04,3949752,PENDING,MSME_FAST
FIN-0004895,INV-2026-04419,LND021,2026-06-08,3857179,PENDING,MSME_FAST
FIN-0004896,INV-2026-04419,LND009,2026-06-13,3504293,APPROVED,MSME_FAST
FIN-0004897,INV-2026-04420,LND007,2026-06-28,1441974,PENDING,MSME_FAST
FIN-0004898,INV-2026-04420,LND009,2026-06-19,1394104,DISBURSED,PRIORITY
FIN-0004899,INV-2026-04421,LND006,2026-06-13,1097823,DISBURSED,PRIORITY
FIN-0004900,INV-2026-04422,LND025,2026-09-25,1160934,DISBURSED,STANDARD
FIN-0004901,INV-2026-04423,LND012,2026-06-15,4173924,PENDING,STANDARD
FIN-0004902,INV-2026-04424,LND024,2026-07-18,2517402,PENDING,MSME_FAST
FIN-0004903,INV-2026-04425,LND004,2026-09-27,1802123,DISBURSED,MSME_FAST
FIN-0004904,INV-2026-04426,LND014,2026-06-11,2711111,DISBURSED,MSME_FAST
FIN-0004905,INV-2026-04427,LND023,2026-08-15,3282079,DISBURSED,PRIORITY
FIN-0004906,INV-2026-04428,LND006,2026-08-26,1228422,PENDING,MSME_FAST
FIN-0004907,INV-2026-04428,LND002,2026-08-30,1471181,PENDING,PRIORITY
FIN-0004908,INV-2026-04429,LND017,2026-09-13,3220863,PENDING,PRIORITY
FIN-0004909,INV-2026-04430,LND024,2026-10-05,523227,DISBURSED,PRIORITY
FIN-0004910,INV-2026-04431,LND021,2026-06-22,4231520,PENDING,STANDARD
FIN-0004911,INV-2026-04432,LND016,2026-09-27,1610091,APPROVED,MSME_FAST
FIN-0004912,INV-2026-04433,LND009,2026-08-07,2702389,APPROVED,MSME_FAST
FIN-0004913,INV-2026-04434,LND004,2026-07-01,2416998,DISBURSED,MSME_FAST
FIN-0004914,INV-2026-04435,LND025,2026-08-12,734786,PENDING,PRIORITY
FIN-0004915,INV-2026-04436,LND016,2026-08-08,2848763,DISBURSED,STANDARD
FIN-0004916,INV-2026-04437,LND024,2026-10-03,3134191,DISBURSED,STANDARD
FIN-0004917,INV-2026-04438,LND015,2026-08-28,1157235,DISBURSED,PRIORITY
FIN-0004918,INV-2026-04439,LND011,2026-07-08,2371001,APPROVED,MSME_FAST
FIN-0004919,INV-2026-04440,LND008,2026-08-09,2713967,DISBURSED,STANDARD
FIN-0004920,INV-2026-04441,LND010,2026-09-01,464029,DISBURSED,STANDARD
FIN-0004921,INV-2026-04442,LND016,2026-08-20,1310636,APPROVED,PRIORITY
FIN-0004922,INV-2026-04443,LND018,2026-07-23,1600196,DISBURSED,STANDARD
FIN-0004923,INV-2026-04444,LND001,2026-07-03,1135304,APPROVED,STANDARD
FIN-0004924,INV-2026-04445,LND016,2026-07-06,158647,PENDING,PRIORITY
FIN-0004925,INV-2026-04446,LND025,2026-07-27,3132708,PENDING,MSME_FAST
FIN-0004926,INV-2026-04447,LND018,2026-07-14,3662015,PENDING,MSME_FAST
FIN-0004927,INV-2026-04448,LND003,2026-08-30,1034016,DISBURSED,MSME_FAST
FIN-0004928,INV-2026-04449,LND012,2026-09-16,2280013,DISBURSED,STANDARD
FIN-0004929,INV-2026-04450,LND007,2026-08-30,1627199,DISBURSED,STANDARD
FIN-0004930,INV-2026-04451,LND025,2026-07-31,3354751,PENDING,MSME_FAST
FIN-0004931,INV-2026-04452,LND021,2026-09-30,1986766,PENDING,STANDARD
FIN-0004932,INV-2026-04453,LND010,2026-10-09,59625,PENDING,PRIORITY
FIN-0004933,INV-2026-04453,LND001,2026-09-29,58292,DISBURSED,MSME_FAST
FIN-0004934,INV-2026-04454,LND002,2026-08-03,632816,APPROVED,STANDARD
FIN-0004935,INV-2026-04455,LND022,2026-06-30,377098,DISBURSED,STANDARD
FIN-0004936,INV-2026-04456,LND025,2026-09-06,2430823,PENDING,STANDARD
FIN-0004937,INV-2026-04457,LND022,2026-07-04,3072275,PENDING,PRIORITY
FIN-0004938,INV-2026-04457,LND020,2026-07-03,2848116,DISBURSED,MSME_FAST
FIN-0004939,INV-2026-04458,LND021,2026-10-07,1223600,PENDING,MSME_FAST
FIN-0004940,INV-2026-04459,LND015,2026-07-08,1828410,APPROVED,PRIORITY
FIN-0004941,INV-2026-04460,LND023,2026-09-14,853369,APPROVED,STANDARD
FIN-0004942,INV-2026-04461,LND006,2026-06-23,1076585,PENDING,STANDARD
FIN-0004943,INV-2026-04461,LND021,2026-06-25,955734,APPROVED,MSME_FAST
FIN-0004944,INV-2026-04462,LND011,2026-07-12,3576710,DISBURSED,STANDARD
FIN-0004945,INV-2026-04463,LND009,2026-07-04,2128621,APPROVED,PRIORITY
FIN-0004946,INV-2026-04464,LND013,2026-07-04,1840438,PENDING,MSME_FAST
FIN-0004947,INV-2026-04465,LND005,2026-06-23,2469032,PENDING,STANDARD
FIN-0004948,INV-2026-04465,LND008,2026-06-18,2336869,DISBURSED,STANDARD
FIN-0004949,INV-2026-04466,LND014,2026-07-09,2422445,APPROVED,PRIORITY
FIN-0004950,INV-2026-04466,LND003,2026-07-19,2654426,DISBURSED,MSME_FAST
FIN-0004951,INV-2026-04467,LND010,2026-08-28,1684068,PENDING,STANDARD
FIN-0004952,INV-2026-04468,LND011,2026-08-02,3718950,PENDING,MSME_FAST
FIN-0004953,INV-2026-04468,LND025,2026-07-29,3415801,APPROVED,MSME_FAST
FIN-0004954,INV-2026-04469,LND003,2026-07-03,2228708,DISBURSED,STANDARD
FIN-0004955,INV-2026-04470,LND007,2026-07-18,714632,APPROVED,STANDARD
FIN-0004956,INV-2026-04471,LND013,2026-09-14,2186497,APPROVED,MSME_FAST
FIN-0004957,INV-2026-04472,LND005,2026-09-18,525154,DISBURSED,MSME_FAST
FIN-0004958,INV-2026-04473,LND006,2026-06-27,3659927,APPROVED,STANDARD
FIN-0004959,INV-2026-04474,LND018,2026-06-24,3264148,PENDING,MSME_FAST
FIN-0004960,INV-2026-04475,LND016,2026-09-09,208864,PENDING,MSME_FAST
FIN-0004961,INV-2026-04476,LND013,2026-09-16,1645195,DISBURSED,MSME_FAST
FIN-0004962,INV-2026-04477,LND002,2026-09-29,2257603,APPROVED,MSME_FAST
FIN-0004963,INV-2026-04478,LND009,2026-10-02,558619,APPROVED,STANDARD
FIN-0004964,INV-2026-04479,LND016,2026-09-18,2764920,APPROVED,MSME_FAST
FIN-0004965,INV-2026-04480,LND005,2026-09-04,4215865,DISBURSED,STANDARD
FIN-0004966,INV-2026-04481,LND018,2026-08-31,1992975,DISBURSED,PRIORITY
FIN-0004967,INV-2026-04482,LND010,2026-08-17,492079,APPROVED,STANDARD
FIN-0004968,INV-2026-04483,LND017,2026-07-29,2671628,PENDING,PRIORITY
FIN-0004969,INV-2026-04484,LND020,2026-08-09,1738538,APPROVED,PRIORITY
FIN-0004970,INV-2026-04485,LND002,2026-09-28,777107,APPROVED,PRIORITY
FIN-0004971,INV-2026-04486,LND015,2026-06-18,1243396,DISBURSED,STANDARD
FIN-0004972,INV-2026-04487,LND008,2026-06-24,392937,APPROVED,STANDARD
FIN-0004973,INV-2026-04488,LND002,2026-08-05,3140140,APPROVED,MSME_FAST
FIN-0004974,INV-2026-04489,LND020,2026-06-10,1085319,APPROVED,PRIORITY
FIN-0004975,INV-2026-04490,LND020,2026-07-11,3656466,PENDING,MSME_FAST
FIN-0004976,INV-2026-04491,LND010,2026-09-11,2649430,APPROVED,PRIORITY
FIN-0004977,INV-2026-04492,LND022,2026-08-04,3033356,PENDING,PRIORITY
FIN-0004978,INV-2026-04493,LND007,2026-07-12,532332,PENDING,PRIORITY
FIN-0004979,INV-2026-04494,LND009,2026-06-04,2768578,PENDING,MSME_FAST
FIN-0004980,INV-2026-04495,LND022,2026-10-10,3541876,DISBURSED,STANDARD
FIN-0004981,INV-2026-04496,LND023,2026-06-28,2445799,DISBURSED,MSME_FAST
FIN-0004982,INV-2026-04497,LND018,2026-07-14,4115728,PENDING,PRIORITY
FIN-0004983,INV-2026-04498,LND017,2026-07-09,2999579,DISBURSED,PRIORITY
FIN-0004984,INV-2026-04499,LND018,2026-08-27,1039281,DISBURSED,STANDARD
FIN-0004985,INV-2026-04500,LND025,2026-08-21,2852753,DISBURSED,PRIORITY
FIN-0004986,INV-2026-04501,LND003,2026-07-31,1464602,DISBURSED,PRIORITY
FIN-0004987,INV-2026-04502,LND008,2026-06-08,718110,PENDING,PRIORITY
FIN-0004988,INV-2026-04503,LND011,2026-06-27,3406897,DISBURSED,PRIORITY
FIN-0004989,INV-2026-04504,LND014,2026-08-27,1404253,PENDING,MSME_FAST
FIN-0004990,INV-2026-04505,LND016,2026-09-15,2745289,APPROVED,MSME_FAST
FIN-0004991,INV-2026-04506,LND020,2026-08-25,3492943,APPROVED,STANDARD
FIN-0004992,INV-2026-04507,LND012,2026-09-11,2557410,DISBURSED,PRIORITY
FIN-0004993,INV-2026-04508,LND016,2026-07-18,2108957,APPROVED,STANDARD
FIN-0004994,INV-2026-04509,LND005,2026-09-23,2350179,DISBURSED,MSME_FAST
FIN-0004995,INV-2026-04509,LND024,2026-09-20,1907656,DISBURSED,PRIORITY
FIN-0004996,INV-2026-04510,LND004,2026-08-04,633104,PENDING,STANDARD
FIN-0004997,INV-2026-04511,LND019,2026-08-03,1010397,APPROVED,STANDARD
FIN-0004998,INV-2026-04512,LND022,2026-08-08,795250,PENDING,STANDARD
FIN-0004999,INV-2026-04512,LND024,2026-08-10,730848,PENDING,PRIORITY
FIN-0005000,INV-2026-04513,LND007,2026-08-17,2278689,PENDING,STANDARD
FIN-0005001,INV-2026-04514,LND004,2026-07-16,1771013,APPROVED,PRIORITY
FIN-0005002,INV-2026-04515,LND023,2026-09-05,1663567,PENDING,MSME_FAST
FIN-0005003,INV-2026-04516,LND010,2026-07-25,4033844,DISBURSED,PRIORITY
FIN-0005004,INV-2026-04517,LND014,2026-10-01,2698382,PENDING,PRIORITY
FIN-0005005,INV-2026-04518,LND019,2026-08-09,1425982,DISBURSED,MSME_FAST
FIN-0005006,INV-2026-04519,LND024,2026-09-13,2193733,APPROVED,MSME_FAST
FIN-0005007,INV-2026-04520,LND016,2026-10-01,2416845,PENDING,PRIORITY
FIN-0005008,INV-2026-04521,LND013,2026-06-17,338259,PENDING,MSME_FAST
FIN-0005009,INV-2026-04522,LND005,2026-10-01,1007911,DISBURSED,MSME_FAST
FIN-0005010,INV-2026-04523,LND003,2026-08-20,1066217,DISBURSED,PRIORITY
FIN-0005011,INV-2026-04524,LND019,2026-07-16,2538070,APPROVED,PRIORITY
FIN-0005012,INV-2026-04525,LND005,2026-09-08,1902445,APPROVED,MSME_FAST
FIN-0005013,INV-2026-04525,LND007,2026-09-04,1735672,DISBURSED,STANDARD
FIN-0005014,INV-2026-04526,LND017,2026-07-25,3530689,DISBURSED,MSME_FAST
FIN-0005015,INV-2026-04527,LND007,2026-07-09,3260495,PENDING,STANDARD
FIN-0005016,INV-2026-04528,LND008,2026-07-07,933431,APPROVED,MSME_FAST
FIN-0005017,INV-2026-04529,LND017,2026-09-26,2986309,APPROVED,STANDARD
FIN-0005018,INV-2026-04530,LND002,2026-08-31,474589,PENDING,STANDARD
FIN-0005019,INV-2026-04530,LND023,2026-09-02,530722,PENDING,STANDARD
FIN-0005020,INV-2026-04531,LND014,2026-09-01,2583569,DISBURSED,MSME_FAST
FIN-0005021,INV-2026-04531,LND016,2026-09-11,2278555,PENDING,STANDARD
FIN-0005022,INV-2026-04532,LND011,2026-06-14,2987850,DISBURSED,STANDARD
FIN-0005023,INV-2026-04533,LND014,2026-06-12,1006086,PENDING,STANDARD
FIN-0005024,INV-2026-04534,LND011,2026-07-29,179105,APPROVED,MSME_FAST
FIN-0005025,INV-2026-04535,LND009,2026-06-11,542002,APPROVED,STANDARD
FIN-0005026,INV-2026-04536,LND001,2026-08-07,1053956,APPROVED,STANDARD
FIN-0005027,INV-2026-04536,LND025,2026-08-19,1086456,PENDING,MSME_FAST
FIN-0005028,INV-2026-04537,LND021,2026-10-04,4412665,DISBURSED,MSME_FAST
FIN-0005029,INV-2026-04538,LND020,2026-07-20,328308,APPROVED,PRIORITY
FIN-0005030,INV-2026-04538,LND002,2026-07-07,287935,DISBURSED,MSME_FAST
FIN-0005031,INV-2026-04539,LND006,2026-09-22,524059,APPROVED,STANDARD
FIN-0005032,INV-2026-04540,LND006,2026-06-17,1475488,DISBURSED,MSME_FAST
FIN-0005033,INV-2026-04541,LND024,2026-07-17,2055014,PENDING,PRIORITY
FIN-0005034,INV-2026-04542,LND021,2026-08-30,1294709,APPROVED,MSME_FAST
FIN-0005035,INV-2026-04543,LND002,2026-07-13,583156,PENDING,MSME_FAST
FIN-0005036,INV-2026-04544,LND012,2026-09-05,1149560,DISBURSED,STANDARD
FIN-0005037,INV-2026-04545,LND021,2026-08-11,2910498,DISBURSED,PRIORITY
FIN-0005038,INV-2026-04546,LND010,2026-07-02,2751094,DISBURSED,PRIORITY
FIN-0005039,INV-2026-04547,LND011,2026-07-15,2217603,APPROVED,MSME_FAST
FIN-0005040,INV-2026-04548,LND018,2026-07-01,392284,DISBURSED,MSME_FAST
FIN-0005041,INV-2026-04549,LND013,2026-07-07,1772615,DISBURSED,PRIORITY
FIN-0005042,INV-2026-04549,LND003,2026-07-07,1514761,PENDING,STANDARD
FIN-0005043,INV-2026-04550,LND021,2026-09-26,782220,APPROVED,MSME_FAST
FIN-0005044,INV-2026-04551,LND018,2026-07-24,3375097,APPROVED,STANDARD
FIN-0005045,INV-2026-04552,LND010,2026-08-22,3374213,APPROVED,MSME_FAST
FIN-0005046,INV-2026-04553,LND011,2026-07-04,646642,PENDING,STANDARD
FIN-0005047,INV-2026-04554,LND022,2026-07-14,3686564,DISBURSED,PRIORITY
FIN-0005048,INV-2026-04555,LND015,2026-07-24,898233,APPROVED,PRIORITY
FIN-0005049,INV-2026-04556,LND018,2026-06-16,3159874,APPROVED,MSME_FAST
FIN-0005050,INV-2026-04556,LND006,2026-06-12,2962823,PENDING,PRIORITY
FIN-0005051,INV-2026-04557,LND022,2026-09-01,2126563,APPROVED,PRIORITY
FIN-0005052,INV-2026-04558,LND004,2026-08-11,3258434,PENDING,STANDARD
FIN-0005053,INV-2026-04558,LND024,2026-08-15,3230816,DISBURSED,MSME_FAST
FIN-0005054,INV-2026-04559,LND022,2026-07-08,2527278,PENDING,STANDARD
FIN-0005055,INV-2026-04560,LND021,2026-08-30,3360254,APPROVED,STANDARD
FIN-0005056,INV-2026-04560,LND003,2026-09-13,3131690,PENDING,PRIORITY
FIN-0005057,INV-2026-04561,LND007,2026-06-12,2002497,PENDING,MSME_FAST
FIN-0005058,INV-2026-04562,LND016,2026-07-23,1219387,APPROVED,PRIORITY
FIN-0005059,INV-2026-04563,LND013,2026-08-04,2560480,DISBURSED,STANDARD
FIN-0005060,INV-2026-04564,LND001,2026-07-19,984339,DISBURSED,MSME_FAST
FIN-0005061,INV-2026-04565,LND008,2026-09-01,3551529,DISBURSED,PRIORITY
FIN-0005062,INV-2026-04566,LND003,2026-07-17,3998586,PENDING,STANDARD
FIN-0005063,INV-2026-04567,LND003,2026-09-01,2379086,PENDING,MSME_FAST
FIN-0005064,INV-2026-04568,LND006,2026-07-11,1702737,APPROVED,PRIORITY
FIN-0005065,INV-2026-04569,LND020,2026-09-08,1753490,APPROVED,MSME_FAST
FIN-0005066,INV-2026-04570,LND012,2026-06-10,88174,DISBURSED,STANDARD
FIN-0005067,INV-2026-04571,LND006,2026-10-01,1110162,DISBURSED,STANDARD
FIN-0005068,INV-2026-04572,LND002,2026-08-13,1911594,DISBURSED,STANDARD
FIN-0005069,INV-2026-04573,LND017,2026-09-07,3312786,DISBURSED,STANDARD
FIN-0005070,INV-2026-04574,LND005,2026-06-21,327557,PENDING,STANDARD
FIN-0005071,INV-2026-04575,LND021,2026-07-30,1477606,DISBURSED,PRIORITY
FIN-0005072,INV-2026-04576,LND005,2026-10-01,2375080,DISBURSED,STANDARD
FIN-0005073,INV-2026-04577,LND001,2026-06-23,236406,PENDING,PRIORITY
FIN-0005074,INV-2026-04578,LND002,2026-09-15,266415,DISBURSED,PRIORITY
FIN-0005075,INV-2026-04579,LND024,2026-06-06,3058509,APPROVED,STANDARD
FIN-0005076,INV-2026-04580,LND021,2026-06-15,2077897,PENDING,STANDARD
FIN-0005077,INV-2026-04581,LND003,2026-07-22,660492,PENDING,STANDARD
FIN-0005078,INV-2026-04582,LND009,2026-08-15,1318987,DISBURSED,PRIORITY
FIN-0005079,INV-2026-04582,LND022,2026-08-16,1232650,PENDING,MSME_FAST
FIN-0005080,INV-2026-04583,LND024,2026-09-11,3309629,APPROVED,MSME_FAST
FIN-0005081,INV-2026-04584,LND021,2026-08-12,2566319,DISBURSED,STANDARD
FIN-0005082,INV-2026-04585,LND024,2026-09-30,3107953,APPROVED,PRIORITY
FIN-0005083,INV-2026-04586,LND016,2026-09-16,2336824,DISBURSED,STANDARD
FIN-0005084,INV-2026-04587,LND018,2026-09-01,2514028,PENDING,MSME_FAST
FIN-0005085,INV-2026-04588,LND023,2026-10-06,3654787,DISBURSED,MSME_FAST
FIN-0005086,INV-2026-04588,LND009,2026-10-02,3635310,APPROVED,MSME_FAST
FIN-0005087,INV-2026-04589,LND023,2026-08-04,1695924,PENDING,MSME_FAST
FIN-0005088,INV-2026-04590,LND010,2026-09-27,3854596,PENDING,MSME_FAST
FIN-0005089,INV-2026-04591,LND004,2026-10-01,779482,APPROVED,STANDARD
FIN-0005090,INV-2026-04592,LND009,2026-06-25,2555825,DISBURSED,PRIORITY
FIN-0005091,INV-2026-04593,LND009,2026-08-20,499922,PENDING,MSME_FAST
FIN-0005092,INV-2026-04594,LND020,2026-08-26,435233,PENDING,PRIORITY
FIN-0005093,INV-2026-04595,LND003,2026-10-09,2686280,APPROVED,MSME_FAST
FIN-0005094,INV-2026-04596,LND015,2026-09-25,4102255,APPROVED,STANDARD
FIN-0005095,INV-2026-04597,LND002,2026-08-10,3230021,APPROVED,PRIORITY
FIN-0005096,INV-2026-04598,LND002,2026-10-13,2605428,APPROVED,STANDARD
FIN-0005097,INV-2026-04599,LND021,2026-07-07,396523,DISBURSED,STANDARD
FIN-0005098,INV-2026-04600,LND002,2026-07-08,1278609,PENDING,MSME_FAST
FIN-0005099,INV-2026-04601,LND012,2026-07-07,2720431,DISBURSED,STANDARD
FIN-0005100,INV-2026-04602,LND023,2026-08-04,1005305,DISBURSED,STANDARD
FIN-0005101,INV-2026-04603,LND011,2026-06-18,103549,PENDING,MSME_FAST
FIN-0005102,INV-2026-04604,LND004,2026-08-14,609441,PENDING,MSME_FAST
FIN-0005103,INV-2026-04605,LND003,2026-09-17,151522,DISBURSED,PRIORITY
FIN-0005104,INV-2026-04606,LND012,2026-06-11,2825310,DISBURSED,PRIORITY
FIN-0005105,INV-2026-04607,LND025,2026-07-30,108969,APPROVED,STANDARD
FIN-0005106,INV-2026-04608,LND009,2026-08-15,2394660,DISBURSED,STANDARD
FIN-0005107,INV-2026-04609,LND002,2026-06-29,2159787,PENDING,PRIORITY
FIN-0005108,INV-2026-04609,LND020,2026-06-26,1827523,DISBURSED,STANDARD
FIN-0005109,INV-2026-04610,LND016,2026-10-01,2187593,APPROVED,MSME_FAST
FIN-0005110,INV-2026-04611,LND001,2026-08-01,963238,PENDING,STANDARD
FIN-0005111,INV-2026-04612,LND008,2026-09-10,2294839,APPROVED,MSME_FAST
FIN-0005112,INV-2026-04612,LND019,2026-09-17,1978185,PENDING,STANDARD
FIN-0005113,INV-2026-04613,LND025,2026-06-28,2279896,PENDING,PRIORITY
FIN-0005114,INV-2026-04614,LND017,2026-09-19,2043025,PENDING,STANDARD
FIN-0005115,INV-2026-04615,LND024,2026-06-06,951862,APPROVED,STANDARD
FIN-0005116,INV-2026-04616,LND022,2026-09-27,2976135,DISBURSED,MSME_FAST
FIN-0005117,INV-2026-04617,LND019,2026-09-03,1000028,PENDING,PRIORITY
FIN-0005118,INV-2026-04618,LND010,2026-09-01,433542,DISBURSED,PRIORITY
FIN-0005119,INV-2026-04619,LND010,2026-09-08,3598211,PENDING,MSME_FAST
FIN-0005120,INV-2026-04620,LND021,2026-09-23,234292,APPROVED,STANDARD
FIN-0005121,INV-2026-04620,LND003,2026-09-26,260330,APPROVED,MSME_FAST
FIN-0005122,INV-2026-04621,LND008,2026-07-13,2743950,PENDING,MSME_FAST
FIN-0005123,INV-2026-04622,LND023,2026-08-02,1891762,DISBURSED,MSME_FAST
FIN-0005124,INV-2026-04623,LND020,2026-08-02,1091861,PENDING,STANDARD
FIN-0005125,INV-2026-04624,LND017,2026-07-05,102887,APPROVED,PRIORITY
FIN-0005126,INV-2026-04625,LND012,2026-09-06,1163352,DISBURSED,MSME_FAST
FIN-0005127,INV-2026-04626,LND005,2026-07-19,1293791,DISBURSED,PRIORITY
FIN-0005128,INV-2026-04627,LND004,2026-06-28,1289742,PENDING,PRIORITY
FIN-0005129,INV-2026-04628,LND005,2026-08-29,3174865,PENDING,PRIORITY
FIN-0005130,INV-2026-04629,LND023,2026-08-25,3519679,APPROVED,MSME_FAST
FIN-0005131,INV-2026-04630,LND015,2026-08-04,2613637,PENDING,PRIORITY
FIN-0005132,INV-2026-04630,LND016,2026-07-29,2343634,DISBURSED,PRIORITY
FIN-0005133,INV-2026-04631,LND004,2026-06-25,475125,DISBURSED,STANDARD
FIN-0005134,INV-2026-04632,LND015,2026-09-23,1760415,DISBURSED,MSME_FAST
FIN-0005135,INV-2026-04633,LND021,2026-08-11,4105731,APPROVED,MSME_FAST
FIN-0005136,INV-2026-04634,LND009,2026-10-09,67409,DISBURSED,STANDARD
FIN-0005137,INV-2026-04635,LND017,2026-08-01,3002462,DISBURSED,MSME_FAST
FIN-0005138,INV-2026-04636,LND022,2026-07-24,1591718,APPROVED,PRIORITY
FIN-0005139,INV-2026-04637,LND009,2026-07-02,2461299,PENDING,STANDARD
FIN-0005140,INV-2026-04638,LND011,2026-06-16,2255102,PENDING,STANDARD
FIN-0005141,INV-2026-04639,LND003,2026-09-08,4030920,DISBURSED,MSME_FAST
FIN-0005142,INV-2026-04639,LND013,2026-08-28,3571997,PENDING,STANDARD
FIN-0005143,INV-2026-04640,LND005,2026-10-03,3423802,APPROVED,PRIORITY
FIN-0005144,INV-2026-04641,LND025,2026-09-18,1876944,PENDING,PRIORITY
FIN-0005145,INV-2026-04642,LND018,2026-09-26,2774088,PENDING,MSME_FAST
FIN-0005146,INV-2026-04643,LND018,2026-08-21,3633169,APPROVED,MSME_FAST
FIN-0005147,INV-2026-04644,LND018,2026-08-31,260225,APPROVED,STANDARD
FIN-0005148,INV-2026-04645,LND010,2026-09-08,2373041,APPROVED,PRIORITY
FIN-0005149,INV-2026-04646,LND016,2026-08-23,1365892,APPROVED,STANDARD
FIN-0005150,INV-2026-04647,LND009,2026-09-18,2466763,APPROVED,MSME_FAST
FIN-0005151,INV-2026-04647,LND017,2026-09-25,2695422,APPROVED,STANDARD
FIN-0005152,INV-2026-04648,LND008,2026-07-03,542144,APPROVED,PRIORITY
FIN-0005153,INV-2026-04649,LND008,2026-09-12,4085415,DISBURSED,STANDARD
FIN-0005154,INV-2026-04650,LND010,2026-08-09,3652792,PENDING,MSME_FAST
FIN-0005155,INV-2026-04651,LND025,2026-06-16,987341,DISBURSED,MSME_FAST
FIN-0005156,INV-2026-04652,LND005,2026-06-19,3982714,DISBURSED,PRIORITY
FIN-0005157,INV-2026-04653,LND007,2026-09-03,3433954,DISBURSED,PRIORITY
FIN-0005158,INV-2026-04654,LND016,2026-06-29,3209808,APPROVED,PRIORITY
FIN-0005159,INV-2026-04655,LND007,2026-09-18,2143747,APPROVED,STANDARD
FIN-0005160,INV-2026-04656,LND008,2026-08-04,2612479,PENDING,STANDARD
FIN-0005161,INV-2026-04657,LND007,2026-09-03,3965115,APPROVED,STANDARD
FIN-0005162,INV-2026-04658,LND012,2026-08-11,1914372,APPROVED,MSME_FAST
FIN-0005163,INV-2026-04659,LND017,2026-08-11,3167170,PENDING,STANDARD
FIN-0005164,INV-2026-04660,LND019,2026-06-26,3087204,PENDING,STANDARD
FIN-0005165,INV-2026-04661,LND024,2026-06-16,4180247,APPROVED,MSME_FAST
FIN-0005166,INV-2026-04662,LND001,2026-08-08,3925787,PENDING,PRIORITY
FIN-0005167,INV-2026-04663,LND008,2026-08-06,2413762,PENDING,PRIORITY
FIN-0005168,INV-2026-04664,LND019,2026-07-18,1011869,DISBURSED,MSME_FAST
FIN-0005169,INV-2026-04665,LND014,2026-08-07,1265542,DISBURSED,MSME_FAST
FIN-0005170,INV-2026-04666,LND002,2026-09-27,3094011,APPROVED,PRIORITY
FIN-0005171,INV-2026-04666,LND003,2026-09-23,3313562,PENDING,STANDARD
FIN-0005172,INV-2026-04667,LND023,2026-06-10,3664011,DISBURSED,STANDARD
FIN-0005173,INV-2026-04668,LND023,2026-06-22,2582128,DISBURSED,PRIORITY
FIN-0005174,INV-2026-04669,LND010,2026-06-16,122422,PENDING,MSME_FAST
FIN-0005175,INV-2026-04670,LND019,2026-07-30,265804,APPROVED,PRIORITY
FIN-0005176,INV-2026-04671,LND017,2026-07-31,1855542,DISBURSED,MSME_FAST
FIN-0005177,INV-2026-04672,LND012,2026-09-15,2226645,DISBURSED,MSME_FAST
FIN-0005178,INV-2026-04673,LND006,2026-07-11,3353811,APPROVED,PRIORITY
FIN-0005179,INV-2026-04674,LND025,2026-06-14,1289748,APPROVED,STANDARD
FIN-0005180,INV-2026-04675,LND016,2026-07-09,3725114,DISBURSED,PRIORITY
FIN-0005181,INV-2026-04676,LND024,2026-07-19,2095807,PENDING,PRIORITY
FIN-0005182,INV-2026-04677,LND024,2026-07-25,1303309,PENDING,MSME_FAST
FIN-0005183,INV-2026-04678,LND010,2026-08-23,3462545,PENDING,PRIORITY
FIN-0005184,INV-2026-04679,LND013,2026-09-30,2202279,APPROVED,PRIORITY
FIN-0005185,INV-2026-04680,LND007,2026-07-19,4232048,PENDING,PRIORITY
FIN-0005186,INV-2026-04681,LND013,2026-08-27,2743445,PENDING,MSME_FAST
FIN-0005187,INV-2026-04682,LND024,2026-07-04,987429,PENDING,PRIORITY
FIN-0005188,INV-2026-04683,LND022,2026-06-09,2827747,DISBURSED,PRIORITY
FIN-0005189,INV-2026-04684,LND019,2026-08-17,3181115,APPROVED,MSME_FAST
FIN-0005190,INV-2026-04685,LND012,2026-06-07,1948321,PENDING,PRIORITY
FIN-0005191,INV-2026-04686,LND021,2026-08-18,2749100,PENDING,STANDARD
FIN-0005192,INV-2026-04687,LND025,2026-06-07,1183997,APPROVED,STANDARD
FIN-0005193,INV-2026-04687,LND016,2026-06-17,1291439,PENDING,STANDARD
FIN-0005194,INV-2026-04688,LND001,2026-09-01,1068309,APPROVED,PRIORITY
FIN-0005195,INV-2026-04689,LND017,2026-09-10,3126415,APPROVED,STANDARD
FIN-0005196,INV-2026-04690,LND007,2026-08-13,1677426,DISBURSED,PRIORITY
FIN-0005197,INV-2026-04690,LND008,2026-08-18,1634109,PENDING,MSME_FAST
FIN-0005198,INV-2026-04691,LND021,2026-08-12,2019427,DISBURSED,STANDARD
FIN-0005199,INV-2026-04692,LND002,2026-09-25,1491703,PENDING,STANDARD
FIN-0005200,INV-2026-04693,LND023,2026-07-14,412854,PENDING,STANDARD
FIN-0005201,INV-2026-04694,LND015,2026-08-05,3181922,PENDING,STANDARD
FIN-0005202,INV-2026-04695,LND004,2026-08-16,4021431,DISBURSED,MSME_FAST
FIN-0005203,INV-2026-04696,LND015,2026-10-02,426649,APPROVED,MSME_FAST
FIN-0005204,INV-2026-04697,LND024,2026-07-17,2900912,DISBURSED,MSME_FAST
FIN-0005205,INV-2026-04698,LND009,2026-07-01,1215230,PENDING,PRIORITY
FIN-0005206,INV-2026-04699,LND004,2026-08-04,2870989,APPROVED,STANDARD
FIN-0005207,INV-2026-04700,LND002,2026-07-17,1164677,PENDING,MSME_FAST
FIN-0005208,INV-2026-04701,LND003,2026-09-06,2402789,PENDING,PRIORITY
FIN-0005209,INV-2026-04702,LND001,2026-08-23,1734594,APPROVED,MSME_FAST
FIN-0005210,INV-2026-04703,LND013,2026-09-05,590140,DISBURSED,PRIORITY
FIN-0005211,INV-2026-04704,LND015,2026-07-26,1330134,DISBURSED,STANDARD
FIN-0005212,INV-2026-04705,LND004,2026-09-03,2054279,DISBURSED,STANDARD
FIN-0005213,INV-2026-04706,LND009,2026-08-24,3004622,PENDING,STANDARD
FIN-0005214,INV-2026-04707,LND005,2026-06-25,2487124,PENDING,MSME_FAST
FIN-0005215,INV-2026-04708,LND021,2026-08-07,2531925,DISBURSED,STANDARD
FIN-0005216,INV-2026-04708,LND002,2026-08-07,3001033,PENDING,PRIORITY
FIN-0005217,INV-2026-04709,LND017,2026-06-14,2299436,PENDING,STANDARD
FIN-0005218,INV-2026-04710,LND018,2026-08-05,2608266,APPROVED,MSME_FAST
FIN-0005219,INV-2026-04711,LND009,2026-09-13,3077606,PENDING,MSME_FAST
FIN-0005220,INV-2026-04712,LND007,2026-06-17,1255290,PENDING,STANDARD
FIN-0005221,INV-2026-04713,LND024,2026-06-24,482848,APPROVED,MSME_FAST
FIN-0005222,INV-2026-04714,LND013,2026-07-14,349152,APPROVED,STANDARD
FIN-0005223,INV-2026-04715,LND025,2026-07-02,2702228,APPROVED,MSME_FAST
FIN-0005224,INV-2026-04716,LND022,2026-06-23,3432196,PENDING,PRIORITY
FIN-0005225,INV-2026-04717,LND003,2026-07-03,2512367,APPROVED,MSME_FAST
FIN-0005226,INV-2026-04718,LND014,2026-06-10,2023870,APPROVED,STANDARD
FIN-0005227,INV-2026-04719,LND022,2026-10-14,3824149,APPROVED,PRIORITY
FIN-0005228,INV-2026-04720,LND005,2026-09-28,96608,DISBURSED,MSME_FAST
FIN-0005229,INV-2026-04721,LND024,2026-08-12,1068414,DISBURSED,STANDARD
FIN-0005230,INV-2026-04722,LND023,2026-09-18,2563243,PENDING,MSME_FAST
FIN-0005231,INV-2026-04723,LND024,2026-08-26,2417894,APPROVED,MSME_FAST
FIN-0005232,INV-2026-04724,LND003,2026-10-04,1097224,DISBURSED,PRIORITY
FIN-0005233,INV-2026-04724,LND014,2026-10-04,1145950,PENDING,MSME_FAST
FIN-0005234,INV-2026-04725,LND008,2026-07-16,4022106,DISBURSED,MSME_FAST
FIN-0005235,INV-2026-04725,LND015,2026-07-21,3620019,DISBURSED,MSME_FAST
FIN-0005236,INV-2026-04726,LND004,2026-07-24,1210506,PENDING,STANDARD
FIN-0005237,INV-2026-04727,LND017,2026-07-07,942054,PENDING,STANDARD
FIN-0005238,INV-2026-04728,LND019,2026-09-28,1159591,APPROVED,STANDARD
FIN-0005239,INV-2026-04729,LND011,2026-09-20,43125,DISBURSED,PRIORITY
FIN-0005240,INV-2026-04730,LND024,2026-07-05,3482273,APPROVED,STANDARD
FIN-0005241,INV-2026-04731,LND002,2026-07-19,2589527,PENDING,STANDARD
FIN-0005242,INV-2026-04732,LND011,2026-08-10,1958382,DISBURSED,MSME_FAST
FIN-0005243,INV-2026-04733,LND014,2026-10-07,361537,PENDING,PRIORITY
FIN-0005244,INV-2026-04734,LND015,2026-09-28,1418539,PENDING,STANDARD
FIN-0005245,INV-2026-04735,LND009,2026-07-18,1427441,APPROVED,MSME_FAST
FIN-0005246,INV-2026-04736,LND005,2026-08-14,2980692,APPROVED,PRIORITY
FIN-0005247,INV-2026-04737,LND020,2026-08-27,3070490,APPROVED,STANDARD
FIN-0005248,INV-2026-04738,LND002,2026-09-19,920683,APPROVED,STANDARD
FIN-0005249,INV-2026-04738,LND010,2026-09-20,958527,DISBURSED,PRIORITY
FIN-0005250,INV-2026-04739,LND020,2026-08-01,3823360,PENDING,MSME_FAST
FIN-0005251,INV-2026-04740,LND015,2026-07-19,1593647,APPROVED,STANDARD
FIN-0005252,INV-2026-04741,LND006,2026-09-15,3543981,PENDING,MSME_FAST
FIN-0005253,INV-2026-04742,LND003,2026-08-14,2470924,DISBURSED,PRIORITY
FIN-0005254,INV-2026-04743,LND020,2026-07-24,1882522,PENDING,STANDARD
FIN-0005255,INV-2026-04744,LND002,2026-08-04,530559,APPROVED,MSME_FAST
FIN-0005256,INV-2026-04745,LND024,2026-08-04,1823232,DISBURSED,MSME_FAST
FIN-0005257,INV-2026-04746,LND004,2026-09-29,2818555,PENDING,PRIORITY
FIN-0005258,INV-2026-04747,LND018,2026-09-09,1327285,PENDING,MSME_FAST
FIN-0005259,INV-2026-04748,LND014,2026-09-20,2063620,PENDING,PRIORITY
FIN-0005260,INV-2026-04749,LND009,2026-08-08,680516,DISBURSED,MSME_FAST
FIN-0005261,INV-2026-04749,LND023,2026-07-29,573043,PENDING,MSME_FAST
FIN-0005262,INV-2026-04750,LND016,2026-07-15,271809,DISBURSED,MSME_FAST
FIN-0005263,INV-2026-04751,LND008,2026-07-25,716691,APPROVED,PRIORITY
FIN-0005264,INV-2026-04752,LND013,2026-09-13,1187033,APPROVED,MSME_FAST
FIN-0005265,INV-2026-04752,LND018,2026-09-14,1187587,DISBURSED,STANDARD
FIN-0005266,INV-2026-04753,LND020,2026-07-15,2325663,PENDING,STANDARD
FIN-0005267,INV-2026-04754,LND020,2026-08-09,2455619,APPROVED,MSME_FAST
FIN-0005268,INV-2026-04755,LND012,2026-06-19,2433958,PENDING,PRIORITY
FIN-0005269,INV-2026-04756,LND010,2026-07-30,3064071,DISBURSED,STANDARD
FIN-0005270,INV-2026-04757,LND002,2026-09-11,2580695,DISBURSED,MSME_FAST
FIN-0005271,INV-2026-04758,LND002,2026-09-27,1133364,DISBURSED,MSME_FAST
FIN-0005272,INV-2026-04759,LND009,2026-08-30,136583,APPROVED,STANDARD
FIN-0005273,INV-2026-04760,LND002,2026-06-26,2225377,PENDING,MSME_FAST
FIN-0005274,INV-2026-04761,LND006,2026-10-07,857289,PENDING,STANDARD
FIN-0005275,INV-2026-04762,LND019,2026-07-25,2462799,DISBURSED,STANDARD
FIN-0005276,INV-2026-04763,LND021,2026-09-21,3404815,APPROVED,PRIORITY
FIN-0005277,INV-2026-04764,LND011,2026-07-23,2581512,PENDING,MSME_FAST
FIN-0005278,INV-2026-04765,LND017,2026-07-05,1791958,APPROVED,PRIORITY
FIN-0005279,INV-2026-04766,LND024,2026-07-13,2166911,DISBURSED,STANDARD
FIN-0005280,INV-2026-04767,LND015,2026-08-23,490217,PENDING,MSME_FAST
FIN-0005281,INV-2026-04768,LND007,2026-08-01,3639974,DISBURSED,PRIORITY
FIN-0005282,INV-2026-04769,LND018,2026-07-30,208378,APPROVED,STANDARD
FIN-0005283,INV-2026-04770,LND011,2026-07-11,652113,DISBURSED,MSME_FAST
FIN-0005284,INV-2026-04771,LND020,2026-08-08,911560,PENDING,PRIORITY
FIN-0005285,INV-2026-04772,LND008,2026-07-27,2282702,APPROVED,STANDARD
FIN-0005286,INV-2026-04773,LND004,2026-09-04,3516037,DISBURSED,PRIORITY
FIN-0005287,INV-2026-04773,LND023,2026-08-29,3747886,DISBURSED,PRIORITY
FIN-0005288,INV-2026-04774,LND014,2026-06-29,1153491,DISBURSED,MSME_FAST
FIN-0005289,INV-2026-04775,LND012,2026-06-23,4070972,APPROVED,MSME_FAST
FIN-0005290,INV-2026-04776,LND012,2026-08-28,3190805,DISBURSED,MSME_FAST
FIN-0005291,INV-2026-04777,LND014,2026-08-25,2766124,PENDING,MSME_FAST
FIN-0005292,INV-2026-04777,LND013,2026-08-24,2780778,PENDING,MSME_FAST
FIN-0005293,INV-2026-04778,LND015,2026-06-26,2644331,PENDING,PRIORITY
FIN-0005294,INV-2026-04779,LND011,2026-09-04,3033933,PENDING,PRIORITY
FIN-0005295,INV-2026-04780,LND003,2026-06-11,3960007,APPROVED,PRIORITY
FIN-0005296,INV-2026-04780,LND007,2026-06-14,3772719,APPROVED,STANDARD
FIN-0005297,INV-2026-04781,LND007,2026-09-25,1789288,APPROVED,PRIORITY
FIN-0005298,INV-2026-04782,LND008,2026-08-13,1206828,DISBURSED,STANDARD
FIN-0005299,INV-2026-04783,LND014,2026-08-20,1732162,PENDING,PRIORITY
FIN-0005300,INV-2026-04783,LND015,2026-08-20,1666938,DISBURSED,STANDARD
FIN-0005301,INV-2026-04784,LND009,2026-08-09,1685632,PENDING,PRIORITY
FIN-0005302,INV-2026-04784,LND002,2026-08-15,1723698,APPROVED,STANDARD
FIN-0005303,INV-2026-04785,LND017,2026-08-21,4139965,DISBURSED,MSME_FAST
FIN-0005304,INV-2026-04786,LND001,2026-09-04,2205696,DISBURSED,MSME_FAST
FIN-0005305,INV-2026-04787,LND006,2026-08-28,2538406,APPROVED,MSME_FAST
FIN-0005306,INV-2026-04788,LND010,2026-09-03,2531612,APPROVED,PRIORITY
FIN-0005307,INV-2026-04789,LND008,2026-08-06,353904,APPROVED,MSME_FAST
FIN-0005308,INV-2026-04790,LND012,2026-09-10,385175,DISBURSED,STANDARD
FIN-0005309,INV-2026-04791,LND013,2026-07-26,648487,DISBURSED,PRIORITY
FIN-0005310,INV-2026-04792,LND016,2026-10-03,803604,APPROVED,PRIORITY
FIN-0005311,INV-2026-04793,LND010,2026-09-01,417535,DISBURSED,PRIORITY
FIN-0005312,INV-2026-04794,LND024,2026-08-28,2776817,DISBURSED,PRIORITY
FIN-0005313,INV-2026-04795,LND009,2026-06-18,3038966,PENDING,PRIORITY
FIN-0005314,INV-2026-04795,LND007,2026-06-25,3425576,PENDING,STANDARD
FIN-0005315,INV-2026-04796,LND004,2026-08-31,1241782,DISBURSED,STANDARD
FIN-0005316,INV-2026-04797,LND016,2026-09-11,3484431,APPROVED,MSME_FAST
FIN-0005317,INV-2026-04798,LND002,2026-09-14,3134357,DISBURSED,PRIORITY
FIN-0005318,INV-2026-04799,LND006,2026-07-24,4336237,APPROVED,PRIORITY
FIN-0005319,INV-2026-04800,LND024,2026-08-04,1514638,DISBURSED,PRIORITY
FIN-0005320,INV-2026-04801,LND020,2026-07-14,3399692,DISBURSED,MSME_FAST
FIN-0005321,INV-2026-04802,LND003,2026-06-07,3603342,PENDING,STANDARD
FIN-0005322,INV-2026-04803,LND022,2026-09-01,2929650,PENDING,MSME_FAST
FIN-0005323,INV-2026-04804,LND008,2026-09-03,3924907,APPROVED,PRIORITY
FIN-0005324,INV-2026-04805,LND024,2026-09-10,1650505,DISBURSED,MSME_FAST
FIN-0005325,INV-2026-04806,LND005,2026-08-27,2606252,APPROVED,PRIORITY
FIN-0005326,INV-2026-04807,LND023,2026-07-31,2881579,PENDING,STANDARD
FIN-0005327,INV-2026-04808,LND016,2026-07-25,696161,DISBURSED,STANDARD
FIN-0005328,INV-2026-04808,LND014,2026-08-09,632378,DISBURSED,MSME_FAST
FIN-0005329,INV-2026-04809,LND018,2026-07-13,3117351,PENDING,MSME_FAST
FIN-0005330,INV-2026-04810,LND005,2026-07-24,1800663,PENDING,STANDARD
FIN-0005331,INV-2026-04811,LND004,2026-08-28,1162721,PENDING,PRIORITY
FIN-0005332,INV-2026-04812,LND017,2026-08-31,1316671,DISBURSED,STANDARD
FIN-0005333,INV-2026-04813,LND005,2026-06-08,2838441,DISBURSED,MSME_FAST
FIN-0005334,INV-2026-04813,LND012,2026-06-15,2616830,PENDING,MSME_FAST
FIN-0005335,INV-2026-04814,LND015,2026-09-20,4094713,PENDING,MSME_FAST
FIN-0005336,INV-2026-04815,LND014,2026-06-16,211248,PENDING,MSME_FAST
FIN-0005337,INV-2026-04816,LND006,2026-09-29,3356877,PENDING,STANDARD
FIN-0005338,INV-2026-04817,LND018,2026-07-04,2996021,PENDING,STANDARD
FIN-0005339,INV-2026-04818,LND022,2026-08-25,4163469,DISBURSED,PRIORITY
FIN-0005340,INV-2026-04819,LND005,2026-08-20,534759,PENDING,MSME_FAST
FIN-0005341,INV-2026-04820,LND016,2026-08-14,3896743,PENDING,MSME_FAST
FIN-0005342,INV-2026-04821,LND011,2026-09-05,234546,DISBURSED,PRIORITY
FIN-0005343,INV-2026-04822,LND025,2026-08-11,2400524,APPROVED,PRIORITY
FIN-0005344,INV-2026-04823,LND024,2026-06-26,4307673,APPROVED,PRIORITY
FIN-0005345,INV-2026-04824,LND024,2026-09-09,667469,APPROVED,MSME_FAST
FIN-0005346,INV-2026-04825,LND012,2026-09-30,1764149,APPROVED,PRIORITY
FIN-0005347,INV-2026-04826,LND022,2026-09-18,1124777,APPROVED,PRIORITY
FIN-0005348,INV-2026-04827,LND011,2026-07-29,3199578,PENDING,PRIORITY
FIN-0005349,INV-2026-04828,LND020,2026-10-12,2931189,DISBURSED,PRIORITY
FIN-0005350,INV-2026-04829,LND021,2026-07-02,1365830,APPROVED,STANDARD
FIN-0005351,INV-2026-04830,LND006,2026-06-15,826009,DISBURSED,PRIORITY
FIN-0005352,INV-2026-04831,LND024,2026-08-11,2745624,APPROVED,MSME_FAST
FIN-0005353,INV-2026-04832,LND003,2026-09-10,2964502,PENDING,PRIORITY
FIN-0005354,INV-2026-04833,LND006,2026-09-19,1078304,DISBURSED,PRIORITY
FIN-0005355,INV-2026-04834,LND021,2026-08-18,3949628,PENDING,STANDARD
FIN-0005356,INV-2026-04835,LND023,2026-06-17,4038893,PENDING,PRIORITY
FIN-0005357,INV-2026-04836,LND015,2026-09-11,651301,PENDING,MSME_FAST
FIN-0005358,INV-2026-04837,LND019,2026-07-09,2411264,DISBURSED,STANDARD
FIN-0005359,INV-2026-04838,LND010,2026-07-13,1998649,DISBURSED,MSME_FAST
FIN-0005360,INV-2026-04839,LND015,2026-07-20,2370441,PENDING,STANDARD
FIN-0005361,INV-2026-04840,LND010,2026-08-04,798499,DISBURSED,MSME_FAST
FIN-0005362,INV-2026-04841,LND022,2026-07-08,675800,DISBURSED,MSME_FAST
FIN-0005363,INV-2026-04842,LND008,2026-06-17,1616150,APPROVED,MSME_FAST
FIN-0005364,INV-2026-04843,LND001,2026-09-08,1546113,APPROVED,STANDARD
FIN-0005365,INV-2026-04844,LND011,2026-08-01,324800,PENDING,MSME_FAST
FIN-0005366,INV-2026-04845,LND021,2026-07-08,1000144,APPROVED,PRIORITY
FIN-0005367,INV-2026-04846,LND005,2026-09-11,1348694,APPROVED,MSME_FAST
FIN-0005368,INV-2026-04847,LND011,2026-09-27,3598295,APPROVED,PRIORITY
FIN-0005369,INV-2026-04848,LND009,2026-08-05,3716740,DISBURSED,MSME_FAST
FIN-0005370,INV-2026-04849,LND008,2026-07-10,2004508,APPROVED,PRIORITY
FIN-0005371,INV-2026-04850,LND008,2026-09-29,2757837,PENDING,MSME_FAST
FIN-0005372,INV-2026-04851,LND007,2026-09-16,458285,PENDING,MSME_FAST
FIN-0005373,INV-2026-04852,LND011,2026-07-18,1038411,DISBURSED,PRIORITY
FIN-0005374,INV-2026-04853,LND009,2026-07-30,3642780,DISBURSED,STANDARD
FIN-0005375,INV-2026-04854,LND004,2026-06-09,2905611,PENDING,MSME_FAST
FIN-0005376,INV-2026-04855,LND001,2026-07-15,150612,DISBURSED,MSME_FAST
FIN-0005377,INV-2026-04856,LND025,2026-06-06,465227,PENDING,PRIORITY
FIN-0005378,INV-2026-04857,LND002,2026-09-05,2950200,DISBURSED,STANDARD
FIN-0005379,INV-2026-04858,LND008,2026-08-16,1091930,PENDING,PRIORITY
FIN-0005380,INV-2026-04859,LND008,2026-08-13,2841834,PENDING,PRIORITY
FIN-0005381,INV-2026-04860,LND012,2026-06-10,2237615,APPROVED,STANDARD
FIN-0005382,INV-2026-04861,LND025,2026-06-26,3367670,PENDING,MSME_FAST
FIN-0005383,INV-2026-04861,LND024,2026-06-28,2801000,DISBURSED,PRIORITY
FIN-0005384,INV-2026-04862,LND017,2026-08-28,3968917,APPROVED,STANDARD
FIN-0005385,INV-2026-04863,LND012,2026-06-30,2904046,DISBURSED,PRIORITY
FIN-0005386,INV-2026-04863,LND008,2026-07-03,2315908,PENDING,MSME_FAST
FIN-0005387,INV-2026-04864,LND017,2026-07-21,2451312,DISBURSED,STANDARD
FIN-0005388,INV-2026-04865,LND006,2026-06-14,3986133,DISBURSED,PRIORITY
FIN-0005389,INV-2026-04865,LND018,2026-06-24,4031652,DISBURSED,MSME_FAST
FIN-0005390,INV-2026-04866,LND010,2026-06-19,2934734,DISBURSED,MSME_FAST
FIN-0005391,INV-2026-04867,LND017,2026-09-27,2730826,PENDING,MSME_FAST
FIN-0005392,INV-2026-04868,LND007,2026-07-27,1432946,APPROVED,MSME_FAST
FIN-0005393,INV-2026-04869,LND010,2026-08-31,2032591,DISBURSED,PRIORITY
FIN-0005394,INV-2026-04869,LND002,2026-08-30,1988489,DISBURSED,STANDARD
FIN-0005395,INV-2026-04870,LND018,2026-09-25,2893396,APPROVED,PRIORITY
FIN-0005396,INV-2026-04871,LND019,2026-07-04,2856747,APPROVED,PRIORITY
FIN-0005397,INV-2026-04872,LND020,2026-09-16,423446,APPROVED,MSME_FAST
FIN-0005398,INV-2026-04873,LND008,2026-07-21,2337975,APPROVED,STANDARD
FIN-0005399,INV-2026-04874,LND003,2026-07-06,1301869,APPROVED,PRIORITY
FIN-0005400,INV-2026-04875,LND007,2026-08-16,2882750,APPROVED,MSME_FAST
FIN-0005401,INV-2026-04876,LND017,2026-10-10,1076466,DISBURSED,MSME_FAST
FIN-0005402,INV-2026-04877,LND004,2026-07-30,114583,APPROVED,PRIORITY
FIN-0005403,INV-2026-04878,LND016,2026-07-28,1981084,DISBURSED,MSME_FAST
FIN-0005404,INV-2026-04878,LND010,2026-08-04,2220245,PENDING,STANDARD
FIN-0005405,INV-2026-04879,LND008,2026-09-23,2812485,PENDING,MSME_FAST
FIN-0005406,INV-2026-04880,LND024,2026-06-26,2242919,DISBURSED,STANDARD
FIN-0005407,INV-2026-04881,LND025,2026-06-13,2806480,DISBURSED,MSME_FAST
FIN-0005408,INV-2026-04882,LND014,2026-06-22,2470146,PENDING,STANDARD
FIN-0005409,INV-2026-04883,LND024,2026-09-28,2965473,APPROVED,MSME_FAST
FIN-0005410,INV-2026-04884,LND013,2026-07-21,1379546,PENDING,MSME_FAST
FIN-0005411,INV-2026-04885,LND025,2026-08-18,2232314,APPROVED,PRIORITY
FIN-0005412,INV-2026-04886,LND018,2026-07-19,1704702,PENDING,PRIORITY
FIN-0005413,INV-2026-04887,LND008,2026-07-26,1297391,PENDING,MSME_FAST
FIN-0005414,INV-2026-04888,LND005,2026-09-26,3472635,APPROVED,PRIORITY
FIN-0005415,INV-2026-04889,LND001,2026-06-26,3694648,DISBURSED,STANDARD
FIN-0005416,INV-2026-04890,LND012,2026-06-21,1415937,APPROVED,STANDARD
FIN-0005417,INV-2026-04891,LND023,2026-09-19,1706735,DISBURSED,PRIORITY
FIN-0005418,INV-2026-04892,LND008,2026-08-19,448755,APPROVED,MSME_FAST
FIN-0005419,INV-2026-04893,LND004,2026-10-04,1259269,PENDING,PRIORITY
FIN-0005420,INV-2026-04894,LND002,2026-09-09,1714855,DISBURSED,MSME_FAST
FIN-0005421,INV-2026-04895,LND014,2026-09-19,3164206,PENDING,MSME_FAST
FIN-0005422,INV-2026-04896,LND013,2026-09-18,932230,APPROVED,PRIORITY
FIN-0005423,INV-2026-04897,LND018,2026-06-19,2981766,APPROVED,MSME_FAST
FIN-0005424,INV-2026-04898,LND025,2026-06-22,757669,APPROVED,STANDARD
FIN-0005425,INV-2026-04899,LND010,2026-06-18,1908648,PENDING,PRIORITY
FIN-0005426,INV-2026-04900,LND010,2026-08-18,2095240,PENDING,STANDARD
FIN-0005427,INV-2026-04901,LND017,2026-06-17,3371637,DISBURSED,MSME_FAST
FIN-0005428,INV-2026-04902,LND002,2026-08-16,132569,DISBURSED,PRIORITY
FIN-0005429,INV-2026-04903,LND015,2026-08-25,3533491,DISBURSED,MSME_FAST
FIN-0005430,INV-2026-04903,LND017,2026-08-27,4378949,DISBURSED,MSME_FAST
FIN-0005431,INV-2026-04904,LND023,2026-08-18,306426,PENDING,STANDARD
FIN-0005432,INV-2026-04904,LND007,2026-08-22,320470,DISBURSED,STANDARD
FIN-0005433,INV-2026-04905,LND002,2026-09-04,1884328,APPROVED,STANDARD
FIN-0005434,INV-2026-04906,LND012,2026-09-05,724336,APPROVED,STANDARD
FIN-0005435,INV-2026-04907,LND008,2026-07-29,1620044,APPROVED,MSME_FAST
FIN-0005436,INV-2026-04908,LND018,2026-06-20,1277138,APPROVED,MSME_FAST
FIN-0005437,INV-2026-04909,LND024,2026-08-23,2635407,DISBURSED,STANDARD
FIN-0005438,INV-2026-04910,LND016,2026-06-21,545516,PENDING,PRIORITY
FIN-0005439,INV-2026-04911,LND024,2026-06-23,1905417,PENDING,MSME_FAST
FIN-0005440,INV-2026-04912,LND002,2026-08-23,2367616,DISBURSED,PRIORITY
FIN-0005441,INV-2026-04913,LND004,2026-09-14,3273434,DISBURSED,MSME_FAST
FIN-0005442,INV-2026-04914,LND015,2026-08-27,1810184,APPROVED,STANDARD
FIN-0005443,INV-2026-04914,LND012,2026-08-17,1698954,PENDING,MSME_FAST
FIN-0005444,INV-2026-04915,LND020,2026-06-13,2408174,DISBURSED,STANDARD
FIN-0005445,INV-2026-04916,LND016,2026-09-08,1861764,PENDING,PRIORITY
FIN-0005446,INV-2026-04917,LND013,2026-08-15,2420286,DISBURSED,MSME_FAST
FIN-0005447,INV-2026-04918,LND021,2026-09-23,2866041,PENDING,STANDARD
FIN-0005448,INV-2026-04919,LND015,2026-09-27,2507526,DISBURSED,STANDARD
FIN-0005449,INV-2026-04920,LND005,2026-09-07,4143356,DISBURSED,STANDARD
FIN-0005450,INV-2026-04921,LND008,2026-07-17,1809737,DISBURSED,STANDARD
FIN-0005451,INV-2026-04922,LND024,2026-09-25,3641054,APPROVED,STANDARD
FIN-0005452,INV-2026-04923,LND009,2026-06-16,1484669,APPROVED,MSME_FAST
FIN-0005453,INV-2026-04924,LND021,2026-10-08,4064124,APPROVED,STANDARD
FIN-0005454,INV-2026-04925,LND005,2026-07-27,1270725,APPROVED,STANDARD
FIN-0005455,INV-2026-04926,LND004,2026-09-13,2141563,APPROVED,MSME_FAST
FIN-0005456,INV-2026-04926,LND001,2026-09-20,2574970,APPROVED,STANDARD
FIN-0005457,INV-2026-04927,LND018,2026-06-25,2535202,PENDING,MSME_FAST
FIN-0005458,INV-2026-04928,LND015,2026-08-13,1382742,DISBURSED,MSME_FAST
FIN-0005459,INV-2026-04929,LND016,2026-07-20,2426618,PENDING,MSME_FAST
FIN-0005460,INV-2026-04930,LND003,2026-08-16,3466562,DISBURSED,MSME_FAST
FIN-0005461,INV-2026-04930,LND004,2026-08-10,3533775,DISBURSED,STANDARD
FIN-0005462,INV-2026-04931,LND006,2026-08-23,823950,DISBURSED,PRIORITY
FIN-0005463,INV-2026-04932,LND015,2026-07-30,2299903,DISBURSED,PRIORITY
FIN-0005464,INV-2026-04933,LND017,2026-08-06,4173369,DISBURSED,STANDARD
FIN-0005465,INV-2026-04934,LND024,2026-07-09,889002,PENDING,PRIORITY
FIN-0005466,INV-2026-04935,LND007,2026-08-03,1249049,APPROVED,STANDARD
FIN-0005467,INV-2026-04935,LND011,2026-07-31,1297545,PENDING,STANDARD
FIN-0005468,INV-2026-04936,LND014,2026-08-23,1349772,DISBURSED,PRIORITY
FIN-0005469,INV-2026-04937,LND003,2026-09-29,3497787,DISBURSED,MSME_FAST
FIN-0005470,INV-2026-04937,LND002,2026-09-18,3282290,APPROVED,MSME_FAST
FIN-0005471,INV-2026-04938,LND001,2026-06-26,149491,DISBURSED,MSME_FAST
FIN-0005472,INV-2026-04939,LND004,2026-07-27,224509,PENDING,PRIORITY
FIN-0005473,INV-2026-04939,LND025,2026-07-24,231876,DISBURSED,PRIORITY
FIN-0005474,INV-2026-04940,LND006,2026-07-03,138942,DISBURSED,PRIORITY
FIN-0005475,INV-2026-04941,LND006,2026-07-30,1931007,PENDING,PRIORITY
FIN-0005476,INV-2026-04942,LND018,2026-06-15,1706111,PENDING,STANDARD
FIN-0005477,INV-2026-04943,LND021,2026-09-18,224058,APPROVED,MSME_FAST
FIN-0005478,INV-2026-04944,LND009,2026-09-23,768350,APPROVED,STANDARD
FIN-0005479,INV-2026-04945,LND012,2026-10-01,2938876,APPROVED,PRIORITY
FIN-0005480,INV-2026-04946,LND005,2026-08-12,1898825,DISBURSED,PRIORITY
FIN-0005481,INV-2026-04947,LND012,2026-09-06,349481,PENDING,PRIORITY
FIN-0005482,INV-2026-04948,LND019,2026-06-08,2066599,DISBURSED,STANDARD
FIN-0005483,INV-2026-04949,LND024,2026-09-30,2981611,DISBURSED,PRIORITY
FIN-0005484,INV-2026-04950,LND020,2026-07-31,3514010,APPROVED,PRIORITY
FIN-0005485,INV-2026-04951,LND002,2026-08-25,2082571,DISBURSED,PRIORITY
FIN-0005486,INV-2026-04952,LND012,2026-06-28,914199,PENDING,STANDARD
FIN-0005487,INV-2026-04953,LND008,2026-06-22,877733,APPROVED,PRIORITY
FIN-0005488,INV-2026-04954,LND013,2026-08-10,3126638,DISBURSED,PRIORITY
FIN-0005489,INV-2026-04955,LND015,2026-07-29,1627501,DISBURSED,PRIORITY
FIN-0005490,INV-2026-04956,LND015,2026-08-24,778952,APPROVED,MSME_FAST
FIN-0005491,INV-2026-04957,LND007,2026-08-16,2005593,DISBURSED,MSME_FAST
FIN-0005492,INV-2026-04957,LND024,2026-08-08,2104328,DISBURSED,PRIORITY
FIN-0005493,INV-2026-04958,LND001,2026-07-05,2397771,DISBURSED,STANDARD
FIN-0005494,INV-2026-04959,LND020,2026-08-16,3144773,PENDING,MSME_FAST
FIN-0005495,INV-2026-04960,LND020,2026-08-04,1758983,PENDING,STANDARD
FIN-0005496,INV-2026-04961,LND009,2026-09-11,3423630,DISBURSED,STANDARD
FIN-0005497,INV-2026-04962,LND012,2026-07-24,4217951,APPROVED,MSME_FAST
FIN-0005498,INV-2026-04962,LND022,2026-07-24,3956334,PENDING,STANDARD
FIN-0005499,INV-2026-04963,LND012,2026-08-13,2812082,APPROVED,STANDARD
FIN-0005500,INV-2026-04963,LND001,2026-08-19,2389409,APPROVED,PRIORITY
FIN-0005501,INV-2026-04964,LND001,2026-07-13,2248952,APPROVED,PRIORITY
FIN-0005502,INV-2026-04965,LND025,2026-07-24,1921621,PENDING,STANDARD
FIN-0005503,INV-2026-04965,LND023,2026-07-12,1926804,APPROVED,MSME_FAST
FIN-0005504,INV-2026-04966,LND005,2026-08-18,3094812,DISBURSED,MSME_FAST
FIN-0005505,INV-2026-04967,LND014,2026-08-16,3370859,DISBURSED,STANDARD
FIN-0005506,INV-2026-04968,LND005,2026-06-29,3025261,DISBURSED,PRIORITY
FIN-0005507,INV-2026-04969,LND024,2026-07-25,3552977,PENDING,STANDARD
FIN-0005508,INV-2026-04969,LND008,2026-07-16,3741555,DISBURSED,STANDARD
FIN-0005509,INV-2026-04970,LND012,2026-06-18,3550595,APPROVED,PRIORITY
FIN-0005510,INV-2026-04971,LND014,2026-07-02,3053783,DISBURSED,STANDARD
FIN-0005511,INV-2026-04972,LND016,2026-06-15,388299,DISBURSED,PRIORITY
FIN-0005512,INV-2026-04972,LND019,2026-06-27,411426,DISBURSED,PRIORITY
FIN-0005513,INV-2026-04973,LND008,2026-07-29,4196155,DISBURSED,PRIORITY
FIN-0005514,INV-2026-04974,LND014,2026-07-31,3932860,APPROVED,MSME_FAST
FIN-0005515,INV-2026-04975,LND006,2026-09-03,3428046,PENDING,STANDARD
FIN-0005516,INV-2026-04976,LND024,2026-08-20,3557158,PENDING,PRIORITY
FIN-0005517,INV-2026-04977,LND011,2026-09-12,3880850,DISBURSED,STANDARD
FIN-0005518,INV-2026-04978,LND006,2026-07-07,1706682,APPROVED,STANDARD
FIN-0005519,INV-2026-04979,LND017,2026-07-03,2817613,DISBURSED,STANDARD
FIN-0005520,INV-2026-04980,LND022,2026-07-15,4333485,PENDING,MSME_FAST
FIN-0005521,INV-2026-04981,LND006,2026-08-19,294715,PENDING,PRIORITY
FIN-0005522,INV-2026-04982,LND017,2026-08-26,117906,APPROVED,MSME_FAST
FIN-0005523,INV-2026-04983,LND007,2026-08-07,2502972,DISBURSED,MSME_FAST
FIN-0005524,INV-2026-04984,LND012,2026-08-01,1208636,PENDING,STANDARD
FIN-0005525,INV-2026-04985,LND005,2026-08-03,2587339,PENDING,STANDARD
FIN-0005526,INV-2026-04986,LND025,2026-09-23,2037427,DISBURSED,MSME_FAST
FIN-0005527,INV-2026-04987,LND010,2026-08-09,791619,PENDING,STANDARD
FIN-0005528,INV-2026-04988,LND005,2026-06-12,2347766,DISBURSED,MSME_FAST
FIN-0005529,INV-2026-04989,LND020,2026-07-10,1770332,DISBURSED,STANDARD
FIN-0005530,INV-2026-04990,LND007,2026-08-01,2996376,APPROVED,MSME_FAST
FIN-0005531,INV-2026-04991,LND013,2026-07-06,1374888,DISBURSED,STANDARD
FIN-0005532,INV-2026-04992,LND014,2026-07-19,3270785,DISBURSED,MSME_FAST
FIN-0005533,INV-2026-04993,LND011,2026-09-13,1773892,PENDING,MSME_FAST
FIN-0005534,INV-2026-04994,LND003,2026-10-06,3133992,DISBURSED,MSME_FAST
FIN-0005535,INV-2026-04995,LND021,2026-09-27,1339471,APPROVED,MSME_FAST
FIN-0005536,INV-2026-04996,LND002,2026-08-19,3548841,DISBURSED,MSME_FAST
FIN-0005537,INV-2026-04997,LND014,2026-08-30,3002807,PENDING,MSME_FAST
FIN-0005538,INV-2026-04998,LND011,2026-09-21,987723,DISBURSED,STANDARD
FIN-0005539,INV-2026-04999,LND025,2026-07-23,1042736,DISBURSED,STANDARD
FIN-0005540,INV-2026-05000,LND017,2026-09-19,1680730,APPROVED,STANDARD
FIN-0005541,INV-2026-02970,LND013,2026-08-19,259025,APPROVED,PRIORITY
FIN-0005542,INV-2026-02853,LND023,2026-07-29,1533486,APPROVED,STANDARD
FIN-0005543,INV-2026-03607,LND016,2026-08-11,3587611,DISBURSED,STANDARD
FIN-0005544,INV-2026-04404,LND007,2026-10-06,3121861,DISBURSED,STANDARD
FIN-0005545,INV-2026-02199,LND006,2026-08-22,4337683,APPROVED,MSME_FAST
FIN-0005546,INV-2026-00577,LND004,2026-10-08,60960,APPROVED,MSME_FAST
FIN-0005547,INV-2026-04567,LND020,2026-08-26,2413502,DISBURSED,STANDARD
FIN-0005548,INV-2026-03936,LND001,2026-07-09,3331055,APPROVED,PRIORITY
FIN-0005549,INV-2026-00452,LND022,2026-06-26,503811,APPROVED,STANDARD
FIN-0005550,INV-2026-04619,LND009,2026-09-26,3203364,APPROVED,PRIORITY
FIN-0005551,INV-2026-03673,LND013,2026-07-03,2816010,APPROVED,PRIORITY
FIN-0005552,INV-2026-02191,LND002,2026-09-22,273202,DISBURSED,PRIORITY
FIN-0005553,INV-2026-04719,LND021,2026-10-04,3145992,DISBURSED,MSME_FAST
FIN-0005554,INV-2026-00667,LND012,2026-08-24,3799048,DISBURSED,MSME_FAST
FIN-0005555,INV-2026-02061,LND012,2026-07-13,1447153,APPROVED,STANDARD
FIN-0005556,INV-2026-02998,LND008,2026-09-08,179704,APPROVED,PRIORITY
FIN-0005557,INV-2026-02651,LND004,2026-09-28,3640448,DISBURSED,STANDARD
FIN-0005558,INV-2026-02889,LND011,2026-08-16,2028002,APPROVED,PRIORITY
FIN-0005559,INV-2026-01593,LND011,2026-08-21,3971245,DISBURSED,PRIORITY
FIN-0005560,INV-2026-00614,LND010,2026-07-31,2865850,DISBURSED,STANDARD
FIN-0005561,INV-2026-02475,LND010,2026-07-31,2622357,APPROVED,MSME_FAST
FIN-0005562,INV-2026-02106,LND024,2026-07-16,1544650,APPROVED,PRIORITY
FIN-0005563,INV-2026-01178,LND014,2026-10-06,3610380,DISBURSED,STANDARD
FIN-0005564,INV-2026-01359,LND018,2026-07-11,2584086,DISBURSED,PRIORITY
FIN-0005565,INV-2026-03182,LND013,2026-06-18,4482782,DISBURSED,STANDARD
FIN-0005566,INV-2026-03622,LND021,2026-06-20,649676,DISBURSED,STANDARD
FIN-0005567,INV-2026-02829,LND014,2026-07-17,238202,DISBURSED,MSME_FAST
FIN-0005568,INV-2026-03578,LND024,2026-07-31,2729884,APPROVED,PRIORITY
FIN-0005569,INV-2026-01165,LND020,2026-06-24,1812956,APPROVED,PRIORITY
FIN-0005570,INV-2026-00943,LND014,2026-06-30,1835643,DISBURSED,STANDARD
FIN-0005571,INV-2026-02289,LND014,2026-06-27,3010317,DISBURSED,PRIORITY
FIN-0005572,INV-2026-03786,LND019,2026-08-07,357814,DISBURSED,PRIORITY
FIN-0005573,INV-2026-04253,LND008,2026-06-13,1243395,APPROVED,STANDARD
FIN-0005574,INV-2026-03382,LND005,2026-09-19,1622396,APPROVED,STANDARD
FIN-0005575,INV-2026-00141,LND021,2026-10-08,4245198,APPROVED,STANDARD
FIN-0005576,INV-2026-03392,LND019,2026-07-21,943457,APPROVED,STANDARD
FIN-0005577,INV-2026-02971,LND011,2026-09-20,3503260,APPROVED,MSME_FAST
FIN-0005578,INV-2026-02644,LND013,2026-07-18,1571710,APPROVED,PRIORITY
FIN-0005579,INV-2026-00140,LND025,2026-09-18,3856542,DISBURSED,STANDARD
FIN-0005580,INV-2026-03616,LND019,2026-07-01,2444797,DISBURSED,MSME_FAST
FIN-0005581,INV-2026-02561,LND024,2026-08-03,3345283,DISBURSED,STANDARD
FIN-0005582,INV-2026-01278,LND016,2026-08-06,2117401,APPROVED,MSME_FAST
FIN-0005583,INV-2026-05000,LND018,2026-09-22,1441135,APPROVED,MSME_FAST
FIN-0005584,INV-2026-02226,LND006,2026-08-28,2320272,DISBURSED,STANDARD
FIN-0005585,INV-2026-04615,LND022,2026-06-27,1106353,APPROVED,PRIORITY
FIN-0005586,INV-2026-03047,LND012,2026-08-30,165636,DISBURSED,PRIORITY
FIN-0005587,INV-2026-00998,LND001,2026-08-02,1117298,DISBURSED,STANDARD
FIN-0005588,INV-2026-04250,LND010,2026-06-25,2609492,APPROVED,STANDARD
FIN-0005589,INV-2026-02228,LND002,2026-10-10,223587,DISBURSED,STANDARD
FIN-0005590,INV-2026-04786,LND024,2026-09-22,2670294,DISBURSED,STANDARD
FIN-0005591,INV-2026-01342,LND004,2026-08-17,2448170,DISBURSED,STANDARD
FIN-0005592,INV-2026-01287,LND018,2026-08-28,1938523,APPROVED,STANDARD
FIN-0005593,INV-2026-02573,LND012,2026-08-08,1997822,APPROVED,MSME_FAST
FIN-0005594,INV-2026-03080,LND004,2026-10-02,2275845,APPROVED,MSME_FAST
FIN-0005595,INV-2026-03997,LND022,2026-07-13,1519608,DISBURSED,STANDARD
FIN-0005596,INV-2026-03118,LND012,2026-08-30,2012223,DISBURSED,PRIORITY
FIN-0005597,INV-2026-00428,LND016,2026-09-20,756092,APPROVED,STANDARD
FIN-0005598,INV-2026-04827,LND002,2026-08-17,3207694,APPROVED,MSME_FAST
FIN-0005599,INV-2026-00810,LND014,2026-08-28,1978731,APPROVED,STANDARD
FIN-0005600,INV-2026-01514,LND012,2026-08-26,2896151,APPROVED,PRIORITY
FIN-0005601,INV-2026-01762,LND001,2026-07-12,2406825,DISBURSED,STANDARD
FIN-0005602,INV-2026-02605,LND023,2026-09-17,567364,APPROVED,MSME_FAST
FIN-0005603,INV-2026-01349,LND024,2026-09-30,3842184,APPROVED,MSME_FAST
FIN-0005604,INV-2026-03462,LND010,2026-08-05,2835718,APPROVED,STANDARD
FIN-0005605,INV-2026-01861,LND012,2026-09-25,1389645,DISBURSED,STANDARD
FIN-0005606,INV-2026-04083,LND022,2026-09-24,3123188,DISBURSED,STANDARD
FIN-0005607,INV-2026-04853,LND016,2026-08-05,3063702,APPROVED,MSME_FAST
FIN-0005608,INV-2026-04545,LND008,2026-08-08,2776801,APPROVED,MSME_FAST
FIN-0005609,INV-2026-01874,LND004,2026-06-28,163003,APPROVED,PRIORITY
FIN-0005610,INV-2026-01703,LND015,2026-09-02,2536615,DISBURSED,PRIORITY
FIN-0005611,INV-2026-04924,LND024,2026-10-19,3339277,APPROVED,PRIORITY
FIN-0005612,INV-2026-04872,LND009,2026-10-06,368394,DISBURSED,PRIORITY
FIN-0005613,INV-2026-01939,LND018,2026-06-29,3696406,APPROVED,STANDARD
FIN-0005614,INV-2026-02341,LND010,2026-06-28,2279169,APPROVED,PRIORITY
FIN-0005615,INV-2026-02990,LND006,2026-06-21,870374,DISBURSED,PRIORITY
FIN-0005616,INV-2026-04760,LND011,2026-07-14,2446709,DISBURSED,MSME_FAST
FIN-0005617,INV-2026-00041,LND004,2026-06-24,2811705,DISBURSED,PRIORITY
FIN-0005618,INV-2026-03311,LND002,2026-09-01,183607,DISBURSED,MSME_FAST
FIN-0005619,INV-2026-00712,LND006,2026-10-05,2723142,DISBURSED,PRIORITY
FIN-0005620,INV-2026-03015,LND019,2026-07-09,1814655,APPROVED,PRIORITY
FIN-0005621,INV-2026-01464,LND011,2026-09-30,2946014,APPROVED,PRIORITY
FIN-0005622,INV-2026-01616,LND001,2026-08-20,3376116,APPROVED,PRIORITY
FIN-0005623,INV-2026-00258,LND006,2026-10-01,2199077,APPROVED,STANDARD
FIN-0005624,INV-2026-03831,LND017,2026-09-26,2208938,APPROVED,PRIORITY
FIN-0005625,INV-2026-01497,LND015,2026-09-07,1137125,APPROVED,STANDARD
FIN-0005626,INV-2026-00382,LND022,2026-07-20,2226616,APPROVED,STANDARD
FIN-0005627,INV-2026-00775,LND013,2026-09-21,71649,APPROVED,MSME_FAST
FIN-0005628,INV-2026-04902,LND013,2026-08-17,147645,DISBURSED,STANDARD
FIN-0005629,INV-2026-03729,LND016,2026-09-19,3120675,DISBURSED,STANDARD
FIN-0005630,INV-2026-03490,LND011,2026-07-20,3793744,APPROVED,MSME_FAST
FIN-0005631,INV-2026-03054,LND004,2026-07-13,2918498,DISBURSED,MSME_FAST
FIN-0005632,INV-2026-00895,LND018,2026-06-28,702880,APPROVED,STANDARD
FIN-0005633,INV-2026-02218,LND001,2026-06-23,2142845,APPROVED,PRIORITY
FIN-0005634,INV-2026-03778,LND003,2026-07-31,795900,APPROVED,STANDARD
FIN-0005635,INV-2026-00753,LND018,2026-07-27,3239256,DISBURSED,MSME_FAST
FIN-0005636,INV-2026-03189,LND014,2026-07-21,383959,APPROVED,STANDARD
FIN-0005637,INV-2026-04162,LND023,2026-07-10,2812067,APPROVED,STANDARD
FIN-0005638,INV-2026-04462,LND012,2026-07-25,3966896,APPROVED,STANDARD
FIN-0005639,INV-2026-02738,LND013,2026-06-21,1477044,APPROVED,PRIORITY
FIN-0005640,INV-2026-04830,LND023,2026-06-29,726975,DISBURSED,MSME_FAST
FIN-0005641,INV-2026-04452,LND010,2026-10-01,2184650,DISBURSED,MSME_FAST
FIN-0005642,INV-2026-01201,LND017,2026-09-11,383125,DISBURSED,PRIORITY
FIN-0005643,INV-2026-01746,LND023,2026-07-18,574859,DISBURSED,STANDARD
FIN-0005644,INV-2026-00368,LND025,2026-09-23,2435474,DISBURSED,MSME_FAST
FIN-0005645,INV-2026-03339,LND016,2026-08-07,1134094,DISBURSED,STANDARD
FIN-0005646,INV-2026-02408,LND011,2026-08-30,2922985,APPROVED,MSME_FAST
FIN-0005647,INV-2026-00071,LND006,2026-06-20,615074,APPROVED,MSME_FAST
FIN-0005648,INV-2026-04801,LND025,2026-07-26,2843271,DISBURSED,MSME_FAST
FIN-0005649,INV-2026-03128,LND021,2026-07-27,2593903,DISBURSED,MSME_FAST
FIN-0005650,INV-2026-02772,LND007,2026-07-09,2507959,APPROVED,MSME_FAST
FIN-0005651,INV-2026-01840,LND024,2026-09-27,2454740,APPROVED,PRIORITY
FIN-0005652,INV-2026-00603,LND009,2026-07-17,944890,APPROVED,MSME_FAST
FIN-0005653,INV-2026-02269,LND025,2026-06-12,2634949,DISBURSED,PRIORITY
FIN-0005654,INV-2026-02688,LND016,2026-10-04,2202293,DISBURSED,STANDARD
FIN-0005655,INV-2026-02020,LND013,2026-09-21,832384,DISBURSED,STANDARD
FIN-0005656,INV-2026-04680,LND019,2026-07-31,3385123,APPROVED,STANDARD
FIN-0005657,INV-2026-00787,LND010,2026-08-22,1883676,APPROVED,STANDARD
FIN-0005658,INV-2026-04240,LND025,2026-07-23,3262708,APPROVED,MSME_FAST
FIN-0005659,INV-2026-00743,LND021,2026-07-21,667805,DISBURSED,STANDARD
FIN-0005660,INV-2026-03330,LND016,2026-07-02,1429491,DISBURSED,MSME_FAST
FIN-0005661,INV-2026-01392,LND007,2026-07-12,1679656,APPROVED,MSME_FAST
FIN-0005662,INV-2026-04625,LND003,2026-09-15,1088898,APPROVED,STANDARD
FIN-0005663,INV-2026-02137,LND011,2026-08-28,2766465,DISBURSED,MSME_FAST
FIN-0005664,INV-2026-02753,LND003,2026-10-11,124275,DISBURSED,STANDARD
FIN-0005665,INV-2026-03235,LND017,2026-07-13,2897751,APPROVED,PRIORITY
FIN-0005666,INV-2026-00736,LND020,2026-08-29,3287044,APPROVED,MSME_FAST
FIN-0005667,INV-2026-00116,LND004,2026-07-02,1660498,APPROVED,PRIORITY
FIN-0005668,INV-2026-04053,LND018,2026-09-24,319797,DISBURSED,STANDARD
FIN-0005669,INV-2026-00366,LND003,2026-09-08,1358770,APPROVED,STANDARD
FIN-0005670,INV-2026-02128,LND022,2026-06-17,46133,APPROVED,PRIORITY
FIN-0005671,INV-2026-03703,LND020,2026-08-01,2376891,DISBURSED,PRIORITY
FIN-0005672,INV-2026-04532,LND023,2026-07-02,2864735,APPROVED,STANDARD
FIN-0005673,INV-2026-03241,LND002,2026-10-10,480615,APPROVED,MSME_FAST
FIN-0005674,INV-2026-04495,LND002,2026-10-14,3973052,DISBURSED,STANDARD
FIN-0005675,INV-2026-04354,LND010,2026-08-14,2903204,APPROVED,PRIORITY
FIN-0005676,INV-2026-01826,LND007,2026-09-01,3329965,DISBURSED,PRIORITY
FIN-0005677,INV-2026-02794,LND003,2026-08-12,3997152,APPROVED,PRIORITY
FIN-0005678,INV-2026-02854,LND015,2026-06-21,1573403,DISBURSED,PRIORITY
FIN-0005679,INV-2026-01640,LND024,2026-08-25,1475784,DISBURSED,MSME_FAST
FIN-0005680,INV-2026-03028,LND011,2026-06-19,1094607,DISBURSED,PRIORITY
FIN-0005681,INV-2026-04335,LND012,2026-09-05,2595549,APPROVED,PRIORITY
FIN-0005682,INV-2026-03140,LND002,2026-08-13,90649,DISBURSED,PRIORITY
FIN-0005683,INV-2026-01608,LND001,2026-09-01,3084486,DISBURSED,PRIORITY
FIN-0005684,INV-2026-01362,LND023,2026-07-13,749540,DISBURSED,MSME_FAST
FIN-0005685,INV-2026-04228,LND017,2026-07-24,2328751,DISBURSED,PRIORITY
FIN-0005686,INV-2026-03726,LND005,2026-09-06,3129062,APPROVED,PRIORITY
FIN-0005687,INV-2026-03893,LND017,2026-09-18,382899,APPROVED,PRIORITY
FIN-0005688,INV-2026-00663,LND019,2026-08-12,2765837,DISBURSED,PRIORITY
FIN-0005689,INV-2026-01001,LND001,2026-10-07,1159925,DISBURSED,MSME_FAST
FIN-0005690,INV-2026-03404,LND003,2026-08-03,3390867,APPROVED,PRIORITY
FIN-0005691,INV-2026-01819,LND014,2026-06-13,4230852,DISBURSED,STANDARD
FIN-0005692,INV-2026-00892,LND009,2026-07-02,1377415,APPROVED,STANDARD
FIN-0005693,INV-2026-02953,LND013,2026-07-06,1332487,APPROVED,PRIORITY
FIN-0005694,INV-2026-03861,LND015,2026-07-10,308783,APPROVED,PRIORITY
FIN-0005695,INV-2026-02437,LND019,2026-09-23,2970831,APPROVED,PRIORITY
FIN-0005696,INV-2026-04942,LND009,2026-06-22,1864932,DISBURSED,MSME_FAST
FIN-0005697,INV-2026-02400,LND022,2026-07-17,2575184,APPROVED,PRIORITY
FIN-0005698,INV-2026-04716,LND017,2026-07-09,3856329,DISBURSED,STANDARD
FIN-0005699,INV-2026-01796,LND007,2026-08-27,1783857,APPROVED,STANDARD
FIN-0005700,INV-2026-00509,LND007,2026-07-25,3310959,APPROVED,MSME_FAST
FIN-0005701,INV-2026-01419,LND007,2026-08-13,3058251,DISBURSED,MSME_FAST
FIN-0005702,INV-2026-01371,LND018,2026-08-01,2590380,DISBURSED,PRIORITY
FIN-0005703,INV-2026-03114,LND025,2026-07-03,3600871,APPROVED,MSME_FAST
FIN-0005704,INV-2026-01459,LND003,2026-07-30,89873,APPROVED,STANDARD
FIN-0005705,INV-2026-03700,LND003,2026-09-27,442720,APPROVED,PRIORITY
FIN-0005706,INV-2026-04660,LND014,2026-07-03,3060155,DISBURSED,STANDARD
FIN-0005707,INV-2026-04260,LND021,2026-10-01,165296,DISBURSED,STANDARD
FIN-0005708,INV-2026-02639,LND005,2026-09-07,949552,APPROVED,MSME_FAST
FIN-0005709,INV-2026-00994,LND023,2026-08-22,3122652,APPROVED,MSME_FAST
FIN-0005710,INV-2026-02539,LND025,2026-06-25,2020019,APPROVED,MSME_FAST
FIN-0005711,INV-2026-03497,LND023,2026-09-23,430089,DISBURSED,STANDARD
FIN-0005712,INV-2026-01048,LND025,2026-08-12,165809,DISBURSED,PRIORITY
FIN-0005713,INV-2026-00904,LND017,2026-08-07,2798530,APPROVED,MSME_FAST
FIN-0005714,INV-2026-03748,LND014,2026-06-26,1821705,DISBURSED,MSME_FAST
FIN-0005715,INV-2026-03493,LND001,2026-09-13,197366,APPROVED,PRIORITY
FIN-0005716,INV-2026-02505,LND009,2026-07-27,3888990,DISBURSED,MSME_FAST
FIN-0005717,INV-2026-02262,LND020,2026-07-20,2178320,DISBURSED,STANDARD
FIN-0005718,INV-2026-00511,LND011,2026-08-08,1175070,DISBURSED,STANDARD
FIN-0005719,INV-2026-00313,LND017,2026-08-31,2225099,DISBURSED,STANDARD
FIN-0005720,INV-2026-01016,LND012,2026-07-03,90731,DISBURSED,PRIORITY
FIN-0005721,INV-2026-03113,LND003,2026-10-04,1455548,APPROVED,MSME_FAST
FIN-0005722,INV-2026-01798,LND005,2026-08-19,1225442,APPROVED,PRIORITY
FIN-0005723,INV-2026-04616,LND017,2026-10-10,2527923,APPROVED,STANDARD
FIN-0005724,INV-2026-00951,LND024,2026-10-09,3839431,APPROVED,PRIORITY
FIN-0005725,INV-2026-04733,LND022,2026-10-17,385746,DISBURSED,MSME_FAST
FIN-0005726,INV-2026-01869,LND002,2026-08-09,2641849,DISBURSED,PRIORITY
FIN-0005727,INV-2026-01491,LND008,2026-07-11,711641,DISBURSED,PRIORITY
FIN-0005728,INV-2026-01494,LND012,2026-07-09,1845115,APPROVED,PRIORITY
FIN-0005729,INV-2026-00819,LND021,2026-08-23,1976516,DISBURSED,MSME_FAST
FIN-0005730,INV-2026-04839,LND005,2026-08-07,2346740,DISBURSED,PRIORITY
FIN-0005731,INV-2026-01745,LND025,2026-08-28,1973204,DISBURSED,PRIORITY
FIN-0005732,INV-2026-03222,LND025,2026-09-27,978735,APPROVED,PRIORITY
FIN-0005733,INV-2026-03820,LND007,2026-10-01,3700106,APPROVED,STANDARD
FIN-0005734,INV-2026-04575,LND024,2026-08-14,1721012,APPROVED,MSME_FAST
FIN-0005735,INV-2026-03621,LND001,2026-09-12,1158071,APPROVED,STANDARD
FIN-0005736,INV-2026-04091,LND007,2026-06-26,567062,DISBURSED,MSME_FAST
FIN-0005737,INV-2026-00926,LND011,2026-07-12,1565266,DISBURSED,PRIORITY
FIN-0005738,INV-2026-02886,LND009,2026-09-19,3384968,DISBURSED,MSME_FAST
FIN-0005739,INV-2026-02625,LND022,2026-08-11,2206991,APPROVED,STANDARD
FIN-0005740,INV-2026-02380,LND005,2026-07-15,2630255,APPROVED,PRIORITY
FIN-0005741,INV-2026-01257,LND011,2026-10-23,515714,DISBURSED,MSME_FAST
FIN-0005742,INV-2026-02321,LND014,2026-07-08,365896,APPROVED,MSME_FAST
FIN-0005743,INV-2026-01394,LND019,2026-09-19,2596431,APPROVED,MSME_FAST
FIN-0005744,INV-2026-00446,LND001,2026-09-27,1662464,APPROVED,PRIORITY
FIN-0005745,INV-2026-01080,LND010,2026-09-06,325092,DISBURSED,MSME_FAST
FIN-0005746,INV-2026-02590,LND001,2026-08-26,3043574,APPROVED,STANDARD
FIN-0005747,INV-2026-03647,LND017,2026-09-08,3640869,APPROVED,STANDARD
FIN-0005748,INV-2026-03123,LND018,2026-10-10,986967,DISBURSED,PRIORITY
FIN-0005749,INV-2026-02870,LND020,2026-07-05,1551845,DISBURSED,MSME_FAST
FIN-0005750,INV-2026-03050,LND013,2026-07-29,1979506,APPROVED,MSME_FAST
FIN-0005751,INV-2026-02483,LND009,2026-08-12,1762628,APPROVED,STANDARD
FIN-0005752,INV-2026-03129,LND008,2026-06-14,1043395,APPROVED,PRIORITY
FIN-0005753,INV-2026-04294,LND020,2026-09-09,3386672,DISBURSED,MSME_FAST
FIN-0005754,INV-2026-01327,LND006,2026-06-28,786400,DISBURSED,STANDARD
FIN-0005755,INV-2026-01919,LND010,2026-07-23,1768448,APPROVED,STANDARD
FIN-0005756,INV-2026-04998,LND008,2026-09-21,1042129,APPROVED,PRIORITY
FIN-0005757,INV-2026-04656,LND021,2026-08-14,2299147,APPROVED,PRIORITY
FIN-0005758,INV-2026-02589,LND010,2026-08-15,3292132,DISBURSED,STANDARD
FIN-0005759,INV-2026-02129,LND017,2026-07-29,3077825,APPROVED,MSME_FAST
FIN-0005760,INV-2026-04469,LND017,2026-07-16,2029622,DISBURSED,MSME_FAST
FIN-0005761,INV-2026-00161,LND016,2026-07-21,1086950,APPROVED,MSME_FAST
FIN-0005762,INV-2026-04147,LND002,2026-09-20,2182029,DISBURSED,MSME_FAST
FIN-0005763,INV-2026-01410,LND014,2026-10-08,818437,DISBURSED,MSME_FAST
FIN-0005764,INV-2026-04700,LND023,2026-07-15,1274868,APPROVED,MSME_FAST
FIN-0005765,INV-2026-01827,LND007,2026-09-07,3116137,APPROVED,STANDARD
FIN-0005766,INV-2026-02188,LND003,2026-08-13,2405708,DISBURSED,MSME_FAST
FIN-0005767,INV-2026-00065,LND019,2026-10-14,3002941,DISBURSED,PRIORITY
FIN-0005768,INV-2026-04333,LND022,2026-07-21,3181823,APPROVED,STANDARD
FIN-0005769,INV-2026-03591,LND024,2026-10-05,1663166,DISBURSED,PRIORITY
FIN-0005770,INV-2026-02340,LND013,2026-06-27,2025337,APPROVED,STANDARD
FIN-0005771,INV-2026-04017,LND004,2026-09-06,536720,APPROVED,STANDARD
FIN-0005772,INV-2026-03919,LND002,2026-08-24,2600547,DISBURSED,MSME_FAST
FIN-0005773,INV-2026-01871,LND021,2026-06-25,251967,DISBURSED,PRIORITY
FIN-0005774,INV-2026-04769,LND010,2026-08-04,183541,APPROVED,PRIORITY
FIN-0005775,INV-2026-00719,LND010,2026-08-13,377446,DISBURSED,PRIORITY
FIN-0005776,INV-2026-00250,LND017,2026-09-24,1489942,APPROVED,STANDARD
FIN-0005777,INV-2026-00565,LND015,2026-09-12,174317,APPROVED,MSME_FAST
FIN-0005778,INV-2026-04807,LND012,2026-08-06,2719126,DISBURSED,STANDARD
FIN-0005779,INV-2026-03939,LND005,2026-09-12,2013555,APPROVED,STANDARD
FIN-0005780,INV-2026-04734,LND022,2026-10-19,1494323,APPROVED,STANDARD
FIN-0005781,INV-2026-02334,LND001,2026-09-06,671591,APPROVED,PRIORITY
FIN-0005782,INV-2026-02795,LND007,2026-10-14,1512829,APPROVED,MSME_FAST
FIN-0005783,INV-2026-01065,LND025,2026-08-09,4001802,DISBURSED,PRIORITY
FIN-0005784,INV-2026-04996,LND011,2026-09-09,4194750,APPROVED,STANDARD
FIN-0005785,INV-2026-01229,LND011,2026-08-14,1369930,DISBURSED,STANDARD
FIN-0005786,INV-2026-04604,LND019,2026-08-23,637972,DISBURSED,PRIORITY
FIN-0005787,INV-2026-02839,LND012,2026-06-26,3634028,DISBURSED,PRIORITY
FIN-0005788,INV-2026-03913,LND010,2026-09-12,2720099,DISBURSED,MSME_FAST
FIN-0005789,INV-2026-04373,LND013,2026-06-21,4054213,APPROVED,STANDARD
FIN-0005790,INV-2026-03674,LND010,2026-08-06,422986,APPROVED,STANDARD
FIN-0005791,INV-2026-04534,LND004,2026-08-13,197139,APPROVED,STANDARD
FIN-0005792,INV-2026-03870,LND012,2026-07-17,3841593,DISBURSED,MSME_FAST
FIN-0005793,INV-2026-01878,LND011,2026-09-29,2860918,DISBURSED,PRIORITY
FIN-0005794,INV-2026-01463,LND013,2026-08-19,2059585,APPROVED,STANDARD
FIN-0005795,INV-2026-01402,LND020,2026-07-14,1357622,APPROVED,PRIORITY
FIN-0005796,INV-2026-02916,LND019,2026-06-27,2715054,APPROVED,MSME_FAST
FIN-0005797,INV-2026-02844,LND019,2026-07-16,2072989,APPROVED,STANDARD
FIN-0005798,INV-2026-01822,LND004,2026-08-13,682870,APPROVED,MSME_FAST
FIN-0005799,INV-2026-04129,LND002,2026-08-29,1889630,DISBURSED,PRIORITY
FIN-0005800,INV-2026-02346,LND007,2026-09-20,753489,DISBURSED,PRIORITY
FIN-0005801,INV-2026-01439,LND001,2026-08-20,435365,APPROVED,STANDARD
FIN-0005802,INV-2026-02776,LND011,2026-08-20,247282,DISBURSED,STANDARD
FIN-0005803,INV-2026-00281,LND003,2026-07-17,2074850,DISBURSED,STANDARD
FIN-0005804,INV-2026-00201,LND002,2026-06-11,2471994,APPROVED,STANDARD
FIN-0005805,INV-2026-03560,LND025,2026-10-18,3052744,DISBURSED,PRIORITY
FIN-0005806,INV-2026-01716,LND020,2026-08-20,1098814,DISBURSED,PRIORITY
