invoice_id,ground_truth_label,lender_count
INV-2026-00001,NORMAL,1
INV-2026-00002,NORMAL,1
INV-2026-00003,DOUBLE_FINANCING,2
INV-2026-00004,NORMAL,1
INV-2026-00005,NORMAL,1
INV-2026-00006,NORMAL,1
INV-2026-00007,NORMAL,1
INV-2026-00008,NORMAL,1
INV-2026-00009,DOUBLE_FINANCING,2
INV-2026-00010,NORMAL,1
INV-2026-00011,DOUBLE_FINANCING,2
INV-2026-00012,NORMAL,1
INV-2026-00013,NORMAL,1
INV-2026-00014,DOUBLE_FINANCING,2
INV-2026-00015,NORMAL,1
INV-2026-00016,NORMAL,1
INV-2026-00017,NORMAL,1
INV-2026-00018,NORMAL,1
INV-2026-00019,NORMAL,1
INV-2026-00020,NORMAL,1
INV-2026-00021,NORMAL,1
INV-2026-00022,DOUBLE_FINANCING,2
INV-2026-00023,DOUBLE_FINANCING,2
INV-2026-00024,NORMAL,1
INV-2026-00025,NORMAL,1
INV-2026-00026,NORMAL,1
INV-2026-00027,NORMAL,1
INV-2026-00028,NORMAL,1
INV-2026-00029,NORMAL,1
INV-2026-00030,NORMAL,1
INV-2026-00031,DOUBLE_FINANCING,2
INV-2026-00032,NORMAL,1
INV-2026-00033,NORMAL,1
INV-2026-00034,NORMAL,1
INV-2026-00035,NORMAL,1
INV-2026-00036,NORMAL,1
INV-2026-00037,NORMAL,1
INV-2026-00038,NORMAL,1
INV-2026-00039,NORMAL,1
INV-2026-00040,NORMAL,1
INV-2026-00041,DOUBLE_FINANCING,2
INV-2026-00042,NORMAL,1
INV-2026-00043,NORMAL,1
INV-2026-00044,NORMAL,1
INV-2026-00045,NORMAL,1
INV-2026-00046,NORMAL,1
INV-2026-00047,NORMAL,1
INV-2026-00048,NORMAL,1
INV-2026-00049,NORMAL,1
INV-2026-00050,NORMAL,1
INV-2026-00051,DOUBLE_FINANCING,2
INV-2026-00052,NORMAL,1
INV-2026-00053,NORMAL,1
INV-2026-00054,DOUBLE_FINANCING,2
INV-2026-00055,NORMAL,1
INV-2026-00056,NORMAL,1
INV-2026-00057,NORMAL,1
INV-2026-00058,NORMAL,1
INV-2026-00059,NORMAL,1
INV-2026-00060,NORMAL,1
INV-2026-00061,NORMAL,1
INV-2026-00062,NORMAL,1
INV-2026-00063,NORMAL,1
INV-2026-00064,NORMAL,1
INV-2026-00065,DOUBLE_FINANCING,2
INV-2026-00066,NORMAL,1
INV-2026-00067,NORMAL,1
INV-2026-00068,NORMAL,1
INV-2026-00069,NORMAL,1
INV-2026-00070,NORMAL,1
INV-2026-00071,DOUBLE_FINANCING,2
INV-2026-00072,DOUBLE_FINANCING,2
INV-2026-00073,NORMAL,1
INV-2026-00074,NORMAL,1
INV-2026-00075,NORMAL,1
INV-2026-00076,NORMAL,1
INV-2026-00077,NORMAL,1
INV-2026-00078,NORMAL,1
INV-2026-00079,NORMAL,1
INV-2026-00080,NORMAL,1
INV-2026-00081,NORMAL,1
INV-2026-00082,NORMAL,1
INV-2026-00083,NORMAL,1
INV-2026-00084,NORMAL,1
INV-2026-00085,NORMAL,1
INV-2026-00086,NORMAL,1
INV-2026-00087,DOUBLE_FINANCING,2
INV-2026-00088,NORMAL,1
INV-2026-00089,NORMAL,1
INV-2026-00090,NORMAL,1
INV-2026-00091,NORMAL,1
INV-2026-00092,NORMAL,1
INV-2026-00093,NORMAL,1
INV-2026-00094,NORMAL,1
INV-2026-00095,NORMAL,1
INV-2026-00096,NORMAL,1
INV-2026-00097,NORMAL,1
INV-2026-00098,NORMAL,1
INV-2026-00099,NORMAL,1
INV-2026-00100,DOUBLE_FINANCING,2
INV-2026-00101,DOUBLE_FINANCING,2
INV-2026-00102,NORMAL,1
INV-2026-00103,DOUBLE_FINANCING,2
INV-2026-00104,NORMAL,1
INV-2026-00105,NORMAL,1
INV-2026-00106,NORMAL,1
INV-2026-00107,NORMAL,1
INV-2026-00108,NORMAL,1
INV-2026-00109,NORMAL,1
INV-2026-00110,NORMAL,1
INV-2026-00111,NORMAL,1
INV-2026-00112,NORMAL,1
INV-2026-00113,NORMAL,1
INV-2026-00114,NORMAL,1
INV-2026-00115,NORMAL,1
INV-2026-00116,DOUBLE_FINANCING,2
INV-2026-00117,DOUBLE_FINANCING,2
INV-2026-00118,NORMAL,1
INV-2026-00119,NORMAL,1
INV-2026-00120,NORMAL,1
INV-2026-00121,DOUBLE_FINANCING,2
INV-2026-00122,NORMAL,1
INV-2026-00123,NORMAL,1
INV-2026-00124,NORMAL,1
INV-2026-00125,NORMAL,1
INV-2026-00126,NORMAL,1
INV-2026-00127,NORMAL,1
INV-2026-00128,NORMAL,1
INV-2026-00129,NORMAL,1
INV-2026-00130,DOUBLE_FINANCING,2
INV-2026-00131,DOUBLE_FINANCING,2
INV-2026-00132,NORMAL,1
INV-2026-00133,NORMAL,1
INV-2026-00134,NORMAL,1
INV-2026-00135,NORMAL,1
INV-2026-00136,NORMAL,1
INV-2026-00137,NORMAL,1
INV-2026-00138,NORMAL,1
INV-2026-00139,NORMAL,1
INV-2026-00140,DOUBLE_FINANCING,2
INV-2026-00141,DOUBLE_FINANCING,2
INV-2026-00142,NORMAL,1
INV-2026-00143,NORMAL,1
INV-2026-00144,NORMAL,1
INV-2026-00145,NORMAL,1
INV-2026-00146,NORMAL,1
INV-2026-00147,NORMAL,1
INV-2026-00148,NORMAL,1
INV-2026-00149,NORMAL,1
INV-2026-00150,NORMAL,1
INV-2026-00151,NORMAL,1
INV-2026-00152,NORMAL,1
INV-2026-00153,NORMAL,1
INV-2026-00154,NORMAL,1
INV-2026-00155,NORMAL,1
INV-2026-00156,NORMAL,1
INV-2026-00157,NORMAL,1
INV-2026-00158,NORMAL,1
INV-2026-00159,NORMAL,1
INV-2026-00160,NORMAL,1
INV-2026-00161,DOUBLE_FINANCING,2
INV-2026-00162,NORMAL,1
INV-2026-00163,NORMAL,1
INV-2026-00164,NORMAL,1
INV-2026-00165,DOUBLE_FINANCING,2
INV-2026-00166,NORMAL,1
INV-2026-00167,NORMAL,1
INV-2026-00168,NORMAL,1
INV-2026-00169,DOUBLE_FINANCING,2
INV-2026-00170,NORMAL,1
INV-2026-00171,NORMAL,1
INV-2026-00172,NORMAL,1
INV-2026-00173,DOUBLE_FINANCING,2
INV-2026-00174,DOUBLE_FINANCING,2
INV-2026-00175,NORMAL,1
INV-2026-00176,DOUBLE_FINANCING,2
INV-2026-00177,NORMAL,1
INV-2026-00178,NORMAL,1
INV-2026-00179,NORMAL,1
INV-2026-00180,NORMAL,1
INV-2026-00181,NORMAL,1
INV-2026-00182,NORMAL,1
INV-2026-00183,NORMAL,1
INV-2026-00184,NORMAL,1
INV-2026-00185,NORMAL,1
INV-2026-00186,NORMAL,1
INV-2026-00187,NORMAL,1
INV-2026-00188,NORMAL,1
INV-2026-00189,NORMAL,1
INV-2026-00190,NORMAL,1
INV-2026-00191,NORMAL,1
INV-2026-00192,NORMAL,1
INV-2026-00193,NORMAL,1
INV-2026-00194,NORMAL,1
INV-2026-00195,NORMAL,1
INV-2026-00196,DOUBLE_FINANCING,2
INV-2026-00197,DOUBLE_FINANCING,2
INV-2026-00198,NORMAL,1
INV-2026-00199,NORMAL,1
INV-2026-00200,NORMAL,1
INV-2026-00201,DOUBLE_FINANCING,2
INV-2026-00202,NORMAL,1
INV-2026-00203,NORMAL,1
INV-2026-00204,NORMAL,1
INV-2026-00205,NORMAL,1
INV-2026-00206,NORMAL,1
INV-2026-00207,NORMAL,1
INV-2026-00208,NORMAL,1
INV-2026-00209,NORMAL,1
INV-2026-00210,DOUBLE_FINANCING,2
INV-2026-00211,NORMAL,1
INV-2026-00212,NORMAL,1
INV-2026-00213,NORMAL,1
INV-2026-00214,NORMAL,1
INV-2026-00215,NORMAL,1
INV-2026-00216,NORMAL,1
INV-2026-00217,NORMAL,1
INV-2026-00218,NORMAL,1
INV-2026-00219,NORMAL,1
INV-2026-00220,NORMAL,1
INV-2026-00221,NORMAL,1
INV-2026-00222,NORMAL,1
INV-2026-00223,NORMAL,1
INV-2026-00224,NORMAL,1
INV-2026-00225,NORMAL,1
INV-2026-00226,NORMAL,1
INV-2026-00227,NORMAL,1
INV-2026-00228,NORMAL,1
INV-2026-00229,NORMAL,1
INV-2026-00230,NORMAL,1
INV-2026-00231,NORMAL,1
INV-2026-00232,NORMAL,1
INV-2026-00233,NORMAL,1
INV-2026-00234,NORMAL,1
INV-2026-00235,NORMAL,1
INV-2026-00236,NORMAL,1
INV-2026-00237,NORMAL,1
INV-2026-00238,NORMAL,1
INV-2026-00239,NORMAL,1
INV-2026-00240,DOUBLE_FINANCING,2
INV-2026-00241,NORMAL,1
INV-2026-00242,NORMAL,1
INV-2026-00243,NORMAL,1
INV-2026-00244,NORMAL,1
INV-2026-00245,NORMAL,1
INV-2026-00246,NORMAL,1
INV-2026-00247,NORMAL,1
INV-2026-00248,DOUBLE_FINANCING,2
INV-2026-00249,NORMAL,1
INV-2026-00250,DOUBLE_FINANCING,2
INV-2026-00251,NORMAL,1
INV-2026-00252,NORMAL,1
INV-2026-00253,NORMAL,1
INV-2026-00254,NORMAL,1
INV-2026-00255,DOUBLE_FINANCING,2
INV-2026-00256,NORMAL,1
INV-2026-00257,DOUBLE_FINANCING,2
INV-2026-00258,DOUBLE_FINANCING,2
INV-2026-00259,NORMAL,1
INV-2026-00260,NORMAL,1
INV-2026-00261,NORMAL,1
INV-2026-00262,NORMAL,1
INV-2026-00263,NORMAL,1
INV-2026-00264,DOUBLE_FINANCING,2
INV-2026-00265,NORMAL,1
INV-2026-00266,NORMAL,1
INV-2026-00267,NORMAL,1
INV-2026-00268,NORMAL,1
INV-2026-00269,NORMAL,1
INV-2026-00270,NORMAL,1
INV-2026-00271,NORMAL,1
INV-2026-00272,NORMAL,1
INV-2026-00273,NORMAL,1
INV-2026-00274,DOUBLE_FINANCING,2
INV-2026-00275,NORMAL,1
INV-2026-00276,DOUBLE_FINANCING,2
INV-2026-00277,NORMAL,1
INV-2026-00278,NORMAL,1
INV-2026-00279,NORMAL,1
INV-2026-00280,NORMAL,1
INV-2026-00281,DOUBLE_FINANCING,2
INV-2026-00282,NORMAL,1
INV-2026-00283,DOUBLE_FINANCING,2
INV-2026-00284,NORMAL,1
INV-2026-00285,DOUBLE_FINANCING,2
INV-2026-00286,NORMAL,1
INV-2026-00287,NORMAL,1
INV-2026-00288,NORMAL,1
INV-2026-00289,NORMAL,1
INV-2026-00290,NORMAL,1
INV-2026-00291,NORMAL,1
INV-2026-00292,NORMAL,1
INV-2026-00293,NORMAL,1
INV-2026-00294,NORMAL,1
INV-2026-00295,NORMAL,1
INV-2026-00296,NORMAL,1
INV-2026-00297,NORMAL,1
INV-2026-00298,NORMAL,1
INV-2026-00299,NORMAL,1
INV-2026-00300,NORMAL,1
INV-2026-00301,NORMAL,1
INV-2026-00302,NORMAL,1
INV-2026-00303,NORMAL,1
INV-2026-00304,NORMAL,1
INV-2026-00305,NORMAL,1
INV-2026-00306,NORMAL,1
INV-2026-00307,NORMAL,1
INV-2026-00308,NORMAL,1
INV-2026-00309,NORMAL,1
INV-2026-00310,NORMAL,1
INV-2026-00311,NORMAL,1
INV-2026-00312,NORMAL,1
INV-2026-00313,DOUBLE_FINANCING,2
INV-2026-00314,NORMAL,1
INV-2026-00315,NORMAL,1
INV-2026-00316,DOUBLE_FINANCING,2
INV-2026-00317,NORMAL,1
INV-2026-00318,NORMAL,1
INV-2026-00319,NORMAL,1
INV-2026-00320,NORMAL,1
INV-2026-00321,NORMAL,1
INV-2026-00322,NORMAL,1
INV-2026-00323,DOUBLE_FINANCING,2
INV-2026-00324,DOUBLE_FINANCING,2
INV-2026-00325,DOUBLE_FINANCING,2
INV-2026-00326,NORMAL,1
INV-2026-00327,NORMAL,1
INV-2026-00328,NORMAL,1
INV-2026-00329,DOUBLE_FINANCING,2
INV-2026-00330,NORMAL,1
INV-2026-00331,NORMAL,1
INV-2026-00332,NORMAL,1
INV-2026-00333,NORMAL,1
INV-2026-00334,NORMAL,1
INV-2026-00335,NORMAL,1
INV-2026-00336,NORMAL,1
INV-2026-00337,NORMAL,1
INV-2026-00338,NORMAL,1
INV-2026-00339,NORMAL,1
INV-2026-00340,DOUBLE_FINANCING,2
INV-2026-00341,NORMAL,1
INV-2026-00342,NORMAL,1
INV-2026-00343,NORMAL,1
INV-2026-00344,DOUBLE_FINANCING,2
INV-2026-00345,NORMAL,1
INV-2026-00346,NORMAL,1
INV-2026-00347,NORMAL,1
INV-2026-00348,NORMAL,1
INV-2026-00349,NORMAL,1
INV-2026-00350,NORMAL,1
INV-2026-00351,NORMAL,1
INV-2026-00352,NORMAL,1
INV-2026-00353,NORMAL,1
INV-2026-00354,NORMAL,1
INV-2026-00355,NORMAL,1
INV-2026-00356,NORMAL,1
INV-2026-00357,NORMAL,1
INV-2026-00358,DOUBLE_FINANCING,2
INV-2026-00359,NORMAL,1
INV-2026-00360,NORMAL,1
INV-2026-00361,NORMAL,1
INV-2026-00362,NORMAL,1
INV-2026-00363,NORMAL,1
INV-2026-00364,NORMAL,1
INV-2026-00365,DOUBLE_FINANCING,2
INV-2026-00366,DOUBLE_FINANCING,2
INV-2026-00367,NORMAL,1
INV-2026-00368,DOUBLE_FINANCING,2
INV-2026-00369,NORMAL,1
INV-2026-00370,DOUBLE_FINANCING,2
INV-2026-00371,DOUBLE_FINANCING,2
INV-2026-00372,DOUBLE_FINANCING,2
INV-2026-00373,NORMAL,1
INV-2026-00374,NORMAL,1
INV-2026-00375,NORMAL,1
INV-2026-00376,NORMAL,1
INV-2026-00377,NORMAL,1
INV-2026-00378,NORMAL,1
INV-2026-00379,NORMAL,1
INV-2026-00380,NORMAL,1
INV-2026-00381,NORMAL,1
INV-2026-00382,DOUBLE_FINANCING,2
INV-2026-00383,DOUBLE_FINANCING,2
INV-2026-00384,NORMAL,1
INV-2026-00385,NORMAL,1
INV-2026-00386,DOUBLE_FINANCING,2
INV-2026-00387,NORMAL,1
INV-2026-00388,NORMAL,1
INV-2026-00389,NORMAL,1
INV-2026-00390,NORMAL,1
INV-2026-00391,NORMAL,1
INV-2026-00392,NORMAL,1
INV-2026-00393,NORMAL,1
INV-2026-00394,NORMAL,1
INV-2026-00395,NORMAL,1
INV-2026-00396,NORMAL,1
INV-2026-00397,NORMAL,1
INV-2026-00398,DOUBLE_FINANCING,2
INV-2026-00399,NORMAL,1
INV-2026-00400,NORMAL,1
INV-2026-00401,DOUBLE_FINANCING,2
INV-2026-00402,NORMAL,1
INV-2026-00403,NORMAL,1
INV-2026-00404,NORMAL,1
INV-2026-00405,NORMAL,1
INV-2026-00406,NORMAL,1
INV-2026-00407,NORMAL,1
INV-2026-00408,NORMAL,1
INV-2026-00409,NORMAL,1
INV-2026-00410,NORMAL,1
INV-2026-00411,NORMAL,1
INV-2026-00412,NORMAL,1
INV-2026-00413,NORMAL,1
INV-2026-00414,NORMAL,1
INV-2026-00415,NORMAL,1
INV-2026-00416,NORMAL,1
INV-2026-00417,NORMAL,1
INV-2026-00418,NORMAL,1
INV-2026-00419,DOUBLE_FINANCING,2
INV-2026-00420,DOUBLE_FINANCING,2
INV-2026-00421,NORMAL,1
INV-2026-00422,NORMAL,1
INV-2026-00423,NORMAL,1
INV-2026-00424,NORMAL,1
INV-2026-00425,NORMAL,1
INV-2026-00426,DOUBLE_FINANCING,2
INV-2026-00427,NORMAL,1
INV-2026-00428,DOUBLE_FINANCING,2
INV-2026-00429,NORMAL,1
INV-2026-00430,DOUBLE_FINANCING,2
INV-2026-00431,NORMAL,1
INV-2026-00432,NORMAL,1
INV-2026-00433,NORMAL,1
INV-2026-00434,NORMAL,1
INV-2026-00435,NORMAL,1
INV-2026-00436,NORMAL,1
INV-2026-00437,NORMAL,1
INV-2026-00438,DOUBLE_FINANCING,2
INV-2026-00439,DOUBLE_FINANCING,2
INV-2026-00440,NORMAL,1
INV-2026-00441,NORMAL,1
INV-2026-00442,NORMAL,1
INV-2026-00443,NORMAL,1
INV-2026-00444,NORMAL,1
INV-2026-00445,NORMAL,1
INV-2026-00446,DOUBLE_FINANCING,2
INV-2026-00447,NORMAL,1
INV-2026-00448,NORMAL,1
INV-2026-00449,NORMAL,1
INV-2026-00450,NORMAL,1
INV-2026-00451,NORMAL,1
INV-2026-00452,DOUBLE_FINANCING,2
INV-2026-00453,NORMAL,1
INV-2026-00454,NORMAL,1
INV-2026-00455,NORMAL,1
INV-2026-00456,NORMAL,1
INV-2026-00457,DOUBLE_FINANCING,2
INV-2026-00458,NORMAL,1
INV-2026-00459,DOUBLE_FINANCING,2
INV-2026-00460,NORMAL,1
INV-2026-00461,NORMAL,1
INV-2026-00462,NORMAL,1
INV-2026-00463,NORMAL,1
INV-2026-00464,NORMAL,1
INV-2026-00465,NORMAL,1
INV-2026-00466,NORMAL,1
INV-2026-00467,NORMAL,1
INV-2026-00468,NORMAL,1
INV-2026-00469,NORMAL,1
INV-2026-00470,NORMAL,1
INV-2026-00471,NORMAL,1
INV-2026-00472,NORMAL,1
INV-2026-00473,NORMAL,1
INV-2026-00474,NORMAL,1
INV-2026-00475,NORMAL,1
INV-2026-00476,DOUBLE_FINANCING,2
INV-2026-00477,NORMAL,1
INV-2026-00478,NORMAL,1
INV-2026-00479,NORMAL,1
INV-2026-00480,NORMAL,1
INV-2026-00481,NORMAL,1
INV-2026-00482,NORMAL,1
INV-2026-00483,NORMAL,1
INV-2026-00484,NORMAL,1
INV-2026-00485,DOUBLE_FINANCING,2
INV-2026-00486,NORMAL,1
INV-2026-00487,NORMAL,1
INV-2026-00488,NORMAL,1
INV-2026-00489,NORMAL,1
INV-2026-00490,NORMAL,1
INV-2026-00491,NORMAL,1
INV-2026-00492,NORMAL,1
INV-2026-00493,NORMAL,1
INV-2026-00494,NORMAL,1
INV-2026-00495,NORMAL,1
INV-2026-00496,DOUBLE_FINANCING,2
INV-2026-00497,NORMAL,1
INV-2026-00498,NORMAL,1
INV-2026-00499,NORMAL,1
INV-2026-00500,NORMAL,1
INV-2026-00501,NORMAL,1
INV-2026-00502,NORMAL,1
INV-2026-00503,NORMAL,1
INV-2026-00504,NORMAL,1
INV-2026-00505,NORMAL,1
INV-2026-00506,NORMAL,1
INV-2026-00507,NORMAL,1
INV-2026-00508,NORMAL,1
INV-2026-00509,DOUBLE_FINANCING,2
INV-2026-00510,NORMAL,1
INV-2026-00511,DOUBLE_FINANCING,2
INV-2026-00512,DOUBLE_FINANCING,2
INV-2026-00513,NORMAL,1
INV-2026-00514,NORMAL,1
INV-2026-00515,DOUBLE_FINANCING,2
INV-2026-00516,DOUBLE_FINANCING,2
INV-2026-00517,NORMAL,1
INV-2026-00518,NORMAL,1
INV-2026-00519,NORMAL,1
INV-2026-00520,NORMAL,1
INV-2026-00521,NORMAL,1
INV-2026-00522,NORMAL,1
INV-2026-00523,NORMAL,1
INV-2026-00524,NORMAL,1
INV-2026-00525,DOUBLE_FINANCING,2
INV-2026-00526,NORMAL,1
INV-2026-00527,NORMAL,1
INV-2026-00528,NORMAL,1
INV-2026-00529,NORMAL,1
INV-2026-00530,NORMAL,1
INV-2026-00531,NORMAL,1
INV-2026-00532,NORMAL,1
INV-2026-00533,NORMAL,1
INV-2026-00534,NORMAL,1
INV-2026-00535,NORMAL,1
INV-2026-00536,NORMAL,1
INV-2026-00537,NORMAL,1
INV-2026-00538,NORMAL,1
INV-2026-00539,NORMAL,1
INV-2026-00540,NORMAL,1
INV-2026-00541,NORMAL,1
INV-2026-00542,DOUBLE_FINANCING,2
INV-2026-00543,NORMAL,1
INV-2026-00544,NORMAL,1
INV-2026-00545,NORMAL,1
INV-2026-00546,NORMAL,1
INV-2026-00547,NORMAL,1
INV-2026-00548,NORMAL,1
INV-2026-00549,NORMAL,1
INV-2026-00550,NORMAL,1
INV-2026-00551,DOUBLE_FINANCING,2
INV-2026-00552,NORMAL,1
INV-2026-00553,NORMAL,1
INV-2026-00554,NORMAL,1
INV-2026-00555,NORMAL,1
INV-2026-00556,NORMAL,1
INV-2026-00557,NORMAL,1
INV-2026-00558,NORMAL,1
INV-2026-00559,NORMAL,1
INV-2026-00560,NORMAL,1
INV-2026-00561,DOUBLE_FINANCING,2
INV-2026-00562,NORMAL,1
INV-2026-00563,NORMAL,1
INV-2026-00564,NORMAL,1
INV-2026-00565,DOUBLE_FINANCING,2
INV-2026-00566,NORMAL,1
INV-2026-00567,DOUBLE_FINANCING,2
INV-2026-00568,NORMAL,1
INV-2026-00569,NORMAL,1
INV-2026-00570,NORMAL,1
INV-2026-00571,NORMAL,1
INV-2026-00572,NORMAL,1
INV-2026-00573,NORMAL,1
INV-2026-00574,DOUBLE_FINANCING,2
INV-2026-00575,NORMAL,1
INV-2026-00576,NORMAL,1
INV-2026-00577,DOUBLE_FINANCING,2
INV-2026-00578,NORMAL,1
INV-2026-00579,NORMAL,1
INV-2026-00580,NORMAL,1
INV-2026-00581,NORMAL,1
INV-2026-00582,NORMAL,1
INV-2026-00583,NORMAL,1
INV-2026-00584,NORMAL,1
INV-2026-00585,NORMAL,1
INV-2026-00586,NORMAL,1
INV-2026-00587,NORMAL,1
INV-2026-00588,NORMAL,1
INV-2026-00589,DOUBLE_FINANCING,2
INV-2026-00590,NORMAL,1
INV-2026-00591,DOUBLE_FINANCING,2
INV-2026-00592,NORMAL,1
INV-2026-00593,NORMAL,1
INV-2026-00594,NORMAL,1
INV-2026-00595,NORMAL,1
INV-2026-00596,NORMAL,1
INV-2026-00597,NORMAL,1
INV-2026-00598,NORMAL,1
INV-2026-00599,NORMAL,1
INV-2026-00600,NORMAL,1
INV-2026-00601,NORMAL,1
INV-2026-00602,NORMAL,1
INV-2026-00603,DOUBLE_FINANCING,2
INV-2026-00604,NORMAL,1
INV-2026-00605,NORMAL,1
INV-2026-00606,NORMAL,1
INV-2026-00607,NORMAL,1
INV-2026-00608,NORMAL,1
INV-2026-00609,NORMAL,1
INV-2026-00610,NORMAL,1
INV-2026-00611,NORMAL,1
INV-2026-00612,DOUBLE_FINANCING,2
INV-2026-00613,NORMAL,1
INV-2026-00614,DOUBLE_FINANCING,2
INV-2026-00615,NORMAL,1
INV-2026-00616,NORMAL,1
INV-2026-00617,NORMAL,1
INV-2026-00618,NORMAL,1
INV-2026-00619,NORMAL,1
INV-2026-00620,NORMAL,1
INV-2026-00621,NORMAL,1
INV-2026-00622,NORMAL,1
INV-2026-00623,NORMAL,1
INV-2026-00624,NORMAL,1
INV-2026-00625,DOUBLE_FINANCING,2
INV-2026-00626,DOUBLE_FINANCING,2
INV-2026-00627,NORMAL,1
INV-2026-00628,NORMAL,1
INV-2026-00629,DOUBLE_FINANCING,2
INV-2026-00630,NORMAL,1
INV-2026-00631,NORMAL,1
INV-2026-00632,NORMAL,1
INV-2026-00633,NORMAL,1
INV-2026-00634,NORMAL,1
INV-2026-00635,NORMAL,1
INV-2026-00636,NORMAL,1
INV-2026-00637,NORMAL,1
INV-2026-00638,NORMAL,1
INV-2026-00639,NORMAL,1
INV-2026-00640,NORMAL,1
INV-2026-00641,NORMAL,1
INV-2026-00642,NORMAL,1
INV-2026-00643,NORMAL,1
INV-2026-00644,NORMAL,1
INV-2026-00645,NORMAL,1
INV-2026-00646,NORMAL,1
INV-2026-00647,NORMAL,1
INV-2026-00648,DOUBLE_FINANCING,2
INV-2026-00649,NORMAL,1
INV-2026-00650,NORMAL,1
INV-2026-00651,NORMAL,1
INV-2026-00652,NORMAL,1
INV-2026-00653,NORMAL,1
INV-2026-00654,DOUBLE_FINANCING,2
INV-2026-00655,NORMAL,1
INV-2026-00656,DOUBLE_FINANCING,2
INV-2026-00657,DOUBLE_FINANCING,2
INV-2026-00658,NORMAL,1
INV-2026-00659,NORMAL,1
INV-2026-00660,NORMAL,1
INV-2026-00661,NORMAL,1
INV-2026-00662,DOUBLE_FINANCING,2
INV-2026-00663,DOUBLE_FINANCING,2
INV-2026-00664,NORMAL,1
INV-2026-00665,NORMAL,1
INV-2026-00666,NORMAL,1
INV-2026-00667,DOUBLE_FINANCING,2
INV-2026-00668,NORMAL,1
INV-2026-00669,NORMAL,1
INV-2026-00670,NORMAL,1
INV-2026-00671,NORMAL,1
INV-2026-00672,NORMAL,1
INV-2026-00673,NORMAL,1
INV-2026-00674,NORMAL,1
INV-2026-00675,DOUBLE_FINANCING,2
INV-2026-00676,NORMAL,1
INV-2026-00677,NORMAL,1
INV-2026-00678,NORMAL,1
INV-2026-00679,NORMAL,1
INV-2026-00680,DOUBLE_FINANCING,2
INV-2026-00681,DOUBLE_FINANCING,2
INV-2026-00682,NORMAL,1
INV-2026-00683,NORMAL,1
INV-2026-00684,NORMAL,1
INV-2026-00685,NORMAL,1
INV-2026-00686,NORMAL,1
INV-2026-00687,NORMAL,1
INV-2026-00688,NORMAL,1
INV-2026-00689,NORMAL,1
INV-2026-00690,NORMAL,1
INV-2026-00691,NORMAL,1
INV-2026-00692,NORMAL,1
INV-2026-00693,DOUBLE_FINANCING,2
INV-2026-00694,NORMAL,1
INV-2026-00695,NORMAL,1
INV-2026-00696,NORMAL,1
INV-2026-00697,DOUBLE_FINANCING,2
INV-2026-00698,NORMAL,1
INV-2026-00699,NORMAL,1
INV-2026-00700,NORMAL,1
INV-2026-00701,NORMAL,1
INV-2026-00702,NORMAL,1
INV-2026-00703,NORMAL,1
INV-2026-00704,NORMAL,1
INV-2026-00705,NORMAL,1
INV-2026-00706,NORMAL,1
INV-2026-00707,NORMAL,1
INV-2026-00708,NORMAL,1
INV-2026-00709,NORMAL,1
INV-2026-00710,NORMAL,1
INV-2026-00711,NORMAL,1
INV-2026-00712,DOUBLE_FINANCING,2
INV-2026-00713,NORMAL,1
INV-2026-00714,NORMAL,1
INV-2026-00715,NORMAL,1
INV-2026-00716,NORMAL,1
INV-2026-00717,NORMAL,1
INV-2026-00718,NORMAL,1
INV-2026-00719,DOUBLE_FINANCING,2
INV-2026-00720,NORMAL,1
INV-2026-00721,NORMAL,1
INV-2026-00722,NORMAL,1
INV-2026-00723,NORMAL,1
INV-2026-00724,NORMAL,1
INV-2026-00725,NORMAL,1
INV-2026-00726,NORMAL,1
INV-2026-00727,NORMAL,1
INV-2026-00728,NORMAL,1
INV-2026-00729,NORMAL,1
INV-2026-00730,NORMAL,1
INV-2026-00731,NORMAL,1
INV-2026-00732,NORMAL,1
INV-2026-00733,NORMAL,1
INV-2026-00734,NORMAL,1
INV-2026-00735,NORMAL,1
INV-2026-00736,DOUBLE_FINANCING,2
INV-2026-00737,NORMAL,1
INV-2026-00738,NORMAL,1
INV-2026-00739,DOUBLE_FINANCING,2
INV-2026-00740,NORMAL,1
INV-2026-00741,NORMAL,1
INV-2026-00742,NORMAL,1
INV-2026-00743,DOUBLE_FINANCING,2
INV-2026-00744,NORMAL,1
INV-2026-00745,NORMAL,1
INV-2026-00746,NORMAL,1
INV-2026-00747,NORMAL,1
INV-2026-00748,DOUBLE_FINANCING,2
INV-2026-00749,NORMAL,1
INV-2026-00750,NORMAL,1
INV-2026-00751,NORMAL,1
INV-2026-00752,NORMAL,1
INV-2026-00753,DOUBLE_FINANCING,2
INV-2026-00754,DOUBLE_FINANCING,2
INV-2026-00755,DOUBLE_FINANCING,2
INV-2026-00756,DOUBLE_FINANCING,2
INV-2026-00757,NORMAL,1
INV-2026-00758,NORMAL,1
INV-2026-00759,NORMAL,1
INV-2026-00760,DOUBLE_FINANCING,2
INV-2026-00761,NORMAL,1
INV-2026-00762,NORMAL,1
INV-2026-00763,NORMAL,1
INV-2026-00764,NORMAL,1
INV-2026-00765,NORMAL,1
INV-2026-00766,NORMAL,1
INV-2026-00767,NORMAL,1
INV-2026-00768,NORMAL,1
INV-2026-00769,NORMAL,1
INV-2026-00770,NORMAL,1
INV-2026-00771,NORMAL,1
INV-2026-00772,NORMAL,1
INV-2026-00773,NORMAL,1
INV-2026-00774,DOUBLE_FINANCING,2
INV-2026-00775,DOUBLE_FINANCING,2
INV-2026-00776,NORMAL,1
INV-2026-00777,NORMAL,1
INV-2026-00778,NORMAL,1
INV-2026-00779,NORMAL,1
INV-2026-00780,NORMAL,1
INV-2026-00781,NORMAL,1
INV-2026-00782,NORMAL,1
INV-2026-00783,NORMAL,1
INV-2026-00784,NORMAL,1
INV-2026-00785,NORMAL,1
INV-2026-00786,NORMAL,1
INV-2026-00787,DOUBLE_FINANCING,2
INV-2026-00788,NORMAL,1
INV-2026-00789,DOUBLE_FINANCING,2
INV-2026-00790,NORMAL,1
INV-2026-00791,NORMAL,1
INV-2026-00792,NORMAL,1
INV-2026-00793,NORMAL,1
INV-2026-00794,NORMAL,1
INV-2026-00795,NORMAL,1
INV-2026-00796,NORMAL,1
INV-2026-00797,NORMAL,1
INV-2026-00798,NORMAL,1
INV-2026-00799,NORMAL,1
INV-2026-00800,NORMAL,1
INV-2026-00801,NORMAL,1
INV-2026-00802,NORMAL,1
INV-2026-00803,NORMAL,1
INV-2026-00804,NORMAL,1
INV-2026-00805,NORMAL,1
INV-2026-00806,NORMAL,1
INV-2026-00807,NORMAL,1
INV-2026-00808,NORMAL,1
INV-2026-00809,NORMAL,1
INV-2026-00810,DOUBLE_FINANCING,2
INV-2026-00811,NORMAL,1
INV-2026-00812,NORMAL,1
INV-2026-00813,NORMAL,1
INV-2026-00814,NORMAL,1
INV-2026-00815,NORMAL,1
INV-2026-00816,NORMAL,1
INV-2026-00817,NORMAL,1
INV-2026-00818,NORMAL,1
INV-2026-00819,DOUBLE_FINANCING,2
INV-2026-00820,NORMAL,1
INV-2026-00821,NORMAL,1
INV-2026-00822,NORMAL,1
INV-2026-00823,NORMAL,1
INV-2026-00824,NORMAL,1
INV-2026-00825,NORMAL,1
INV-2026-00826,NORMAL,1
INV-2026-00827,NORMAL,1
INV-2026-00828,NORMAL,1
INV-2026-00829,NORMAL,1
INV-2026-00830,DOUBLE_FINANCING,2
INV-2026-00831,NORMAL,1
INV-2026-00832,NORMAL,1
INV-2026-00833,NORMAL,1
INV-2026-00834,NORMAL,1
INV-2026-00835,DOUBLE_FINANCING,2
INV-2026-00836,NORMAL,1
INV-2026-00837,DOUBLE_FINANCING,2
INV-2026-00838,NORMAL,1
INV-2026-00839,NORMAL,1
INV-2026-00840,NORMAL,1
INV-2026-00841,NORMAL,1
INV-2026-00842,DOUBLE_FINANCING,2
INV-2026-00843,NORMAL,1
INV-2026-00844,NORMAL,1
INV-2026-00845,NORMAL,1
INV-2026-00846,NORMAL,1
INV-2026-00847,NORMAL,1
INV-2026-00848,NORMAL,1
INV-2026-00849,NORMAL,1
INV-2026-00850,NORMAL,1
INV-2026-00851,NORMAL,1
INV-2026-00852,NORMAL,1
INV-2026-00853,NORMAL,1
INV-2026-00854,NORMAL,1
INV-2026-00855,NORMAL,1
INV-2026-00856,DOUBLE_FINANCING,2
INV-2026-00857,NORMAL,1
INV-2026-00858,NORMAL,1
INV-2026-00859,NORMAL,1
INV-2026-00860,NORMAL,1
INV-2026-00861,NORMAL,1
INV-2026-00862,NORMAL,1
INV-2026-00863,NORMAL,1
INV-2026-00864,NORMAL,1
INV-2026-00865,NORMAL,1
INV-2026-00866,NORMAL,1
INV-2026-00867,DOUBLE_FINANCING,2
INV-2026-00868,NORMAL,1
INV-2026-00869,NORMAL,1
INV-2026-00870,NORMAL,1
INV-2026-00871,NORMAL,1
INV-2026-00872,NORMAL,1
INV-2026-00873,NORMAL,1
INV-2026-00874,NORMAL,1
INV-2026-00875,NORMAL,1
INV-2026-00876,NORMAL,1
INV-2026-00877,NORMAL,1
INV-2026-00878,NORMAL,1
INV-2026-00879,NORMAL,1
INV-2026-00880,NORMAL,1
INV-2026-00881,NORMAL,1
INV-2026-00882,NORMAL,1
INV-2026-00883,NORMAL,1
INV-2026-00884,NORMAL,1
INV-2026-00885,NORMAL,1
INV-2026-00886,NORMAL,1
INV-2026-00887,NORMAL,1
INV-2026-00888,NORMAL,1
INV-2026-00889,NORMAL,1
INV-2026-00890,NORMAL,1
INV-2026-00891,NORMAL,1
INV-2026-00892,DOUBLE_FINANCING,2
INV-2026-00893,NORMAL,1
INV-2026-00894,NORMAL,1
INV-2026-00895,DOUBLE_FINANCING,2
INV-2026-00896,NORMAL,1
INV-2026-00897,NORMAL,1
INV-2026-00898,NORMAL,1
INV-2026-00899,NORMAL,1
INV-2026-00900,NORMAL,1
INV-2026-00901,NORMAL,1
INV-2026-00902,NORMAL,1
INV-2026-00903,NORMAL,1
INV-2026-00904,DOUBLE_FINANCING,2
INV-2026-00905,NORMAL,1
INV-2026-00906,NORMAL,1
INV-2026-00907,NORMAL,1
INV-2026-00908,NORMAL,1
INV-2026-00909,NORMAL,1
INV-2026-00910,NORMAL,1
INV-2026-00911,NORMAL,1
INV-2026-00912,DOUBLE_FINANCING,2
INV-2026-00913,NORMAL,1
INV-2026-00914,NORMAL,1
INV-2026-00915,NORMAL,1
INV-2026-00916,NORMAL,1
INV-2026-00917,NORMAL,1
INV-2026-00918,NORMAL,1
INV-2026-00919,NORMAL,1
INV-2026-00920,NORMAL,1
INV-2026-00921,NORMAL,1
INV-2026-00922,NORMAL,1
INV-2026-00923,NORMAL,1
INV-2026-00924,NORMAL,1
INV-2026-00925,NORMAL,1
INV-2026-00926,DOUBLE_FINANCING,2
INV-2026-00927,NORMAL,1
INV-2026-00928,NORMAL,1
INV-2026-00929,DOUBLE_FINANCING,2
INV-2026-00930,NORMAL,1
INV-2026-00931,NORMAL,1
INV-2026-00932,DOUBLE_FINANCING,2
INV-2026-00933,NORMAL,1
INV-2026-00934,NORMAL,1
INV-2026-00935,NORMAL,1
INV-2026-00936,NORMAL,1
INV-2026-00937,NORMAL,1
INV-2026-00938,NORMAL,1
INV-2026-00939,NORMAL,1
INV-2026-00940,NORMAL,1
INV-2026-00941,NORMAL,1
INV-2026-00942,NORMAL,1
INV-2026-00943,DOUBLE_FINANCING,2
INV-2026-00944,NORMAL,1
INV-2026-00945,DOUBLE_FINANCING,2
INV-2026-00946,NORMAL,1
INV-2026-00947,NORMAL,1
INV-2026-00948,NORMAL,1
INV-2026-00949,NORMAL,1
INV-2026-00950,NORMAL,1
INV-2026-00951,DOUBLE_FINANCING,2
INV-2026-00952,NORMAL,1
INV-2026-00953,NORMAL,1
INV-2026-00954,NORMAL,1
INV-2026-00955,NORMAL,1
INV-2026-00956,NORMAL,1
INV-2026-00957,NORMAL,1
INV-2026-00958,NORMAL,1
INV-2026-00959,DOUBLE_FINANCING,2
INV-2026-00960,NORMAL,1
INV-2026-00961,NORMAL,1
INV-2026-00962,NORMAL,1
INV-2026-00963,NORMAL,1
INV-2026-00964,NORMAL,1
INV-2026-00965,DOUBLE_FINANCING,2
INV-2026-00966,NORMAL,1
INV-2026-00967,NORMAL,1
INV-2026-00968,NORMAL,1
INV-2026-00969,NORMAL,1
INV-2026-00970,NORMAL,1
INV-2026-00971,NORMAL,1
INV-2026-00972,NORMAL,1
INV-2026-00973,NORMAL,1
INV-2026-00974,NORMAL,1
INV-2026-00975,NORMAL,1
INV-2026-00976,NORMAL,1
INV-2026-00977,NORMAL,1
INV-2026-00978,NORMAL,1
INV-2026-00979,DOUBLE_FINANCING,2
INV-2026-00980,NORMAL,1
INV-2026-00981,NORMAL,1
INV-2026-00982,DOUBLE_FINANCING,2
INV-2026-00983,NORMAL,1
INV-2026-00984,DOUBLE_FINANCING,2
INV-2026-00985,NORMAL,1
INV-2026-00986,DOUBLE_FINANCING,2
INV-2026-00987,NORMAL,1
INV-2026-00988,NORMAL,1
INV-2026-00989,NORMAL,1
INV-2026-00990,NORMAL,1
INV-2026-00991,DOUBLE_FINANCING,2
INV-2026-00992,NORMAL,1
INV-2026-00993,NORMAL,1
INV-2026-00994,DOUBLE_FINANCING,2
INV-2026-00995,NORMAL,1
INV-2026-00996,NORMAL,1
INV-2026-00997,NORMAL,1
INV-2026-00998,DOUBLE_FINANCING,2
INV-2026-00999,NORMAL,1
INV-2026-01000,NORMAL,1
INV-2026-01001,DOUBLE_FINANCING,2
INV-2026-01002,NORMAL,1
INV-2026-01003,NORMAL,1
INV-2026-01004,NORMAL,1
INV-2026-01005,NORMAL,1
INV-2026-01006,NORMAL,1
INV-2026-01007,NORMAL,1
INV-2026-01008,NORMAL,1
INV-2026-01009,NORMAL,1
INV-2026-01010,NORMAL,1
INV-2026-01011,NORMAL,1
INV-2026-01012,NORMAL,1
INV-2026-01013,NORMAL,1
INV-2026-01014,NORMAL,1
INV-2026-01015,NORMAL,1
INV-2026-01016,DOUBLE_FINANCING,2
INV-2026-01017,NORMAL,1
INV-2026-01018,NORMAL,1
INV-2026-01019,NORMAL,1
INV-2026-01020,NORMAL,1
INV-2026-01021,NORMAL,1
INV-2026-01022,NORMAL,1
INV-2026-01023,NORMAL,1
INV-2026-01024,NORMAL,1
INV-2026-01025,NORMAL,1
INV-2026-01026,NORMAL,1
INV-2026-01027,DOUBLE_FINANCING,2
INV-2026-01028,NORMAL,1
INV-2026-01029,NORMAL,1
INV-2026-01030,NORMAL,1
INV-2026-01031,DOUBLE_FINANCING,2
INV-2026-01032,NORMAL,1
INV-2026-01033,DOUBLE_FINANCING,2
INV-2026-01034,DOUBLE_FINANCING,2
INV-2026-01035,NORMAL,1
INV-2026-01036,NORMAL,1
INV-2026-01037,DOUBLE_FINANCING,2
INV-2026-01038,NORMAL,1
INV-2026-01039,NORMAL,1
INV-2026-01040,NORMAL,1
INV-2026-01041,NORMAL,1
INV-2026-01042,NORMAL,1
INV-2026-01043,NORMAL,1
INV-2026-01044,NORMAL,1
INV-2026-01045,NORMAL,1
INV-2026-01046,NORMAL,1
INV-2026-01047,DOUBLE_FINANCING,2
INV-2026-01048,DOUBLE_FINANCING,2
INV-2026-01049,NORMAL,1
INV-2026-01050,NORMAL,1
INV-2026-01051,NORMAL,1
INV-2026-01052,NORMAL,1
INV-2026-01053,NORMAL,1
INV-2026-01054,NORMAL,1
INV-2026-01055,NORMAL,1
INV-2026-01056,NORMAL,1
INV-2026-01057,NORMAL,1
INV-2026-01058,NORMAL,1
INV-2026-01059,NORMAL,1
INV-2026-01060,NORMAL,1
INV-2026-01061,NORMAL,1
INV-2026-01062,NORMAL,1
INV-2026-01063,NORMAL,1
INV-2026-01064,NORMAL,1
INV-2026-01065,DOUBLE_FINANCING,2
INV-2026-01066,NORMAL,1
INV-2026-01067,NORMAL,1
INV-2026-01068,NORMAL,1
INV-2026-01069,NORMAL,1
INV-2026-01070,DOUBLE_FINANCING,2
INV-2026-01071,NORMAL,1
INV-2026-01072,NORMAL,1
INV-2026-01073,NORMAL,1
INV-2026-01074,NORMAL,1
INV-2026-01075,NORMAL,1
INV-2026-01076,NORMAL,1
INV-2026-01077,NORMAL,1
INV-2026-01078,NORMAL,1
INV-2026-01079,NORMAL,1
INV-2026-01080,DOUBLE_FINANCING,2
INV-2026-01081,NORMAL,1
INV-2026-01082,NORMAL,1
INV-2026-01083,NORMAL,1
INV-2026-01084,NORMAL,1
INV-2026-01085,NORMAL,1
INV-2026-01086,NORMAL,1
INV-2026-01087,NORMAL,1
INV-2026-01088,NORMAL,1
INV-2026-01089,NORMAL,1
INV-2026-01090,NORMAL,1
INV-2026-01091,NORMAL,1
INV-2026-01092,NORMAL,1
INV-2026-01093,NORMAL,1
INV-2026-01094,DOUBLE_FINANCING,2
INV-2026-01095,NORMAL,1
INV-2026-01096,NORMAL,1
INV-2026-01097,NORMAL,1
INV-2026-01098,NORMAL,1
INV-2026-01099,NORMAL,1
INV-2026-01100,NORMAL,1
INV-2026-01101,NORMAL,1
INV-2026-01102,NORMAL,1
INV-2026-01103,NORMAL,1
INV-2026-01104,NORMAL,1
INV-2026-01105,NORMAL,1
INV-2026-01106,NORMAL,1
INV-2026-01107,NORMAL,1
INV-2026-01108,NORMAL,1
INV-2026-01109,NORMAL,1
INV-2026-01110,NORMAL,1
INV-2026-01111,DOUBLE_FINANCING,2
INV-2026-01112,NORMAL,1
INV-2026-01113,NORMAL,1
INV-2026-01114,DOUBLE_FINANCING,2
INV-2026-01115,NORMAL,1
INV-2026-01116,NORMAL,1
INV-2026-01117,NORMAL,1
INV-2026-01118,NORMAL,1
INV-2026-01119,NORMAL,1
INV-2026-01120,NORMAL,1
INV-2026-01121,NORMAL,1
INV-2026-01122,NORMAL,1
INV-2026-01123,NORMAL,1
INV-2026-01124,NORMAL,1
INV-2026-01125,NORMAL,1
INV-2026-01126,NORMAL,1
INV-2026-01127,NORMAL,1
INV-2026-01128,NORMAL,1
INV-2026-01129,NORMAL,1
INV-2026-01130,NORMAL,1
INV-2026-01131,NORMAL,1
INV-2026-01132,NORMAL,1
INV-2026-01133,NORMAL,1
INV-2026-01134,NORMAL,1
INV-2026-01135,NORMAL,1
INV-2026-01136,NORMAL,1
INV-2026-01137,NORMAL,1
INV-2026-01138,NORMAL,1
INV-2026-01139,NORMAL,1
INV-2026-01140,DOUBLE_FINANCING,2
INV-2026-01141,NORMAL,1
INV-2026-01142,NORMAL,1
INV-2026-01143,NORMAL,1
INV-2026-01144,NORMAL,1
INV-2026-01145,NORMAL,1
INV-2026-01146,NORMAL,1
INV-2026-01147,NORMAL,1
INV-2026-01148,NORMAL,1
INV-2026-01149,NORMAL,1
INV-2026-01150,NORMAL,1
INV-2026-01151,NORMAL,1
INV-2026-01152,NORMAL,1
INV-2026-01153,NORMAL,1
INV-2026-01154,DOUBLE_FINANCING,2
INV-2026-01155,NORMAL,1
INV-2026-01156,DOUBLE_FINANCING,2
INV-2026-01157,NORMAL,1
INV-2026-01158,NORMAL,1
INV-2026-01159,NORMAL,1
INV-2026-01160,NORMAL,1
INV-2026-01161,NORMAL,1
INV-2026-01162,DOUBLE_FINANCING,2
INV-2026-01163,NORMAL,1
INV-2026-01164,NORMAL,1
INV-2026-01165,DOUBLE_FINANCING,2
INV-2026-01166,NORMAL,1
INV-2026-01167,DOUBLE_FINANCING,2
INV-2026-01168,NORMAL,1
INV-2026-01169,NORMAL,1
INV-2026-01170,NORMAL,1
INV-2026-01171,NORMAL,1
INV-2026-01172,NORMAL,1
INV-2026-01173,NORMAL,1
INV-2026-01174,NORMAL,1
INV-2026-01175,NORMAL,1
INV-2026-01176,DOUBLE_FINANCING,2
INV-2026-01177,NORMAL,1
INV-2026-01178,DOUBLE_FINANCING,2
INV-2026-01179,DOUBLE_FINANCING,2
INV-2026-01180,NORMAL,1
INV-2026-01181,NORMAL,1
INV-2026-01182,NORMAL,1
INV-2026-01183,NORMAL,1
INV-2026-01184,NORMAL,1
INV-2026-01185,NORMAL,1
INV-2026-01186,NORMAL,1
INV-2026-01187,DOUBLE_FINANCING,2
INV-2026-01188,NORMAL,1
INV-2026-01189,DOUBLE_FINANCING,2
INV-2026-01190,NORMAL,1
INV-2026-01191,NORMAL,1
INV-2026-01192,DOUBLE_FINANCING,2
INV-2026-01193,NORMAL,1
INV-2026-01194,NORMAL,1
INV-2026-01195,NORMAL,1
INV-2026-01196,NORMAL,1
INV-2026-01197,NORMAL,1
INV-2026-01198,NORMAL,1
INV-2026-01199,NORMAL,1
INV-2026-01200,NORMAL,1
INV-2026-01201,DOUBLE_FINANCING,2
INV-2026-01202,NORMAL,1
INV-2026-01203,NORMAL,1
INV-2026-01204,NORMAL,1
INV-2026-01205,NORMAL,1
INV-2026-01206,NORMAL,1
INV-2026-01207,NORMAL,1
INV-2026-01208,NORMAL,1
INV-2026-01209,NORMAL,1
INV-2026-01210,NORMAL,1
INV-2026-01211,NORMAL,1
INV-2026-01212,NORMAL,1
INV-2026-01213,NORMAL,1
INV-2026-01214,NORMAL,1
INV-2026-01215,NORMAL,1
INV-2026-01216,DOUBLE_FINANCING,2
INV-2026-01217,NORMAL,1
INV-2026-01218,DOUBLE_FINANCING,2
INV-2026-01219,DOUBLE_FINANCING,2
INV-2026-01220,NORMAL,1
INV-2026-01221,NORMAL,1
INV-2026-01222,DOUBLE_FINANCING,2
INV-2026-01223,NORMAL,1
INV-2026-01224,NORMAL,1
INV-2026-01225,NORMAL,1
INV-2026-01226,NORMAL,1
INV-2026-01227,NORMAL,1
INV-2026-01228,DOUBLE_FINANCING,2
INV-2026-01229,DOUBLE_FINANCING,2
INV-2026-01230,NORMAL,1
INV-2026-01231,NORMAL,1
INV-2026-01232,NORMAL,1
INV-2026-01233,NORMAL,1
INV-2026-01234,NORMAL,1
INV-2026-01235,NORMAL,1
INV-2026-01236,NORMAL,1
INV-2026-01237,NORMAL,1
INV-2026-01238,NORMAL,1
INV-2026-01239,DOUBLE_FINANCING,2
INV-2026-01240,NORMAL,1
INV-2026-01241,NORMAL,1
INV-2026-01242,NORMAL,1
INV-2026-01243,NORMAL,1
INV-2026-01244,NORMAL,1
INV-2026-01245,NORMAL,1
INV-2026-01246,NORMAL,1
INV-2026-01247,NORMAL,1
INV-2026-01248,NORMAL,1
INV-2026-01249,NORMAL,1
INV-2026-01250,NORMAL,1
INV-2026-01251,NORMAL,1
INV-2026-01252,NORMAL,1
INV-2026-01253,NORMAL,1
INV-2026-01254,DOUBLE_FINANCING,2
INV-2026-01255,NORMAL,1
INV-2026-01256,NORMAL,1
INV-2026-01257,DOUBLE_FINANCING,2
INV-2026-01258,NORMAL,1
INV-2026-01259,NORMAL,1
INV-2026-01260,NORMAL,1
INV-2026-01261,NORMAL,1
INV-2026-01262,NORMAL,1
INV-2026-01263,NORMAL,1
INV-2026-01264,NORMAL,1
INV-2026-01265,NORMAL,1
INV-2026-01266,NORMAL,1
INV-2026-01267,NORMAL,1
INV-2026-01268,DOUBLE_FINANCING,2
INV-2026-01269,NORMAL,1
INV-2026-01270,DOUBLE_FINANCING,2
INV-2026-01271,DOUBLE_FINANCING,2
INV-2026-01272,NORMAL,1
INV-2026-01273,NORMAL,1
INV-2026-01274,NORMAL,1
INV-2026-01275,NORMAL,1
INV-2026-01276,NORMAL,1
INV-2026-01277,DOUBLE_FINANCING,2
INV-2026-01278,DOUBLE_FINANCING,2
INV-2026-01279,NORMAL,1
INV-2026-01280,NORMAL,1
INV-2026-01281,NORMAL,1
INV-2026-01282,DOUBLE_FINANCING,2
INV-2026-01283,NORMAL,1
INV-2026-01284,NORMAL,1
INV-2026-01285,NORMAL,1
INV-2026-01286,NORMAL,1
INV-2026-01287,DOUBLE_FINANCING,2
INV-2026-01288,NORMAL,1
INV-2026-01289,NORMAL,1
INV-2026-01290,DOUBLE_FINANCING,2
INV-2026-01291,DOUBLE_FINANCING,2
INV-2026-01292,NORMAL,1
INV-2026-01293,NORMAL,1
INV-2026-01294,NORMAL,1
INV-2026-01295,NORMAL,1
INV-2026-01296,NORMAL,1
INV-2026-01297,NORMAL,1
INV-2026-01298,NORMAL,1
INV-2026-01299,NORMAL,1
INV-2026-01300,NORMAL,1
INV-2026-01301,NORMAL,1
INV-2026-01302,NORMAL,1
INV-2026-01303,NORMAL,1
INV-2026-01304,NORMAL,1
INV-2026-01305,NORMAL,1
INV-2026-01306,NORMAL,1
INV-2026-01307,NORMAL,1
INV-2026-01308,DOUBLE_FINANCING,2
INV-2026-01309,NORMAL,1
INV-2026-01310,NORMAL,1
INV-2026-01311,NORMAL,1
INV-2026-01312,NORMAL,1
INV-2026-01313,NORMAL,1
INV-2026-01314,NORMAL,1
INV-2026-01315,DOUBLE_FINANCING,2
INV-2026-01316,NORMAL,1
INV-2026-01317,NORMAL,1
INV-2026-01318,NORMAL,1
INV-2026-01319,NORMAL,1
INV-2026-01320,DOUBLE_FINANCING,2
INV-2026-01321,NORMAL,1
INV-2026-01322,DOUBLE_FINANCING,2
INV-2026-01323,NORMAL,1
INV-2026-01324,NORMAL,1
INV-2026-01325,NORMAL,1
INV-2026-01326,NORMAL,1
INV-2026-01327,DOUBLE_FINANCING,2
INV-2026-01328,NORMAL,1
INV-2026-01329,NORMAL,1
INV-2026-01330,NORMAL,1
INV-2026-01331,NORMAL,1
INV-2026-01332,NORMAL,1
INV-2026-01333,DOUBLE_FINANCING,2
INV-2026-01334,NORMAL,1
INV-2026-01335,NORMAL,1
INV-2026-01336,NORMAL,1
INV-2026-01337,NORMAL,1
INV-2026-01338,NORMAL,1
INV-2026-01339,NORMAL,1
INV-2026-01340,NORMAL,1
INV-2026-01341,NORMAL,1
INV-2026-01342,DOUBLE_FINANCING,2
INV-2026-01343,NORMAL,1
INV-2026-01344,NORMAL,1
INV-2026-01345,NORMAL,1
INV-2026-01346,NORMAL,1
INV-2026-01347,NORMAL,1
INV-2026-01348,NORMAL,1
INV-2026-01349,DOUBLE_FINANCING,2
INV-2026-01350,NORMAL,1
INV-2026-01351,NORMAL,1
INV-2026-01352,NORMAL,1
INV-2026-01353,NORMAL,1
INV-2026-01354,NORMAL,1
INV-2026-01355,DOUBLE_FINANCING,2
INV-2026-01356,NORMAL,1
INV-2026-01357,NORMAL,1
INV-2026-01358,NORMAL,1
INV-2026-01359,DOUBLE_FINANCING,2
INV-2026-01360,NORMAL,1
INV-2026-01361,NORMAL,1
INV-2026-01362,DOUBLE_FINANCING,2
INV-2026-01363,NORMAL,1
INV-2026-01364,NORMAL,1
INV-2026-01365,NORMAL,1
INV-2026-01366,NORMAL,1
INV-2026-01367,NORMAL,1
INV-2026-01368,NORMAL,1
INV-2026-01369,DOUBLE_FINANCING,2
INV-2026-01370,NORMAL,1
INV-2026-01371,DOUBLE_FINANCING,2
INV-2026-01372,NORMAL,1
INV-2026-01373,NORMAL,1
INV-2026-01374,NORMAL,1
INV-2026-01375,NORMAL,1
INV-2026-01376,NORMAL,1
INV-2026-01377,NORMAL,1
INV-2026-01378,NORMAL,1
INV-2026-01379,NORMAL,1
INV-2026-01380,DOUBLE_FINANCING,2
INV-2026-01381,NORMAL,1
INV-2026-01382,NORMAL,1
INV-2026-01383,NORMAL,1
INV-2026-01384,NORMAL,1
INV-2026-01385,NORMAL,1
INV-2026-01386,NORMAL,1
INV-2026-01387,NORMAL,1
INV-2026-01388,NORMAL,1
INV-2026-01389,NORMAL,1
INV-2026-01390,NORMAL,1
INV-2026-01391,NORMAL,1
INV-2026-01392,DOUBLE_FINANCING,2
INV-2026-01393,NORMAL,1
INV-2026-01394,DOUBLE_FINANCING,2
INV-2026-01395,NORMAL,1
INV-2026-01396,NORMAL,1
INV-2026-01397,NORMAL,1
INV-2026-01398,DOUBLE_FINANCING,2
INV-2026-01399,NORMAL,1
INV-2026-01400,NORMAL,1
INV-2026-01401,NORMAL,1
INV-2026-01402,DOUBLE_FINANCING,2
INV-2026-01403,DOUBLE_FINANCING,2
INV-2026-01404,NORMAL,1
INV-2026-01405,NORMAL,1
INV-2026-01406,NORMAL,1
INV-2026-01407,NORMAL,1
INV-2026-01408,NORMAL,1
INV-2026-01409,NORMAL,1
INV-2026-01410,DOUBLE_FINANCING,2
INV-2026-01411,NORMAL,1
INV-2026-01412,NORMAL,1
INV-2026-01413,NORMAL,1
INV-2026-01414,NORMAL,1
INV-2026-01415,NORMAL,1
INV-2026-01416,NORMAL,1
INV-2026-01417,DOUBLE_FINANCING,2
INV-2026-01418,DOUBLE_FINANCING,2
INV-2026-01419,DOUBLE_FINANCING,2
INV-2026-01420,NORMAL,1
INV-2026-01421,NORMAL,1
INV-2026-01422,NORMAL,1
INV-2026-01423,NORMAL,1
INV-2026-01424,NORMAL,1
INV-2026-01425,NORMAL,1
INV-2026-01426,NORMAL,1
INV-2026-01427,DOUBLE_FINANCING,2
INV-2026-01428,NORMAL,1
INV-2026-01429,NORMAL,1
INV-2026-01430,NORMAL,1
INV-2026-01431,NORMAL,1
INV-2026-01432,NORMAL,1
INV-2026-01433,NORMAL,1
INV-2026-01434,NORMAL,1
INV-2026-01435,NORMAL,1
INV-2026-01436,NORMAL,1
INV-2026-01437,NORMAL,1
INV-2026-01438,NORMAL,1
INV-2026-01439,DOUBLE_FINANCING,2
INV-2026-01440,NORMAL,1
INV-2026-01441,DOUBLE_FINANCING,2
INV-2026-01442,NORMAL,1
INV-2026-01443,NORMAL,1
INV-2026-01444,NORMAL,1
INV-2026-01445,NORMAL,1
INV-2026-01446,NORMAL,1
INV-2026-01447,NORMAL,1
INV-2026-01448,NORMAL,1
INV-2026-01449,NORMAL,1
INV-2026-01450,NORMAL,1
INV-2026-01451,DOUBLE_FINANCING,2
INV-2026-01452,NORMAL,1
INV-2026-01453,NORMAL,1
INV-2026-01454,NORMAL,1
INV-2026-01455,NORMAL,1
INV-2026-01456,NORMAL,1
INV-2026-01457,NORMAL,1
INV-2026-01458,NORMAL,1
INV-2026-01459,DOUBLE_FINANCING,2
INV-2026-01460,NORMAL,1
INV-2026-01461,NORMAL,1
INV-2026-01462,NORMAL,1
INV-2026-01463,DOUBLE_FINANCING,2
INV-2026-01464,DOUBLE_FINANCING,2
INV-2026-01465,NORMAL,1
INV-2026-01466,NORMAL,1
INV-2026-01467,NORMAL,1
INV-2026-01468,NORMAL,1
INV-2026-01469,NORMAL,1
INV-2026-01470,NORMAL,1
INV-2026-01471,NORMAL,1
INV-2026-01472,DOUBLE_FINANCING,2
INV-2026-01473,NORMAL,1
INV-2026-01474,NORMAL,1
INV-2026-01475,NORMAL,1
INV-2026-01476,NORMAL,1
INV-2026-01477,NORMAL,1
INV-2026-01478,NORMAL,1
INV-2026-01479,NORMAL,1
INV-2026-01480,NORMAL,1
INV-2026-01481,NORMAL,1
INV-2026-01482,NORMAL,1
INV-2026-01483,NORMAL,1
INV-2026-01484,NORMAL,1
INV-2026-01485,NORMAL,1
INV-2026-01486,NORMAL,1
INV-2026-01487,NORMAL,1
INV-2026-01488,NORMAL,1
INV-2026-01489,NORMAL,1
INV-2026-01490,NORMAL,1
INV-2026-01491,DOUBLE_FINANCING,2
INV-2026-01492,DOUBLE_FINANCING,2
INV-2026-01493,NORMAL,1
INV-2026-01494,DOUBLE_FINANCING,2
INV-2026-01495,NORMAL,1
INV-2026-01496,NORMAL,1
INV-2026-01497,DOUBLE_FINANCING,2
INV-2026-01498,NORMAL,1
INV-2026-01499,NORMAL,1
INV-2026-01500,DOUBLE_FINANCING,2
INV-2026-01501,NORMAL,1
INV-2026-01502,NORMAL,1
INV-2026-01503,NORMAL,1
INV-2026-01504,NORMAL,1
INV-2026-01505,NORMAL,1
INV-2026-01506,NORMAL,1
INV-2026-01507,NORMAL,1
INV-2026-01508,NORMAL,1
INV-2026-01509,NORMAL,1
INV-2026-01510,NORMAL,1
INV-2026-01511,NORMAL,1
INV-2026-01512,NORMAL,1
INV-2026-01513,NORMAL,1
INV-2026-01514,DOUBLE_FINANCING,2
INV-2026-01515,NORMAL,1
INV-2026-01516,NORMAL,1
INV-2026-01517,DOUBLE_FINANCING,2
INV-2026-01518,NORMAL,1
INV-2026-01519,NORMAL,1
INV-2026-01520,NORMAL,1
INV-2026-01521,NORMAL,1
INV-2026-01522,NORMAL,1
INV-2026-01523,NORMAL,1
INV-2026-01524,NORMAL,1
INV-2026-01525,NORMAL,1
INV-2026-01526,NORMAL,1
INV-2026-01527,NORMAL,1
INV-2026-01528,NORMAL,1
INV-2026-01529,NORMAL,1
INV-2026-01530,NORMAL,1
INV-2026-01531,NORMAL,1
INV-2026-01532,NORMAL,1
INV-2026-01533,NORMAL,1
INV-2026-01534,NORMAL,1
INV-2026-01535,NORMAL,1
INV-2026-01536,NORMAL,1
INV-2026-01537,NORMAL,1
INV-2026-01538,NORMAL,1
INV-2026-01539,NORMAL,1
INV-2026-01540,NORMAL,1
INV-2026-01541,NORMAL,1
INV-2026-01542,DOUBLE_FINANCING,2
INV-2026-01543,NORMAL,1
INV-2026-01544,NORMAL,1
INV-2026-01545,NORMAL,1
INV-2026-01546,NORMAL,1
INV-2026-01547,NORMAL,1
INV-2026-01548,NORMAL,1
INV-2026-01549,NORMAL,1
INV-2026-01550,NORMAL,1
INV-2026-01551,NORMAL,1
INV-2026-01552,NORMAL,1
INV-2026-01553,DOUBLE_FINANCING,2
INV-2026-01554,NORMAL,1
INV-2026-01555,DOUBLE_FINANCING,2
INV-2026-01556,NORMAL,1
INV-2026-01557,NORMAL,1
INV-2026-01558,NORMAL,1
INV-2026-01559,NORMAL,1
INV-2026-01560,DOUBLE_FINANCING,2
INV-2026-01561,NORMAL,1
INV-2026-01562,NORMAL,1
INV-2026-01563,NORMAL,1
INV-2026-01564,NORMAL,1
INV-2026-01565,NORMAL,1
INV-2026-01566,NORMAL,1
INV-2026-01567,NORMAL,1
INV-2026-01568,NORMAL,1
INV-2026-01569,NORMAL,1
INV-2026-01570,NORMAL,1
INV-2026-01571,NORMAL,1
INV-2026-01572,NORMAL,1
INV-2026-01573,NORMAL,1
INV-2026-01574,NORMAL,1
INV-2026-01575,NORMAL,1
INV-2026-01576,NORMAL,1
INV-2026-01577,NORMAL,1
INV-2026-01578,NORMAL,1
INV-2026-01579,NORMAL,1
INV-2026-01580,NORMAL,1
INV-2026-01581,NORMAL,1
INV-2026-01582,NORMAL,1
INV-2026-01583,NORMAL,1
INV-2026-01584,NORMAL,1
INV-2026-01585,DOUBLE_FINANCING,2
INV-2026-01586,NORMAL,1
INV-2026-01587,NORMAL,1
INV-2026-01588,DOUBLE_FINANCING,2
INV-2026-01589,DOUBLE_FINANCING,2
INV-2026-01590,NORMAL,1
INV-2026-01591,NORMAL,1
INV-2026-01592,NORMAL,1
INV-2026-01593,DOUBLE_FINANCING,2
INV-2026-01594,NORMAL,1
INV-2026-01595,NORMAL,1
INV-2026-01596,NORMAL,1
INV-2026-01597,NORMAL,1
INV-2026-01598,NORMAL,1
INV-2026-01599,NORMAL,1
INV-2026-01600,DOUBLE_FINANCING,2
INV-2026-01601,NORMAL,1
INV-2026-01602,NORMAL,1
INV-2026-01603,NORMAL,1
INV-2026-01604,NORMAL,1
INV-2026-01605,NORMAL,1
INV-2026-01606,NORMAL,1
INV-2026-01607,NORMAL,1
INV-2026-01608,DOUBLE_FINANCING,2
INV-2026-01609,NORMAL,1
INV-2026-01610,NORMAL,1
INV-2026-01611,NORMAL,1
INV-2026-01612,NORMAL,1
INV-2026-01613,NORMAL,1
INV-2026-01614,NORMAL,1
INV-2026-01615,NORMAL,1
INV-2026-01616,DOUBLE_FINANCING,2
INV-2026-01617,NORMAL,1
INV-2026-01618,NORMAL,1
INV-2026-01619,NORMAL,1
INV-2026-01620,NORMAL,1
INV-2026-01621,NORMAL,1
INV-2026-01622,NORMAL,1
INV-2026-01623,NORMAL,1
INV-2026-01624,NORMAL,1
INV-2026-01625,DOUBLE_FINANCING,2
INV-2026-01626,NORMAL,1
INV-2026-01627,NORMAL,1
INV-2026-01628,NORMAL,1
INV-2026-01629,NORMAL,1
INV-2026-01630,NORMAL,1
INV-2026-01631,DOUBLE_FINANCING,2
INV-2026-01632,NORMAL,1
INV-2026-01633,NORMAL,1
INV-2026-01634,NORMAL,1
INV-2026-01635,NORMAL,1
INV-2026-01636,NORMAL,1
INV-2026-01637,NORMAL,1
INV-2026-01638,NORMAL,1
INV-2026-01639,NORMAL,1
INV-2026-01640,DOUBLE_FINANCING,2
INV-2026-01641,DOUBLE_FINANCING,2
INV-2026-01642,DOUBLE_FINANCING,2
INV-2026-01643,NORMAL,1
INV-2026-01644,NORMAL,1
INV-2026-01645,DOUBLE_FINANCING,2
INV-2026-01646,NORMAL,1
INV-2026-01647,NORMAL,1
INV-2026-01648,NORMAL,1
INV-2026-01649,NORMAL,1
INV-2026-01650,NORMAL,1
INV-2026-01651,NORMAL,1
INV-2026-01652,NORMAL,1
INV-2026-01653,NORMAL,1
INV-2026-01654,NORMAL,1
INV-2026-01655,NORMAL,1
INV-2026-01656,NORMAL,1
INV-2026-01657,DOUBLE_FINANCING,2
INV-2026-01658,DOUBLE_FINANCING,2
INV-2026-01659,NORMAL,1
INV-2026-01660,NORMAL,1
INV-2026-01661,NORMAL,1
INV-2026-01662,NORMAL,1
INV-2026-01663,NORMAL,1
INV-2026-01664,NORMAL,1
INV-2026-01665,NORMAL,1
INV-2026-01666,NORMAL,1
INV-2026-01667,NORMAL,1
INV-2026-01668,NORMAL,1
INV-2026-01669,NORMAL,1
INV-2026-01670,NORMAL,1
INV-2026-01671,NORMAL,1
INV-2026-01672,NORMAL,1
INV-2026-01673,NORMAL,1
INV-2026-01674,NORMAL,1
INV-2026-01675,DOUBLE_FINANCING,2
INV-2026-01676,NORMAL,1
INV-2026-01677,NORMAL,1
INV-2026-01678,NORMAL,1
INV-2026-01679,NORMAL,1
INV-2026-01680,NORMAL,1
INV-2026-01681,NORMAL,1
INV-2026-01682,NORMAL,1
INV-2026-01683,NORMAL,1
INV-2026-01684,NORMAL,1
INV-2026-01685,NORMAL,1
INV-2026-01686,NORMAL,1
INV-2026-01687,NORMAL,1
INV-2026-01688,NORMAL,1
INV-2026-01689,NORMAL,1
INV-2026-01690,DOUBLE_FINANCING,2
INV-2026-01691,NORMAL,1
INV-2026-01692,NORMAL,1
INV-2026-01693,NORMAL,1
INV-2026-01694,NORMAL,1
INV-2026-01695,NORMAL,1
INV-2026-01696,NORMAL,1
INV-2026-01697,NORMAL,1
INV-2026-01698,NORMAL,1
INV-2026-01699,DOUBLE_FINANCING,2
INV-2026-01700,NORMAL,1
INV-2026-01701,NORMAL,1
INV-2026-01702,NORMAL,1
INV-2026-01703,DOUBLE_FINANCING,2
INV-2026-01704,NORMAL,1
INV-2026-01705,NORMAL,1
INV-2026-01706,NORMAL,1
INV-2026-01707,NORMAL,1
INV-2026-01708,NORMAL,1
INV-2026-01709,NORMAL,1
INV-2026-01710,NORMAL,1
INV-2026-01711,NORMAL,1
INV-2026-01712,NORMAL,1
INV-2026-01713,NORMAL,1
INV-2026-01714,NORMAL,1
INV-2026-01715,NORMAL,1
INV-2026-01716,DOUBLE_FINANCING,2
INV-2026-01717,NORMAL,1
INV-2026-01718,NORMAL,1
INV-2026-01719,NORMAL,1
INV-2026-01720,DOUBLE_FINANCING,2
INV-2026-01721,NORMAL,1
INV-2026-01722,NORMAL,1
INV-2026-01723,NORMAL,1
INV-2026-01724,NORMAL,1
INV-2026-01725,NORMAL,1
INV-2026-01726,NORMAL,1
INV-2026-01727,DOUBLE_FINANCING,2
INV-2026-01728,NORMAL,1
INV-2026-01729,NORMAL,1
INV-2026-01730,NORMAL,1
INV-2026-01731,NORMAL,1
INV-2026-01732,NORMAL,1
INV-2026-01733,NORMAL,1
INV-2026-01734,NORMAL,1
INV-2026-01735,NORMAL,1
INV-2026-01736,NORMAL,1
INV-2026-01737,NORMAL,1
INV-2026-01738,NORMAL,1
INV-2026-01739,NORMAL,1
INV-2026-01740,NORMAL,1
INV-2026-01741,NORMAL,1
INV-2026-01742,NORMAL,1
INV-2026-01743,NORMAL,1
INV-2026-01744,NORMAL,1
INV-2026-01745,DOUBLE_FINANCING,2
INV-2026-01746,DOUBLE_FINANCING,2
INV-2026-01747,NORMAL,1
INV-2026-01748,NORMAL,1
INV-2026-01749,NORMAL,1
INV-2026-01750,NORMAL,1
INV-2026-01751,NORMAL,1
INV-2026-01752,NORMAL,1
INV-2026-01753,NORMAL,1
INV-2026-01754,NORMAL,1
INV-2026-01755,NORMAL,1
INV-2026-01756,NORMAL,1
INV-2026-01757,NORMAL,1
INV-2026-01758,NORMAL,1
INV-2026-01759,NORMAL,1
INV-2026-01760,DOUBLE_FINANCING,2
INV-2026-01761,NORMAL,1
INV-2026-01762,DOUBLE_FINANCING,2
INV-2026-01763,NORMAL,1
INV-2026-01764,NORMAL,1
INV-2026-01765,NORMAL,1
INV-2026-01766,NORMAL,1
INV-2026-01767,NORMAL,1
INV-2026-01768,NORMAL,1
INV-2026-01769,NORMAL,1
INV-2026-01770,NORMAL,1
INV-2026-01771,NORMAL,1
INV-2026-01772,NORMAL,1
INV-2026-01773,NORMAL,1
INV-2026-01774,NORMAL,1
INV-2026-01775,NORMAL,1
INV-2026-01776,NORMAL,1
INV-2026-01777,NORMAL,1
INV-2026-01778,NORMAL,1
INV-2026-01779,DOUBLE_FINANCING,2
INV-2026-01780,NORMAL,1
INV-2026-01781,NORMAL,1
INV-2026-01782,NORMAL,1
INV-2026-01783,NORMAL,1
INV-2026-01784,NORMAL,1
INV-2026-01785,NORMAL,1
INV-2026-01786,NORMAL,1
INV-2026-01787,NORMAL,1
INV-2026-01788,NORMAL,1
INV-2026-01789,NORMAL,1
INV-2026-01790,NORMAL,1
INV-2026-01791,NORMAL,1
INV-2026-01792,NORMAL,1
INV-2026-01793,NORMAL,1
INV-2026-01794,NORMAL,1
INV-2026-01795,NORMAL,1
INV-2026-01796,DOUBLE_FINANCING,2
INV-2026-01797,DOUBLE_FINANCING,2
INV-2026-01798,DOUBLE_FINANCING,2
INV-2026-01799,DOUBLE_FINANCING,2
INV-2026-01800,NORMAL,1
INV-2026-01801,NORMAL,1
INV-2026-01802,NORMAL,1
INV-2026-01803,DOUBLE_FINANCING,2
INV-2026-01804,NORMAL,1
INV-2026-01805,NORMAL,1
INV-2026-01806,NORMAL,1
INV-2026-01807,DOUBLE_FINANCING,2
INV-2026-01808,NORMAL,1
INV-2026-01809,NORMAL,1
INV-2026-01810,NORMAL,1
INV-2026-01811,NORMAL,1
INV-2026-01812,NORMAL,1
INV-2026-01813,NORMAL,1
INV-2026-01814,NORMAL,1
INV-2026-01815,NORMAL,1
INV-2026-01816,DOUBLE_FINANCING,2
INV-2026-01817,NORMAL,1
INV-2026-01818,NORMAL,1
INV-2026-01819,DOUBLE_FINANCING,2
INV-2026-01820,NORMAL,1
INV-2026-01821,NORMAL,1
INV-2026-01822,DOUBLE_FINANCING,2
INV-2026-01823,NORMAL,1
INV-2026-01824,DOUBLE_FINANCING,2
INV-2026-01825,DOUBLE_FINANCING,2
INV-2026-01826,DOUBLE_FINANCING,2
INV-2026-01827,DOUBLE_FINANCING,2
INV-2026-01828,NORMAL,1
INV-2026-01829,NORMAL,1
INV-2026-01830,NORMAL,1
INV-2026-01831,NORMAL,1
INV-2026-01832,NORMAL,1
INV-2026-01833,NORMAL,1
INV-2026-01834,NORMAL,1
INV-2026-01835,NORMAL,1
INV-2026-01836,NORMAL,1
INV-2026-01837,NORMAL,1
INV-2026-01838,NORMAL,1
INV-2026-01839,NORMAL,1
INV-2026-01840,DOUBLE_FINANCING,2
INV-2026-01841,NORMAL,1
INV-2026-01842,NORMAL,1
INV-2026-01843,NORMAL,1
INV-2026-01844,NORMAL,1
INV-2026-01845,NORMAL,1
INV-2026-01846,NORMAL,1
INV-2026-01847,NORMAL,1
INV-2026-01848,NORMAL,1
INV-2026-01849,NORMAL,1
INV-2026-01850,NORMAL,1
INV-2026-01851,NORMAL,1
INV-2026-01852,NORMAL,1
INV-2026-01853,NORMAL,1
INV-2026-01854,NORMAL,1
INV-2026-01855,DOUBLE_FINANCING,2
INV-2026-01856,DOUBLE_FINANCING,2
INV-2026-01857,NORMAL,1
INV-2026-01858,NORMAL,1
INV-2026-01859,NORMAL,1
INV-2026-01860,NORMAL,1
INV-2026-01861,DOUBLE_FINANCING,2
INV-2026-01862,NORMAL,1
INV-2026-01863,NORMAL,1
INV-2026-01864,NORMAL,1
INV-2026-01865,NORMAL,1
INV-2026-01866,NORMAL,1
INV-2026-01867,NORMAL,1
INV-2026-01868,NORMAL,1
INV-2026-01869,DOUBLE_FINANCING,2
INV-2026-01870,NORMAL,1
INV-2026-01871,DOUBLE_FINANCING,2
INV-2026-01872,NORMAL,1
INV-2026-01873,NORMAL,1
INV-2026-01874,DOUBLE_FINANCING,2
INV-2026-01875,NORMAL,1
INV-2026-01876,NORMAL,1
INV-2026-01877,NORMAL,1
INV-2026-01878,DOUBLE_FINANCING,2
INV-2026-01879,NORMAL,1
INV-2026-01880,NORMAL,1
INV-2026-01881,NORMAL,1
INV-2026-01882,NORMAL,1
INV-2026-01883,NORMAL,1
INV-2026-01884,NORMAL,1
INV-2026-01885,NORMAL,1
INV-2026-01886,DOUBLE_FINANCING,2
INV-2026-01887,NORMAL,1
INV-2026-01888,NORMAL,1
INV-2026-01889,NORMAL,1
INV-2026-01890,NORMAL,1
INV-2026-01891,NORMAL,1
INV-2026-01892,NORMAL,1
INV-2026-01893,NORMAL,1
INV-2026-01894,NORMAL,1
INV-2026-01895,NORMAL,1
INV-2026-01896,NORMAL,1
INV-2026-01897,NORMAL,1
INV-2026-01898,NORMAL,1
INV-2026-01899,NORMAL,1
INV-2026-01900,NORMAL,1
INV-2026-01901,NORMAL,1
INV-2026-01902,NORMAL,1
INV-2026-01903,NORMAL,1
INV-2026-01904,NORMAL,1
INV-2026-01905,NORMAL,1
INV-2026-01906,NORMAL,1
INV-2026-01907,NORMAL,1
INV-2026-01908,NORMAL,1
INV-2026-01909,DOUBLE_FINANCING,2
INV-2026-01910,NORMAL,1
INV-2026-01911,NORMAL,1
INV-2026-01912,NORMAL,1
INV-2026-01913,NORMAL,1
INV-2026-01914,NORMAL,1
INV-2026-01915,NORMAL,1
INV-2026-01916,NORMAL,1
INV-2026-01917,NORMAL,1
INV-2026-01918,NORMAL,1
INV-2026-01919,DOUBLE_FINANCING,2
INV-2026-01920,NORMAL,1
INV-2026-01921,DOUBLE_FINANCING,2
INV-2026-01922,NORMAL,1
INV-2026-01923,DOUBLE_FINANCING,2
INV-2026-01924,NORMAL,1
INV-2026-01925,NORMAL,1
INV-2026-01926,NORMAL,1
INV-2026-01927,NORMAL,1
INV-2026-01928,NORMAL,1
INV-2026-01929,NORMAL,1
INV-2026-01930,NORMAL,1
INV-2026-01931,NORMAL,1
INV-2026-01932,NORMAL,1
INV-2026-01933,NORMAL,1
INV-2026-01934,NORMAL,1
INV-2026-01935,NORMAL,1
INV-2026-01936,NORMAL,1
INV-2026-01937,NORMAL,1
INV-2026-01938,NORMAL,1
INV-2026-01939,DOUBLE_FINANCING,2
INV-2026-01940,NORMAL,1
INV-2026-01941,NORMAL,1
INV-2026-01942,NORMAL,1
INV-2026-01943,NORMAL,1
INV-2026-01944,NORMAL,1
INV-2026-01945,NORMAL,1
INV-2026-01946,NORMAL,1
INV-2026-01947,NORMAL,1
INV-2026-01948,NORMAL,1
INV-2026-01949,DOUBLE_FINANCING,2
INV-2026-01950,NORMAL,1
INV-2026-01951,NORMAL,1
INV-2026-01952,NORMAL,1
INV-2026-01953,NORMAL,1
INV-2026-01954,NORMAL,1
INV-2026-01955,NORMAL,1
INV-2026-01956,NORMAL,1
INV-2026-01957,NORMAL,1
INV-2026-01958,NORMAL,1
INV-2026-01959,NORMAL,1
INV-2026-01960,NORMAL,1
INV-2026-01961,NORMAL,1
INV-2026-01962,NORMAL,1
INV-2026-01963,NORMAL,1
INV-2026-01964,NORMAL,1
INV-2026-01965,NORMAL,1
INV-2026-01966,NORMAL,1
INV-2026-01967,DOUBLE_FINANCING,2
INV-2026-01968,NORMAL,1
INV-2026-01969,NORMAL,1
INV-2026-01970,NORMAL,1
INV-2026-01971,NORMAL,1
INV-2026-01972,NORMAL,1
INV-2026-01973,DOUBLE_FINANCING,2
INV-2026-01974,NORMAL,1
INV-2026-01975,NORMAL,1
INV-2026-01976,NORMAL,1
INV-2026-01977,NORMAL,1
INV-2026-01978,NORMAL,1
INV-2026-01979,NORMAL,1
INV-2026-01980,NORMAL,1
INV-2026-01981,NORMAL,1
INV-2026-01982,NORMAL,1
INV-2026-01983,NORMAL,1
INV-2026-01984,DOUBLE_FINANCING,2
INV-2026-01985,NORMAL,1
INV-2026-01986,NORMAL,1
INV-2026-01987,NORMAL,1
INV-2026-01988,NORMAL,1
INV-2026-01989,NORMAL,1
INV-2026-01990,NORMAL,1
INV-2026-01991,NORMAL,1
INV-2026-01992,NORMAL,1
INV-2026-01993,NORMAL,1
INV-2026-01994,NORMAL,1
INV-2026-01995,NORMAL,1
INV-2026-01996,NORMAL,1
INV-2026-01997,NORMAL,1
INV-2026-01998,NORMAL,1
INV-2026-01999,NORMAL,1
INV-2026-02000,NORMAL,1
INV-2026-02001,NORMAL,1
INV-2026-02002,NORMAL,1
INV-2026-02003,NORMAL,1
INV-2026-02004,NORMAL,1
INV-2026-02005,NORMAL,1
INV-2026-02006,DOUBLE_FINANCING,2
INV-2026-02007,NORMAL,1
INV-2026-02008,NORMAL,1
INV-2026-02009,NORMAL,1
INV-2026-02010,DOUBLE_FINANCING,2
INV-2026-02011,NORMAL,1
INV-2026-02012,NORMAL,1
INV-2026-02013,NORMAL,1
INV-2026-02014,NORMAL,1
INV-2026-02015,NORMAL,1
INV-2026-02016,NORMAL,1
INV-2026-02017,NORMAL,1
INV-2026-02018,NORMAL,1
INV-2026-02019,DOUBLE_FINANCING,2
INV-2026-02020,DOUBLE_FINANCING,2
INV-2026-02021,NORMAL,1
INV-2026-02022,NORMAL,1
INV-2026-02023,DOUBLE_FINANCING,2
INV-2026-02024,NORMAL,1
INV-2026-02025,NORMAL,1
INV-2026-02026,NORMAL,1
INV-2026-02027,NORMAL,1
INV-2026-02028,NORMAL,1
INV-2026-02029,NORMAL,1
INV-2026-02030,NORMAL,1
INV-2026-02031,NORMAL,1
INV-2026-02032,NORMAL,1
INV-2026-02033,NORMAL,1
INV-2026-02034,NORMAL,1
INV-2026-02035,NORMAL,1
INV-2026-02036,NORMAL,1
INV-2026-02037,NORMAL,1
INV-2026-02038,DOUBLE_FINANCING,2
INV-2026-02039,NORMAL,1
INV-2026-02040,NORMAL,1
INV-2026-02041,NORMAL,1
INV-2026-02042,DOUBLE_FINANCING,2
INV-2026-02043,NORMAL,1
INV-2026-02044,NORMAL,1
INV-2026-02045,NORMAL,1
INV-2026-02046,NORMAL,1
INV-2026-02047,NORMAL,1
INV-2026-02048,NORMAL,1
INV-2026-02049,NORMAL,1
INV-2026-02050,NORMAL,1
INV-2026-02051,DOUBLE_FINANCING,2
INV-2026-02052,NORMAL,1
INV-2026-02053,DOUBLE_FINANCING,2
INV-2026-02054,NORMAL,1
INV-2026-02055,NORMAL,1
INV-2026-02056,NORMAL,1
INV-2026-02057,DOUBLE_FINANCING,2
INV-2026-02058,NORMAL,1
INV-2026-02059,DOUBLE_FINANCING,2
INV-2026-02060,NORMAL,1
INV-2026-02061,DOUBLE_FINANCING,2
INV-2026-02062,NORMAL,1
INV-2026-02063,NORMAL,1
INV-2026-02064,NORMAL,1
INV-2026-02065,NORMAL,1
INV-2026-02066,NORMAL,1
INV-2026-02067,NORMAL,1
INV-2026-02068,NORMAL,1
INV-2026-02069,DOUBLE_FINANCING,2
INV-2026-02070,NORMAL,1
INV-2026-02071,NORMAL,1
INV-2026-02072,NORMAL,1
INV-2026-02073,NORMAL,1
INV-2026-02074,NORMAL,1
INV-2026-02075,NORMAL,1
INV-2026-02076,NORMAL,1
INV-2026-02077,NORMAL,1
INV-2026-02078,NORMAL,1
INV-2026-02079,NORMAL,1
INV-2026-02080,NORMAL,1
INV-2026-02081,NORMAL,1
INV-2026-02082,NORMAL,1
INV-2026-02083,NORMAL,1
INV-2026-02084,NORMAL,1
INV-2026-02085,NORMAL,1
INV-2026-02086,NORMAL,1
INV-2026-02087,NORMAL,1
INV-2026-02088,NORMAL,1
INV-2026-02089,NORMAL,1
INV-2026-02090,NORMAL,1
INV-2026-02091,DOUBLE_FINANCING,2
INV-2026-02092,NORMAL,1
INV-2026-02093,NORMAL,1
INV-2026-02094,NORMAL,1
INV-2026-02095,NORMAL,1
INV-2026-02096,NORMAL,1
INV-2026-02097,DOUBLE_FINANCING,2
INV-2026-02098,NORMAL,1
INV-2026-02099,NORMAL,1
INV-2026-02100,NORMAL,1
INV-2026-02101,NORMAL,1
INV-2026-02102,NORMAL,1
INV-2026-02103,NORMAL,1
INV-2026-02104,NORMAL,1
INV-2026-02105,NORMAL,1
INV-2026-02106,DOUBLE_FINANCING,2
INV-2026-02107,NORMAL,1
INV-2026-02108,NORMAL,1
INV-2026-02109,NORMAL,1
INV-2026-02110,NORMAL,1
INV-2026-02111,NORMAL,1
INV-2026-02112,NORMAL,1
INV-2026-02113,NORMAL,1
INV-2026-02114,NORMAL,1
INV-2026-02115,NORMAL,1
INV-2026-02116,NORMAL,1
INV-2026-02117,NORMAL,1
INV-2026-02118,NORMAL,1
INV-2026-02119,NORMAL,1
INV-2026-02120,NORMAL,1
INV-2026-02121,NORMAL,1
INV-2026-02122,NORMAL,1
INV-2026-02123,DOUBLE_FINANCING,2
INV-2026-02124,NORMAL,1
INV-2026-02125,NORMAL,1
INV-2026-02126,NORMAL,1
INV-2026-02127,NORMAL,1
INV-2026-02128,DOUBLE_FINANCING,2
INV-2026-02129,DOUBLE_FINANCING,2
INV-2026-02130,NORMAL,1
INV-2026-02131,NORMAL,1
INV-2026-02132,NORMAL,1
INV-2026-02133,NORMAL,1
INV-2026-02134,NORMAL,1
INV-2026-02135,NORMAL,1
INV-2026-02136,NORMAL,1
INV-2026-02137,DOUBLE_FINANCING,2
INV-2026-02138,DOUBLE_FINANCING,2
INV-2026-02139,NORMAL,1
INV-2026-02140,NORMAL,1
INV-2026-02141,NORMAL,1
INV-2026-02142,NORMAL,1
INV-2026-02143,NORMAL,1
INV-2026-02144,DOUBLE_FINANCING,2
INV-2026-02145,NORMAL,1
INV-2026-02146,NORMAL,1
INV-2026-02147,DOUBLE_FINANCING,2
INV-2026-02148,NORMAL,1
INV-2026-02149,DOUBLE_FINANCING,2
INV-2026-02150,NORMAL,1
INV-2026-02151,NORMAL,1
INV-2026-02152,NORMAL,1
INV-2026-02153,DOUBLE_FINANCING,2
INV-2026-02154,DOUBLE_FINANCING,2
INV-2026-02155,NORMAL,1
INV-2026-02156,NORMAL,1
INV-2026-02157,NORMAL,1
INV-2026-02158,NORMAL,1
INV-2026-02159,NORMAL,1
INV-2026-02160,NORMAL,1
INV-2026-02161,DOUBLE_FINANCING,2
INV-2026-02162,NORMAL,1
INV-2026-02163,NORMAL,1
INV-2026-02164,NORMAL,1
INV-2026-02165,NORMAL,1
INV-2026-02166,NORMAL,1
INV-2026-02167,NORMAL,1
INV-2026-02168,NORMAL,1
INV-2026-02169,NORMAL,1
INV-2026-02170,NORMAL,1
INV-2026-02171,NORMAL,1
INV-2026-02172,NORMAL,1
INV-2026-02173,NORMAL,1
INV-2026-02174,NORMAL,1
INV-2026-02175,NORMAL,1
INV-2026-02176,NORMAL,1
INV-2026-02177,NORMAL,1
INV-2026-02178,NORMAL,1
INV-2026-02179,NORMAL,1
INV-2026-02180,NORMAL,1
INV-2026-02181,NORMAL,1
INV-2026-02182,NORMAL,1
INV-2026-02183,NORMAL,1
INV-2026-02184,NORMAL,1
INV-2026-02185,NORMAL,1
INV-2026-02186,NORMAL,1
INV-2026-02187,NORMAL,1
INV-2026-02188,DOUBLE_FINANCING,2
INV-2026-02189,NORMAL,1
INV-2026-02190,NORMAL,1
INV-2026-02191,DOUBLE_FINANCING,2
INV-2026-02192,NORMAL,1
INV-2026-02193,NORMAL,1
INV-2026-02194,NORMAL,1
INV-2026-02195,NORMAL,1
INV-2026-02196,DOUBLE_FINANCING,2
INV-2026-02197,NORMAL,1
INV-2026-02198,NORMAL,1
INV-2026-02199,DOUBLE_FINANCING,2
INV-2026-02200,NORMAL,1
INV-2026-02201,NORMAL,1
INV-2026-02202,DOUBLE_FINANCING,2
INV-2026-02203,DOUBLE_FINANCING,2
INV-2026-02204,NORMAL,1
INV-2026-02205,NORMAL,1
INV-2026-02206,NORMAL,1
INV-2026-02207,NORMAL,1
INV-2026-02208,NORMAL,1
INV-2026-02209,NORMAL,1
INV-2026-02210,NORMAL,1
INV-2026-02211,NORMAL,1
INV-2026-02212,DOUBLE_FINANCING,2
INV-2026-02213,NORMAL,1
INV-2026-02214,DOUBLE_FINANCING,2
INV-2026-02215,NORMAL,1
INV-2026-02216,DOUBLE_FINANCING,2
INV-2026-02217,NORMAL,1
INV-2026-02218,DOUBLE_FINANCING,2
INV-2026-02219,NORMAL,1
INV-2026-02220,NORMAL,1
INV-2026-02221,NORMAL,1
INV-2026-02222,NORMAL,1
INV-2026-02223,NORMAL,1
INV-2026-02224,NORMAL,1
INV-2026-02225,NORMAL,1
INV-2026-02226,DOUBLE_FINANCING,2
INV-2026-02227,NORMAL,1
INV-2026-02228,DOUBLE_FINANCING,2
INV-2026-02229,DOUBLE_FINANCING,2
INV-2026-02230,NORMAL,1
INV-2026-02231,NORMAL,1
INV-2026-02232,DOUBLE_FINANCING,2
INV-2026-02233,NORMAL,1
INV-2026-02234,NORMAL,1
INV-2026-02235,DOUBLE_FINANCING,2
INV-2026-02236,NORMAL,1
INV-2026-02237,NORMAL,1
INV-2026-02238,NORMAL,1
INV-2026-02239,NORMAL,1
INV-2026-02240,NORMAL,1
INV-2026-02241,NORMAL,1
INV-2026-02242,NORMAL,1
INV-2026-02243,NORMAL,1
INV-2026-02244,NORMAL,1
INV-2026-02245,NORMAL,1
INV-2026-02246,NORMAL,1
INV-2026-02247,NORMAL,1
INV-2026-02248,DOUBLE_FINANCING,2
INV-2026-02249,NORMAL,1
INV-2026-02250,NORMAL,1
INV-2026-02251,NORMAL,1
INV-2026-02252,NORMAL,1
INV-2026-02253,DOUBLE_FINANCING,2
INV-2026-02254,DOUBLE_FINANCING,2
INV-2026-02255,NORMAL,1
INV-2026-02256,DOUBLE_FINANCING,2
INV-2026-02257,NORMAL,1
INV-2026-02258,NORMAL,1
INV-2026-02259,NORMAL,1
INV-2026-02260,NORMAL,1
INV-2026-02261,NORMAL,1
INV-2026-02262,DOUBLE_FINANCING,2
INV-2026-02263,NORMAL,1
INV-2026-02264,NORMAL,1
INV-2026-02265,NORMAL,1
INV-2026-02266,NORMAL,1
INV-2026-02267,NORMAL,1
INV-2026-02268,NORMAL,1
INV-2026-02269,DOUBLE_FINANCING,2
INV-2026-02270,NORMAL,1
INV-2026-02271,NORMAL,1
INV-2026-02272,NORMAL,1
INV-2026-02273,NORMAL,1
INV-2026-02274,NORMAL,1
INV-2026-02275,NORMAL,1
INV-2026-02276,DOUBLE_FINANCING,2
INV-2026-02277,NORMAL,1
INV-2026-02278,NORMAL,1
INV-2026-02279,NORMAL,1
INV-2026-02280,NORMAL,1
INV-2026-02281,NORMAL,1
INV-2026-02282,NORMAL,1
INV-2026-02283,DOUBLE_FINANCING,2
INV-2026-02284,NORMAL,1
INV-2026-02285,NORMAL,1
INV-2026-02286,DOUBLE_FINANCING,2
INV-2026-02287,NORMAL,1
INV-2026-02288,NORMAL,1
INV-2026-02289,DOUBLE_FINANCING,2
INV-2026-02290,NORMAL,1
INV-2026-02291,DOUBLE_FINANCING,2
INV-2026-02292,NORMAL,1
INV-2026-02293,NORMAL,1
INV-2026-02294,NORMAL,1
INV-2026-02295,NORMAL,1
INV-2026-02296,NORMAL,1
INV-2026-02297,NORMAL,1
INV-2026-02298,NORMAL,1
INV-2026-02299,NORMAL,1
INV-2026-02300,NORMAL,1
INV-2026-02301,NORMAL,1
INV-2026-02302,NORMAL,1
INV-2026-02303,NORMAL,1
INV-2026-02304,NORMAL,1
INV-2026-02305,NORMAL,1
INV-2026-02306,NORMAL,1
INV-2026-02307,NORMAL,1
INV-2026-02308,NORMAL,1
INV-2026-02309,NORMAL,1
INV-2026-02310,NORMAL,1
INV-2026-02311,NORMAL,1
INV-2026-02312,NORMAL,1
INV-2026-02313,NORMAL,1
INV-2026-02314,NORMAL,1
INV-2026-02315,NORMAL,1
INV-2026-02316,NORMAL,1
INV-2026-02317,DOUBLE_FINANCING,2
INV-2026-02318,NORMAL,1
INV-2026-02319,NORMAL,1
INV-2026-02320,NORMAL,1
INV-2026-02321,DOUBLE_FINANCING,2
INV-2026-02322,DOUBLE_FINANCING,2
INV-2026-02323,NORMAL,1
INV-2026-02324,NORMAL,1
INV-2026-02325,NORMAL,1
INV-2026-02326,NORMAL,1
INV-2026-02327,NORMAL,1
INV-2026-02328,DOUBLE_FINANCING,2
INV-2026-02329,NORMAL,1
INV-2026-02330,NORMAL,1
INV-2026-02331,NORMAL,1
INV-2026-02332,NORMAL,1
INV-2026-02333,NORMAL,1
INV-2026-02334,DOUBLE_FINANCING,2
INV-2026-02335,NORMAL,1
INV-2026-02336,NORMAL,1
INV-2026-02337,NORMAL,1
INV-2026-02338,NORMAL,1
INV-2026-02339,NORMAL,1
INV-2026-02340,DOUBLE_FINANCING,2
INV-2026-02341,DOUBLE_FINANCING,2
INV-2026-02342,NORMAL,1
INV-2026-02343,NORMAL,1
INV-2026-02344,NORMAL,1
INV-2026-02345,NORMAL,1
INV-2026-02346,DOUBLE_FINANCING,2
INV-2026-02347,NORMAL,1
INV-2026-02348,DOUBLE_FINANCING,2
INV-2026-02349,NORMAL,1
INV-2026-02350,NORMAL,1
INV-2026-02351,NORMAL,1
INV-2026-02352,NORMAL,1
INV-2026-02353,NORMAL,1
INV-2026-02354,NORMAL,1
INV-2026-02355,DOUBLE_FINANCING,2
INV-2026-02356,NORMAL,1
INV-2026-02357,DOUBLE_FINANCING,2
INV-2026-02358,NORMAL,1
INV-2026-02359,NORMAL,1
INV-2026-02360,NORMAL,1
INV-2026-02361,NORMAL,1
INV-2026-02362,NORMAL,1
INV-2026-02363,NORMAL,1
INV-2026-02364,NORMAL,1
INV-2026-02365,NORMAL,1
INV-2026-02366,NORMAL,1
INV-2026-02367,NORMAL,1
INV-2026-02368,NORMAL,1
INV-2026-02369,NORMAL,1
INV-2026-02370,NORMAL,1
INV-2026-02371,NORMAL,1
INV-2026-02372,NORMAL,1
INV-2026-02373,NORMAL,1
INV-2026-02374,NORMAL,1
INV-2026-02375,NORMAL,1
INV-2026-02376,NORMAL,1
INV-2026-02377,NORMAL,1
INV-2026-02378,NORMAL,1
INV-2026-02379,DOUBLE_FINANCING,2
INV-2026-02380,DOUBLE_FINANCING,2
INV-2026-02381,NORMAL,1
INV-2026-02382,NORMAL,1
INV-2026-02383,NORMAL,1
INV-2026-02384,NORMAL,1
INV-2026-02385,DOUBLE_FINANCING,2
INV-2026-02386,NORMAL,1
INV-2026-02387,NORMAL,1
INV-2026-02388,NORMAL,1
INV-2026-02389,NORMAL,1
INV-2026-02390,NORMAL,1
INV-2026-02391,NORMAL,1
INV-2026-02392,NORMAL,1
INV-2026-02393,NORMAL,1
INV-2026-02394,NORMAL,1
INV-2026-02395,DOUBLE_FINANCING,2
INV-2026-02396,NORMAL,1
INV-2026-02397,NORMAL,1
INV-2026-02398,NORMAL,1
INV-2026-02399,NORMAL,1
INV-2026-02400,DOUBLE_FINANCING,2
INV-2026-02401,DOUBLE_FINANCING,2
INV-2026-02402,NORMAL,1
INV-2026-02403,NORMAL,1
INV-2026-02404,NORMAL,1
INV-2026-02405,NORMAL,1
INV-2026-02406,NORMAL,1
INV-2026-02407,DOUBLE_FINANCING,2
INV-2026-02408,DOUBLE_FINANCING,2
INV-2026-02409,NORMAL,1
INV-2026-02410,DOUBLE_FINANCING,2
INV-2026-02411,NORMAL,1
INV-2026-02412,NORMAL,1
INV-2026-02413,NORMAL,1
INV-2026-02414,NORMAL,1
INV-2026-02415,NORMAL,1
INV-2026-02416,NORMAL,1
INV-2026-02417,NORMAL,1
INV-2026-02418,NORMAL,1
INV-2026-02419,NORMAL,1
INV-2026-02420,NORMAL,1
INV-2026-02421,DOUBLE_FINANCING,2
INV-2026-02422,NORMAL,1
INV-2026-02423,NORMAL,1
INV-2026-02424,NORMAL,1
INV-2026-02425,NORMAL,1
INV-2026-02426,DOUBLE_FINANCING,2
INV-2026-02427,NORMAL,1
INV-2026-02428,NORMAL,1
INV-2026-02429,NORMAL,1
INV-2026-02430,NORMAL,1
INV-2026-02431,NORMAL,1
INV-2026-02432,DOUBLE_FINANCING,2
INV-2026-02433,NORMAL,1
INV-2026-02434,NORMAL,1
INV-2026-02435,NORMAL,1
INV-2026-02436,DOUBLE_FINANCING,2
INV-2026-02437,DOUBLE_FINANCING,2
INV-2026-02438,DOUBLE_FINANCING,2
INV-2026-02439,NORMAL,1
INV-2026-02440,NORMAL,1
INV-2026-02441,DOUBLE_FINANCING,2
INV-2026-02442,NORMAL,1
INV-2026-02443,NORMAL,1
INV-2026-02444,NORMAL,1
INV-2026-02445,NORMAL,1
INV-2026-02446,NORMAL,1
INV-2026-02447,NORMAL,1
INV-2026-02448,NORMAL,1
INV-2026-02449,NORMAL,1
INV-2026-02450,NORMAL,1
INV-2026-02451,NORMAL,1
INV-2026-02452,NORMAL,1
INV-2026-02453,NORMAL,1
INV-2026-02454,NORMAL,1
INV-2026-02455,NORMAL,1
INV-2026-02456,NORMAL,1
INV-2026-02457,NORMAL,1
INV-2026-02458,NORMAL,1
INV-2026-02459,NORMAL,1
INV-2026-02460,NORMAL,1
INV-2026-02461,NORMAL,1
INV-2026-02462,DOUBLE_FINANCING,2
INV-2026-02463,NORMAL,1
INV-2026-02464,NORMAL,1
INV-2026-02465,NORMAL,1
INV-2026-02466,NORMAL,1
INV-2026-02467,DOUBLE_FINANCING,2
INV-2026-02468,NORMAL,1
INV-2026-02469,NORMAL,1
INV-2026-02470,NORMAL,1
INV-2026-02471,NORMAL,1
INV-2026-02472,NORMAL,1
INV-2026-02473,NORMAL,1
INV-2026-02474,NORMAL,1
INV-2026-02475,DOUBLE_FINANCING,2
INV-2026-02476,NORMAL,1
INV-2026-02477,NORMAL,1
INV-2026-02478,NORMAL,1
INV-2026-02479,NORMAL,1
INV-2026-02480,NORMAL,1
INV-2026-02481,NORMAL,1
INV-2026-02482,NORMAL,1
INV-2026-02483,DOUBLE_FINANCING,2
INV-2026-02484,DOUBLE_FINANCING,2
INV-2026-02485,NORMAL,1
INV-2026-02486,DOUBLE_FINANCING,2
INV-2026-02487,NORMAL,1
INV-2026-02488,NORMAL,1
INV-2026-02489,NORMAL,1
INV-2026-02490,NORMAL,1
INV-2026-02491,NORMAL,1
INV-2026-02492,NORMAL,1
INV-2026-02493,NORMAL,1
INV-2026-02494,NORMAL,1
INV-2026-02495,NORMAL,1
INV-2026-02496,NORMAL,1
INV-2026-02497,NORMAL,1
INV-2026-02498,DOUBLE_FINANCING,2
INV-2026-02499,NORMAL,1
INV-2026-02500,NORMAL,1
INV-2026-02501,NORMAL,1
INV-2026-02502,NORMAL,1
INV-2026-02503,NORMAL,1
INV-2026-02504,NORMAL,1
INV-2026-02505,DOUBLE_FINANCING,2
INV-2026-02506,NORMAL,1
INV-2026-02507,NORMAL,1
INV-2026-02508,NORMAL,1
INV-2026-02509,NORMAL,1
INV-2026-02510,NORMAL,1
INV-2026-02511,NORMAL,1
INV-2026-02512,NORMAL,1
INV-2026-02513,NORMAL,1
INV-2026-02514,NORMAL,1
INV-2026-02515,NORMAL,1
INV-2026-02516,NORMAL,1
INV-2026-02517,NORMAL,1
INV-2026-02518,NORMAL,1
INV-2026-02519,NORMAL,1
INV-2026-02520,DOUBLE_FINANCING,2
INV-2026-02521,NORMAL,1
INV-2026-02522,NORMAL,1
INV-2026-02523,NORMAL,1
INV-2026-02524,NORMAL,1
INV-2026-02525,DOUBLE_FINANCING,2
INV-2026-02526,NORMAL,1
INV-2026-02527,NORMAL,1
INV-2026-02528,NORMAL,1
INV-2026-02529,DOUBLE_FINANCING,2
INV-2026-02530,NORMAL,1
INV-2026-02531,NORMAL,1
INV-2026-02532,NORMAL,1
INV-2026-02533,NORMAL,1
INV-2026-02534,NORMAL,1
INV-2026-02535,NORMAL,1
INV-2026-02536,NORMAL,1
INV-2026-02537,NORMAL,1
INV-2026-02538,NORMAL,1
INV-2026-02539,DOUBLE_FINANCING,2
INV-2026-02540,DOUBLE_FINANCING,2
INV-2026-02541,NORMAL,1
INV-2026-02542,NORMAL,1
INV-2026-02543,NORMAL,1
INV-2026-02544,NORMAL,1
INV-2026-02545,NORMAL,1
INV-2026-02546,NORMAL,1
INV-2026-02547,NORMAL,1
INV-2026-02548,DOUBLE_FINANCING,2
INV-2026-02549,NORMAL,1
INV-2026-02550,NORMAL,1
INV-2026-02551,NORMAL,1
INV-2026-02552,DOUBLE_FINANCING,2
INV-2026-02553,NORMAL,1
INV-2026-02554,NORMAL,1
INV-2026-02555,NORMAL,1
INV-2026-02556,NORMAL,1
INV-2026-02557,DOUBLE_FINANCING,2
INV-2026-02558,NORMAL,1
INV-2026-02559,NORMAL,1
INV-2026-02560,NORMAL,1
INV-2026-02561,DOUBLE_FINANCING,2
INV-2026-02562,NORMAL,1
INV-2026-02563,NORMAL,1
INV-2026-02564,NORMAL,1
INV-2026-02565,NORMAL,1
INV-2026-02566,NORMAL,1
INV-2026-02567,NORMAL,1
INV-2026-02568,NORMAL,1
INV-2026-02569,NORMAL,1
INV-2026-02570,NORMAL,1
INV-2026-02571,DOUBLE_FINANCING,2
INV-2026-02572,NORMAL,1
INV-2026-02573,DOUBLE_FINANCING,2
INV-2026-02574,NORMAL,1
INV-2026-02575,NORMAL,1
INV-2026-02576,NORMAL,1
INV-2026-02577,DOUBLE_FINANCING,2
INV-2026-02578,NORMAL,1
INV-2026-02579,NORMAL,1
INV-2026-02580,NORMAL,1
INV-2026-02581,NORMAL,1
INV-2026-02582,NORMAL,1
INV-2026-02583,DOUBLE_FINANCING,2
INV-2026-02584,NORMAL,1
INV-2026-02585,NORMAL,1
INV-2026-02586,NORMAL,1
INV-2026-02587,NORMAL,1
INV-2026-02588,DOUBLE_FINANCING,2
INV-2026-02589,DOUBLE_FINANCING,2
INV-2026-02590,DOUBLE_FINANCING,2
INV-2026-02591,NORMAL,1
INV-2026-02592,NORMAL,1
INV-2026-02593,NORMAL,1
INV-2026-02594,NORMAL,1
INV-2026-02595,DOUBLE_FINANCING,2
INV-2026-02596,NORMAL,1
INV-2026-02597,NORMAL,1
INV-2026-02598,NORMAL,1
INV-2026-02599,NORMAL,1
INV-2026-02600,NORMAL,1
INV-2026-02601,NORMAL,1
INV-2026-02602,NORMAL,1
INV-2026-02603,NORMAL,1
INV-2026-02604,NORMAL,1
INV-2026-02605,DOUBLE_FINANCING,2
INV-2026-02606,NORMAL,1
INV-2026-02607,NORMAL,1
INV-2026-02608,NORMAL,1
INV-2026-02609,NORMAL,1
INV-2026-02610,NORMAL,1
INV-2026-02611,NORMAL,1
INV-2026-02612,NORMAL,1
INV-2026-02613,NORMAL,1
INV-2026-02614,NORMAL,1
INV-2026-02615,NORMAL,1
INV-2026-02616,NORMAL,1
INV-2026-02617,DOUBLE_FINANCING,2
INV-2026-02618,NORMAL,1
INV-2026-02619,NORMAL,1
INV-2026-02620,NORMAL,1
INV-2026-02621,NORMAL,1
INV-2026-02622,NORMAL,1
INV-2026-02623,NORMAL,1
INV-2026-02624,NORMAL,1
INV-2026-02625,DOUBLE_FINANCING,2
INV-2026-02626,NORMAL,1
INV-2026-02627,NORMAL,1
INV-2026-02628,NORMAL,1
INV-2026-02629,NORMAL,1
INV-2026-02630,NORMAL,1
INV-2026-02631,NORMAL,1
INV-2026-02632,NORMAL,1
INV-2026-02633,NORMAL,1
INV-2026-02634,NORMAL,1
INV-2026-02635,NORMAL,1
INV-2026-02636,NORMAL,1
INV-2026-02637,NORMAL,1
INV-2026-02638,DOUBLE_FINANCING,2
INV-2026-02639,DOUBLE_FINANCING,2
INV-2026-02640,NORMAL,1
INV-2026-02641,NORMAL,1
INV-2026-02642,NORMAL,1
INV-2026-02643,NORMAL,1
INV-2026-02644,DOUBLE_FINANCING,2
INV-2026-02645,DOUBLE_FINANCING,2
INV-2026-02646,NORMAL,1
INV-2026-02647,NORMAL,1
INV-2026-02648,NORMAL,1
INV-2026-02649,NORMAL,1
INV-2026-02650,NORMAL,1
INV-2026-02651,DOUBLE_FINANCING,2
INV-2026-02652,NORMAL,1
INV-2026-02653,NORMAL,1
INV-2026-02654,NORMAL,1
INV-2026-02655,NORMAL,1
INV-2026-02656,NORMAL,1
INV-2026-02657,NORMAL,1
INV-2026-02658,NORMAL,1
INV-2026-02659,DOUBLE_FINANCING,2
INV-2026-02660,NORMAL,1
INV-2026-02661,NORMAL,1
INV-2026-02662,NORMAL,1
INV-2026-02663,NORMAL,1
INV-2026-02664,NORMAL,1
INV-2026-02665,NORMAL,1
INV-2026-02666,NORMAL,1
INV-2026-02667,NORMAL,1
INV-2026-02668,NORMAL,1
INV-2026-02669,NORMAL,1
INV-2026-02670,NORMAL,1
INV-2026-02671,NORMAL,1
INV-2026-02672,NORMAL,1
INV-2026-02673,NORMAL,1
INV-2026-02674,NORMAL,1
INV-2026-02675,DOUBLE_FINANCING,2
INV-2026-02676,NORMAL,1
INV-2026-02677,NORMAL,1
INV-2026-02678,NORMAL,1
INV-2026-02679,NORMAL,1
INV-2026-02680,NORMAL,1
INV-2026-02681,NORMAL,1
INV-2026-02682,NORMAL,1
INV-2026-02683,NORMAL,1
INV-2026-02684,NORMAL,1
INV-2026-02685,NORMAL,1
INV-2026-02686,NORMAL,1
INV-2026-02687,NORMAL,1
INV-2026-02688,DOUBLE_FINANCING,2
INV-2026-02689,NORMAL,1
INV-2026-02690,NORMAL,1
INV-2026-02691,NORMAL,1
INV-2026-02692,DOUBLE_FINANCING,2
INV-2026-02693,NORMAL,1
INV-2026-02694,NORMAL,1
INV-2026-02695,DOUBLE_FINANCING,2
INV-2026-02696,NORMAL,1
INV-2026-02697,NORMAL,1
INV-2026-02698,NORMAL,1
INV-2026-02699,NORMAL,1
INV-2026-02700,DOUBLE_FINANCING,2
INV-2026-02701,NORMAL,1
INV-2026-02702,NORMAL,1
INV-2026-02703,NORMAL,1
INV-2026-02704,NORMAL,1
INV-2026-02705,NORMAL,1
INV-2026-02706,NORMAL,1
INV-2026-02707,NORMAL,1
INV-2026-02708,NORMAL,1
INV-2026-02709,NORMAL,1
INV-2026-02710,NORMAL,1
INV-2026-02711,NORMAL,1
INV-2026-02712,NORMAL,1
INV-2026-02713,NORMAL,1
INV-2026-02714,DOUBLE_FINANCING,2
INV-2026-02715,NORMAL,1
INV-2026-02716,DOUBLE_FINANCING,2
INV-2026-02717,NORMAL,1
INV-2026-02718,NORMAL,1
INV-2026-02719,NORMAL,1
INV-2026-02720,NORMAL,1
INV-2026-02721,NORMAL,1
INV-2026-02722,NORMAL,1
INV-2026-02723,NORMAL,1
INV-2026-02724,NORMAL,1
INV-2026-02725,NORMAL,1
INV-2026-02726,NORMAL,1
INV-2026-02727,NORMAL,1
INV-2026-02728,NORMAL,1
INV-2026-02729,NORMAL,1
INV-2026-02730,DOUBLE_FINANCING,2
INV-2026-02731,NORMAL,1
INV-2026-02732,NORMAL,1
INV-2026-02733,NORMAL,1
INV-2026-02734,NORMAL,1
INV-2026-02735,NORMAL,1
INV-2026-02736,NORMAL,1
INV-2026-02737,NORMAL,1
INV-2026-02738,DOUBLE_FINANCING,2
INV-2026-02739,NORMAL,1
INV-2026-02740,DOUBLE_FINANCING,2
INV-2026-02741,NORMAL,1
INV-2026-02742,NORMAL,1
INV-2026-02743,NORMAL,1
INV-2026-02744,NORMAL,1
INV-2026-02745,NORMAL,1
INV-2026-02746,NORMAL,1
INV-2026-02747,NORMAL,1
INV-2026-02748,NORMAL,1
INV-2026-02749,NORMAL,1
INV-2026-02750,NORMAL,1
INV-2026-02751,NORMAL,1
INV-2026-02752,NORMAL,1
INV-2026-02753,DOUBLE_FINANCING,2
INV-2026-02754,NORMAL,1
INV-2026-02755,NORMAL,1
INV-2026-02756,NORMAL,1
INV-2026-02757,NORMAL,1
INV-2026-02758,NORMAL,1
INV-2026-02759,NORMAL,1
INV-2026-02760,NORMAL,1
INV-2026-02761,NORMAL,1
INV-2026-02762,NORMAL,1
INV-2026-02763,NORMAL,1
INV-2026-02764,NORMAL,1
INV-2026-02765,NORMAL,1
INV-2026-02766,NORMAL,1
INV-2026-02767,NORMAL,1
INV-2026-02768,NORMAL,1
INV-2026-02769,NORMAL,1
INV-2026-02770,NORMAL,1
INV-2026-02771,NORMAL,1
INV-2026-02772,DOUBLE_FINANCING,2
INV-2026-02773,NORMAL,1
INV-2026-02774,NORMAL,1
INV-2026-02775,NORMAL,1
INV-2026-02776,DOUBLE_FINANCING,2
INV-2026-02777,NORMAL,1
INV-2026-02778,NORMAL,1
INV-2026-02779,NORMAL,1
INV-2026-02780,NORMAL,1
INV-2026-02781,NORMAL,1
INV-2026-02782,DOUBLE_FINANCING,2
INV-2026-02783,NORMAL,1
INV-2026-02784,NORMAL,1
INV-2026-02785,NORMAL,1
INV-2026-02786,NORMAL,1
INV-2026-02787,NORMAL,1
INV-2026-02788,NORMAL,1
INV-2026-02789,NORMAL,1
INV-2026-02790,NORMAL,1
INV-2026-02791,NORMAL,1
INV-2026-02792,NORMAL,1
INV-2026-02793,NORMAL,1
INV-2026-02794,DOUBLE_FINANCING,2
INV-2026-02795,DOUBLE_FINANCING,2
INV-2026-02796,NORMAL,1
INV-2026-02797,NORMAL,1
INV-2026-02798,NORMAL,1
INV-2026-02799,NORMAL,1
INV-2026-02800,DOUBLE_FINANCING,2
INV-2026-02801,NORMAL,1
INV-2026-02802,NORMAL,1
INV-2026-02803,DOUBLE_FINANCING,2
INV-2026-02804,DOUBLE_FINANCING,2
INV-2026-02805,NORMAL,1
INV-2026-02806,NORMAL,1
INV-2026-02807,DOUBLE_FINANCING,2
INV-2026-02808,NORMAL,1
INV-2026-02809,NORMAL,1
INV-2026-02810,NORMAL,1
INV-2026-02811,NORMAL,1
INV-2026-02812,NORMAL,1
INV-2026-02813,NORMAL,1
INV-2026-02814,NORMAL,1
INV-2026-02815,NORMAL,1
INV-2026-02816,NORMAL,1
INV-2026-02817,NORMAL,1
INV-2026-02818,NORMAL,1
INV-2026-02819,NORMAL,1
INV-2026-02820,NORMAL,1
INV-2026-02821,NORMAL,1
INV-2026-02822,DOUBLE_FINANCING,2
INV-2026-02823,NORMAL,1
INV-2026-02824,NORMAL,1
INV-2026-02825,NORMAL,1
INV-2026-02826,NORMAL,1
INV-2026-02827,DOUBLE_FINANCING,2
INV-2026-02828,NORMAL,1
INV-2026-02829,DOUBLE_FINANCING,2
INV-2026-02830,NORMAL,1
INV-2026-02831,NORMAL,1
INV-2026-02832,NORMAL,1
INV-2026-02833,NORMAL,1
INV-2026-02834,NORMAL,1
INV-2026-02835,NORMAL,1
INV-2026-02836,DOUBLE_FINANCING,2
INV-2026-02837,NORMAL,1
INV-2026-02838,NORMAL,1
INV-2026-02839,DOUBLE_FINANCING,2
INV-2026-02840,NORMAL,1
INV-2026-02841,NORMAL,1
INV-2026-02842,NORMAL,1
INV-2026-02843,NORMAL,1
INV-2026-02844,DOUBLE_FINANCING,2
INV-2026-02845,NORMAL,1
INV-2026-02846,DOUBLE_FINANCING,2
INV-2026-02847,NORMAL,1
INV-2026-02848,NORMAL,1
INV-2026-02849,DOUBLE_FINANCING,2
INV-2026-02850,DOUBLE_FINANCING,2
INV-2026-02851,NORMAL,1
INV-2026-02852,NORMAL,1
INV-2026-02853,DOUBLE_FINANCING,2
INV-2026-02854,DOUBLE_FINANCING,2
INV-2026-02855,NORMAL,1
INV-2026-02856,NORMAL,1
INV-2026-02857,NORMAL,1
INV-2026-02858,NORMAL,1
INV-2026-02859,NORMAL,1
INV-2026-02860,NORMAL,1
INV-2026-02861,NORMAL,1
INV-2026-02862,NORMAL,1
INV-2026-02863,NORMAL,1
INV-2026-02864,NORMAL,1
INV-2026-02865,DOUBLE_FINANCING,2
INV-2026-02866,NORMAL,1
INV-2026-02867,DOUBLE_FINANCING,2
INV-2026-02868,NORMAL,1
INV-2026-02869,NORMAL,1
INV-2026-02870,DOUBLE_FINANCING,2
INV-2026-02871,NORMAL,1
INV-2026-02872,NORMAL,1
INV-2026-02873,DOUBLE_FINANCING,2
INV-2026-02874,NORMAL,1
INV-2026-02875,NORMAL,1
INV-2026-02876,NORMAL,1
INV-2026-02877,NORMAL,1
INV-2026-02878,NORMAL,1
INV-2026-02879,DOUBLE_FINANCING,2
INV-2026-02880,NORMAL,1
INV-2026-02881,NORMAL,1
INV-2026-02882,NORMAL,1
INV-2026-02883,DOUBLE_FINANCING,2
INV-2026-02884,NORMAL,1
INV-2026-02885,NORMAL,1
INV-2026-02886,DOUBLE_FINANCING,2
INV-2026-02887,NORMAL,1
INV-2026-02888,NORMAL,1
INV-2026-02889,DOUBLE_FINANCING,2
INV-2026-02890,NORMAL,1
INV-2026-02891,DOUBLE_FINANCING,2
INV-2026-02892,NORMAL,1
INV-2026-02893,DOUBLE_FINANCING,2
INV-2026-02894,NORMAL,1
INV-2026-02895,NORMAL,1
INV-2026-02896,NORMAL,1
INV-2026-02897,NORMAL,1
INV-2026-02898,NORMAL,1
INV-2026-02899,NORMAL,1
INV-2026-02900,NORMAL,1
INV-2026-02901,NORMAL,1
INV-2026-02902,NORMAL,1
INV-2026-02903,NORMAL,1
INV-2026-02904,NORMAL,1
INV-2026-02905,NORMAL,1
INV-2026-02906,NORMAL,1
INV-2026-02907,NORMAL,1
INV-2026-02908,NORMAL,1
INV-2026-02909,NORMAL,1
INV-2026-02910,NORMAL,1
INV-2026-02911,DOUBLE_FINANCING,2
INV-2026-02912,NORMAL,1
INV-2026-02913,DOUBLE_FINANCING,2
INV-2026-02914,NORMAL,1
INV-2026-02915,DOUBLE_FINANCING,2
INV-2026-02916,DOUBLE_FINANCING,2
INV-2026-02917,DOUBLE_FINANCING,2
INV-2026-02918,NORMAL,1
INV-2026-02919,NORMAL,1
INV-2026-02920,NORMAL,1
INV-2026-02921,NORMAL,1
INV-2026-02922,NORMAL,1
INV-2026-02923,NORMAL,1
INV-2026-02924,NORMAL,1
INV-2026-02925,DOUBLE_FINANCING,2
INV-2026-02926,NORMAL,1
INV-2026-02927,NORMAL,1
INV-2026-02928,NORMAL,1
INV-2026-02929,NORMAL,1
INV-2026-02930,NORMAL,1
INV-2026-02931,NORMAL,1
INV-2026-02932,NORMAL,1
INV-2026-02933,NORMAL,1
INV-2026-02934,DOUBLE_FINANCING,2
INV-2026-02935,NORMAL,1
INV-2026-02936,NORMAL,1
INV-2026-02937,NORMAL,1
INV-2026-02938,NORMAL,1
INV-2026-02939,NORMAL,1
INV-2026-02940,NORMAL,1
INV-2026-02941,NORMAL,1
INV-2026-02942,NORMAL,1
INV-2026-02943,NORMAL,1
INV-2026-02944,NORMAL,1
INV-2026-02945,NORMAL,1
INV-2026-02946,NORMAL,1
INV-2026-02947,NORMAL,1
INV-2026-02948,NORMAL,1
INV-2026-02949,NORMAL,1
INV-2026-02950,DOUBLE_FINANCING,2
INV-2026-02951,NORMAL,1
INV-2026-02952,DOUBLE_FINANCING,2
INV-2026-02953,DOUBLE_FINANCING,2
INV-2026-02954,NORMAL,1
INV-2026-02955,NORMAL,1
INV-2026-02956,NORMAL,1
INV-2026-02957,NORMAL,1
INV-2026-02958,NORMAL,1
INV-2026-02959,NORMAL,1
INV-2026-02960,NORMAL,1
INV-2026-02961,NORMAL,1
INV-2026-02962,NORMAL,1
INV-2026-02963,NORMAL,1
INV-2026-02964,NORMAL,1
INV-2026-02965,NORMAL,1
INV-2026-02966,NORMAL,1
INV-2026-02967,NORMAL,1
INV-2026-02968,DOUBLE_FINANCING,2
INV-2026-02969,NORMAL,1
INV-2026-02970,DOUBLE_FINANCING,2
INV-2026-02971,DOUBLE_FINANCING,2
INV-2026-02972,NORMAL,1
INV-2026-02973,NORMAL,1
INV-2026-02974,NORMAL,1
INV-2026-02975,DOUBLE_FINANCING,2
INV-2026-02976,NORMAL,1
INV-2026-02977,NORMAL,1
INV-2026-02978,NORMAL,1
INV-2026-02979,NORMAL,1
INV-2026-02980,DOUBLE_FINANCING,2
INV-2026-02981,NORMAL,1
INV-2026-02982,NORMAL,1
INV-2026-02983,NORMAL,1
INV-2026-02984,DOUBLE_FINANCING,2
INV-2026-02985,NORMAL,1
INV-2026-02986,NORMAL,1
INV-2026-02987,NORMAL,1
INV-2026-02988,NORMAL,1
INV-2026-02989,NORMAL,1
INV-2026-02990,DOUBLE_FINANCING,2
INV-2026-02991,NORMAL,1
INV-2026-02992,DOUBLE_FINANCING,2
INV-2026-02993,DOUBLE_FINANCING,2
INV-2026-02994,NORMAL,1
INV-2026-02995,NORMAL,1
INV-2026-02996,NORMAL,1
INV-2026-02997,NORMAL,1
INV-2026-02998,DOUBLE_FINANCING,2
INV-2026-02999,NORMAL,1
INV-2026-03000,NORMAL,1
INV-2026-03001,NORMAL,1
INV-2026-03002,NORMAL,1
INV-2026-03003,NORMAL,1
INV-2026-03004,DOUBLE_FINANCING,2
INV-2026-03005,NORMAL,1
INV-2026-03006,NORMAL,1
INV-2026-03007,NORMAL,1
INV-2026-03008,NORMAL,1
INV-2026-03009,NORMAL,1
INV-2026-03010,NORMAL,1
INV-2026-03011,NORMAL,1
INV-2026-03012,NORMAL,1
INV-2026-03013,NORMAL,1
INV-2026-03014,NORMAL,1
INV-2026-03015,DOUBLE_FINANCING,2
INV-2026-03016,DOUBLE_FINANCING,2
INV-2026-03017,NORMAL,1
INV-2026-03018,NORMAL,1
INV-2026-03019,NORMAL,1
INV-2026-03020,NORMAL,1
INV-2026-03021,DOUBLE_FINANCING,2
INV-2026-03022,NORMAL,1
INV-2026-03023,NORMAL,1
INV-2026-03024,NORMAL,1
INV-2026-03025,NORMAL,1
INV-2026-03026,NORMAL,1
INV-2026-03027,NORMAL,1
INV-2026-03028,DOUBLE_FINANCING,2
INV-2026-03029,DOUBLE_FINANCING,2
INV-2026-03030,NORMAL,1
INV-2026-03031,NORMAL,1
INV-2026-03032,NORMAL,1
INV-2026-03033,NORMAL,1
INV-2026-03034,NORMAL,1
INV-2026-03035,NORMAL,1
INV-2026-03036,DOUBLE_FINANCING,2
INV-2026-03037,NORMAL,1
INV-2026-03038,NORMAL,1
INV-2026-03039,NORMAL,1
INV-2026-03040,NORMAL,1
INV-2026-03041,NORMAL,1
INV-2026-03042,DOUBLE_FINANCING,2
INV-2026-03043,NORMAL,1
INV-2026-03044,NORMAL,1
INV-2026-03045,NORMAL,1
INV-2026-03046,NORMAL,1
INV-2026-03047,DOUBLE_FINANCING,2
INV-2026-03048,NORMAL,1
INV-2026-03049,NORMAL,1
INV-2026-03050,DOUBLE_FINANCING,2
INV-2026-03051,NORMAL,1
INV-2026-03052,NORMAL,1
INV-2026-03053,NORMAL,1
INV-2026-03054,DOUBLE_FINANCING,2
INV-2026-03055,NORMAL,1
INV-2026-03056,NORMAL,1
INV-2026-03057,NORMAL,1
INV-2026-03058,NORMAL,1
INV-2026-03059,NORMAL,1
INV-2026-03060,NORMAL,1
INV-2026-03061,NORMAL,1
INV-2026-03062,NORMAL,1
INV-2026-03063,NORMAL,1
INV-2026-03064,NORMAL,1
INV-2026-03065,DOUBLE_FINANCING,2
INV-2026-03066,NORMAL,1
INV-2026-03067,NORMAL,1
INV-2026-03068,NORMAL,1
INV-2026-03069,NORMAL,1
INV-2026-03070,NORMAL,1
INV-2026-03071,NORMAL,1
INV-2026-03072,NORMAL,1
INV-2026-03073,NORMAL,1
INV-2026-03074,NORMAL,1
INV-2026-03075,NORMAL,1
INV-2026-03076,DOUBLE_FINANCING,2
INV-2026-03077,NORMAL,1
INV-2026-03078,NORMAL,1
INV-2026-03079,NORMAL,1
INV-2026-03080,DOUBLE_FINANCING,2
INV-2026-03081,NORMAL,1
INV-2026-03082,NORMAL,1
INV-2026-03083,DOUBLE_FINANCING,2
INV-2026-03084,NORMAL,1
INV-2026-03085,NORMAL,1
INV-2026-03086,NORMAL,1
INV-2026-03087,NORMAL,1
INV-2026-03088,NORMAL,1
INV-2026-03089,NORMAL,1
INV-2026-03090,NORMAL,1
INV-2026-03091,NORMAL,1
INV-2026-03092,NORMAL,1
INV-2026-03093,NORMAL,1
INV-2026-03094,NORMAL,1
INV-2026-03095,NORMAL,1
INV-2026-03096,NORMAL,1
INV-2026-03097,NORMAL,1
INV-2026-03098,NORMAL,1
INV-2026-03099,NORMAL,1
INV-2026-03100,NORMAL,1
INV-2026-03101,NORMAL,1
INV-2026-03102,NORMAL,1
INV-2026-03103,NORMAL,1
INV-2026-03104,DOUBLE_FINANCING,2
INV-2026-03105,NORMAL,1
INV-2026-03106,NORMAL,1
INV-2026-03107,NORMAL,1
INV-2026-03108,NORMAL,1
INV-2026-03109,NORMAL,1
INV-2026-03110,NORMAL,1
INV-2026-03111,DOUBLE_FINANCING,2
INV-2026-03112,NORMAL,1
INV-2026-03113,DOUBLE_FINANCING,2
INV-2026-03114,DOUBLE_FINANCING,2
INV-2026-03115,DOUBLE_FINANCING,2
INV-2026-03116,DOUBLE_FINANCING,2
INV-2026-03117,NORMAL,1
INV-2026-03118,DOUBLE_FINANCING,2
INV-2026-03119,NORMAL,1
INV-2026-03120,NORMAL,1
INV-2026-03121,NORMAL,1
INV-2026-03122,NORMAL,1
INV-2026-03123,DOUBLE_FINANCING,2
INV-2026-03124,NORMAL,1
INV-2026-03125,NORMAL,1
INV-2026-03126,NORMAL,1
INV-2026-03127,NORMAL,1
INV-2026-03128,DOUBLE_FINANCING,2
INV-2026-03129,DOUBLE_FINANCING,2
INV-2026-03130,NORMAL,1
INV-2026-03131,NORMAL,1
INV-2026-03132,NORMAL,1
INV-2026-03133,NORMAL,1
INV-2026-03134,DOUBLE_FINANCING,2
INV-2026-03135,NORMAL,1
INV-2026-03136,NORMAL,1
INV-2026-03137,NORMAL,1
INV-2026-03138,NORMAL,1
INV-2026-03139,NORMAL,1
INV-2026-03140,DOUBLE_FINANCING,2
INV-2026-03141,NORMAL,1
INV-2026-03142,NORMAL,1
INV-2026-03143,NORMAL,1
INV-2026-03144,DOUBLE_FINANCING,2
INV-2026-03145,NORMAL,1
INV-2026-03146,NORMAL,1
INV-2026-03147,DOUBLE_FINANCING,2
INV-2026-03148,NORMAL,1
INV-2026-03149,DOUBLE_FINANCING,2
INV-2026-03150,NORMAL,1
INV-2026-03151,NORMAL,1
INV-2026-03152,NORMAL,1
INV-2026-03153,NORMAL,1
INV-2026-03154,NORMAL,1
INV-2026-03155,NORMAL,1
INV-2026-03156,DOUBLE_FINANCING,2
INV-2026-03157,NORMAL,1
INV-2026-03158,DOUBLE_FINANCING,2
INV-2026-03159,NORMAL,1
INV-2026-03160,NORMAL,1
INV-2026-03161,NORMAL,1
INV-2026-03162,NORMAL,1
INV-2026-03163,DOUBLE_FINANCING,2
INV-2026-03164,NORMAL,1
INV-2026-03165,NORMAL,1
INV-2026-03166,NORMAL,1
INV-2026-03167,NORMAL,1
INV-2026-03168,NORMAL,1
INV-2026-03169,NORMAL,1
INV-2026-03170,NORMAL,1
INV-2026-03171,NORMAL,1
INV-2026-03172,DOUBLE_FINANCING,2
INV-2026-03173,NORMAL,1
INV-2026-03174,NORMAL,1
INV-2026-03175,DOUBLE_FINANCING,2
INV-2026-03176,NORMAL,1
INV-2026-03177,NORMAL,1
INV-2026-03178,DOUBLE_FINANCING,2
INV-2026-03179,NORMAL,1
INV-2026-03180,NORMAL,1
INV-2026-03181,NORMAL,1
INV-2026-03182,DOUBLE_FINANCING,2
INV-2026-03183,NORMAL,1
INV-2026-03184,NORMAL,1
INV-2026-03185,NORMAL,1
INV-2026-03186,NORMAL,1
INV-2026-03187,NORMAL,1
INV-2026-03188,NORMAL,1
INV-2026-03189,DOUBLE_FINANCING,2
INV-2026-03190,NORMAL,1
INV-2026-03191,NORMAL,1
INV-2026-03192,DOUBLE_FINANCING,2
INV-2026-03193,NORMAL,1
INV-2026-03194,NORMAL,1
INV-2026-03195,NORMAL,1
INV-2026-03196,NORMAL,1
INV-2026-03197,NORMAL,1
INV-2026-03198,NORMAL,1
INV-2026-03199,NORMAL,1
INV-2026-03200,NORMAL,1
INV-2026-03201,NORMAL,1
INV-2026-03202,NORMAL,1
INV-2026-03203,NORMAL,1
INV-2026-03204,NORMAL,1
INV-2026-03205,NORMAL,1
INV-2026-03206,NORMAL,1
INV-2026-03207,NORMAL,1
INV-2026-03208,NORMAL,1
INV-2026-03209,NORMAL,1
INV-2026-03210,DOUBLE_FINANCING,2
INV-2026-03211,DOUBLE_FINANCING,2
INV-2026-03212,NORMAL,1
INV-2026-03213,DOUBLE_FINANCING,2
INV-2026-03214,NORMAL,1
INV-2026-03215,NORMAL,1
INV-2026-03216,NORMAL,1
INV-2026-03217,NORMAL,1
INV-2026-03218,DOUBLE_FINANCING,2
INV-2026-03219,NORMAL,1
INV-2026-03220,NORMAL,1
INV-2026-03221,NORMAL,1
INV-2026-03222,DOUBLE_FINANCING,2
INV-2026-03223,NORMAL,1
INV-2026-03224,NORMAL,1
INV-2026-03225,NORMAL,1
INV-2026-03226,NORMAL,1
INV-2026-03227,NORMAL,1
INV-2026-03228,NORMAL,1
INV-2026-03229,NORMAL,1
INV-2026-03230,NORMAL,1
INV-2026-03231,NORMAL,1
INV-2026-03232,NORMAL,1
INV-2026-03233,DOUBLE_FINANCING,2
INV-2026-03234,NORMAL,1
INV-2026-03235,DOUBLE_FINANCING,2
INV-2026-03236,NORMAL,1
INV-2026-03237,NORMAL,1
INV-2026-03238,NORMAL,1
INV-2026-03239,NORMAL,1
INV-2026-03240,NORMAL,1
INV-2026-03241,DOUBLE_FINANCING,2
INV-2026-03242,NORMAL,1
INV-2026-03243,NORMAL,1
INV-2026-03244,NORMAL,1
INV-2026-03245,NORMAL,1
INV-2026-03246,NORMAL,1
INV-2026-03247,NORMAL,1
INV-2026-03248,NORMAL,1
INV-2026-03249,NORMAL,1
INV-2026-03250,NORMAL,1
INV-2026-03251,NORMAL,1
INV-2026-03252,NORMAL,1
INV-2026-03253,NORMAL,1
INV-2026-03254,NORMAL,1
INV-2026-03255,NORMAL,1
INV-2026-03256,NORMAL,1
INV-2026-03257,NORMAL,1
INV-2026-03258,NORMAL,1
INV-2026-03259,NORMAL,1
INV-2026-03260,NORMAL,1
INV-2026-03261,NORMAL,1
INV-2026-03262,NORMAL,1
INV-2026-03263,NORMAL,1
INV-2026-03264,DOUBLE_FINANCING,2
INV-2026-03265,NORMAL,1
INV-2026-03266,NORMAL,1
INV-2026-03267,NORMAL,1
INV-2026-03268,NORMAL,1
INV-2026-03269,NORMAL,1
INV-2026-03270,NORMAL,1
INV-2026-03271,NORMAL,1
INV-2026-03272,NORMAL,1
INV-2026-03273,NORMAL,1
INV-2026-03274,DOUBLE_FINANCING,2
INV-2026-03275,NORMAL,1
INV-2026-03276,NORMAL,1
INV-2026-03277,NORMAL,1
INV-2026-03278,NORMAL,1
INV-2026-03279,NORMAL,1
INV-2026-03280,NORMAL,1
INV-2026-03281,NORMAL,1
INV-2026-03282,NORMAL,1
INV-2026-03283,NORMAL,1
INV-2026-03284,NORMAL,1
INV-2026-03285,NORMAL,1
INV-2026-03286,NORMAL,1
INV-2026-03287,NORMAL,1
INV-2026-03288,NORMAL,1
INV-2026-03289,NORMAL,1
INV-2026-03290,NORMAL,1
INV-2026-03291,NORMAL,1
INV-2026-03292,NORMAL,1
INV-2026-03293,NORMAL,1
INV-2026-03294,NORMAL,1
INV-2026-03295,NORMAL,1
INV-2026-03296,NORMAL,1
INV-2026-03297,NORMAL,1
INV-2026-03298,NORMAL,1
INV-2026-03299,NORMAL,1
INV-2026-03300,NORMAL,1
INV-2026-03301,NORMAL,1
INV-2026-03302,NORMAL,1
INV-2026-03303,NORMAL,1
INV-2026-03304,NORMAL,1
INV-2026-03305,NORMAL,1
INV-2026-03306,NORMAL,1
INV-2026-03307,NORMAL,1
INV-2026-03308,DOUBLE_FINANCING,2
INV-2026-03309,NORMAL,1
INV-2026-03310,NORMAL,1
INV-2026-03311,DOUBLE_FINANCING,2
INV-2026-03312,NORMAL,1
INV-2026-03313,NORMAL,1
INV-2026-03314,DOUBLE_FINANCING,2
INV-2026-03315,NORMAL,1
INV-2026-03316,DOUBLE_FINANCING,2
INV-2026-03317,NORMAL,1
INV-2026-03318,NORMAL,1
INV-2026-03319,NORMAL,1
INV-2026-03320,NORMAL,1
INV-2026-03321,NORMAL,1
INV-2026-03322,NORMAL,1
INV-2026-03323,NORMAL,1
INV-2026-03324,NORMAL,1
INV-2026-03325,NORMAL,1
INV-2026-03326,NORMAL,1
INV-2026-03327,NORMAL,1
INV-2026-03328,NORMAL,1
INV-2026-03329,NORMAL,1
INV-2026-03330,DOUBLE_FINANCING,2
INV-2026-03331,DOUBLE_FINANCING,2
INV-2026-03332,NORMAL,1
INV-2026-03333,DOUBLE_FINANCING,2
INV-2026-03334,NORMAL,1
INV-2026-03335,NORMAL,1
INV-2026-03336,NORMAL,1
INV-2026-03337,NORMAL,1
INV-2026-03338,NORMAL,1
INV-2026-03339,DOUBLE_FINANCING,2
INV-2026-03340,NORMAL,1
INV-2026-03341,NORMAL,1
INV-2026-03342,NORMAL,1
INV-2026-03343,NORMAL,1
INV-2026-03344,NORMAL,1
INV-2026-03345,DOUBLE_FINANCING,2
INV-2026-03346,NORMAL,1
INV-2026-03347,NORMAL,1
INV-2026-03348,NORMAL,1
INV-2026-03349,NORMAL,1
INV-2026-03350,NORMAL,1
INV-2026-03351,NORMAL,1
INV-2026-03352,NORMAL,1
INV-2026-03353,DOUBLE_FINANCING,2
INV-2026-03354,NORMAL,1
INV-2026-03355,NORMAL,1
INV-2026-03356,NORMAL,1
INV-2026-03357,DOUBLE_FINANCING,2
INV-2026-03358,NORMAL,1
INV-2026-03359,NORMAL,1
INV-2026-03360,NORMAL,1
INV-2026-03361,NORMAL,1
INV-2026-03362,NORMAL,1
INV-2026-03363,NORMAL,1
INV-2026-03364,NORMAL,1
INV-2026-03365,NORMAL,1
INV-2026-03366,NORMAL,1
INV-2026-03367,NORMAL,1
INV-2026-03368,NORMAL,1
INV-2026-03369,NORMAL,1
INV-2026-03370,DOUBLE_FINANCING,2
INV-2026-03371,NORMAL,1
INV-2026-03372,DOUBLE_FINANCING,2
INV-2026-03373,NORMAL,1
INV-2026-03374,NORMAL,1
INV-2026-03375,NORMAL,1
INV-2026-03376,NORMAL,1
INV-2026-03377,NORMAL,1
INV-2026-03378,NORMAL,1
INV-2026-03379,DOUBLE_FINANCING,2
INV-2026-03380,NORMAL,1
INV-2026-03381,NORMAL,1
INV-2026-03382,DOUBLE_FINANCING,2
INV-2026-03383,NORMAL,1
INV-2026-03384,NORMAL,1
INV-2026-03385,NORMAL,1
INV-2026-03386,NORMAL,1
INV-2026-03387,NORMAL,1
INV-2026-03388,NORMAL,1
INV-2026-03389,DOUBLE_FINANCING,2
INV-2026-03390,NORMAL,1
INV-2026-03391,NORMAL,1
INV-2026-03392,DOUBLE_FINANCING,2
INV-2026-03393,NORMAL,1
INV-2026-03394,NORMAL,1
INV-2026-03395,NORMAL,1
INV-2026-03396,NORMAL,1
INV-2026-03397,NORMAL,1
INV-2026-03398,DOUBLE_FINANCING,2
INV-2026-03399,NORMAL,1
INV-2026-03400,NORMAL,1
INV-2026-03401,NORMAL,1
INV-2026-03402,NORMAL,1
INV-2026-03403,NORMAL,1
INV-2026-03404,DOUBLE_FINANCING,2
INV-2026-03405,NORMAL,1
INV-2026-03406,NORMAL,1
INV-2026-03407,NORMAL,1
INV-2026-03408,NORMAL,1
INV-2026-03409,NORMAL,1
INV-2026-03410,NORMAL,1
INV-2026-03411,NORMAL,1
INV-2026-03412,NORMAL,1
INV-2026-03413,NORMAL,1
INV-2026-03414,NORMAL,1
INV-2026-03415,NORMAL,1
INV-2026-03416,DOUBLE_FINANCING,2
INV-2026-03417,NORMAL,1
INV-2026-03418,NORMAL,1
INV-2026-03419,NORMAL,1
INV-2026-03420,NORMAL,1
INV-2026-03421,NORMAL,1
INV-2026-03422,NORMAL,1
INV-2026-03423,NORMAL,1
INV-2026-03424,DOUBLE_FINANCING,2
INV-2026-03425,NORMAL,1
INV-2026-03426,NORMAL,1
INV-2026-03427,NORMAL,1
INV-2026-03428,NORMAL,1
INV-2026-03429,NORMAL,1
INV-2026-03430,NORMAL,1
INV-2026-03431,NORMAL,1
INV-2026-03432,NORMAL,1
INV-2026-03433,NORMAL,1
INV-2026-03434,NORMAL,1
INV-2026-03435,DOUBLE_FINANCING,2
INV-2026-03436,NORMAL,1
INV-2026-03437,NORMAL,1
INV-2026-03438,NORMAL,1
INV-2026-03439,NORMAL,1
INV-2026-03440,NORMAL,1
INV-2026-03441,NORMAL,1
INV-2026-03442,NORMAL,1
INV-2026-03443,NORMAL,1
INV-2026-03444,NORMAL,1
INV-2026-03445,NORMAL,1
INV-2026-03446,NORMAL,1
INV-2026-03447,NORMAL,1
INV-2026-03448,NORMAL,1
INV-2026-03449,NORMAL,1
INV-2026-03450,NORMAL,1
INV-2026-03451,NORMAL,1
INV-2026-03452,NORMAL,1
INV-2026-03453,NORMAL,1
INV-2026-03454,NORMAL,1
INV-2026-03455,NORMAL,1
INV-2026-03456,NORMAL,1
INV-2026-03457,NORMAL,1
INV-2026-03458,NORMAL,1
INV-2026-03459,DOUBLE_FINANCING,2
INV-2026-03460,NORMAL,1
INV-2026-03461,NORMAL,1
INV-2026-03462,DOUBLE_FINANCING,2
INV-2026-03463,NORMAL,1
INV-2026-03464,NORMAL,1
INV-2026-03465,NORMAL,1
INV-2026-03466,NORMAL,1
INV-2026-03467,DOUBLE_FINANCING,2
INV-2026-03468,NORMAL,1
INV-2026-03469,NORMAL,1
INV-2026-03470,NORMAL,1
INV-2026-03471,NORMAL,1
INV-2026-03472,NORMAL,1
INV-2026-03473,NORMAL,1
INV-2026-03474,NORMAL,1
INV-2026-03475,NORMAL,1
INV-2026-03476,NORMAL,1
INV-2026-03477,NORMAL,1
INV-2026-03478,NORMAL,1
INV-2026-03479,NORMAL,1
INV-2026-03480,NORMAL,1
INV-2026-03481,NORMAL,1
INV-2026-03482,NORMAL,1
INV-2026-03483,NORMAL,1
INV-2026-03484,NORMAL,1
INV-2026-03485,NORMAL,1
INV-2026-03486,NORMAL,1
INV-2026-03487,NORMAL,1
INV-2026-03488,NORMAL,1
INV-2026-03489,NORMAL,1
INV-2026-03490,DOUBLE_FINANCING,2
INV-2026-03491,NORMAL,1
INV-2026-03492,NORMAL,1
INV-2026-03493,DOUBLE_FINANCING,2
INV-2026-03494,NORMAL,1
INV-2026-03495,NORMAL,1
INV-2026-03496,NORMAL,1
INV-2026-03497,DOUBLE_FINANCING,2
INV-2026-03498,NORMAL,1
INV-2026-03499,NORMAL,1
INV-2026-03500,NORMAL,1
INV-2026-03501,NORMAL,1
INV-2026-03502,NORMAL,1
INV-2026-03503,NORMAL,1
INV-2026-03504,NORMAL,1
INV-2026-03505,NORMAL,1
INV-2026-03506,NORMAL,1
INV-2026-03507,NORMAL,1
INV-2026-03508,NORMAL,1
INV-2026-03509,DOUBLE_FINANCING,2
INV-2026-03510,NORMAL,1
INV-2026-03511,NORMAL,1
INV-2026-03512,NORMAL,1
INV-2026-03513,DOUBLE_FINANCING,2
INV-2026-03514,DOUBLE_FINANCING,2
INV-2026-03515,NORMAL,1
INV-2026-03516,DOUBLE_FINANCING,2
INV-2026-03517,NORMAL,1
INV-2026-03518,NORMAL,1
INV-2026-03519,NORMAL,1
INV-2026-03520,NORMAL,1
INV-2026-03521,NORMAL,1
INV-2026-03522,NORMAL,1
INV-2026-03523,NORMAL,1
INV-2026-03524,NORMAL,1
INV-2026-03525,NORMAL,1
INV-2026-03526,NORMAL,1
INV-2026-03527,NORMAL,1
INV-2026-03528,NORMAL,1
INV-2026-03529,NORMAL,1
INV-2026-03530,NORMAL,1
INV-2026-03531,DOUBLE_FINANCING,2
INV-2026-03532,NORMAL,1
INV-2026-03533,NORMAL,1
INV-2026-03534,NORMAL,1
INV-2026-03535,NORMAL,1
INV-2026-03536,NORMAL,1
INV-2026-03537,NORMAL,1
INV-2026-03538,NORMAL,1
INV-2026-03539,NORMAL,1
INV-2026-03540,NORMAL,1
INV-2026-03541,NORMAL,1
INV-2026-03542,NORMAL,1
INV-2026-03543,NORMAL,1
INV-2026-03544,NORMAL,1
INV-2026-03545,DOUBLE_FINANCING,2
INV-2026-03546,NORMAL,1
INV-2026-03547,NORMAL,1
INV-2026-03548,NORMAL,1
INV-2026-03549,NORMAL,1
INV-2026-03550,NORMAL,1
INV-2026-03551,NORMAL,1
INV-2026-03552,NORMAL,1
INV-2026-03553,NORMAL,1
INV-2026-03554,NORMAL,1
INV-2026-03555,NORMAL,1
INV-2026-03556,NORMAL,1
INV-2026-03557,DOUBLE_FINANCING,2
INV-2026-03558,NORMAL,1
INV-2026-03559,NORMAL,1
INV-2026-03560,DOUBLE_FINANCING,2
INV-2026-03561,NORMAL,1
INV-2026-03562,NORMAL,1
INV-2026-03563,NORMAL,1
INV-2026-03564,NORMAL,1
INV-2026-03565,NORMAL,1
INV-2026-03566,NORMAL,1
INV-2026-03567,NORMAL,1
INV-2026-03568,DOUBLE_FINANCING,2
INV-2026-03569,NORMAL,1
INV-2026-03570,NORMAL,1
INV-2026-03571,NORMAL,1
INV-2026-03572,DOUBLE_FINANCING,2
INV-2026-03573,NORMAL,1
INV-2026-03574,DOUBLE_FINANCING,2
INV-2026-03575,NORMAL,1
INV-2026-03576,NORMAL,1
INV-2026-03577,NORMAL,1
INV-2026-03578,DOUBLE_FINANCING,2
INV-2026-03579,NORMAL,1
INV-2026-03580,NORMAL,1
INV-2026-03581,NORMAL,1
INV-2026-03582,DOUBLE_FINANCING,2
INV-2026-03583,NORMAL,1
INV-2026-03584,NORMAL,1
INV-2026-03585,NORMAL,1
INV-2026-03586,NORMAL,1
INV-2026-03587,NORMAL,1
INV-2026-03588,NORMAL,1
INV-2026-03589,NORMAL,1
INV-2026-03590,NORMAL,1
INV-2026-03591,DOUBLE_FINANCING,2
INV-2026-03592,NORMAL,1
INV-2026-03593,NORMAL,1
INV-2026-03594,NORMAL,1
INV-2026-03595,NORMAL,1
INV-2026-03596,NORMAL,1
INV-2026-03597,NORMAL,1
INV-2026-03598,NORMAL,1
INV-2026-03599,NORMAL,1
INV-2026-03600,NORMAL,1
INV-2026-03601,DOUBLE_FINANCING,2
INV-2026-03602,DOUBLE_FINANCING,2
INV-2026-03603,NORMAL,1
INV-2026-03604,NORMAL,1
INV-2026-03605,NORMAL,1
INV-2026-03606,NORMAL,1
INV-2026-03607,DOUBLE_FINANCING,2
INV-2026-03608,DOUBLE_FINANCING,2
INV-2026-03609,NORMAL,1
INV-2026-03610,NORMAL,1
INV-2026-03611,NORMAL,1
INV-2026-03612,NORMAL,1
INV-2026-03613,NORMAL,1
INV-2026-03614,NORMAL,1
INV-2026-03615,DOUBLE_FINANCING,2
INV-2026-03616,DOUBLE_FINANCING,2
INV-2026-03617,NORMAL,1
INV-2026-03618,NORMAL,1
INV-2026-03619,NORMAL,1
INV-2026-03620,NORMAL,1
INV-2026-03621,DOUBLE_FINANCING,2
INV-2026-03622,DOUBLE_FINANCING,2
INV-2026-03623,NORMAL,1
INV-2026-03624,NORMAL,1
INV-2026-03625,NORMAL,1
INV-2026-03626,NORMAL,1
INV-2026-03627,NORMAL,1
INV-2026-03628,NORMAL,1
INV-2026-03629,NORMAL,1
INV-2026-03630,NORMAL,1
INV-2026-03631,DOUBLE_FINANCING,2
INV-2026-03632,DOUBLE_FINANCING,2
INV-2026-03633,NORMAL,1
INV-2026-03634,NORMAL,1
INV-2026-03635,NORMAL,1
INV-2026-03636,NORMAL,1
INV-2026-03637,NORMAL,1
INV-2026-03638,NORMAL,1
INV-2026-03639,DOUBLE_FINANCING,2
INV-2026-03640,DOUBLE_FINANCING,2
INV-2026-03641,NORMAL,1
INV-2026-03642,NORMAL,1
INV-2026-03643,NORMAL,1
INV-2026-03644,NORMAL,1
INV-2026-03645,NORMAL,1
INV-2026-03646,NORMAL,1
INV-2026-03647,DOUBLE_FINANCING,2
INV-2026-03648,NORMAL,1
INV-2026-03649,NORMAL,1
INV-2026-03650,DOUBLE_FINANCING,2
INV-2026-03651,NORMAL,1
INV-2026-03652,NORMAL,1
INV-2026-03653,NORMAL,1
INV-2026-03654,NORMAL,1
INV-2026-03655,NORMAL,1
INV-2026-03656,NORMAL,1
INV-2026-03657,NORMAL,1
INV-2026-03658,NORMAL,1
INV-2026-03659,NORMAL,1
INV-2026-03660,NORMAL,1
INV-2026-03661,NORMAL,1
INV-2026-03662,NORMAL,1
INV-2026-03663,NORMAL,1
INV-2026-03664,NORMAL,1
INV-2026-03665,NORMAL,1
INV-2026-03666,NORMAL,1
INV-2026-03667,NORMAL,1
INV-2026-03668,DOUBLE_FINANCING,2
INV-2026-03669,NORMAL,1
INV-2026-03670,NORMAL,1
INV-2026-03671,NORMAL,1
INV-2026-03672,NORMAL,1
INV-2026-03673,DOUBLE_FINANCING,2
INV-2026-03674,DOUBLE_FINANCING,2
INV-2026-03675,NORMAL,1
INV-2026-03676,NORMAL,1
INV-2026-03677,DOUBLE_FINANCING,2
INV-2026-03678,NORMAL,1
INV-2026-03679,NORMAL,1
INV-2026-03680,NORMAL,1
INV-2026-03681,NORMAL,1
INV-2026-03682,NORMAL,1
INV-2026-03683,NORMAL,1
INV-2026-03684,NORMAL,1
INV-2026-03685,NORMAL,1
INV-2026-03686,NORMAL,1
INV-2026-03687,NORMAL,1
INV-2026-03688,NORMAL,1
INV-2026-03689,NORMAL,1
INV-2026-03690,NORMAL,1
INV-2026-03691,NORMAL,1
INV-2026-03692,NORMAL,1
INV-2026-03693,NORMAL,1
INV-2026-03694,NORMAL,1
INV-2026-03695,NORMAL,1
INV-2026-03696,NORMAL,1
INV-2026-03697,NORMAL,1
INV-2026-03698,NORMAL,1
INV-2026-03699,NORMAL,1
INV-2026-03700,DOUBLE_FINANCING,2
INV-2026-03701,DOUBLE_FINANCING,2
INV-2026-03702,NORMAL,1
INV-2026-03703,DOUBLE_FINANCING,2
INV-2026-03704,NORMAL,1
INV-2026-03705,NORMAL,1
INV-2026-03706,NORMAL,1
INV-2026-03707,NORMAL,1
INV-2026-03708,NORMAL,1
INV-2026-03709,NORMAL,1
INV-2026-03710,NORMAL,1
INV-2026-03711,NORMAL,1
INV-2026-03712,NORMAL,1
INV-2026-03713,NORMAL,1
INV-2026-03714,NORMAL,1
INV-2026-03715,NORMAL,1
INV-2026-03716,NORMAL,1
INV-2026-03717,NORMAL,1
INV-2026-03718,NORMAL,1
INV-2026-03719,NORMAL,1
INV-2026-03720,NORMAL,1
INV-2026-03721,NORMAL,1
INV-2026-03722,NORMAL,1
INV-2026-03723,NORMAL,1
INV-2026-03724,NORMAL,1
INV-2026-03725,NORMAL,1
INV-2026-03726,DOUBLE_FINANCING,2
INV-2026-03727,NORMAL,1
INV-2026-03728,NORMAL,1
INV-2026-03729,DOUBLE_FINANCING,2
INV-2026-03730,NORMAL,1
INV-2026-03731,DOUBLE_FINANCING,2
INV-2026-03732,NORMAL,1
INV-2026-03733,NORMAL,1
INV-2026-03734,DOUBLE_FINANCING,2
INV-2026-03735,NORMAL,1
INV-2026-03736,NORMAL,1
INV-2026-03737,NORMAL,1
INV-2026-03738,DOUBLE_FINANCING,2
INV-2026-03739,DOUBLE_FINANCING,2
INV-2026-03740,NORMAL,1
INV-2026-03741,NORMAL,1
INV-2026-03742,NORMAL,1
INV-2026-03743,NORMAL,1
INV-2026-03744,DOUBLE_FINANCING,2
INV-2026-03745,NORMAL,1
INV-2026-03746,NORMAL,1
INV-2026-03747,DOUBLE_FINANCING,2
INV-2026-03748,DOUBLE_FINANCING,2
INV-2026-03749,NORMAL,1
INV-2026-03750,NORMAL,1
INV-2026-03751,NORMAL,1
INV-2026-03752,NORMAL,1
INV-2026-03753,NORMAL,1
INV-2026-03754,NORMAL,1
INV-2026-03755,NORMAL,1
INV-2026-03756,NORMAL,1
INV-2026-03757,NORMAL,1
INV-2026-03758,DOUBLE_FINANCING,2
INV-2026-03759,NORMAL,1
INV-2026-03760,NORMAL,1
INV-2026-03761,NORMAL,1
INV-2026-03762,NORMAL,1
INV-2026-03763,NORMAL,1
INV-2026-03764,NORMAL,1
INV-2026-03765,NORMAL,1
INV-2026-03766,NORMAL,1
INV-2026-03767,NORMAL,1
INV-2026-03768,NORMAL,1
INV-2026-03769,NORMAL,1
INV-2026-03770,NORMAL,1
INV-2026-03771,NORMAL,1
INV-2026-03772,NORMAL,1
INV-2026-03773,NORMAL,1
INV-2026-03774,NORMAL,1
INV-2026-03775,NORMAL,1
INV-2026-03776,DOUBLE_FINANCING,2
INV-2026-03777,NORMAL,1
INV-2026-03778,DOUBLE_FINANCING,2
INV-2026-03779,NORMAL,1
INV-2026-03780,NORMAL,1
INV-2026-03781,NORMAL,1
INV-2026-03782,NORMAL,1
INV-2026-03783,NORMAL,1
INV-2026-03784,NORMAL,1
INV-2026-03785,NORMAL,1
INV-2026-03786,DOUBLE_FINANCING,2
INV-2026-03787,NORMAL,1
INV-2026-03788,NORMAL,1
INV-2026-03789,NORMAL,1
INV-2026-03790,NORMAL,1
INV-2026-03791,NORMAL,1
INV-2026-03792,NORMAL,1
INV-2026-03793,NORMAL,1
INV-2026-03794,NORMAL,1
INV-2026-03795,NORMAL,1
INV-2026-03796,NORMAL,1
INV-2026-03797,NORMAL,1
INV-2026-03798,NORMAL,1
INV-2026-03799,DOUBLE_FINANCING,2
INV-2026-03800,NORMAL,1
INV-2026-03801,NORMAL,1
INV-2026-03802,NORMAL,1
INV-2026-03803,NORMAL,1
INV-2026-03804,NORMAL,1
INV-2026-03805,NORMAL,1
INV-2026-03806,NORMAL,1
INV-2026-03807,DOUBLE_FINANCING,2
INV-2026-03808,NORMAL,1
INV-2026-03809,NORMAL,1
INV-2026-03810,NORMAL,1
INV-2026-03811,NORMAL,1
INV-2026-03812,NORMAL,1
INV-2026-03813,NORMAL,1
INV-2026-03814,DOUBLE_FINANCING,2
INV-2026-03815,DOUBLE_FINANCING,2
INV-2026-03816,NORMAL,1
INV-2026-03817,NORMAL,1
INV-2026-03818,NORMAL,1
INV-2026-03819,NORMAL,1
INV-2026-03820,DOUBLE_FINANCING,2
INV-2026-03821,NORMAL,1
INV-2026-03822,NORMAL,1
INV-2026-03823,NORMAL,1
INV-2026-03824,DOUBLE_FINANCING,2
INV-2026-03825,NORMAL,1
INV-2026-03826,NORMAL,1
INV-2026-03827,NORMAL,1
INV-2026-03828,NORMAL,1
INV-2026-03829,NORMAL,1
INV-2026-03830,NORMAL,1
INV-2026-03831,DOUBLE_FINANCING,2
INV-2026-03832,NORMAL,1
INV-2026-03833,NORMAL,1
INV-2026-03834,NORMAL,1
INV-2026-03835,DOUBLE_FINANCING,2
INV-2026-03836,NORMAL,1
INV-2026-03837,NORMAL,1
INV-2026-03838,NORMAL,1
INV-2026-03839,NORMAL,1
INV-2026-03840,NORMAL,1
INV-2026-03841,DOUBLE_FINANCING,2
INV-2026-03842,NORMAL,1
INV-2026-03843,DOUBLE_FINANCING,2
INV-2026-03844,NORMAL,1
INV-2026-03845,DOUBLE_FINANCING,2
INV-2026-03846,NORMAL,1
INV-2026-03847,NORMAL,1
INV-2026-03848,NORMAL,1
INV-2026-03849,NORMAL,1
INV-2026-03850,NORMAL,1
INV-2026-03851,NORMAL,1
INV-2026-03852,NORMAL,1
INV-2026-03853,NORMAL,1
INV-2026-03854,NORMAL,1
INV-2026-03855,NORMAL,1
INV-2026-03856,NORMAL,1
INV-2026-03857,NORMAL,1
INV-2026-03858,NORMAL,1
INV-2026-03859,NORMAL,1
INV-2026-03860,DOUBLE_FINANCING,2
INV-2026-03861,DOUBLE_FINANCING,2
INV-2026-03862,NORMAL,1
INV-2026-03863,NORMAL,1
INV-2026-03864,NORMAL,1
INV-2026-03865,DOUBLE_FINANCING,2
INV-2026-03866,DOUBLE_FINANCING,2
INV-2026-03867,NORMAL,1
INV-2026-03868,NORMAL,1
INV-2026-03869,NORMAL,1
INV-2026-03870,DOUBLE_FINANCING,2
INV-2026-03871,NORMAL,1
INV-2026-03872,NORMAL,1
INV-2026-03873,NORMAL,1
INV-2026-03874,NORMAL,1
INV-2026-03875,NORMAL,1
INV-2026-03876,NORMAL,1
INV-2026-03877,NORMAL,1
INV-2026-03878,NORMAL,1
INV-2026-03879,NORMAL,1
INV-2026-03880,NORMAL,1
INV-2026-03881,NORMAL,1
INV-2026-03882,NORMAL,1
INV-2026-03883,NORMAL,1
INV-2026-03884,DOUBLE_FINANCING,2
INV-2026-03885,NORMAL,1
INV-2026-03886,NORMAL,1
INV-2026-03887,NORMAL,1
INV-2026-03888,NORMAL,1
INV-2026-03889,NORMAL,1
INV-2026-03890,DOUBLE_FINANCING,2
INV-2026-03891,DOUBLE_FINANCING,2
INV-2026-03892,NORMAL,1
INV-2026-03893,DOUBLE_FINANCING,2
INV-2026-03894,NORMAL,1
INV-2026-03895,NORMAL,1
INV-2026-03896,NORMAL,1
INV-2026-03897,NORMAL,1
INV-2026-03898,NORMAL,1
INV-2026-03899,NORMAL,1
INV-2026-03900,NORMAL,1
INV-2026-03901,NORMAL,1
INV-2026-03902,NORMAL,1
INV-2026-03903,NORMAL,1
INV-2026-03904,NORMAL,1
INV-2026-03905,NORMAL,1
INV-2026-03906,NORMAL,1
INV-2026-03907,NORMAL,1
INV-2026-03908,NORMAL,1
INV-2026-03909,NORMAL,1
INV-2026-03910,NORMAL,1
INV-2026-03911,NORMAL,1
INV-2026-03912,NORMAL,1
INV-2026-03913,DOUBLE_FINANCING,2
INV-2026-03914,NORMAL,1
INV-2026-03915,NORMAL,1
INV-2026-03916,NORMAL,1
INV-2026-03917,NORMAL,1
INV-2026-03918,NORMAL,1
INV-2026-03919,DOUBLE_FINANCING,2
INV-2026-03920,NORMAL,1
INV-2026-03921,DOUBLE_FINANCING,2
INV-2026-03922,NORMAL,1
INV-2026-03923,NORMAL,1
INV-2026-03924,NORMAL,1
INV-2026-03925,NORMAL,1
INV-2026-03926,NORMAL,1
INV-2026-03927,NORMAL,1
INV-2026-03928,NORMAL,1
INV-2026-03929,NORMAL,1
INV-2026-03930,DOUBLE_FINANCING,2
INV-2026-03931,NORMAL,1
INV-2026-03932,NORMAL,1
INV-2026-03933,DOUBLE_FINANCING,2
INV-2026-03934,DOUBLE_FINANCING,2
INV-2026-03935,NORMAL,1
INV-2026-03936,DOUBLE_FINANCING,2
INV-2026-03937,NORMAL,1
INV-2026-03938,DOUBLE_FINANCING,2
INV-2026-03939,DOUBLE_FINANCING,2
INV-2026-03940,NORMAL,1
INV-2026-03941,NORMAL,1
INV-2026-03942,DOUBLE_FINANCING,2
INV-2026-03943,NORMAL,1
INV-2026-03944,NORMAL,1
INV-2026-03945,NORMAL,1
INV-2026-03946,NORMAL,1
INV-2026-03947,NORMAL,1
INV-2026-03948,NORMAL,1
INV-2026-03949,NORMAL,1
INV-2026-03950,NORMAL,1
INV-2026-03951,NORMAL,1
INV-2026-03952,NORMAL,1
INV-2026-03953,NORMAL,1
INV-2026-03954,NORMAL,1
INV-2026-03955,NORMAL,1
INV-2026-03956,NORMAL,1
INV-2026-03957,NORMAL,1
INV-2026-03958,NORMAL,1
INV-2026-03959,NORMAL,1
INV-2026-03960,NORMAL,1
INV-2026-03961,NORMAL,1
INV-2026-03962,NORMAL,1
INV-2026-03963,NORMAL,1
INV-2026-03964,NORMAL,1
INV-2026-03965,DOUBLE_FINANCING,2
INV-2026-03966,DOUBLE_FINANCING,2
INV-2026-03967,NORMAL,1
INV-2026-03968,NORMAL,1
INV-2026-03969,NORMAL,1
INV-2026-03970,NORMAL,1
INV-2026-03971,NORMAL,1
INV-2026-03972,NORMAL,1
INV-2026-03973,NORMAL,1
INV-2026-03974,NORMAL,1
INV-2026-03975,DOUBLE_FINANCING,2
INV-2026-03976,NORMAL,1
INV-2026-03977,NORMAL,1
INV-2026-03978,NORMAL,1
INV-2026-03979,NORMAL,1
INV-2026-03980,NORMAL,1
INV-2026-03981,NORMAL,1
INV-2026-03982,NORMAL,1
INV-2026-03983,NORMAL,1
INV-2026-03984,NORMAL,1
INV-2026-03985,DOUBLE_FINANCING,2
INV-2026-03986,NORMAL,1
INV-2026-03987,NORMAL,1
INV-2026-03988,NORMAL,1
INV-2026-03989,DOUBLE_FINANCING,2
INV-2026-03990,NORMAL,1
INV-2026-03991,NORMAL,1
INV-2026-03992,NORMAL,1
INV-2026-03993,NORMAL,1
INV-2026-03994,NORMAL,1
INV-2026-03995,NORMAL,1
INV-2026-03996,NORMAL,1
INV-2026-03997,DOUBLE_FINANCING,2
INV-2026-03998,NORMAL,1
INV-2026-03999,NORMAL,1
INV-2026-04000,NORMAL,1
INV-2026-04001,NORMAL,1
INV-2026-04002,NORMAL,1
INV-2026-04003,NORMAL,1
INV-2026-04004,NORMAL,1
INV-2026-04005,NORMAL,1
INV-2026-04006,NORMAL,1
INV-2026-04007,NORMAL,1
INV-2026-04008,NORMAL,1
INV-2026-04009,DOUBLE_FINANCING,2
INV-2026-04010,NORMAL,1
INV-2026-04011,NORMAL,1
INV-2026-04012,NORMAL,1
INV-2026-04013,NORMAL,1
INV-2026-04014,NORMAL,1
INV-2026-04015,DOUBLE_FINANCING,2
INV-2026-04016,DOUBLE_FINANCING,2
INV-2026-04017,DOUBLE_FINANCING,2
INV-2026-04018,NORMAL,1
INV-2026-04019,NORMAL,1
INV-2026-04020,NORMAL,1
INV-2026-04021,NORMAL,1
INV-2026-04022,NORMAL,1
INV-2026-04023,NORMAL,1
INV-2026-04024,NORMAL,1
INV-2026-04025,NORMAL,1
INV-2026-04026,NORMAL,1
INV-2026-04027,DOUBLE_FINANCING,2
INV-2026-04028,NORMAL,1
INV-2026-04029,NORMAL,1
INV-2026-04030,DOUBLE_FINANCING,2
INV-2026-04031,NORMAL,1
INV-2026-04032,NORMAL,1
INV-2026-04033,NORMAL,1
INV-2026-04034,NORMAL,1
INV-2026-04035,NORMAL,1
INV-2026-04036,NORMAL,1
INV-2026-04037,NORMAL,1
INV-2026-04038,NORMAL,1
INV-2026-04039,NORMAL,1
INV-2026-04040,DOUBLE_FINANCING,2
INV-2026-04041,NORMAL,1
INV-2026-04042,NORMAL,1
INV-2026-04043,NORMAL,1
INV-2026-04044,NORMAL,1
INV-2026-04045,NORMAL,1
INV-2026-04046,NORMAL,1
INV-2026-04047,NORMAL,1
INV-2026-04048,DOUBLE_FINANCING,2
INV-2026-04049,NORMAL,1
INV-2026-04050,NORMAL,1
INV-2026-04051,NORMAL,1
INV-2026-04052,DOUBLE_FINANCING,2
INV-2026-04053,DOUBLE_FINANCING,2
INV-2026-04054,NORMAL,1
INV-2026-04055,NORMAL,1
INV-2026-04056,NORMAL,1
INV-2026-04057,NORMAL,1
INV-2026-04058,NORMAL,1
INV-2026-04059,NORMAL,1
INV-2026-04060,NORMAL,1
INV-2026-04061,NORMAL,1
INV-2026-04062,DOUBLE_FINANCING,2
INV-2026-04063,DOUBLE_FINANCING,2
INV-2026-04064,NORMAL,1
INV-2026-04065,NORMAL,1
INV-2026-04066,NORMAL,1
INV-2026-04067,NORMAL,1
INV-2026-04068,NORMAL,1
INV-2026-04069,NORMAL,1
INV-2026-04070,NORMAL,1
INV-2026-04071,NORMAL,1
INV-2026-04072,NORMAL,1
INV-2026-04073,NORMAL,1
INV-2026-04074,NORMAL,1
INV-2026-04075,NORMAL,1
INV-2026-04076,NORMAL,1
INV-2026-04077,DOUBLE_FINANCING,2
INV-2026-04078,NORMAL,1
INV-2026-04079,NORMAL,1
INV-2026-04080,NORMAL,1
INV-2026-04081,DOUBLE_FINANCING,2
INV-2026-04082,NORMAL,1
INV-2026-04083,DOUBLE_FINANCING,2
INV-2026-04084,NORMAL,1
INV-2026-04085,NORMAL,1
INV-2026-04086,NORMAL,1
INV-2026-04087,NORMAL,1
INV-2026-04088,NORMAL,1
INV-2026-04089,NORMAL,1
INV-2026-04090,NORMAL,1
INV-2026-04091,DOUBLE_FINANCING,2
INV-2026-04092,NORMAL,1
INV-2026-04093,NORMAL,1
INV-2026-04094,NORMAL,1
INV-2026-04095,DOUBLE_FINANCING,2
INV-2026-04096,DOUBLE_FINANCING,2
INV-2026-04097,NORMAL,1
INV-2026-04098,NORMAL,1
INV-2026-04099,NORMAL,1
INV-2026-04100,NORMAL,1
INV-2026-04101,DOUBLE_FINANCING,2
INV-2026-04102,NORMAL,1
INV-2026-04103,NORMAL,1
INV-2026-04104,NORMAL,1
INV-2026-04105,NORMAL,1
INV-2026-04106,NORMAL,1
INV-2026-04107,NORMAL,1
INV-2026-04108,NORMAL,1
INV-2026-04109,NORMAL,1
INV-2026-04110,NORMAL,1
INV-2026-04111,NORMAL,1
INV-2026-04112,NORMAL,1
INV-2026-04113,NORMAL,1
INV-2026-04114,DOUBLE_FINANCING,2
INV-2026-04115,NORMAL,1
INV-2026-04116,NORMAL,1
INV-2026-04117,NORMAL,1
INV-2026-04118,NORMAL,1
INV-2026-04119,NORMAL,1
INV-2026-04120,NORMAL,1
INV-2026-04121,NORMAL,1
INV-2026-04122,NORMAL,1
INV-2026-04123,NORMAL,1
INV-2026-04124,NORMAL,1
INV-2026-04125,NORMAL,1
INV-2026-04126,NORMAL,1
INV-2026-04127,NORMAL,1
INV-2026-04128,NORMAL,1
INV-2026-04129,DOUBLE_FINANCING,2
INV-2026-04130,DOUBLE_FINANCING,2
INV-2026-04131,NORMAL,1
INV-2026-04132,NORMAL,1
INV-2026-04133,NORMAL,1
INV-2026-04134,NORMAL,1
INV-2026-04135,NORMAL,1
INV-2026-04136,NORMAL,1
INV-2026-04137,NORMAL,1
INV-2026-04138,NORMAL,1
INV-2026-04139,DOUBLE_FINANCING,2
INV-2026-04140,NORMAL,1
INV-2026-04141,NORMAL,1
INV-2026-04142,NORMAL,1
INV-2026-04143,NORMAL,1
INV-2026-04144,NORMAL,1
INV-2026-04145,NORMAL,1
INV-2026-04146,NORMAL,1
INV-2026-04147,DOUBLE_FINANCING,2
INV-2026-04148,NORMAL,1
INV-2026-04149,DOUBLE_FINANCING,2
INV-2026-04150,NORMAL,1
INV-2026-04151,NORMAL,1
INV-2026-04152,NORMAL,1
INV-2026-04153,NORMAL,1
INV-2026-04154,NORMAL,1
INV-2026-04155,DOUBLE_FINANCING,2
INV-2026-04156,NORMAL,1
INV-2026-04157,NORMAL,1
INV-2026-04158,NORMAL,1
INV-2026-04159,NORMAL,1
INV-2026-04160,NORMAL,1
INV-2026-04161,NORMAL,1
INV-2026-04162,DOUBLE_FINANCING,2
INV-2026-04163,NORMAL,1
INV-2026-04164,NORMAL,1
INV-2026-04165,NORMAL,1
INV-2026-04166,NORMAL,1
INV-2026-04167,NORMAL,1
INV-2026-04168,NORMAL,1
INV-2026-04169,NORMAL,1
INV-2026-04170,NORMAL,1
INV-2026-04171,NORMAL,1
INV-2026-04172,NORMAL,1
INV-2026-04173,NORMAL,1
INV-2026-04174,NORMAL,1
INV-2026-04175,NORMAL,1
INV-2026-04176,DOUBLE_FINANCING,2
INV-2026-04177,NORMAL,1
INV-2026-04178,NORMAL,1
INV-2026-04179,NORMAL,1
INV-2026-04180,DOUBLE_FINANCING,2
INV-2026-04181,NORMAL,1
INV-2026-04182,NORMAL,1
INV-2026-04183,DOUBLE_FINANCING,2
INV-2026-04184,NORMAL,1
INV-2026-04185,NORMAL,1
INV-2026-04186,DOUBLE_FINANCING,2
INV-2026-04187,NORMAL,1
INV-2026-04188,NORMAL,1
INV-2026-04189,NORMAL,1
INV-2026-04190,NORMAL,1
INV-2026-04191,NORMAL,1
INV-2026-04192,DOUBLE_FINANCING,2
INV-2026-04193,NORMAL,1
INV-2026-04194,NORMAL,1
INV-2026-04195,NORMAL,1
INV-2026-04196,NORMAL,1
INV-2026-04197,NORMAL,1
INV-2026-04198,NORMAL,1
INV-2026-04199,NORMAL,1
INV-2026-04200,NORMAL,1
INV-2026-04201,NORMAL,1
INV-2026-04202,NORMAL,1
INV-2026-04203,NORMAL,1
INV-2026-04204,NORMAL,1
INV-2026-04205,NORMAL,1
INV-2026-04206,NORMAL,1
INV-2026-04207,NORMAL,1
INV-2026-04208,NORMAL,1
INV-2026-04209,NORMAL,1
INV-2026-04210,NORMAL,1
INV-2026-04211,DOUBLE_FINANCING,2
INV-2026-04212,DOUBLE_FINANCING,2
INV-2026-04213,NORMAL,1
INV-2026-04214,NORMAL,1
INV-2026-04215,NORMAL,1
INV-2026-04216,DOUBLE_FINANCING,2
INV-2026-04217,NORMAL,1
INV-2026-04218,NORMAL,1
INV-2026-04219,NORMAL,1
INV-2026-04220,DOUBLE_FINANCING,2
INV-2026-04221,NORMAL,1
INV-2026-04222,NORMAL,1
INV-2026-04223,NORMAL,1
INV-2026-04224,NORMAL,1
INV-2026-04225,NORMAL,1
INV-2026-04226,NORMAL,1
INV-2026-04227,NORMAL,1
INV-2026-04228,DOUBLE_FINANCING,2
INV-2026-04229,DOUBLE_FINANCING,2
INV-2026-04230,NORMAL,1
INV-2026-04231,DOUBLE_FINANCING,2
INV-2026-04232,NORMAL,1
INV-2026-04233,NORMAL,1
INV-2026-04234,NORMAL,1
INV-2026-04235,NORMAL,1
INV-2026-04236,NORMAL,1
INV-2026-04237,NORMAL,1
INV-2026-04238,DOUBLE_FINANCING,2
INV-2026-04239,NORMAL,1
INV-2026-04240,DOUBLE_FINANCING,2
INV-2026-04241,NORMAL,1
INV-2026-04242,NORMAL,1
INV-2026-04243,NORMAL,1
INV-2026-04244,NORMAL,1
INV-2026-04245,NORMAL,1
INV-2026-04246,NORMAL,1
INV-2026-04247,NORMAL,1
INV-2026-04248,DOUBLE_FINANCING,2
INV-2026-04249,NORMAL,1
INV-2026-04250,DOUBLE_FINANCING,2
INV-2026-04251,NORMAL,1
INV-2026-04252,NORMAL,1
INV-2026-04253,DOUBLE_FINANCING,2
INV-2026-04254,NORMAL,1
INV-2026-04255,NORMAL,1
INV-2026-04256,NORMAL,1
INV-2026-04257,NORMAL,1
INV-2026-04258,NORMAL,1
INV-2026-04259,NORMAL,1
INV-2026-04260,DOUBLE_FINANCING,2
INV-2026-04261,NORMAL,1
INV-2026-04262,DOUBLE_FINANCING,2
INV-2026-04263,NORMAL,1
INV-2026-04264,NORMAL,1
INV-2026-04265,NORMAL,1
INV-2026-04266,NORMAL,1
INV-2026-04267,NORMAL,1
INV-2026-04268,NORMAL,1
INV-2026-04269,NORMAL,1
INV-2026-04270,NORMAL,1
INV-2026-04271,NORMAL,1
INV-2026-04272,NORMAL,1
INV-2026-04273,NORMAL,1
INV-2026-04274,DOUBLE_FINANCING,2
INV-2026-04275,NORMAL,1
INV-2026-04276,NORMAL,1
INV-2026-04277,NORMAL,1
INV-2026-04278,NORMAL,1
INV-2026-04279,NORMAL,1
INV-2026-04280,NORMAL,1
INV-2026-04281,NORMAL,1
INV-2026-04282,NORMAL,1
INV-2026-04283,NORMAL,1
INV-2026-04284,NORMAL,1
INV-2026-04285,NORMAL,1
INV-2026-04286,NORMAL,1
INV-2026-04287,NORMAL,1
INV-2026-04288,NORMAL,1
INV-2026-04289,NORMAL,1
INV-2026-04290,NORMAL,1
INV-2026-04291,NORMAL,1
INV-2026-04292,NORMAL,1
INV-2026-04293,NORMAL,1
INV-2026-04294,DOUBLE_FINANCING,2
INV-2026-04295,NORMAL,1
INV-2026-04296,NORMAL,1
INV-2026-04297,NORMAL,1
INV-2026-04298,NORMAL,1
INV-2026-04299,NORMAL,1
INV-2026-04300,DOUBLE_FINANCING,2
INV-2026-04301,NORMAL,1
INV-2026-04302,NORMAL,1
INV-2026-04303,NORMAL,1
INV-2026-04304,NORMAL,1
INV-2026-04305,NORMAL,1
INV-2026-04306,NORMAL,1
INV-2026-04307,DOUBLE_FINANCING,2
INV-2026-04308,NORMAL,1
INV-2026-04309,NORMAL,1
INV-2026-04310,NORMAL,1
INV-2026-04311,NORMAL,1
INV-2026-04312,NORMAL,1
INV-2026-04313,NORMAL,1
INV-2026-04314,NORMAL,1
INV-2026-04315,NORMAL,1
INV-2026-04316,NORMAL,1
INV-2026-04317,NORMAL,1
INV-2026-04318,NORMAL,1
INV-2026-04319,DOUBLE_FINANCING,2
INV-2026-04320,NORMAL,1
INV-2026-04321,NORMAL,1
INV-2026-04322,NORMAL,1
INV-2026-04323,NORMAL,1
INV-2026-04324,NORMAL,1
INV-2026-04325,NORMAL,1
INV-2026-04326,NORMAL,1
INV-2026-04327,NORMAL,1
INV-2026-04328,DOUBLE_FINANCING,2
INV-2026-04329,NORMAL,1
INV-2026-04330,NORMAL,1
INV-2026-04331,NORMAL,1
INV-2026-04332,NORMAL,1
INV-2026-04333,DOUBLE_FINANCING,2
INV-2026-04334,NORMAL,1
INV-2026-04335,DOUBLE_FINANCING,2
INV-2026-04336,NORMAL,1
INV-2026-04337,DOUBLE_FINANCING,2
INV-2026-04338,NORMAL,1
INV-2026-04339,NORMAL,1
INV-2026-04340,NORMAL,1
INV-2026-04341,NORMAL,1
INV-2026-04342,NORMAL,1
INV-2026-04343,NORMAL,1
INV-2026-04344,NORMAL,1
INV-2026-04345,DOUBLE_FINANCING,2
INV-2026-04346,NORMAL,1
INV-2026-04347,NORMAL,1
INV-2026-04348,DOUBLE_FINANCING,2
INV-2026-04349,NORMAL,1
INV-2026-04350,NORMAL,1
INV-2026-04351,NORMAL,1
INV-2026-04352,NORMAL,1
INV-2026-04353,NORMAL,1
INV-2026-04354,DOUBLE_FINANCING,2
INV-2026-04355,NORMAL,1
INV-2026-04356,NORMAL,1
INV-2026-04357,NORMAL,1
INV-2026-04358,NORMAL,1
INV-2026-04359,NORMAL,1
INV-2026-04360,NORMAL,1
INV-2026-04361,NORMAL,1
INV-2026-04362,NORMAL,1
INV-2026-04363,NORMAL,1
INV-2026-04364,DOUBLE_FINANCING,2
INV-2026-04365,NORMAL,1
INV-2026-04366,NORMAL,1
INV-2026-04367,NORMAL,1
INV-2026-04368,NORMAL,1
INV-2026-04369,NORMAL,1
INV-2026-04370,NORMAL,1
INV-2026-04371,NORMAL,1
INV-2026-04372,NORMAL,1
INV-2026-04373,DOUBLE_FINANCING,2
INV-2026-04374,NORMAL,1
INV-2026-04375,NORMAL,1
INV-2026-04376,NORMAL,1
INV-2026-04377,NORMAL,1
INV-2026-04378,DOUBLE_FINANCING,2
INV-2026-04379,NORMAL,1
INV-2026-04380,NORMAL,1
INV-2026-04381,NORMAL,1
INV-2026-04382,NORMAL,1
INV-2026-04383,NORMAL,1
INV-2026-04384,NORMAL,1
INV-2026-04385,DOUBLE_FINANCING,2
INV-2026-04386,NORMAL,1
INV-2026-04387,NORMAL,1
INV-2026-04388,NORMAL,1
INV-2026-04389,NORMAL,1
INV-2026-04390,NORMAL,1
INV-2026-04391,NORMAL,1
INV-2026-04392,NORMAL,1
INV-2026-04393,NORMAL,1
INV-2026-04394,DOUBLE_FINANCING,2
INV-2026-04395,NORMAL,1
INV-2026-04396,NORMAL,1
INV-2026-04397,NORMAL,1
INV-2026-04398,NORMAL,1
INV-2026-04399,DOUBLE_FINANCING,2
INV-2026-04400,NORMAL,1
INV-2026-04401,NORMAL,1
INV-2026-04402,DOUBLE_FINANCING,2
INV-2026-04403,NORMAL,1
INV-2026-04404,DOUBLE_FINANCING,2
INV-2026-04405,NORMAL,1
INV-2026-04406,NORMAL,1
INV-2026-04407,NORMAL,1
INV-2026-04408,NORMAL,1
INV-2026-04409,NORMAL,1
INV-2026-04410,NORMAL,1
INV-2026-04411,NORMAL,1
INV-2026-04412,NORMAL,1
INV-2026-04413,NORMAL,1
INV-2026-04414,NORMAL,1
INV-2026-04415,NORMAL,1
INV-2026-04416,NORMAL,1
INV-2026-04417,DOUBLE_FINANCING,2
INV-2026-04418,NORMAL,1
INV-2026-04419,DOUBLE_FINANCING,2
INV-2026-04420,DOUBLE_FINANCING,2
INV-2026-04421,NORMAL,1
INV-2026-04422,NORMAL,1
INV-2026-04423,NORMAL,1
INV-2026-04424,NORMAL,1
INV-2026-04425,NORMAL,1
INV-2026-04426,NORMAL,1
INV-2026-04427,NORMAL,1
INV-2026-04428,DOUBLE_FINANCING,2
INV-2026-04429,NORMAL,1
INV-2026-04430,NORMAL,1
INV-2026-04431,NORMAL,1
INV-2026-04432,NORMAL,1
INV-2026-04433,NORMAL,1
INV-2026-04434,NORMAL,1
INV-2026-04435,NORMAL,1
INV-2026-04436,NORMAL,1
INV-2026-04437,NORMAL,1
INV-2026-04438,NORMAL,1
INV-2026-04439,NORMAL,1
INV-2026-04440,NORMAL,1
INV-2026-04441,NORMAL,1
INV-2026-04442,NORMAL,1
INV-2026-04443,NORMAL,1
INV-2026-04444,NORMAL,1
INV-2026-04445,NORMAL,1
INV-2026-04446,NORMAL,1
INV-2026-04447,NORMAL,1
INV-2026-04448,NORMAL,1
INV-2026-04449,NORMAL,1
INV-2026-04450,NORMAL,1
INV-2026-04451,NORMAL,1
INV-2026-04452,DOUBLE_FINANCING,2
INV-2026-04453,DOUBLE_FINANCING,2
INV-2026-04454,NORMAL,1
INV-2026-04455,NORMAL,1
INV-2026-04456,NORMAL,1
INV-2026-04457,DOUBLE_FINANCING,2
INV-2026-04458,NORMAL,1
INV-2026-04459,NORMAL,1
INV-2026-04460,NORMAL,1
INV-2026-04461,DOUBLE_FINANCING,2
INV-2026-04462,DOUBLE_FINANCING,2
INV-2026-04463,NORMAL,1
INV-2026-04464,NORMAL,1
INV-2026-04465,DOUBLE_FINANCING,2
INV-2026-04466,DOUBLE_FINANCING,2
INV-2026-04467,NORMAL,1
INV-2026-04468,DOUBLE_FINANCING,2
INV-2026-04469,DOUBLE_FINANCING,2
INV-2026-04470,NORMAL,1
INV-2026-04471,NORMAL,1
INV-2026-04472,NORMAL,1
INV-2026-04473,NORMAL,1
INV-2026-04474,NORMAL,1
INV-2026-04475,NORMAL,1
INV-2026-04476,NORMAL,1
INV-2026-04477,NORMAL,1
INV-2026-04478,NORMAL,1
INV-2026-04479,NORMAL,1
INV-2026-04480,NORMAL,1
INV-2026-04481,NORMAL,1
INV-2026-04482,NORMAL,1
INV-2026-04483,NORMAL,1
INV-2026-04484,NORMAL,1
INV-2026-04485,NORMAL,1
INV-2026-04486,NORMAL,1
INV-2026-04487,NORMAL,1
INV-2026-04488,NORMAL,1
INV-2026-04489,NORMAL,1
INV-2026-04490,NORMAL,1
INV-2026-04491,NORMAL,1
INV-2026-04492,NORMAL,1
INV-2026-04493,NORMAL,1
INV-2026-04494,NORMAL,1
INV-2026-04495,DOUBLE_FINANCING,2
INV-2026-04496,NORMAL,1
INV-2026-04497,NORMAL,1
INV-2026-04498,NORMAL,1
INV-2026-04499,NORMAL,1
INV-2026-04500,NORMAL,1
INV-2026-04501,NORMAL,1
INV-2026-04502,NORMAL,1
INV-2026-04503,NORMAL,1
INV-2026-04504,NORMAL,1
INV-2026-04505,NORMAL,1
INV-2026-04506,NORMAL,1
INV-2026-04507,NORMAL,1
INV-2026-04508,NORMAL,1
INV-2026-04509,DOUBLE_FINANCING,2
INV-2026-04510,NORMAL,1
INV-2026-04511,NORMAL,1
INV-2026-04512,DOUBLE_FINANCING,2
INV-2026-04513,NORMAL,1
INV-2026-04514,NORMAL,1
INV-2026-04515,NORMAL,1
INV-2026-04516,NORMAL,1
INV-2026-04517,NORMAL,1
INV-2026-04518,NORMAL,1
INV-2026-04519,NORMAL,1
INV-2026-04520,NORMAL,1
INV-2026-04521,NORMAL,1
INV-2026-04522,NORMAL,1
INV-2026-04523,NORMAL,1
INV-2026-04524,NORMAL,1
INV-2026-04525,DOUBLE_FINANCING,2
INV-2026-04526,NORMAL,1
INV-2026-04527,NORMAL,1
INV-2026-04528,NORMAL,1
INV-2026-04529,NORMAL,1
INV-2026-04530,DOUBLE_FINANCING,2
INV-2026-04531,DOUBLE_FINANCING,2
INV-2026-04532,DOUBLE_FINANCING,2
INV-2026-04533,NORMAL,1
INV-2026-04534,DOUBLE_FINANCING,2
INV-2026-04535,NORMAL,1
INV-2026-04536,DOUBLE_FINANCING,2
INV-2026-04537,NORMAL,1
INV-2026-04538,DOUBLE_FINANCING,2
INV-2026-04539,NORMAL,1
INV-2026-04540,NORMAL,1
INV-2026-04541,NORMAL,1
INV-2026-04542,NORMAL,1
INV-2026-04543,NORMAL,1
INV-2026-04544,NORMAL,1
INV-2026-04545,DOUBLE_FINANCING,2
INV-2026-04546,NORMAL,1
INV-2026-04547,NORMAL,1
INV-2026-04548,NORMAL,1
INV-2026-04549,DOUBLE_FINANCING,2
INV-2026-04550,NORMAL,1
INV-2026-04551,NORMAL,1
INV-2026-04552,NORMAL,1
INV-2026-04553,NORMAL,1
INV-2026-04554,NORMAL,1
INV-2026-04555,NORMAL,1
INV-2026-04556,DOUBLE_FINANCING,2
INV-2026-04557,NORMAL,1
INV-2026-04558,DOUBLE_FINANCING,2
INV-2026-04559,NORMAL,1
INV-2026-04560,DOUBLE_FINANCING,2
INV-2026-04561,NORMAL,1
INV-2026-04562,NORMAL,1
INV-2026-04563,NORMAL,1
INV-2026-04564,NORMAL,1
INV-2026-04565,NORMAL,1
INV-2026-04566,NORMAL,1
INV-2026-04567,DOUBLE_FINANCING,2
INV-2026-04568,NORMAL,1
INV-2026-04569,NORMAL,1
INV-2026-04570,NORMAL,1
INV-2026-04571,NORMAL,1
INV-2026-04572,NORMAL,1
INV-2026-04573,NORMAL,1
INV-2026-04574,NORMAL,1
INV-2026-04575,DOUBLE_FINANCING,2
INV-2026-04576,NORMAL,1
INV-2026-04577,NORMAL,1
INV-2026-04578,NORMAL,1
INV-2026-04579,NORMAL,1
INV-2026-04580,NORMAL,1
INV-2026-04581,NORMAL,1
INV-2026-04582,DOUBLE_FINANCING,2
INV-2026-04583,NORMAL,1
INV-2026-04584,NORMAL,1
INV-2026-04585,NORMAL,1
INV-2026-04586,NORMAL,1
INV-2026-04587,NORMAL,1
INV-2026-04588,DOUBLE_FINANCING,2
INV-2026-04589,NORMAL,1
INV-2026-04590,NORMAL,1
INV-2026-04591,NORMAL,1
INV-2026-04592,NORMAL,1
INV-2026-04593,NORMAL,1
INV-2026-04594,NORMAL,1
INV-2026-04595,NORMAL,1
INV-2026-04596,NORMAL,1
INV-2026-04597,NORMAL,1
INV-2026-04598,NORMAL,1
INV-2026-04599,NORMAL,1
INV-2026-04600,NORMAL,1
INV-2026-04601,NORMAL,1
INV-2026-04602,NORMAL,1
INV-2026-04603,NORMAL,1
INV-2026-04604,DOUBLE_FINANCING,2
INV-2026-04605,NORMAL,1
INV-2026-04606,NORMAL,1
INV-2026-04607,NORMAL,1
INV-2026-04608,NORMAL,1
INV-2026-04609,DOUBLE_FINANCING,2
INV-2026-04610,NORMAL,1
INV-2026-04611,NORMAL,1
INV-2026-04612,DOUBLE_FINANCING,2
INV-2026-04613,NORMAL,1
INV-2026-04614,NORMAL,1
INV-2026-04615,DOUBLE_FINANCING,2
INV-2026-04616,DOUBLE_FINANCING,2
INV-2026-04617,NORMAL,1
INV-2026-04618,NORMAL,1
INV-2026-04619,DOUBLE_FINANCING,2
INV-2026-04620,DOUBLE_FINANCING,2
INV-2026-04621,NORMAL,1
INV-2026-04622,NORMAL,1
INV-2026-04623,NORMAL,1
INV-2026-04624,NORMAL,1
INV-2026-04625,DOUBLE_FINANCING,2
INV-2026-04626,NORMAL,1
INV-2026-04627,NORMAL,1
INV-2026-04628,NORMAL,1
INV-2026-04629,NORMAL,1
INV-2026-04630,DOUBLE_FINANCING,2
INV-2026-04631,NORMAL,1
INV-2026-04632,NORMAL,1
INV-2026-04633,NORMAL,1
INV-2026-04634,NORMAL,1
INV-2026-04635,NORMAL,1
INV-2026-04636,NORMAL,1
INV-2026-04637,NORMAL,1
INV-2026-04638,NORMAL,1
INV-2026-04639,DOUBLE_FINANCING,2
INV-2026-04640,NORMAL,1
INV-2026-04641,NORMAL,1
INV-2026-04642,NORMAL,1
INV-2026-04643,NORMAL,1
INV-2026-04644,NORMAL,1
INV-2026-04645,NORMAL,1
INV-2026-04646,NORMAL,1
INV-2026-04647,DOUBLE_FINANCING,2
INV-2026-04648,NORMAL,1
INV-2026-04649,NORMAL,1
INV-2026-04650,NORMAL,1
INV-2026-04651,NORMAL,1
INV-2026-04652,NORMAL,1
INV-2026-04653,NORMAL,1
INV-2026-04654,NORMAL,1
INV-2026-04655,NORMAL,1
INV-2026-04656,DOUBLE_FINANCING,2
INV-2026-04657,NORMAL,1
INV-2026-04658,NORMAL,1
INV-2026-04659,NORMAL,1
INV-2026-04660,DOUBLE_FINANCING,2
INV-2026-04661,NORMAL,1
INV-2026-04662,NORMAL,1
INV-2026-04663,NORMAL,1
INV-2026-04664,NORMAL,1
INV-2026-04665,NORMAL,1
INV-2026-04666,DOUBLE_FINANCING,2
INV-2026-04667,NORMAL,1
INV-2026-04668,NORMAL,1
INV-2026-04669,NORMAL,1
INV-2026-04670,NORMAL,1
INV-2026-04671,NORMAL,1
INV-2026-04672,NORMAL,1
INV-2026-04673,NORMAL,1
INV-2026-04674,NORMAL,1
INV-2026-04675,NORMAL,1
INV-2026-04676,NORMAL,1
INV-2026-04677,NORMAL,1
INV-2026-04678,NORMAL,1
INV-2026-04679,NORMAL,1
INV-2026-04680,DOUBLE_FINANCING,2
INV-2026-04681,NORMAL,1
INV-2026-04682,NORMAL,1
INV-2026-04683,NORMAL,1
INV-2026-04684,NORMAL,1
INV-2026-04685,NORMAL,1
INV-2026-04686,NORMAL,1
INV-2026-04687,DOUBLE_FINANCING,2
INV-2026-04688,NORMAL,1
INV-2026-04689,NORMAL,1
INV-2026-04690,DOUBLE_FINANCING,2
INV-2026-04691,NORMAL,1
INV-2026-04692,NORMAL,1
INV-2026-04693,NORMAL,1
INV-2026-04694,NORMAL,1
INV-2026-04695,NORMAL,1
INV-2026-04696,NORMAL,1
INV-2026-04697,NORMAL,1
INV-2026-04698,NORMAL,1
INV-2026-04699,NORMAL,1
INV-2026-04700,DOUBLE_FINANCING,2
INV-2026-04701,NORMAL,1
INV-2026-04702,NORMAL,1
INV-2026-04703,NORMAL,1
INV-2026-04704,NORMAL,1
INV-2026-04705,NORMAL,1
INV-2026-04706,NORMAL,1
INV-2026-04707,NORMAL,1
INV-2026-04708,DOUBLE_FINANCING,2
INV-2026-04709,NORMAL,1
INV-2026-04710,NORMAL,1
INV-2026-04711,NORMAL,1
INV-2026-04712,NORMAL,1
INV-2026-04713,NORMAL,1
INV-2026-04714,NORMAL,1
INV-2026-04715,NORMAL,1
INV-2026-04716,DOUBLE_FINANCING,2
INV-2026-04717,NORMAL,1
INV-2026-04718,NORMAL,1
INV-2026-04719,DOUBLE_FINANCING,2
INV-2026-04720,NORMAL,1
INV-2026-04721,NORMAL,1
INV-2026-04722,NORMAL,1
INV-2026-04723,NORMAL,1
INV-2026-04724,DOUBLE_FINANCING,2
INV-2026-04725,DOUBLE_FINANCING,2
INV-2026-04726,NORMAL,1
INV-2026-04727,NORMAL,1
INV-2026-04728,NORMAL,1
INV-2026-04729,NORMAL,1
INV-2026-04730,NORMAL,1
INV-2026-04731,NORMAL,1
INV-2026-04732,NORMAL,1
INV-2026-04733,DOUBLE_FINANCING,2
INV-2026-04734,DOUBLE_FINANCING,2
INV-2026-04735,NORMAL,1
INV-2026-04736,NORMAL,1
INV-2026-04737,NORMAL,1
INV-2026-04738,DOUBLE_FINANCING,2
INV-2026-04739,NORMAL,1
INV-2026-04740,NORMAL,1
INV-2026-04741,NORMAL,1
INV-2026-04742,NORMAL,1
INV-2026-04743,NORMAL,1
INV-2026-04744,NORMAL,1
INV-2026-04745,NORMAL,1
INV-2026-04746,NORMAL,1
INV-2026-04747,NORMAL,1
INV-2026-04748,NORMAL,1
INV-2026-04749,DOUBLE_FINANCING,2
INV-2026-04750,NORMAL,1
INV-2026-04751,NORMAL,1
INV-2026-04752,DOUBLE_FINANCING,2
INV-2026-04753,NORMAL,1
INV-2026-04754,NORMAL,1
INV-2026-04755,NORMAL,1
INV-2026-04756,NORMAL,1
INV-2026-04757,NORMAL,1
INV-2026-04758,NORMAL,1
INV-2026-04759,NORMAL,1
INV-2026-04760,DOUBLE_FINANCING,2
INV-2026-04761,NORMAL,1
INV-2026-04762,NORMAL,1
INV-2026-04763,NORMAL,1
INV-2026-04764,NORMAL,1
INV-2026-04765,NORMAL,1
INV-2026-04766,NORMAL,1
INV-2026-04767,NORMAL,1
INV-2026-04768,NORMAL,1
INV-2026-04769,DOUBLE_FINANCING,2
INV-2026-04770,NORMAL,1
INV-2026-04771,NORMAL,1
INV-2026-04772,NORMAL,1
INV-2026-04773,DOUBLE_FINANCING,2
INV-2026-04774,NORMAL,1
INV-2026-04775,NORMAL,1
INV-2026-04776,NORMAL,1
INV-2026-04777,DOUBLE_FINANCING,2
INV-2026-04778,NORMAL,1
INV-2026-04779,NORMAL,1
INV-2026-04780,DOUBLE_FINANCING,2
INV-2026-04781,NORMAL,1
INV-2026-04782,NORMAL,1
INV-2026-04783,DOUBLE_FINANCING,2
INV-2026-04784,DOUBLE_FINANCING,2
INV-2026-04785,NORMAL,1
INV-2026-04786,DOUBLE_FINANCING,2
INV-2026-04787,NORMAL,1
INV-2026-04788,NORMAL,1
INV-2026-04789,NORMAL,1
INV-2026-04790,NORMAL,1
INV-2026-04791,NORMAL,1
INV-2026-04792,NORMAL,1
INV-2026-04793,NORMAL,1
INV-2026-04794,NORMAL,1
INV-2026-04795,DOUBLE_FINANCING,2
INV-2026-04796,NORMAL,1
INV-2026-04797,NORMAL,1
INV-2026-04798,NORMAL,1
INV-2026-04799,NORMAL,1
INV-2026-04800,NORMAL,1
INV-2026-04801,DOUBLE_FINANCING,2
INV-2026-04802,NORMAL,1
INV-2026-04803,NORMAL,1
INV-2026-04804,NORMAL,1
INV-2026-04805,NORMAL,1
INV-2026-04806,NORMAL,1
INV-2026-04807,DOUBLE_FINANCING,2
INV-2026-04808,DOUBLE_FINANCING,2
INV-2026-04809,NORMAL,1
INV-2026-04810,NORMAL,1
INV-2026-04811,NORMAL,1
INV-2026-04812,NORMAL,1
INV-2026-04813,DOUBLE_FINANCING,2
INV-2026-04814,NORMAL,1
INV-2026-04815,NORMAL,1
INV-2026-04816,NORMAL,1
INV-2026-04817,NORMAL,1
INV-2026-04818,NORMAL,1
INV-2026-04819,NORMAL,1
INV-2026-04820,NORMAL,1
INV-2026-04821,NORMAL,1
INV-2026-04822,NORMAL,1
INV-2026-04823,NORMAL,1
INV-2026-04824,NORMAL,1
INV-2026-04825,NORMAL,1
INV-2026-04826,NORMAL,1
INV-2026-04827,DOUBLE_FINANCING,2
INV-2026-04828,NORMAL,1
INV-2026-04829,NORMAL,1
INV-2026-04830,DOUBLE_FINANCING,2
INV-2026-04831,NORMAL,1
INV-2026-04832,NORMAL,1
INV-2026-04833,NORMAL,1
INV-2026-04834,NORMAL,1
INV-2026-04835,NORMAL,1
INV-2026-04836,NORMAL,1
INV-2026-04837,NORMAL,1
INV-2026-04838,NORMAL,1
INV-2026-04839,DOUBLE_FINANCING,2
INV-2026-04840,NORMAL,1
INV-2026-04841,NORMAL,1
INV-2026-04842,NORMAL,1
INV-2026-04843,NORMAL,1
INV-2026-04844,NORMAL,1
INV-2026-04845,NORMAL,1
INV-2026-04846,NORMAL,1
INV-2026-04847,NORMAL,1
INV-2026-04848,NORMAL,1
INV-2026-04849,NORMAL,1
INV-2026-04850,NORMAL,1
INV-2026-04851,NORMAL,1
INV-2026-04852,NORMAL,1
INV-2026-04853,DOUBLE_FINANCING,2
INV-2026-04854,NORMAL,1
INV-2026-04855,NORMAL,1
INV-2026-04856,NORMAL,1
INV-2026-04857,NORMAL,1
INV-2026-04858,NORMAL,1
INV-2026-04859,NORMAL,1
INV-2026-04860,NORMAL,1
INV-2026-04861,DOUBLE_FINANCING,2
INV-2026-04862,NORMAL,1
INV-2026-04863,DOUBLE_FINANCING,2
INV-2026-04864,NORMAL,1
INV-2026-04865,DOUBLE_FINANCING,2
INV-2026-04866,NORMAL,1
INV-2026-04867,NORMAL,1
INV-2026-04868,NORMAL,1
INV-2026-04869,DOUBLE_FINANCING,2
INV-2026-04870,NORMAL,1
INV-2026-04871,NORMAL,1
INV-2026-04872,DOUBLE_FINANCING,2
INV-2026-04873,NORMAL,1
INV-2026-04874,NORMAL,1
INV-2026-04875,NORMAL,1
INV-2026-04876,NORMAL,1
INV-2026-04877,NORMAL,1
INV-2026-04878,DOUBLE_FINANCING,2
INV-2026-04879,NORMAL,1
INV-2026-04880,NORMAL,1
INV-2026-04881,NORMAL,1
INV-2026-04882,NORMAL,1
INV-2026-04883,NORMAL,1
INV-2026-04884,NORMAL,1
INV-2026-04885,NORMAL,1
INV-2026-04886,NORMAL,1
INV-2026-04887,NORMAL,1
INV-2026-04888,NORMAL,1
INV-2026-04889,NORMAL,1
INV-2026-04890,NORMAL,1
INV-2026-04891,NORMAL,1
INV-2026-04892,NORMAL,1
INV-2026-04893,NORMAL,1
INV-2026-04894,NORMAL,1
INV-2026-04895,NORMAL,1
INV-2026-04896,NORMAL,1
INV-2026-04897,NORMAL,1
INV-2026-04898,NORMAL,1
INV-2026-04899,NORMAL,1
INV-2026-04900,NORMAL,1
INV-2026-04901,NORMAL,1
INV-2026-04902,DOUBLE_FINANCING,2
INV-2026-04903,DOUBLE_FINANCING,2
INV-2026-04904,DOUBLE_FINANCING,2
INV-2026-04905,NORMAL,1
INV-2026-04906,NORMAL,1
INV-2026-04907,NORMAL,1
INV-2026-04908,NORMAL,1
INV-2026-04909,NORMAL,1
INV-2026-04910,NORMAL,1
INV-2026-04911,NORMAL,1
INV-2026-04912,NORMAL,1
INV-2026-04913,NORMAL,1
INV-2026-04914,DOUBLE_FINANCING,2
INV-2026-04915,NORMAL,1
INV-2026-04916,NORMAL,1
INV-2026-04917,NORMAL,1
INV-2026-04918,NORMAL,1
INV-2026-04919,NORMAL,1
INV-2026-04920,NORMAL,1
INV-2026-04921,NORMAL,1
INV-2026-04922,NORMAL,1
INV-2026-04923,NORMAL,1
INV-2026-04924,DOUBLE_FINANCING,2
INV-2026-04925,NORMAL,1
INV-2026-04926,DOUBLE_FINANCING,2
INV-2026-04927,NORMAL,1
INV-2026-04928,NORMAL,1
INV-2026-04929,NORMAL,1
INV-2026-04930,DOUBLE_FINANCING,2
INV-2026-04931,NORMAL,1
INV-2026-04932,NORMAL,1
INV-2026-04933,NORMAL,1
INV-2026-04934,NORMAL,1
INV-2026-04935,DOUBLE_FINANCING,2
INV-2026-04936,NORMAL,1
INV-2026-04937,DOUBLE_FINANCING,2
INV-2026-04938,NORMAL,1
INV-2026-04939,DOUBLE_FINANCING,2
INV-2026-04940,NORMAL,1
INV-2026-04941,NORMAL,1
INV-2026-04942,DOUBLE_FINANCING,2
INV-2026-04943,NORMAL,1
INV-2026-04944,NORMAL,1
INV-2026-04945,NORMAL,1
INV-2026-04946,NORMAL,1
INV-2026-04947,NORMAL,1
INV-2026-04948,NORMAL,1
INV-2026-04949,NORMAL,1
INV-2026-04950,NORMAL,1
INV-2026-04951,NORMAL,1
INV-2026-04952,NORMAL,1
INV-2026-04953,NORMAL,1
INV-2026-04954,NORMAL,1
INV-2026-04955,NORMAL,1
INV-2026-04956,NORMAL,1
INV-2026-04957,DOUBLE_FINANCING,2
INV-2026-04958,NORMAL,1
INV-2026-04959,NORMAL,1
INV-2026-04960,NORMAL,1
INV-2026-04961,NORMAL,1
INV-2026-04962,DOUBLE_FINANCING,2
INV-2026-04963,DOUBLE_FINANCING,2
INV-2026-04964,NORMAL,1
INV-2026-04965,DOUBLE_FINANCING,2
INV-2026-04966,NORMAL,1
INV-2026-04967,NORMAL,1
INV-2026-04968,NORMAL,1
INV-2026-04969,DOUBLE_FINANCING,2
INV-2026-04970,NORMAL,1
INV-2026-04971,NORMAL,1
INV-2026-04972,DOUBLE_FINANCING,2
INV-2026-04973,NORMAL,1
INV-2026-04974,NORMAL,1
INV-2026-04975,NORMAL,1
INV-2026-04976,NORMAL,1
INV-2026-04977,NORMAL,1
INV-2026-04978,NORMAL,1
INV-2026-04979,NORMAL,1
INV-2026-04980,NORMAL,1
INV-2026-04981,NORMAL,1
INV-2026-04982,NORMAL,1
INV-2026-04983,NORMAL,1
INV-2026-04984,NORMAL,1
INV-2026-04985,NORMAL,1
INV-2026-04986,NORMAL,1
INV-2026-04987,NORMAL,1
INV-2026-04988,NORMAL,1
INV-2026-04989,NORMAL,1
INV-2026-04990,NORMAL,1
INV-2026-04991,NORMAL,1
INV-2026-04992,NORMAL,1
INV-2026-04993,NORMAL,1
INV-2026-04994,NORMAL,1
INV-2026-04995,NORMAL,1
INV-2026-04996,DOUBLE_FINANCING,2
INV-2026-04997,NORMAL,1
INV-2026-04998,DOUBLE_FINANCING,2
INV-2026-04999,NORMAL,1
INV-2026-05000,DOUBLE_FINANCING,2
