invoice_id,seller_id,buyer_id,invoice_date,due_date,net_amount,primary_line_item,line_item_count,currency
INV-2026-00001,CMP0454,CMP0154,2026-09-17,2026-12-16,3199000,Machinery,35,INR
INV-2026-00002,CMP0784,CMP0279,2026-09-21,2026-12-20,1730000,Food Products,34,INR
INV-2026-00003,CMP0351,CMP0330,2026-08-03,2026-11-01,219000,Construction Materials,29,INR
INV-2026-00004,CMP0622,CMP0211,2026-06-19,2026-07-19,3105000,Electronics,45,INR
INV-2026-00005,CMP0700,CMP0387,2026-09-09,2026-12-08,1429000,Raw Materials,14,INR
INV-2026-00006,CMP0322,CMP0362,2026-07-06,2026-08-20,3368000,Pharmaceuticals,19,INR
INV-2026-00007,CMP0921,CMP0237,2026-08-16,2026-11-14,3158000,Machinery,44,INR
INV-2026-00008,CMP0958,CMP0577,2026-08-22,2026-09-21,2049000,Food Products,46,INR
INV-2026-00009,CMP0820,CMP0023,2026-08-13,2026-10-12,3235000,Textiles,25,INR
INV-2026-00010,CMP0021,CMP0503,2026-09-01,2026-11-30,3624000,Food Products,6,INR
INV-2026-00011,CMP0448,CMP0262,2026-06-30,2026-08-29,2902000,Textiles,17,INR
INV-2026-00012,CMP0491,CMP0162,2026-06-29,2026-08-13,1430000,Construction Materials,3,INR
INV-2026-00013,CMP0391,CMP0374,2026-09-06,2026-10-21,443000,Machinery,46,INR
INV-2026-00014,CMP0938,CMP0163,2026-08-18,2026-09-17,806000,Textiles,6,INR
INV-2026-00015,CMP0538,CMP0955,2026-07-28,2026-09-11,2140000,Textiles,10,INR
INV-2026-00016,CMP0880,CMP0447,2026-09-20,2026-11-04,2331000,Raw Materials,27,INR
INV-2026-00017,CMP0320,CMP0171,2026-06-09,2026-07-24,4314000,Construction Materials,6,INR
INV-2026-00018,CMP0636,CMP0054,2026-08-23,2026-10-07,4740000,Textiles,36,INR
INV-2026-00019,CMP0482,CMP0965,2026-09-23,2026-11-07,3517000,Raw Materials,2,INR
INV-2026-00020,CMP0828,CMP0985,2026-08-17,2026-09-16,1650000,Machinery,50,INR
INV-2026-00021,CMP0104,CMP0276,2026-08-08,2026-09-07,1514000,Construction Materials,30,INR
INV-2026-00022,CMP0567,CMP0780,2026-09-01,2026-10-16,3072000,Raw Materials,35,INR
INV-2026-00023,CMP0955,CMP0192,2026-09-09,2026-10-09,2062000,Textiles,11,INR
INV-2026-00024,CMP0785,CMP0279,2026-09-13,2026-10-13,4254000,Electronics,33,INR
INV-2026-00025,CMP0917,CMP0059,2026-06-18,2026-08-02,3276000,Machinery,31,INR
INV-2026-00026,CMP0160,CMP0867,2026-07-01,2026-08-30,1133000,Electronics,18,INR
INV-2026-00027,CMP0474,CMP0252,2026-06-23,2026-07-23,3776000,Pharmaceuticals,16,INR
INV-2026-00028,CMP0166,CMP0656,2026-06-09,2026-09-07,396000,Raw Materials,1,INR
INV-2026-00029,CMP0295,CMP0472,2026-09-11,2026-12-10,4382000,Pharmaceuticals,49,INR
INV-2026-00030,CMP0405,CMP0564,2026-09-01,2026-11-30,4485000,Electronics,30,INR
INV-2026-00031,CMP0986,CMP0663,2026-07-16,2026-10-14,4307000,Construction Materials,17,INR
INV-2026-00032,CMP0537,CMP0960,2026-06-22,2026-09-20,3389000,Raw Materials,3,INR
INV-2026-00033,CMP0212,CMP0076,2026-07-18,2026-09-16,4963000,Machinery,39,INR
INV-2026-00034,CMP0926,CMP0423,2026-07-19,2026-09-17,3184000,Textiles,2,INR
INV-2026-00035,CMP0323,CMP0499,2026-09-05,2026-10-05,1677000,Raw Materials,28,INR
INV-2026-00036,CMP0794,CMP0654,2026-07-28,2026-09-11,1255000,Pharmaceuticals,20,INR
INV-2026-00037,CMP0406,CMP0251,2026-06-03,2026-07-18,1215000,Food Products,17,INR
INV-2026-00038,CMP0499,CMP0409,2026-08-31,2026-11-29,3870000,Textiles,14,INR
INV-2026-00039,CMP0475,CMP0134,2026-06-07,2026-07-22,3456000,Raw Materials,41,INR
INV-2026-00040,CMP0945,CMP0104,2026-07-18,2026-08-17,2470000,Textiles,30,INR
INV-2026-00041,CMP0932,CMP0396,2026-06-10,2026-08-09,3600000,Textiles,33,INR
INV-2026-00042,CMP0565,CMP0489,2026-09-28,2026-12-27,381000,Machinery,23,INR
INV-2026-00043,CMP0340,CMP0199,2026-09-27,2026-11-11,2592000,Machinery,7,INR
INV-2026-00044,CMP0150,CMP0763,2026-07-05,2026-08-04,4650000,Machinery,33,INR
INV-2026-00045,CMP0224,CMP0646,2026-07-18,2026-08-17,4318000,Food Products,26,INR
INV-2026-00046,CMP0343,CMP0818,2026-07-15,2026-09-13,3820000,Textiles,24,INR
INV-2026-00047,CMP0053,CMP0821,2026-08-14,2026-09-13,4285000,Food Products,49,INR
INV-2026-00048,CMP0500,CMP0444,2026-06-05,2026-07-05,4260000,Raw Materials,25,INR
INV-2026-00049,CMP0339,CMP0677,2026-09-02,2026-11-01,3653000,Raw Materials,10,INR
INV-2026-00050,CMP0781,CMP0937,2026-06-12,2026-09-10,1658000,Textiles,26,INR
INV-2026-00051,CMP0226,CMP0043,2026-07-09,2026-08-08,410000,Raw Materials,13,INR
INV-2026-00052,CMP0429,CMP0583,2026-07-24,2026-09-07,1636000,Food Products,36,INR
INV-2026-00053,CMP0582,CMP0262,2026-06-01,2026-07-01,1775000,Raw Materials,3,INR
INV-2026-00054,CMP0272,CMP0745,2026-09-09,2026-10-09,4003000,Raw Materials,30,INR
INV-2026-00055,CMP0938,CMP0170,2026-06-15,2026-07-15,4092000,Pharmaceuticals,30,INR
INV-2026-00056,CMP0832,CMP0921,2026-08-18,2026-10-17,2857000,Construction Materials,31,INR
INV-2026-00057,CMP0979,CMP0980,2026-08-13,2026-10-12,2164000,Pharmaceuticals,43,INR
INV-2026-00058,CMP0335,CMP0540,2026-08-25,2026-10-24,1324000,Construction Materials,39,INR
INV-2026-00059,CMP0797,CMP0919,2026-06-29,2026-07-29,2059000,Food Products,31,INR
INV-2026-00060,CMP0279,CMP0337,2026-07-09,2026-10-07,4218000,Pharmaceuticals,26,INR
INV-2026-00061,CMP0053,CMP0975,2026-07-09,2026-09-07,4897000,Machinery,10,INR
INV-2026-00062,CMP0569,CMP0229,2026-09-21,2026-11-05,1843000,Food Products,10,INR
INV-2026-00063,CMP0949,CMP0101,2026-08-04,2026-10-03,4491000,Food Products,48,INR
INV-2026-00064,CMP0410,CMP0430,2026-07-13,2026-09-11,4691000,Machinery,16,INR
INV-2026-00065,CMP0167,CMP0639,2026-09-27,2026-10-27,3991000,Construction Materials,21,INR
INV-2026-00066,CMP0949,CMP0911,2026-07-26,2026-10-24,516000,Construction Materials,28,INR
INV-2026-00067,CMP0158,CMP0425,2026-06-04,2026-08-03,3926000,Textiles,8,INR
INV-2026-00068,CMP0316,CMP0242,2026-09-21,2026-12-20,4035000,Food Products,38,INR
INV-2026-00069,CMP0220,CMP0416,2026-09-17,2026-11-01,3573000,Textiles,16,INR
INV-2026-00070,CMP0626,CMP0824,2026-07-14,2026-08-28,1400000,Electronics,21,INR
INV-2026-00071,CMP0608,CMP0386,2026-06-13,2026-07-13,728000,Machinery,48,INR
INV-2026-00072,CMP0009,CMP0154,2026-07-25,2026-10-23,4476000,Machinery,45,INR
INV-2026-00073,CMP0664,CMP0156,2026-06-01,2026-08-30,470000,Raw Materials,3,INR
INV-2026-00074,CMP0137,CMP0299,2026-08-26,2026-10-25,3054000,Pharmaceuticals,37,INR
INV-2026-00075,CMP0090,CMP0042,2026-09-23,2026-11-22,1403000,Textiles,7,INR
INV-2026-00076,CMP0040,CMP0597,2026-06-06,2026-07-06,724000,Construction Materials,13,INR
INV-2026-00077,CMP0809,CMP0175,2026-09-14,2026-12-13,3251000,Machinery,18,INR
INV-2026-00078,CMP0608,CMP0299,2026-06-10,2026-08-09,4359000,Raw Materials,5,INR
INV-2026-00079,CMP0474,CMP0621,2026-06-21,2026-07-21,2179000,Food Products,39,INR
INV-2026-00080,CMP0230,CMP0706,2026-06-05,2026-09-03,2374000,Construction Materials,22,INR
INV-2026-00081,CMP0681,CMP0167,2026-09-12,2026-12-11,3922000,Textiles,33,INR
INV-2026-00082,CMP0314,CMP0301,2026-07-24,2026-09-07,3335000,Construction Materials,20,INR
INV-2026-00083,CMP0683,CMP0335,2026-07-01,2026-09-29,1774000,Raw Materials,46,INR
INV-2026-00084,CMP0159,CMP0038,2026-06-08,2026-07-08,700000,Raw Materials,7,INR
INV-2026-00085,CMP0460,CMP0130,2026-09-01,2026-10-01,1273000,Textiles,50,INR
INV-2026-00086,CMP0341,CMP0705,2026-08-14,2026-09-28,2671000,Pharmaceuticals,31,INR
INV-2026-00087,CMP0446,CMP0420,2026-09-28,2026-11-27,1054000,Pharmaceuticals,14,INR
INV-2026-00088,CMP0918,CMP0485,2026-07-17,2026-08-31,327000,Food Products,13,INR
INV-2026-00089,CMP0354,CMP0068,2026-06-05,2026-08-04,450000,Food Products,12,INR
INV-2026-00090,CMP0833,CMP0510,2026-08-24,2026-11-22,3847000,Construction Materials,46,INR
INV-2026-00091,CMP0884,CMP0332,2026-06-18,2026-08-17,3733000,Pharmaceuticals,46,INR
INV-2026-00092,CMP0433,CMP0675,2026-09-26,2026-11-10,2628000,Machinery,11,INR
INV-2026-00093,CMP0978,CMP0257,2026-06-12,2026-09-10,3456000,Textiles,10,INR
INV-2026-00094,CMP0044,CMP0906,2026-07-01,2026-09-29,1199000,Textiles,13,INR
INV-2026-00095,CMP0739,CMP0185,2026-06-05,2026-07-05,3473000,Pharmaceuticals,24,INR
INV-2026-00096,CMP0729,CMP0352,2026-07-14,2026-08-13,3105000,Machinery,31,INR
INV-2026-00097,CMP0791,CMP0845,2026-06-26,2026-08-10,4154000,Raw Materials,22,INR
INV-2026-00098,CMP0697,CMP0675,2026-07-06,2026-10-04,4186000,Electronics,38,INR
INV-2026-00099,CMP0628,CMP0949,2026-07-26,2026-08-25,1661000,Food Products,47,INR
INV-2026-00100,CMP0606,CMP0561,2026-08-08,2026-11-06,2427000,Machinery,19,INR
INV-2026-00101,CMP0341,CMP0019,2026-08-15,2026-09-14,3386000,Food Products,27,INR
INV-2026-00102,CMP0952,CMP0475,2026-06-30,2026-08-29,4734000,Construction Materials,38,INR
INV-2026-00103,CMP0229,CMP0461,2026-07-09,2026-08-08,2218000,Construction Materials,15,INR
INV-2026-00104,CMP0685,CMP0927,2026-07-03,2026-10-01,4797000,Textiles,1,INR
INV-2026-00105,CMP0544,CMP0235,2026-06-29,2026-09-27,382000,Raw Materials,26,INR
INV-2026-00106,CMP0003,CMP0441,2026-06-10,2026-08-09,441000,Electronics,35,INR
INV-2026-00107,CMP0963,CMP0427,2026-08-04,2026-10-03,183000,Construction Materials,39,INR
INV-2026-00108,CMP0680,CMP0053,2026-08-14,2026-09-28,4118000,Electronics,43,INR
INV-2026-00109,CMP0566,CMP0295,2026-09-18,2026-11-02,999000,Food Products,36,INR
INV-2026-00110,CMP0744,CMP0337,2026-08-09,2026-09-23,1501000,Machinery,44,INR
INV-2026-00111,CMP0440,CMP0082,2026-08-22,2026-10-06,2743000,Food Products,2,INR
INV-2026-00112,CMP0102,CMP0133,2026-06-22,2026-08-21,2165000,Pharmaceuticals,17,INR
INV-2026-00113,CMP0426,CMP0166,2026-06-27,2026-08-11,3543000,Textiles,7,INR
INV-2026-00114,CMP0784,CMP0955,2026-07-10,2026-08-09,2415000,Machinery,10,INR
INV-2026-00115,CMP0895,CMP0125,2026-07-01,2026-07-31,77000,Construction Materials,50,INR
INV-2026-00116,CMP0814,CMP0777,2026-06-23,2026-07-23,2262000,Construction Materials,29,INR
INV-2026-00117,CMP0346,CMP0125,2026-09-07,2026-12-06,4149000,Electronics,8,INR
INV-2026-00118,CMP0493,CMP0685,2026-09-09,2026-10-09,2329000,Textiles,6,INR
INV-2026-00119,CMP0362,CMP0181,2026-09-12,2026-10-27,3227000,Electronics,17,INR
INV-2026-00120,CMP0743,CMP0019,2026-06-09,2026-07-24,757000,Raw Materials,22,INR
INV-2026-00121,CMP0165,CMP0535,2026-06-25,2026-09-23,4431000,Construction Materials,41,INR
INV-2026-00122,CMP0360,CMP0031,2026-09-18,2026-12-17,2836000,Construction Materials,49,INR
INV-2026-00123,CMP0443,CMP0107,2026-09-08,2026-12-07,4247000,Raw Materials,11,INR
INV-2026-00124,CMP0195,CMP0636,2026-09-08,2026-10-08,4010000,Pharmaceuticals,15,INR
INV-2026-00125,CMP0855,CMP0673,2026-08-11,2026-11-09,4099000,Food Products,21,INR
INV-2026-00126,CMP0658,CMP0378,2026-09-24,2026-10-24,1681000,Machinery,29,INR
INV-2026-00127,CMP0193,CMP0004,2026-07-16,2026-08-15,4727000,Pharmaceuticals,24,INR
INV-2026-00128,CMP0665,CMP0347,2026-09-04,2026-10-04,3454000,Textiles,30,INR
INV-2026-00129,CMP0088,CMP0138,2026-08-16,2026-09-15,836000,Electronics,9,INR
INV-2026-00130,CMP0485,CMP0507,2026-08-10,2026-10-09,4584000,Machinery,40,INR
INV-2026-00131,CMP0831,CMP0034,2026-07-02,2026-08-31,2647000,Electronics,28,INR
INV-2026-00132,CMP0301,CMP0040,2026-06-08,2026-08-07,923000,Pharmaceuticals,9,INR
INV-2026-00133,CMP0713,CMP0265,2026-06-20,2026-08-19,3159000,Textiles,27,INR
INV-2026-00134,CMP0077,CMP0999,2026-07-17,2026-08-16,4399000,Food Products,20,INR
INV-2026-00135,CMP0757,CMP0308,2026-06-03,2026-07-03,3383000,Textiles,21,INR
INV-2026-00136,CMP0190,CMP0729,2026-09-20,2026-11-04,812000,Electronics,39,INR
INV-2026-00137,CMP0614,CMP0873,2026-07-17,2026-08-16,870000,Machinery,17,INR
INV-2026-00138,CMP0787,CMP0342,2026-09-22,2026-10-22,2657000,Raw Materials,37,INR
INV-2026-00139,CMP0218,CMP0597,2026-06-30,2026-07-30,695000,Textiles,20,INR
INV-2026-00140,CMP0862,CMP0779,2026-09-05,2026-10-05,4557000,Construction Materials,46,INR
INV-2026-00141,CMP0563,CMP0958,2026-09-20,2026-11-19,4779000,Electronics,43,INR
INV-2026-00142,CMP0305,CMP0103,2026-09-05,2026-10-05,3356000,Textiles,27,INR
INV-2026-00143,CMP0096,CMP0674,2026-07-05,2026-08-04,2780000,Raw Materials,5,INR
INV-2026-00144,CMP0097,CMP0972,2026-06-01,2026-07-01,4869000,Food Products,3,INR
INV-2026-00145,CMP0481,CMP0829,2026-07-22,2026-08-21,3008000,Textiles,11,INR
INV-2026-00146,CMP0606,CMP0963,2026-09-23,2026-11-07,4647000,Machinery,22,INR
INV-2026-00147,CMP0173,CMP0190,2026-08-29,2026-09-28,4711000,Pharmaceuticals,2,INR
INV-2026-00148,CMP0482,CMP0224,2026-06-22,2026-08-06,1087000,Food Products,1,INR
INV-2026-00149,CMP0698,CMP0536,2026-08-13,2026-09-27,2288000,Food Products,36,INR
INV-2026-00150,CMP0244,CMP0061,2026-06-28,2026-09-26,3570000,Raw Materials,34,INR
INV-2026-00151,CMP0300,CMP0353,2026-07-22,2026-10-20,1165000,Electronics,19,INR
INV-2026-00152,CMP0276,CMP0256,2026-08-30,2026-11-28,1071000,Textiles,42,INR
INV-2026-00153,CMP0620,CMP0510,2026-06-15,2026-09-13,61000,Electronics,13,INR
INV-2026-00154,CMP0765,CMP0260,2026-08-13,2026-09-27,1100000,Construction Materials,42,INR
INV-2026-00155,CMP0595,CMP0123,2026-06-17,2026-07-17,2088000,Raw Materials,16,INR
INV-2026-00156,CMP0763,CMP0048,2026-08-27,2026-11-25,641000,Raw Materials,14,INR
INV-2026-00157,CMP0284,CMP0983,2026-08-13,2026-09-12,972000,Pharmaceuticals,14,INR
INV-2026-00158,CMP0735,CMP0114,2026-07-23,2026-08-22,162000,Textiles,14,INR
INV-2026-00159,CMP0458,CMP0148,2026-09-01,2026-10-01,1254000,Construction Materials,24,INR
INV-2026-00160,CMP0333,CMP0421,2026-08-24,2026-10-23,3152000,Food Products,43,INR
INV-2026-00161,CMP0207,CMP0879,2026-06-27,2026-09-25,1245000,Textiles,13,INR
INV-2026-00162,CMP0891,CMP0682,2026-08-02,2026-10-31,2038000,Textiles,28,INR
INV-2026-00163,CMP0051,CMP0259,2026-07-26,2026-10-24,75000,Raw Materials,4,INR
INV-2026-00164,CMP0801,CMP0911,2026-09-04,2026-12-03,538000,Electronics,19,INR
INV-2026-00165,CMP0209,CMP0424,2026-09-21,2026-11-20,954000,Raw Materials,19,INR
INV-2026-00166,CMP0287,CMP0182,2026-09-07,2026-10-07,3541000,Food Products,49,INR
INV-2026-00167,CMP0543,CMP0067,2026-07-29,2026-09-27,4854000,Textiles,42,INR
INV-2026-00168,CMP0230,CMP0461,2026-08-28,2026-10-27,1695000,Construction Materials,31,INR
INV-2026-00169,CMP0987,CMP0400,2026-06-21,2026-09-19,2258000,Raw Materials,29,INR
INV-2026-00170,CMP0927,CMP0137,2026-09-08,2026-10-23,190000,Pharmaceuticals,32,INR
INV-2026-00171,CMP0394,CMP0225,2026-08-05,2026-09-19,4569000,Machinery,18,INR
INV-2026-00172,CMP0739,CMP0380,2026-07-03,2026-08-02,4326000,Textiles,43,INR
INV-2026-00173,CMP0529,CMP0819,2026-09-04,2026-12-03,2591000,Machinery,5,INR
INV-2026-00174,CMP0581,CMP0981,2026-07-01,2026-08-30,927000,Textiles,16,INR
INV-2026-00175,CMP0776,CMP0981,2026-09-18,2026-11-02,4604000,Pharmaceuticals,32,INR
INV-2026-00176,CMP0542,CMP0004,2026-06-03,2026-08-02,1271000,Construction Materials,45,INR
INV-2026-00177,CMP0789,CMP0568,2026-08-12,2026-10-11,3488000,Machinery,31,INR
INV-2026-00178,CMP0199,CMP0192,2026-09-02,2026-11-01,938000,Pharmaceuticals,49,INR
INV-2026-00179,CMP0436,CMP0258,2026-08-15,2026-09-29,2277000,Pharmaceuticals,26,INR
INV-2026-00180,CMP0686,CMP0863,2026-08-12,2026-10-11,4978000,Machinery,25,INR
INV-2026-00181,CMP0484,CMP0640,2026-09-22,2026-11-06,1657000,Textiles,3,INR
INV-2026-00182,CMP0879,CMP0345,2026-07-31,2026-09-14,2973000,Electronics,22,INR
INV-2026-00183,CMP0505,CMP0234,2026-08-11,2026-09-10,3579000,Pharmaceuticals,5,INR
INV-2026-00184,CMP0106,CMP0579,2026-06-30,2026-09-28,1172000,Construction Materials,3,INR
INV-2026-00185,CMP0210,CMP0479,2026-08-08,2026-09-07,3428000,Machinery,44,INR
INV-2026-00186,CMP1000,CMP0562,2026-08-31,2026-10-15,3664000,Raw Materials,48,INR
INV-2026-00187,CMP0220,CMP0224,2026-06-13,2026-07-13,3088000,Textiles,1,INR
INV-2026-00188,CMP0941,CMP0602,2026-06-16,2026-08-15,3401000,Pharmaceuticals,38,INR
INV-2026-00189,CMP0912,CMP0461,2026-06-12,2026-08-11,1762000,Raw Materials,40,INR
INV-2026-00190,CMP0122,CMP0096,2026-09-10,2026-10-25,2100000,Machinery,31,INR
INV-2026-00191,CMP0706,CMP0284,2026-06-22,2026-07-22,4482000,Construction Materials,32,INR
INV-2026-00192,CMP0837,CMP0222,2026-09-22,2026-11-21,3423000,Machinery,6,INR
INV-2026-00193,CMP0516,CMP0597,2026-09-27,2026-11-26,1928000,Machinery,28,INR
INV-2026-00194,CMP0714,CMP0358,2026-09-05,2026-12-04,2973000,Electronics,45,INR
INV-2026-00195,CMP0169,CMP0028,2026-08-20,2026-09-19,848000,Pharmaceuticals,18,INR
INV-2026-00196,CMP0198,CMP0177,2026-06-30,2026-07-30,1335000,Pharmaceuticals,12,INR
INV-2026-00197,CMP0201,CMP0848,2026-06-26,2026-08-10,1762000,Textiles,30,INR
INV-2026-00198,CMP0063,CMP0678,2026-06-29,2026-08-13,3732000,Machinery,8,INR
INV-2026-00199,CMP0744,CMP0935,2026-07-17,2026-09-15,1722000,Construction Materials,44,INR
INV-2026-00200,CMP0443,CMP0158,2026-09-15,2026-10-30,568000,Food Products,25,INR
INV-2026-00201,CMP0008,CMP0176,2026-06-05,2026-07-20,3118000,Pharmaceuticals,27,INR
INV-2026-00202,CMP0112,CMP0087,2026-06-28,2026-07-28,1340000,Raw Materials,27,INR
INV-2026-00203,CMP0112,CMP0446,2026-08-29,2026-10-13,1928000,Textiles,46,INR
INV-2026-00204,CMP0533,CMP0731,2026-09-22,2026-11-21,4596000,Food Products,11,INR
INV-2026-00205,CMP0849,CMP0609,2026-08-24,2026-10-08,4415000,Food Products,28,INR
INV-2026-00206,CMP0177,CMP0626,2026-07-06,2026-09-04,3696000,Textiles,39,INR
INV-2026-00207,CMP0220,CMP0949,2026-06-26,2026-09-24,214000,Textiles,25,INR
INV-2026-00208,CMP0792,CMP0549,2026-09-27,2026-10-27,3858000,Construction Materials,38,INR
INV-2026-00209,CMP0119,CMP0816,2026-09-24,2026-10-24,1088000,Raw Materials,48,INR
INV-2026-00210,CMP0718,CMP0547,2026-08-11,2026-11-09,977000,Food Products,42,INR
INV-2026-00211,CMP0595,CMP0730,2026-06-07,2026-07-22,1157000,Electronics,15,INR
INV-2026-00212,CMP0819,CMP0130,2026-09-25,2026-10-25,2020000,Electronics,39,INR
INV-2026-00213,CMP0557,CMP0906,2026-07-01,2026-07-31,657000,Textiles,34,INR
INV-2026-00214,CMP0551,CMP0096,2026-07-04,2026-09-02,2177000,Electronics,9,INR
INV-2026-00215,CMP0848,CMP0183,2026-07-25,2026-10-23,410000,Construction Materials,14,INR
INV-2026-00216,CMP0144,CMP0823,2026-08-29,2026-09-28,1856000,Electronics,10,INR
INV-2026-00217,CMP0640,CMP0453,2026-07-25,2026-08-24,635000,Pharmaceuticals,49,INR
INV-2026-00218,CMP0330,CMP0472,2026-08-27,2026-10-26,1398000,Construction Materials,22,INR
INV-2026-00219,CMP0031,CMP0034,2026-09-08,2026-10-08,144000,Construction Materials,43,INR
INV-2026-00220,CMP0708,CMP0025,2026-06-11,2026-08-10,298000,Raw Materials,49,INR
INV-2026-00221,CMP0761,CMP0828,2026-06-11,2026-07-11,4849000,Pharmaceuticals,13,INR
INV-2026-00222,CMP0493,CMP0976,2026-07-27,2026-09-25,854000,Machinery,41,INR
INV-2026-00223,CMP0767,CMP0992,2026-09-01,2026-10-16,261000,Textiles,21,INR
INV-2026-00224,CMP0389,CMP0689,2026-09-10,2026-11-09,993000,Construction Materials,19,INR
INV-2026-00225,CMP0268,CMP0164,2026-08-09,2026-09-23,746000,Electronics,43,INR
INV-2026-00226,CMP0591,CMP0553,2026-07-07,2026-10-05,3955000,Electronics,50,INR
INV-2026-00227,CMP0079,CMP0155,2026-09-14,2026-11-13,1489000,Electronics,40,INR
INV-2026-00228,CMP0808,CMP0044,2026-07-19,2026-10-17,2623000,Machinery,33,INR
INV-2026-00229,CMP0446,CMP0479,2026-06-06,2026-07-06,265000,Machinery,43,INR
INV-2026-00230,CMP0268,CMP0908,2026-07-19,2026-09-17,2062000,Pharmaceuticals,22,INR
INV-2026-00231,CMP0091,CMP0371,2026-07-06,2026-08-20,4276000,Food Products,25,INR
INV-2026-00232,CMP0577,CMP0126,2026-07-23,2026-09-06,1981000,Construction Materials,18,INR
INV-2026-00233,CMP0524,CMP0234,2026-07-18,2026-08-17,2684000,Textiles,20,INR
INV-2026-00234,CMP0842,CMP0175,2026-07-19,2026-08-18,4775000,Electronics,46,INR
INV-2026-00235,CMP0041,CMP0641,2026-06-07,2026-09-05,3898000,Raw Materials,16,INR
INV-2026-00236,CMP0421,CMP0617,2026-07-29,2026-09-27,4623000,Construction Materials,2,INR
INV-2026-00237,CMP0791,CMP0640,2026-06-24,2026-08-08,4357000,Machinery,4,INR
INV-2026-00238,CMP0275,CMP0822,2026-09-27,2026-10-27,434000,Construction Materials,26,INR
INV-2026-00239,CMP0259,CMP0855,2026-06-16,2026-07-16,4380000,Textiles,41,INR
INV-2026-00240,CMP0751,CMP0265,2026-08-10,2026-11-08,1503000,Food Products,16,INR
INV-2026-00241,CMP0529,CMP0199,2026-08-31,2026-10-15,3147000,Electronics,42,INR
INV-2026-00242,CMP0066,CMP0410,2026-07-02,2026-08-16,2243000,Pharmaceuticals,5,INR
INV-2026-00243,CMP0145,CMP0714,2026-08-19,2026-10-18,3327000,Pharmaceuticals,11,INR
INV-2026-00244,CMP0535,CMP0586,2026-07-23,2026-09-21,2569000,Raw Materials,2,INR
INV-2026-00245,CMP0249,CMP0901,2026-09-05,2026-10-20,3488000,Textiles,47,INR
INV-2026-00246,CMP0743,CMP0866,2026-07-26,2026-09-09,4378000,Machinery,20,INR
INV-2026-00247,CMP0984,CMP0797,2026-06-11,2026-09-09,2113000,Construction Materials,3,INR
INV-2026-00248,CMP0842,CMP0400,2026-08-20,2026-11-18,2438000,Raw Materials,23,INR
INV-2026-00249,CMP0969,CMP0769,2026-09-05,2026-11-04,3111000,Construction Materials,3,INR
INV-2026-00250,CMP0192,CMP0413,2026-09-01,2026-10-31,1926000,Textiles,35,INR
INV-2026-00251,CMP0700,CMP0192,2026-06-25,2026-07-25,2457000,Pharmaceuticals,6,INR
INV-2026-00252,CMP0482,CMP0387,2026-07-23,2026-09-21,2570000,Construction Materials,19,INR
INV-2026-00253,CMP0526,CMP0590,2026-08-04,2026-09-03,4394000,Construction Materials,15,INR
INV-2026-00254,CMP0749,CMP0112,2026-07-01,2026-08-15,3067000,Construction Materials,18,INR
INV-2026-00255,CMP0340,CMP0743,2026-07-30,2026-08-29,1149000,Pharmaceuticals,45,INR
INV-2026-00256,CMP0349,CMP0039,2026-08-27,2026-09-26,2423000,Construction Materials,19,INR
INV-2026-00257,CMP0245,CMP0210,2026-06-27,2026-08-26,1820000,Raw Materials,34,INR
INV-2026-00258,CMP0264,CMP0602,2026-09-22,2026-10-22,2631000,Food Products,47,INR
INV-2026-00259,CMP0228,CMP0827,2026-09-12,2026-10-12,1208000,Machinery,7,INR
INV-2026-00260,CMP0729,CMP0615,2026-08-07,2026-11-05,3775000,Pharmaceuticals,8,INR
INV-2026-00261,CMP0558,CMP0050,2026-07-01,2026-07-31,1677000,Pharmaceuticals,44,INR
INV-2026-00262,CMP0203,CMP0505,2026-06-18,2026-09-16,1825000,Pharmaceuticals,21,INR
INV-2026-00263,CMP0232,CMP0041,2026-09-18,2026-10-18,3381000,Pharmaceuticals,5,INR
INV-2026-00264,CMP0980,CMP0086,2026-08-03,2026-10-02,4186000,Food Products,7,INR
INV-2026-00265,CMP0473,CMP0984,2026-09-18,2026-12-17,4151000,Construction Materials,36,INR
INV-2026-00266,CMP0738,CMP0885,2026-09-23,2026-10-23,4346000,Machinery,12,INR
INV-2026-00267,CMP0214,CMP0841,2026-09-12,2026-10-12,267000,Electronics,7,INR
INV-2026-00268,CMP0343,CMP0798,2026-06-15,2026-07-30,3449000,Construction Materials,39,INR
INV-2026-00269,CMP0537,CMP0947,2026-07-02,2026-09-30,157000,Textiles,31,INR
INV-2026-00270,CMP0653,CMP0720,2026-07-04,2026-09-02,4124000,Construction Materials,39,INR
INV-2026-00271,CMP0123,CMP0984,2026-09-26,2026-10-26,3453000,Electronics,44,INR
INV-2026-00272,CMP0219,CMP0402,2026-08-18,2026-10-17,3063000,Raw Materials,4,INR
INV-2026-00273,CMP0079,CMP0319,2026-06-10,2026-07-10,4995000,Construction Materials,34,INR
INV-2026-00274,CMP0655,CMP0791,2026-07-07,2026-08-06,4760000,Electronics,19,INR
INV-2026-00275,CMP0232,CMP0237,2026-08-07,2026-11-05,3302000,Textiles,2,INR
INV-2026-00276,CMP0601,CMP0143,2026-06-25,2026-08-09,3386000,Construction Materials,47,INR
INV-2026-00277,CMP0162,CMP0965,2026-08-17,2026-10-01,1816000,Machinery,16,INR
INV-2026-00278,CMP0463,CMP0282,2026-07-14,2026-10-12,2795000,Machinery,6,INR
INV-2026-00279,CMP0262,CMP0957,2026-08-29,2026-10-28,348000,Raw Materials,34,INR
INV-2026-00280,CMP0549,CMP0418,2026-09-15,2026-11-14,401000,Pharmaceuticals,2,INR
INV-2026-00281,CMP0797,CMP0812,2026-07-01,2026-09-29,2814000,Food Products,28,INR
INV-2026-00282,CMP0446,CMP0990,2026-08-06,2026-09-05,429000,Machinery,48,INR
INV-2026-00283,CMP0132,CMP0437,2026-09-29,2026-10-29,197000,Raw Materials,4,INR
INV-2026-00284,CMP0533,CMP0907,2026-07-17,2026-10-15,1714000,Food Products,39,INR
INV-2026-00285,CMP0091,CMP0838,2026-07-20,2026-09-03,273000,Pharmaceuticals,30,INR
INV-2026-00286,CMP0075,CMP0329,2026-06-13,2026-07-28,1793000,Construction Materials,14,INR
INV-2026-00287,CMP0261,CMP0920,2026-07-16,2026-08-15,2839000,Construction Materials,28,INR
INV-2026-00288,CMP0522,CMP0564,2026-07-26,2026-08-25,1552000,Food Products,41,INR
INV-2026-00289,CMP0868,CMP0497,2026-09-06,2026-10-21,3527000,Electronics,14,INR
INV-2026-00290,CMP0538,CMP0852,2026-07-08,2026-08-07,2210000,Machinery,16,INR
INV-2026-00291,CMP0312,CMP0918,2026-06-01,2026-08-30,4592000,Construction Materials,13,INR
INV-2026-00292,CMP0351,CMP0306,2026-08-01,2026-09-15,1994000,Food Products,3,INR
INV-2026-00293,CMP0218,CMP0240,2026-08-18,2026-09-17,3116000,Machinery,7,INR
INV-2026-00294,CMP0684,CMP0380,2026-08-28,2026-09-27,3748000,Electronics,4,INR
INV-2026-00295,CMP0520,CMP0378,2026-08-14,2026-09-13,4674000,Construction Materials,19,INR
INV-2026-00296,CMP0293,CMP0588,2026-09-28,2026-10-28,1539000,Pharmaceuticals,29,INR
INV-2026-00297,CMP0262,CMP0597,2026-07-22,2026-10-20,1406000,Construction Materials,40,INR
INV-2026-00298,CMP0587,CMP0828,2026-09-20,2026-11-19,3129000,Construction Materials,36,INR
INV-2026-00299,CMP0658,CMP0620,2026-09-04,2026-12-03,4967000,Machinery,34,INR
INV-2026-00300,CMP0303,CMP0149,2026-09-09,2026-11-08,4434000,Electronics,25,INR
INV-2026-00301,CMP0653,CMP0975,2026-07-02,2026-08-16,4709000,Textiles,37,INR
INV-2026-00302,CMP0106,CMP0302,2026-09-07,2026-11-06,224000,Electronics,40,INR
INV-2026-00303,CMP0812,CMP0999,2026-06-23,2026-08-07,1642000,Machinery,12,INR
INV-2026-00304,CMP0860,CMP0800,2026-07-08,2026-08-22,1877000,Construction Materials,28,INR
INV-2026-00305,CMP0414,CMP0578,2026-09-29,2026-10-29,4636000,Food Products,40,INR
INV-2026-00306,CMP0717,CMP0024,2026-07-31,2026-09-14,4620000,Food Products,41,INR
INV-2026-00307,CMP0121,CMP0469,2026-09-23,2026-10-23,3471000,Pharmaceuticals,29,INR
INV-2026-00308,CMP0179,CMP0768,2026-07-10,2026-08-24,1818000,Electronics,39,INR
INV-2026-00309,CMP0226,CMP0334,2026-09-25,2026-11-24,4984000,Pharmaceuticals,16,INR
INV-2026-00310,CMP0921,CMP0973,2026-06-18,2026-07-18,4311000,Construction Materials,19,INR
INV-2026-00311,CMP0848,CMP0004,2026-07-23,2026-08-22,2873000,Raw Materials,45,INR
INV-2026-00312,CMP0580,CMP0625,2026-07-14,2026-08-13,3606000,Electronics,10,INR
INV-2026-00313,CMP0416,CMP0605,2026-08-09,2026-09-23,2988000,Food Products,43,INR
INV-2026-00314,CMP0273,CMP0096,2026-07-19,2026-10-17,4560000,Textiles,27,INR
INV-2026-00315,CMP0646,CMP0075,2026-06-02,2026-08-31,1824000,Construction Materials,28,INR
INV-2026-00316,CMP0101,CMP0689,2026-09-07,2026-10-22,1243000,Construction Materials,34,INR
INV-2026-00317,CMP0322,CMP0586,2026-09-27,2026-10-27,2809000,Textiles,13,INR
INV-2026-00318,CMP0796,CMP0274,2026-08-09,2026-09-23,3315000,Raw Materials,38,INR
INV-2026-00319,CMP0816,CMP0792,2026-09-17,2026-11-16,2595000,Pharmaceuticals,3,INR
INV-2026-00320,CMP0876,CMP0031,2026-08-01,2026-09-15,1395000,Machinery,1,INR
INV-2026-00321,CMP0684,CMP0873,2026-07-26,2026-10-24,4259000,Food Products,5,INR
INV-2026-00322,CMP0057,CMP0120,2026-08-04,2026-09-18,3221000,Machinery,6,INR
INV-2026-00323,CMP0685,CMP0198,2026-09-14,2026-10-14,2793000,Machinery,5,INR
INV-2026-00324,CMP0385,CMP0541,2026-08-18,2026-10-17,508000,Machinery,19,INR
INV-2026-00325,CMP0645,CMP0622,2026-09-18,2026-11-17,649000,Machinery,30,INR
INV-2026-00326,CMP0418,CMP0793,2026-09-19,2026-11-03,1501000,Construction Materials,38,INR
INV-2026-00327,CMP0973,CMP0454,2026-08-20,2026-10-04,3418000,Machinery,47,INR
INV-2026-00328,CMP0378,CMP0226,2026-07-05,2026-08-04,2342000,Food Products,29,INR
INV-2026-00329,CMP0454,CMP0614,2026-07-21,2026-09-04,2356000,Machinery,46,INR
INV-2026-00330,CMP0966,CMP0460,2026-09-01,2026-11-30,1194000,Construction Materials,27,INR
INV-2026-00331,CMP0688,CMP0134,2026-06-18,2026-08-17,4934000,Machinery,36,INR
INV-2026-00332,CMP0818,CMP0095,2026-09-01,2026-11-30,4081000,Food Products,4,INR
INV-2026-00333,CMP0165,CMP0579,2026-06-09,2026-08-08,4979000,Machinery,26,INR
INV-2026-00334,CMP0960,CMP0537,2026-07-04,2026-08-03,4420000,Raw Materials,13,INR
INV-2026-00335,CMP0208,CMP0465,2026-06-12,2026-07-27,1951000,Textiles,23,INR
INV-2026-00336,CMP0733,CMP0953,2026-06-26,2026-08-25,1452000,Food Products,7,INR
INV-2026-00337,CMP0479,CMP0558,2026-07-30,2026-08-29,698000,Raw Materials,11,INR
INV-2026-00338,CMP0695,CMP0105,2026-08-17,2026-10-01,693000,Machinery,25,INR
INV-2026-00339,CMP0116,CMP0225,2026-07-01,2026-08-30,3506000,Raw Materials,30,INR
INV-2026-00340,CMP0508,CMP0560,2026-07-15,2026-10-13,4747000,Machinery,13,INR
INV-2026-00341,CMP0224,CMP0459,2026-09-23,2026-11-22,658000,Textiles,17,INR
INV-2026-00342,CMP0607,CMP0051,2026-09-19,2026-11-18,1431000,Machinery,10,INR
INV-2026-00343,CMP0885,CMP0406,2026-08-05,2026-09-04,2458000,Construction Materials,7,INR
INV-2026-00344,CMP0442,CMP0283,2026-06-07,2026-07-22,2382000,Food Products,14,INR
INV-2026-00345,CMP0699,CMP0257,2026-07-21,2026-10-19,882000,Electronics,7,INR
INV-2026-00346,CMP0950,CMP0146,2026-09-03,2026-12-02,3844000,Pharmaceuticals,33,INR
INV-2026-00347,CMP0175,CMP0938,2026-06-10,2026-07-10,1579000,Construction Materials,11,INR
INV-2026-00348,CMP0655,CMP0095,2026-09-23,2026-11-07,4076000,Machinery,41,INR
INV-2026-00349,CMP0199,CMP0268,2026-09-28,2026-12-27,4305000,Raw Materials,37,INR
INV-2026-00350,CMP0560,CMP0349,2026-09-09,2026-12-08,4074000,Raw Materials,49,INR
INV-2026-00351,CMP0437,CMP0888,2026-09-20,2026-11-04,1947000,Machinery,33,INR
INV-2026-00352,CMP0182,CMP0557,2026-07-23,2026-08-22,2658000,Textiles,15,INR
INV-2026-00353,CMP0587,CMP0769,2026-09-03,2026-10-03,3733000,Food Products,45,INR
INV-2026-00354,CMP0603,CMP0558,2026-07-22,2026-08-21,3561000,Food Products,31,INR
INV-2026-00355,CMP0717,CMP0063,2026-09-19,2026-12-18,3348000,Raw Materials,26,INR
INV-2026-00356,CMP0531,CMP0799,2026-09-19,2026-10-19,1250000,Textiles,49,INR
INV-2026-00357,CMP0003,CMP0386,2026-06-19,2026-07-19,4478000,Pharmaceuticals,11,INR
INV-2026-00358,CMP0185,CMP0230,2026-07-12,2026-08-26,2911000,Machinery,26,INR
INV-2026-00359,CMP0696,CMP0895,2026-06-02,2026-08-01,3048000,Electronics,29,INR
INV-2026-00360,CMP0960,CMP0108,2026-07-22,2026-09-05,2220000,Pharmaceuticals,5,INR
INV-2026-00361,CMP0536,CMP0667,2026-06-10,2026-07-25,1477000,Textiles,37,INR
INV-2026-00362,CMP0408,CMP0993,2026-09-05,2026-10-05,3791000,Electronics,38,INR
INV-2026-00363,CMP0548,CMP0792,2026-07-01,2026-09-29,2249000,Electronics,39,INR
INV-2026-00364,CMP0555,CMP0296,2026-09-20,2026-10-20,4528000,Raw Materials,9,INR
INV-2026-00365,CMP0914,CMP0941,2026-09-17,2026-11-16,359000,Construction Materials,3,INR
INV-2026-00366,CMP0975,CMP0620,2026-08-24,2026-11-22,1932000,Pharmaceuticals,39,INR
INV-2026-00367,CMP0734,CMP0709,2026-08-04,2026-10-03,2104000,Pharmaceuticals,9,INR
INV-2026-00368,CMP0306,CMP0904,2026-09-17,2026-10-17,2816000,Pharmaceuticals,6,INR
INV-2026-00369,CMP0291,CMP0356,2026-08-20,2026-11-18,3751000,Construction Materials,49,INR
INV-2026-00370,CMP0935,CMP0037,2026-06-12,2026-08-11,3665000,Raw Materials,16,INR
INV-2026-00371,CMP0917,CMP0558,2026-07-28,2026-10-26,3340000,Food Products,13,INR
INV-2026-00372,CMP0553,CMP0788,2026-06-04,2026-09-02,1579000,Textiles,25,INR
INV-2026-00373,CMP0799,CMP0080,2026-09-01,2026-11-30,570000,Food Products,40,INR
INV-2026-00374,CMP0545,CMP0505,2026-08-09,2026-09-23,3199000,Construction Materials,40,INR
INV-2026-00375,CMP0589,CMP0938,2026-08-04,2026-11-02,3625000,Pharmaceuticals,10,INR
INV-2026-00376,CMP0858,CMP0855,2026-07-11,2026-08-25,1110000,Food Products,48,INR
INV-2026-00377,CMP0040,CMP0810,2026-07-11,2026-08-10,4409000,Food Products,42,INR
INV-2026-00378,CMP0191,CMP0699,2026-07-18,2026-08-17,1995000,Pharmaceuticals,18,INR
INV-2026-00379,CMP0905,CMP0031,2026-09-05,2026-12-04,3002000,Food Products,47,INR
INV-2026-00380,CMP0635,CMP0340,2026-08-12,2026-09-11,3790000,Machinery,44,INR
INV-2026-00381,CMP0128,CMP0172,2026-09-24,2026-11-08,2340000,Construction Materials,48,INR
INV-2026-00382,CMP0351,CMP0873,2026-07-05,2026-09-03,3118000,Raw Materials,34,INR
INV-2026-00383,CMP0403,CMP0472,2026-07-21,2026-09-04,4912000,Raw Materials,23,INR
INV-2026-00384,CMP0847,CMP0835,2026-06-24,2026-08-08,2459000,Pharmaceuticals,9,INR
INV-2026-00385,CMP0700,CMP0546,2026-09-17,2026-11-16,4769000,Construction Materials,26,INR
INV-2026-00386,CMP0851,CMP0888,2026-09-19,2026-11-03,1870000,Electronics,37,INR
INV-2026-00387,CMP0957,CMP0106,2026-07-22,2026-09-05,2836000,Textiles,6,INR
INV-2026-00388,CMP0701,CMP0697,2026-06-24,2026-08-23,2735000,Pharmaceuticals,31,INR
INV-2026-00389,CMP0183,CMP0936,2026-07-20,2026-09-03,2862000,Electronics,11,INR
INV-2026-00390,CMP0414,CMP0969,2026-06-29,2026-08-13,4876000,Textiles,34,INR
INV-2026-00391,CMP0623,CMP0801,2026-06-14,2026-07-29,3081000,Construction Materials,33,INR
INV-2026-00392,CMP0109,CMP0574,2026-07-18,2026-09-16,3254000,Machinery,42,INR
INV-2026-00393,CMP0502,CMP0532,2026-07-20,2026-09-18,2203000,Machinery,40,INR
INV-2026-00394,CMP0329,CMP0775,2026-09-07,2026-11-06,4045000,Construction Materials,17,INR
INV-2026-00395,CMP0230,CMP0008,2026-07-10,2026-08-09,1640000,Pharmaceuticals,33,INR
INV-2026-00396,CMP0845,CMP0591,2026-09-27,2026-10-27,660000,Food Products,39,INR
INV-2026-00397,CMP0496,CMP0169,2026-06-26,2026-08-25,434000,Electronics,16,INR
INV-2026-00398,CMP0276,CMP0813,2026-06-12,2026-08-11,358000,Raw Materials,26,INR
INV-2026-00399,CMP0315,CMP0091,2026-07-08,2026-10-06,2714000,Machinery,21,INR
INV-2026-00400,CMP0848,CMP0336,2026-06-14,2026-07-29,1707000,Pharmaceuticals,12,INR
INV-2026-00401,CMP0375,CMP0635,2026-09-13,2026-12-12,1806000,Food Products,47,INR
INV-2026-00402,CMP0867,CMP0974,2026-06-13,2026-07-28,4346000,Construction Materials,28,INR
INV-2026-00403,CMP0459,CMP0872,2026-06-06,2026-07-06,2649000,Electronics,18,INR
INV-2026-00404,CMP0976,CMP0867,2026-08-29,2026-09-28,1276000,Textiles,50,INR
INV-2026-00405,CMP0812,CMP0090,2026-09-08,2026-11-07,338000,Raw Materials,30,INR
INV-2026-00406,CMP0393,CMP0631,2026-06-16,2026-09-14,4385000,Electronics,4,INR
INV-2026-00407,CMP0620,CMP0751,2026-09-05,2026-12-04,1128000,Machinery,18,INR
INV-2026-00408,CMP0370,CMP0133,2026-09-17,2026-11-16,1975000,Food Products,11,INR
INV-2026-00409,CMP0912,CMP0141,2026-08-11,2026-11-09,2760000,Food Products,4,INR
INV-2026-00410,CMP0979,CMP0333,2026-08-04,2026-11-02,4830000,Construction Materials,49,INR
INV-2026-00411,CMP0461,CMP0552,2026-07-06,2026-09-04,3672000,Construction Materials,11,INR
INV-2026-00412,CMP0142,CMP0505,2026-08-05,2026-10-04,2817000,Pharmaceuticals,43,INR
INV-2026-00413,CMP0287,CMP0555,2026-09-02,2026-12-01,2831000,Textiles,21,INR
INV-2026-00414,CMP0807,CMP0730,2026-06-23,2026-08-07,2409000,Textiles,40,INR
INV-2026-00415,CMP0933,CMP0122,2026-09-12,2026-12-11,729000,Textiles,2,INR
INV-2026-00416,CMP0140,CMP0955,2026-09-21,2026-10-21,101000,Machinery,10,INR
INV-2026-00417,CMP0821,CMP0315,2026-08-21,2026-10-05,3101000,Electronics,42,INR
INV-2026-00418,CMP0900,CMP0238,2026-07-01,2026-08-15,645000,Pharmaceuticals,8,INR
INV-2026-00419,CMP0819,CMP0334,2026-06-09,2026-07-24,2649000,Machinery,21,INR
INV-2026-00420,CMP0349,CMP0493,2026-08-06,2026-09-20,326000,Pharmaceuticals,41,INR
INV-2026-00421,CMP0436,CMP0569,2026-08-27,2026-09-26,1542000,Textiles,20,INR
INV-2026-00422,CMP0292,CMP0872,2026-08-07,2026-11-05,4308000,Food Products,38,INR
INV-2026-00423,CMP0635,CMP0734,2026-06-19,2026-09-17,4069000,Construction Materials,45,INR
INV-2026-00424,CMP0960,CMP0228,2026-07-28,2026-10-26,3515000,Pharmaceuticals,19,INR
INV-2026-00425,CMP0659,CMP0424,2026-09-04,2026-10-04,1276000,Raw Materials,24,INR
INV-2026-00426,CMP0867,CMP0528,2026-09-26,2026-11-25,1423000,Textiles,14,INR
INV-2026-00427,CMP0973,CMP0982,2026-08-07,2026-09-21,620000,Construction Materials,12,INR
INV-2026-00428,CMP0725,CMP0557,2026-09-03,2026-10-18,917000,Raw Materials,5,INR
INV-2026-00429,CMP0130,CMP0205,2026-09-21,2026-10-21,1223000,Pharmaceuticals,20,INR
INV-2026-00430,CMP0640,CMP0095,2026-07-19,2026-08-18,533000,Machinery,34,INR
INV-2026-00431,CMP0251,CMP0426,2026-08-02,2026-09-16,2199000,Raw Materials,46,INR
INV-2026-00432,CMP0567,CMP0475,2026-06-04,2026-07-19,2876000,Construction Materials,31,INR
INV-2026-00433,CMP0414,CMP0532,2026-08-25,2026-11-23,763000,Raw Materials,12,INR
INV-2026-00434,CMP0922,CMP0359,2026-07-30,2026-09-28,3982000,Textiles,48,INR
INV-2026-00435,CMP0997,CMP0372,2026-08-20,2026-10-19,4654000,Food Products,9,INR
INV-2026-00436,CMP0389,CMP0159,2026-09-29,2026-10-29,4729000,Textiles,10,INR
INV-2026-00437,CMP0634,CMP0093,2026-09-13,2026-12-12,4235000,Food Products,43,INR
INV-2026-00438,CMP0568,CMP0247,2026-07-21,2026-08-20,887000,Electronics,12,INR
INV-2026-00439,CMP0736,CMP0451,2026-08-22,2026-11-20,1040000,Raw Materials,5,INR
INV-2026-00440,CMP0469,CMP0704,2026-06-26,2026-09-24,1811000,Construction Materials,46,INR
INV-2026-00441,CMP0746,CMP0223,2026-08-23,2026-10-07,4674000,Construction Materials,2,INR
INV-2026-00442,CMP0334,CMP0187,2026-06-20,2026-08-04,1463000,Pharmaceuticals,27,INR
INV-2026-00443,CMP0903,CMP0176,2026-09-02,2026-12-01,875000,Construction Materials,21,INR
INV-2026-00444,CMP0674,CMP0875,2026-06-10,2026-08-09,4843000,Raw Materials,36,INR
INV-2026-00445,CMP0564,CMP0148,2026-09-23,2026-11-07,1987000,Textiles,42,INR
INV-2026-00446,CMP0373,CMP0720,2026-09-10,2026-10-25,2053000,Textiles,36,INR
INV-2026-00447,CMP0963,CMP0316,2026-07-24,2026-08-23,2235000,Food Products,47,INR
INV-2026-00448,CMP0661,CMP0475,2026-06-29,2026-08-13,4089000,Construction Materials,26,INR
INV-2026-00449,CMP0297,CMP0254,2026-08-13,2026-10-12,210000,Textiles,17,INR
INV-2026-00450,CMP0592,CMP0831,2026-08-18,2026-09-17,4130000,Raw Materials,29,INR
INV-2026-00451,CMP0619,CMP0845,2026-07-27,2026-08-26,4819000,Raw Materials,37,INR
INV-2026-00452,CMP0179,CMP0451,2026-06-21,2026-07-21,622000,Textiles,16,INR
INV-2026-00453,CMP0683,CMP0923,2026-07-30,2026-10-28,4931000,Pharmaceuticals,8,INR
INV-2026-00454,CMP0220,CMP0503,2026-06-18,2026-08-02,2727000,Raw Materials,10,INR
INV-2026-00455,CMP0029,CMP0832,2026-06-18,2026-08-17,857000,Food Products,47,INR
INV-2026-00456,CMP0810,CMP0744,2026-08-10,2026-09-24,494000,Raw Materials,3,INR
INV-2026-00457,CMP0905,CMP0046,2026-09-06,2026-12-05,2223000,Electronics,44,INR
INV-2026-00458,CMP0907,CMP0477,2026-08-04,2026-11-02,4298000,Textiles,44,INR
INV-2026-00459,CMP0216,CMP0710,2026-08-25,2026-10-24,3099000,Raw Materials,16,INR
INV-2026-00460,CMP0653,CMP0548,2026-09-27,2026-10-27,3280000,Construction Materials,49,INR
INV-2026-00461,CMP0810,CMP0834,2026-06-26,2026-07-26,381000,Textiles,20,INR
INV-2026-00462,CMP0242,CMP0945,2026-08-22,2026-09-21,3227000,Construction Materials,37,INR
INV-2026-00463,CMP0876,CMP0814,2026-07-12,2026-08-11,4750000,Food Products,5,INR
INV-2026-00464,CMP0356,CMP0856,2026-06-27,2026-07-27,1385000,Machinery,50,INR
INV-2026-00465,CMP0153,CMP0659,2026-06-22,2026-08-21,4778000,Pharmaceuticals,2,INR
INV-2026-00466,CMP0095,CMP0311,2026-08-01,2026-09-30,1678000,Pharmaceuticals,48,INR
INV-2026-00467,CMP0524,CMP0198,2026-08-18,2026-10-02,514000,Machinery,37,INR
INV-2026-00468,CMP0426,CMP0482,2026-06-27,2026-09-25,727000,Machinery,39,INR
INV-2026-00469,CMP0991,CMP0118,2026-07-21,2026-08-20,1239000,Pharmaceuticals,10,INR
INV-2026-00470,CMP0750,CMP0156,2026-06-27,2026-08-11,996000,Machinery,44,INR
INV-2026-00471,CMP0947,CMP0718,2026-07-23,2026-10-21,3821000,Construction Materials,43,INR
INV-2026-00472,CMP0143,CMP0055,2026-08-17,2026-09-16,993000,Machinery,8,INR
INV-2026-00473,CMP0392,CMP0413,2026-06-17,2026-08-01,906000,Machinery,8,INR
INV-2026-00474,CMP0633,CMP0739,2026-07-28,2026-09-11,311000,Pharmaceuticals,22,INR
INV-2026-00475,CMP0678,CMP0761,2026-09-06,2026-12-05,4384000,Raw Materials,13,INR
INV-2026-00476,CMP0948,CMP0638,2026-06-05,2026-08-04,1803000,Electronics,13,INR
INV-2026-00477,CMP0442,CMP0390,2026-06-27,2026-07-27,2813000,Pharmaceuticals,12,INR
INV-2026-00478,CMP0467,CMP0667,2026-09-08,2026-10-08,2519000,Raw Materials,49,INR
INV-2026-00479,CMP0804,CMP0289,2026-06-13,2026-07-13,1492000,Textiles,2,INR
INV-2026-00480,CMP0809,CMP0572,2026-08-20,2026-10-04,3284000,Textiles,1,INR
INV-2026-00481,CMP0591,CMP0681,2026-06-18,2026-08-02,2725000,Electronics,19,INR
INV-2026-00482,CMP0385,CMP0132,2026-09-16,2026-10-31,190000,Pharmaceuticals,24,INR
INV-2026-00483,CMP0991,CMP0359,2026-09-16,2026-10-16,3167000,Construction Materials,48,INR
INV-2026-00484,CMP0754,CMP0671,2026-09-12,2026-10-27,60000,Pharmaceuticals,43,INR
INV-2026-00485,CMP0583,CMP0611,2026-06-17,2026-09-15,2878000,Construction Materials,2,INR
INV-2026-00486,CMP0795,CMP0100,2026-07-29,2026-08-28,1924000,Raw Materials,18,INR
INV-2026-00487,CMP0196,CMP0435,2026-08-10,2026-10-09,2991000,Electronics,24,INR
INV-2026-00488,CMP0397,CMP0315,2026-06-28,2026-07-28,1117000,Textiles,5,INR
INV-2026-00489,CMP0910,CMP0761,2026-06-04,2026-07-19,1329000,Food Products,4,INR
INV-2026-00490,CMP0433,CMP0127,2026-08-18,2026-10-02,3014000,Food Products,15,INR
INV-2026-00491,CMP0571,CMP0507,2026-06-08,2026-07-23,2326000,Electronics,40,INR
INV-2026-00492,CMP0063,CMP0454,2026-07-26,2026-10-24,749000,Construction Materials,38,INR
INV-2026-00493,CMP0023,CMP0423,2026-06-17,2026-08-01,1919000,Construction Materials,19,INR
INV-2026-00494,CMP0544,CMP0666,2026-07-14,2026-09-12,926000,Textiles,11,INR
INV-2026-00495,CMP0848,CMP0900,2026-06-29,2026-08-28,112000,Machinery,16,INR
INV-2026-00496,CMP0061,CMP0128,2026-08-18,2026-10-17,188000,Food Products,32,INR
INV-2026-00497,CMP0578,CMP0937,2026-07-18,2026-10-16,3748000,Construction Materials,20,INR
INV-2026-00498,CMP0638,CMP0067,2026-07-27,2026-09-25,3088000,Textiles,19,INR
INV-2026-00499,CMP0436,CMP0864,2026-07-02,2026-08-31,1462000,Food Products,7,INR
INV-2026-00500,CMP0141,CMP0857,2026-07-30,2026-10-28,2107000,Machinery,8,INR
INV-2026-00501,CMP0046,CMP0569,2026-09-07,2026-10-07,536000,Construction Materials,33,INR
INV-2026-00502,CMP0126,CMP0040,2026-06-04,2026-09-02,1747000,Electronics,15,INR
INV-2026-00503,CMP0103,CMP0461,2026-07-06,2026-08-05,3315000,Food Products,11,INR
INV-2026-00504,CMP0434,CMP0529,2026-08-09,2026-09-08,399000,Electronics,7,INR
INV-2026-00505,CMP0832,CMP0745,2026-07-28,2026-08-27,3050000,Raw Materials,38,INR
INV-2026-00506,CMP0032,CMP0890,2026-07-14,2026-08-13,936000,Food Products,6,INR
INV-2026-00507,CMP0201,CMP0521,2026-07-23,2026-10-21,397000,Machinery,16,INR
INV-2026-00508,CMP0056,CMP0474,2026-07-13,2026-08-12,1927000,Machinery,19,INR
INV-2026-00509,CMP0370,CMP0994,2026-07-06,2026-10-04,4397000,Textiles,13,INR
INV-2026-00510,CMP0821,CMP0411,2026-06-15,2026-07-30,1483000,Machinery,2,INR
INV-2026-00511,CMP0579,CMP0446,2026-07-15,2026-09-13,1538000,Food Products,28,INR
INV-2026-00512,CMP0721,CMP0440,2026-07-03,2026-10-01,4933000,Machinery,14,INR
INV-2026-00513,CMP0124,CMP0575,2026-07-13,2026-08-27,94000,Pharmaceuticals,50,INR
INV-2026-00514,CMP0206,CMP0622,2026-06-21,2026-09-19,3347000,Textiles,28,INR
INV-2026-00515,CMP0911,CMP0404,2026-09-14,2026-10-29,3628000,Machinery,23,INR
INV-2026-00516,CMP0600,CMP0066,2026-07-01,2026-08-15,4347000,Pharmaceuticals,31,INR
INV-2026-00517,CMP0020,CMP0033,2026-07-05,2026-10-03,521000,Food Products,28,INR
INV-2026-00518,CMP0103,CMP0319,2026-08-20,2026-09-19,2756000,Construction Materials,5,INR
INV-2026-00519,CMP0815,CMP0120,2026-07-28,2026-10-26,464000,Pharmaceuticals,30,INR
INV-2026-00520,CMP0128,CMP0936,2026-06-05,2026-07-05,2116000,Pharmaceuticals,42,INR
INV-2026-00521,CMP0269,CMP0600,2026-08-09,2026-09-08,1982000,Construction Materials,46,INR
INV-2026-00522,CMP0577,CMP0776,2026-08-13,2026-09-12,2258000,Textiles,16,INR
INV-2026-00523,CMP0684,CMP0725,2026-07-11,2026-08-25,588000,Machinery,17,INR
INV-2026-00524,CMP0626,CMP0624,2026-06-05,2026-08-04,4161000,Pharmaceuticals,39,INR
INV-2026-00525,CMP0842,CMP0509,2026-09-09,2026-12-08,3285000,Pharmaceuticals,15,INR
INV-2026-00526,CMP0664,CMP0067,2026-07-30,2026-10-28,1677000,Pharmaceuticals,8,INR
INV-2026-00527,CMP0834,CMP0425,2026-08-17,2026-10-16,3181000,Machinery,27,INR
INV-2026-00528,CMP0930,CMP0392,2026-06-20,2026-08-04,865000,Food Products,19,INR
INV-2026-00529,CMP0976,CMP0051,2026-08-01,2026-09-30,4023000,Raw Materials,15,INR
INV-2026-00530,CMP0851,CMP0179,2026-07-26,2026-09-09,2690000,Raw Materials,48,INR
INV-2026-00531,CMP0706,CMP0991,2026-08-25,2026-10-24,4272000,Electronics,37,INR
INV-2026-00532,CMP0934,CMP0117,2026-09-12,2026-10-12,3704000,Machinery,46,INR
INV-2026-00533,CMP0843,CMP0933,2026-06-22,2026-09-20,2213000,Construction Materials,43,INR
INV-2026-00534,CMP0143,CMP0027,2026-07-30,2026-08-29,1805000,Electronics,30,INR
INV-2026-00535,CMP0840,CMP0926,2026-09-17,2026-11-01,4478000,Machinery,6,INR
INV-2026-00536,CMP0421,CMP0057,2026-08-24,2026-09-23,1347000,Pharmaceuticals,43,INR
INV-2026-00537,CMP0643,CMP0266,2026-09-17,2026-10-17,828000,Raw Materials,24,INR
INV-2026-00538,CMP0701,CMP0719,2026-08-05,2026-11-03,4732000,Raw Materials,8,INR
INV-2026-00539,CMP0086,CMP1000,2026-06-03,2026-08-02,3690000,Pharmaceuticals,33,INR
INV-2026-00540,CMP0032,CMP0835,2026-08-09,2026-11-07,628000,Textiles,20,INR
INV-2026-00541,CMP0548,CMP0142,2026-09-06,2026-10-06,1366000,Food Products,23,INR
INV-2026-00542,CMP0535,CMP0526,2026-08-13,2026-11-11,1959000,Electronics,24,INR
INV-2026-00543,CMP0449,CMP0955,2026-08-09,2026-09-23,144000,Machinery,2,INR
INV-2026-00544,CMP0266,CMP0554,2026-07-24,2026-10-22,433000,Textiles,31,INR
INV-2026-00545,CMP0683,CMP0096,2026-09-16,2026-10-31,1523000,Food Products,37,INR
INV-2026-00546,CMP0088,CMP0307,2026-07-22,2026-08-21,4929000,Construction Materials,42,INR
INV-2026-00547,CMP0685,CMP0087,2026-08-05,2026-11-03,1342000,Pharmaceuticals,38,INR
INV-2026-00548,CMP0277,CMP0811,2026-08-16,2026-11-14,1404000,Electronics,33,INR
INV-2026-00549,CMP0155,CMP0475,2026-08-14,2026-11-12,3262000,Pharmaceuticals,41,INR
INV-2026-00550,CMP0052,CMP0274,2026-08-15,2026-10-14,403000,Raw Materials,46,INR
INV-2026-00551,CMP0121,CMP0265,2026-09-10,2026-12-09,774000,Machinery,23,INR
INV-2026-00552,CMP0438,CMP0046,2026-09-24,2026-11-08,4099000,Raw Materials,32,INR
INV-2026-00553,CMP0291,CMP0691,2026-08-11,2026-09-25,4581000,Textiles,47,INR
INV-2026-00554,CMP0387,CMP0363,2026-09-08,2026-12-07,926000,Electronics,43,INR
INV-2026-00555,CMP0687,CMP0657,2026-06-24,2026-08-23,3311000,Pharmaceuticals,3,INR
INV-2026-00556,CMP0907,CMP0620,2026-08-29,2026-10-28,3504000,Construction Materials,40,INR
INV-2026-00557,CMP0386,CMP0393,2026-07-02,2026-08-31,4529000,Electronics,28,INR
INV-2026-00558,CMP0027,CMP0273,2026-08-05,2026-10-04,3761000,Raw Materials,5,INR
INV-2026-00559,CMP0455,CMP0012,2026-08-11,2026-10-10,1302000,Machinery,25,INR
INV-2026-00560,CMP0146,CMP0164,2026-08-14,2026-09-28,2962000,Construction Materials,41,INR
INV-2026-00561,CMP0417,CMP0282,2026-08-09,2026-09-23,4495000,Machinery,33,INR
INV-2026-00562,CMP0991,CMP0588,2026-07-05,2026-10-03,1868000,Electronics,45,INR
INV-2026-00563,CMP0514,CMP0234,2026-09-21,2026-12-20,386000,Raw Materials,17,INR
INV-2026-00564,CMP0405,CMP0492,2026-09-05,2026-12-04,1289000,Electronics,37,INR
INV-2026-00565,CMP0070,CMP0436,2026-08-19,2026-09-18,230000,Machinery,20,INR
INV-2026-00566,CMP0076,CMP0220,2026-08-15,2026-09-29,975000,Textiles,43,INR
INV-2026-00567,CMP0774,CMP0615,2026-09-14,2026-10-29,1387000,Pharmaceuticals,27,INR
INV-2026-00568,CMP0111,CMP0239,2026-07-31,2026-10-29,1797000,Machinery,22,INR
INV-2026-00569,CMP0192,CMP0255,2026-09-26,2026-11-25,408000,Textiles,36,INR
INV-2026-00570,CMP0524,CMP0097,2026-07-13,2026-08-12,3331000,Raw Materials,24,INR
INV-2026-00571,CMP0929,CMP0980,2026-09-05,2026-11-04,2330000,Food Products,10,INR
INV-2026-00572,CMP0269,CMP0128,2026-07-25,2026-09-23,847000,Pharmaceuticals,3,INR
INV-2026-00573,CMP0894,CMP0198,2026-07-06,2026-08-05,2418000,Construction Materials,37,INR
INV-2026-00574,CMP0427,CMP0412,2026-07-31,2026-10-29,567000,Pharmaceuticals,5,INR
INV-2026-00575,CMP0791,CMP0529,2026-08-29,2026-10-28,1088000,Electronics,35,INR
INV-2026-00576,CMP0587,CMP0772,2026-08-20,2026-09-19,4527000,Electronics,35,INR
INV-2026-00577,CMP0980,CMP0930,2026-09-19,2026-12-18,73000,Food Products,36,INR
INV-2026-00578,CMP0149,CMP0100,2026-06-11,2026-09-09,2274000,Textiles,27,INR
INV-2026-00579,CMP0530,CMP0869,2026-09-09,2026-10-24,906000,Construction Materials,21,INR
INV-2026-00580,CMP0638,CMP0190,2026-08-20,2026-11-18,3281000,Textiles,35,INR
INV-2026-00581,CMP0433,CMP0632,2026-08-19,2026-10-03,4460000,Pharmaceuticals,38,INR
INV-2026-00582,CMP0406,CMP0714,2026-07-27,2026-09-25,4551000,Electronics,25,INR
INV-2026-00583,CMP0581,CMP0320,2026-07-12,2026-09-10,789000,Electronics,17,INR
INV-2026-00584,CMP0322,CMP0823,2026-06-15,2026-07-15,453000,Electronics,9,INR
INV-2026-00585,CMP0740,CMP0614,2026-06-08,2026-09-06,1529000,Textiles,16,INR
INV-2026-00586,CMP0714,CMP0952,2026-09-22,2026-10-22,3175000,Textiles,8,INR
INV-2026-00587,CMP0073,CMP0486,2026-07-25,2026-08-24,693000,Raw Materials,39,INR
INV-2026-00588,CMP0551,CMP0771,2026-09-12,2026-12-11,4598000,Raw Materials,27,INR
INV-2026-00589,CMP0322,CMP0255,2026-08-30,2026-10-14,3415000,Machinery,33,INR
INV-2026-00590,CMP0594,CMP0267,2026-07-18,2026-08-17,2734000,Food Products,32,INR
INV-2026-00591,CMP0008,CMP0051,2026-08-16,2026-10-15,252000,Construction Materials,9,INR
INV-2026-00592,CMP0306,CMP0544,2026-07-03,2026-08-17,4804000,Machinery,19,INR
INV-2026-00593,CMP0943,CMP0386,2026-08-27,2026-10-26,3122000,Construction Materials,48,INR
INV-2026-00594,CMP0883,CMP0571,2026-07-26,2026-10-24,3612000,Food Products,4,INR
INV-2026-00595,CMP0335,CMP0809,2026-07-04,2026-08-18,3620000,Machinery,20,INR
INV-2026-00596,CMP0323,CMP0434,2026-08-02,2026-10-31,3033000,Textiles,35,INR
INV-2026-00597,CMP0914,CMP0030,2026-07-28,2026-09-26,4729000,Construction Materials,21,INR
INV-2026-00598,CMP0988,CMP0227,2026-09-09,2026-10-09,1625000,Food Products,9,INR
INV-2026-00599,CMP0249,CMP0878,2026-07-04,2026-10-02,3077000,Food Products,9,INR
INV-2026-00600,CMP0875,CMP0649,2026-09-07,2026-12-06,1559000,Textiles,45,INR
INV-2026-00601,CMP0297,CMP0056,2026-07-21,2026-09-19,938000,Electronics,39,INR
INV-2026-00602,CMP0356,CMP0235,2026-06-02,2026-08-31,489000,Raw Materials,12,INR
INV-2026-00603,CMP0122,CMP0180,2026-07-08,2026-08-22,1296000,Construction Materials,29,INR
INV-2026-00604,CMP0439,CMP0988,2026-08-28,2026-11-26,3968000,Textiles,26,INR
INV-2026-00605,CMP0138,CMP0783,2026-08-18,2026-09-17,2638000,Food Products,2,INR
INV-2026-00606,CMP0107,CMP0081,2026-07-06,2026-08-05,1498000,Machinery,24,INR
INV-2026-00607,CMP0933,CMP0996,2026-09-13,2026-11-12,4173000,Electronics,34,INR
INV-2026-00608,CMP0655,CMP0398,2026-06-01,2026-07-01,541000,Machinery,31,INR
INV-2026-00609,CMP0603,CMP0529,2026-08-01,2026-10-30,3294000,Electronics,9,INR
INV-2026-00610,CMP0201,CMP0896,2026-06-23,2026-08-22,698000,Food Products,1,INR
INV-2026-00611,CMP0954,CMP0822,2026-07-28,2026-09-11,2288000,Pharmaceuticals,27,INR
INV-2026-00612,CMP0812,CMP0270,2026-08-21,2026-11-19,1394000,Machinery,10,INR
INV-2026-00613,CMP0748,CMP0114,2026-06-07,2026-07-22,1398000,Electronics,17,INR
INV-2026-00614,CMP0235,CMP0754,2026-07-14,2026-08-28,3971000,Food Products,23,INR
INV-2026-00615,CMP0714,CMP0603,2026-09-19,2026-10-19,3211000,Food Products,36,INR
INV-2026-00616,CMP0359,CMP0998,2026-07-18,2026-09-16,1432000,Electronics,12,INR
INV-2026-00617,CMP0318,CMP0131,2026-08-25,2026-10-09,1060000,Electronics,21,INR
INV-2026-00618,CMP0900,CMP0260,2026-09-11,2026-11-10,3015000,Machinery,3,INR
INV-2026-00619,CMP0693,CMP0968,2026-07-03,2026-09-01,3566000,Pharmaceuticals,24,INR
INV-2026-00620,CMP0293,CMP0668,2026-07-14,2026-08-28,3877000,Construction Materials,13,INR
INV-2026-00621,CMP0866,CMP0902,2026-06-15,2026-07-30,678000,Raw Materials,10,INR
INV-2026-00622,CMP0958,CMP0731,2026-07-07,2026-10-05,3715000,Pharmaceuticals,40,INR
INV-2026-00623,CMP0752,CMP0836,2026-07-28,2026-10-26,745000,Construction Materials,26,INR
INV-2026-00624,CMP0783,CMP0212,2026-08-25,2026-10-24,2039000,Pharmaceuticals,42,INR
INV-2026-00625,CMP0695,CMP0761,2026-08-02,2026-09-16,1412000,Machinery,13,INR
INV-2026-00626,CMP0889,CMP0853,2026-08-08,2026-11-06,4597000,Pharmaceuticals,11,INR
INV-2026-00627,CMP0840,CMP0075,2026-07-16,2026-08-15,3939000,Pharmaceuticals,35,INR
INV-2026-00628,CMP0063,CMP0821,2026-08-17,2026-11-15,601000,Raw Materials,3,INR
INV-2026-00629,CMP0262,CMP0337,2026-06-05,2026-09-03,1642000,Electronics,15,INR
INV-2026-00630,CMP0333,CMP0737,2026-08-04,2026-09-18,4517000,Textiles,40,INR
INV-2026-00631,CMP0916,CMP0235,2026-09-17,2026-11-01,2761000,Textiles,1,INR
INV-2026-00632,CMP0037,CMP0879,2026-08-05,2026-09-04,900000,Pharmaceuticals,26,INR
INV-2026-00633,CMP0452,CMP0486,2026-07-07,2026-08-06,4188000,Construction Materials,28,INR
INV-2026-00634,CMP0354,CMP0177,2026-07-03,2026-09-01,2334000,Pharmaceuticals,24,INR
INV-2026-00635,CMP0268,CMP0269,2026-06-07,2026-07-22,3552000,Construction Materials,35,INR
INV-2026-00636,CMP0901,CMP0371,2026-07-31,2026-09-14,590000,Food Products,46,INR
INV-2026-00637,CMP0804,CMP0566,2026-06-02,2026-08-01,927000,Raw Materials,42,INR
INV-2026-00638,CMP0611,CMP0127,2026-08-08,2026-11-06,1254000,Electronics,33,INR
INV-2026-00639,CMP0677,CMP0262,2026-09-03,2026-12-02,4464000,Construction Materials,40,INR
INV-2026-00640,CMP0582,CMP0594,2026-08-15,2026-09-29,3536000,Construction Materials,45,INR
INV-2026-00641,CMP0614,CMP0063,2026-07-11,2026-10-09,2557000,Electronics,45,INR
INV-2026-00642,CMP0137,CMP0858,2026-06-14,2026-08-13,3976000,Construction Materials,29,INR
INV-2026-00643,CMP0698,CMP0141,2026-07-19,2026-09-02,2129000,Machinery,6,INR
INV-2026-00644,CMP0883,CMP0747,2026-08-09,2026-11-07,4950000,Pharmaceuticals,17,INR
INV-2026-00645,CMP0180,CMP0275,2026-09-24,2026-11-08,1132000,Construction Materials,36,INR
INV-2026-00646,CMP0665,CMP0232,2026-07-28,2026-09-11,4902000,Electronics,16,INR
INV-2026-00647,CMP0244,CMP0582,2026-06-20,2026-07-20,895000,Pharmaceuticals,43,INR
INV-2026-00648,CMP0563,CMP0512,2026-07-21,2026-09-04,296000,Electronics,14,INR
INV-2026-00649,CMP0177,CMP0530,2026-09-27,2026-10-27,4266000,Pharmaceuticals,37,INR
INV-2026-00650,CMP0571,CMP0947,2026-06-22,2026-08-06,1787000,Machinery,3,INR
INV-2026-00651,CMP0836,CMP0120,2026-06-24,2026-08-08,172000,Raw Materials,1,INR
INV-2026-00652,CMP0017,CMP0065,2026-07-20,2026-10-18,4326000,Food Products,25,INR
INV-2026-00653,CMP0118,CMP0047,2026-08-05,2026-11-03,294000,Pharmaceuticals,25,INR
INV-2026-00654,CMP0125,CMP0012,2026-06-11,2026-08-10,4537000,Raw Materials,24,INR
INV-2026-00655,CMP0393,CMP0816,2026-07-07,2026-08-06,811000,Pharmaceuticals,16,INR
INV-2026-00656,CMP0920,CMP0567,2026-09-27,2026-11-26,2420000,Pharmaceuticals,16,INR
INV-2026-00657,CMP0657,CMP0967,2026-08-15,2026-09-14,746000,Construction Materials,31,INR
INV-2026-00658,CMP0283,CMP0432,2026-08-22,2026-10-06,4558000,Raw Materials,21,INR
INV-2026-00659,CMP0317,CMP0419,2026-07-11,2026-08-10,4872000,Machinery,1,INR
INV-2026-00660,CMP0204,CMP0751,2026-07-29,2026-10-27,188000,Raw Materials,1,INR
INV-2026-00661,CMP0379,CMP0837,2026-09-29,2026-11-28,2335000,Pharmaceuticals,38,INR
INV-2026-00662,CMP0389,CMP0449,2026-07-13,2026-08-12,660000,Pharmaceuticals,3,INR
INV-2026-00663,CMP0447,CMP0444,2026-07-25,2026-09-23,3244000,Machinery,5,INR
INV-2026-00664,CMP0014,CMP0927,2026-09-26,2026-11-25,3269000,Textiles,6,INR
INV-2026-00665,CMP0726,CMP0093,2026-07-07,2026-08-06,1891000,Construction Materials,29,INR
INV-2026-00666,CMP0555,CMP0332,2026-07-22,2026-09-20,873000,Construction Materials,40,INR
INV-2026-00667,CMP0481,CMP0043,2026-08-18,2026-09-17,4332000,Textiles,50,INR
INV-2026-00668,CMP0576,CMP0779,2026-07-26,2026-10-24,1644000,Electronics,13,INR
INV-2026-00669,CMP0302,CMP0568,2026-07-19,2026-10-17,1203000,Raw Materials,25,INR
INV-2026-00670,CMP0622,CMP0471,2026-08-07,2026-09-21,176000,Electronics,28,INR
INV-2026-00671,CMP0572,CMP0569,2026-09-23,2026-10-23,4310000,Food Products,34,INR
INV-2026-00672,CMP0699,CMP0677,2026-09-09,2026-10-09,4025000,Textiles,2,INR
INV-2026-00673,CMP0380,CMP0823,2026-07-25,2026-09-08,4894000,Textiles,30,INR
INV-2026-00674,CMP0865,CMP0080,2026-07-29,2026-10-27,4714000,Machinery,45,INR
INV-2026-00675,CMP0609,CMP0243,2026-06-03,2026-07-03,1086000,Raw Materials,28,INR
INV-2026-00676,CMP0903,CMP0719,2026-07-29,2026-09-12,2986000,Food Products,1,INR
INV-2026-00677,CMP0310,CMP0081,2026-09-18,2026-10-18,4582000,Construction Materials,37,INR
INV-2026-00678,CMP0378,CMP0957,2026-09-29,2026-10-29,1190000,Construction Materials,30,INR
INV-2026-00679,CMP0370,CMP0344,2026-07-11,2026-08-10,4231000,Food Products,32,INR
INV-2026-00680,CMP0468,CMP0298,2026-08-25,2026-10-09,789000,Food Products,19,INR
INV-2026-00681,CMP0395,CMP0617,2026-09-09,2026-10-09,1564000,Machinery,35,INR
INV-2026-00682,CMP0690,CMP0817,2026-06-19,2026-08-18,4567000,Machinery,39,INR
INV-2026-00683,CMP0730,CMP0607,2026-09-29,2026-11-13,3349000,Food Products,18,INR
INV-2026-00684,CMP0182,CMP0167,2026-08-17,2026-11-15,1204000,Textiles,33,INR
INV-2026-00685,CMP0602,CMP0077,2026-06-07,2026-08-06,3730000,Pharmaceuticals,47,INR
INV-2026-00686,CMP0376,CMP0273,2026-06-14,2026-08-13,1130000,Pharmaceuticals,19,INR
INV-2026-00687,CMP0382,CMP0498,2026-07-11,2026-10-09,421000,Construction Materials,33,INR
INV-2026-00688,CMP0130,CMP0003,2026-06-19,2026-08-03,4784000,Construction Materials,24,INR
INV-2026-00689,CMP0509,CMP0851,2026-08-30,2026-09-29,50000,Pharmaceuticals,4,INR
INV-2026-00690,CMP0065,CMP0648,2026-06-29,2026-08-28,3321000,Food Products,18,INR
INV-2026-00691,CMP0974,CMP0055,2026-06-22,2026-08-06,3813000,Construction Materials,9,INR
INV-2026-00692,CMP0286,CMP0868,2026-06-23,2026-08-07,3900000,Electronics,40,INR
INV-2026-00693,CMP0336,CMP0909,2026-06-01,2026-07-01,2343000,Machinery,32,INR
INV-2026-00694,CMP0533,CMP0668,2026-06-24,2026-08-08,4282000,Pharmaceuticals,17,INR
INV-2026-00695,CMP0735,CMP0464,2026-06-12,2026-07-27,2019000,Food Products,5,INR
INV-2026-00696,CMP0399,CMP0965,2026-09-27,2026-11-26,4492000,Machinery,31,INR
INV-2026-00697,CMP0068,CMP0061,2026-09-29,2026-10-29,2928000,Machinery,8,INR
INV-2026-00698,CMP0589,CMP0381,2026-08-18,2026-10-02,58000,Construction Materials,30,INR
INV-2026-00699,CMP0908,CMP0827,2026-09-13,2026-10-13,944000,Textiles,12,INR
INV-2026-00700,CMP0438,CMP0083,2026-09-04,2026-11-03,407000,Raw Materials,29,INR
INV-2026-00701,CMP0055,CMP0841,2026-06-18,2026-08-02,4715000,Machinery,3,INR
INV-2026-00702,CMP0474,CMP0073,2026-08-15,2026-10-14,3574000,Pharmaceuticals,1,INR
INV-2026-00703,CMP0005,CMP0980,2026-07-03,2026-08-02,4013000,Electronics,37,INR
INV-2026-00704,CMP0805,CMP0320,2026-08-31,2026-10-30,4652000,Pharmaceuticals,19,INR
INV-2026-00705,CMP0233,CMP0831,2026-09-11,2026-12-10,1203000,Food Products,38,INR
INV-2026-00706,CMP0569,CMP0587,2026-09-19,2026-12-18,1797000,Textiles,9,INR
INV-2026-00707,CMP0610,CMP0264,2026-07-31,2026-08-30,2335000,Food Products,47,INR
INV-2026-00708,CMP0091,CMP0983,2026-09-27,2026-11-11,4266000,Food Products,13,INR
INV-2026-00709,CMP0825,CMP0319,2026-06-11,2026-07-26,4460000,Construction Materials,47,INR
INV-2026-00710,CMP0793,CMP0073,2026-07-04,2026-09-02,340000,Machinery,10,INR
INV-2026-00711,CMP0361,CMP0794,2026-08-24,2026-11-22,4649000,Raw Materials,44,INR
INV-2026-00712,CMP0188,CMP0071,2026-09-23,2026-11-22,3886000,Raw Materials,47,INR
INV-2026-00713,CMP0369,CMP0449,2026-08-07,2026-09-21,2147000,Textiles,10,INR
INV-2026-00714,CMP0431,CMP0543,2026-07-22,2026-09-20,545000,Electronics,28,INR
INV-2026-00715,CMP0040,CMP0764,2026-07-28,2026-09-11,3566000,Electronics,36,INR
INV-2026-00716,CMP0225,CMP0735,2026-09-23,2026-11-22,2109000,Electronics,33,INR
INV-2026-00717,CMP0200,CMP0561,2026-06-23,2026-08-22,2537000,Construction Materials,15,INR
INV-2026-00718,CMP0392,CMP0944,2026-07-22,2026-09-05,2490000,Electronics,4,INR
INV-2026-00719,CMP0339,CMP0343,2026-07-28,2026-10-26,484000,Textiles,46,INR
INV-2026-00720,CMP0052,CMP0403,2026-07-28,2026-09-26,2999000,Textiles,6,INR
INV-2026-00721,CMP0373,CMP0984,2026-06-21,2026-08-05,3302000,Electronics,12,INR
INV-2026-00722,CMP0747,CMP0845,2026-08-16,2026-09-15,129000,Electronics,22,INR
INV-2026-00723,CMP0924,CMP0785,2026-06-14,2026-07-14,2708000,Food Products,41,INR
INV-2026-00724,CMP0717,CMP0317,2026-08-25,2026-09-24,275000,Raw Materials,7,INR
INV-2026-00725,CMP0974,CMP0086,2026-07-30,2026-10-28,870000,Machinery,39,INR
INV-2026-00726,CMP0704,CMP0020,2026-07-13,2026-09-11,1215000,Pharmaceuticals,29,INR
INV-2026-00727,CMP0699,CMP0399,2026-08-27,2026-10-11,492000,Raw Materials,41,INR
INV-2026-00728,CMP0025,CMP0416,2026-09-26,2026-11-10,3088000,Textiles,18,INR
INV-2026-00729,CMP0716,CMP0964,2026-08-27,2026-10-11,731000,Machinery,6,INR
INV-2026-00730,CMP0683,CMP0139,2026-07-27,2026-09-25,1542000,Construction Materials,37,INR
INV-2026-00731,CMP0366,CMP0893,2026-06-02,2026-07-17,537000,Construction Materials,27,INR
INV-2026-00732,CMP0778,CMP0832,2026-06-11,2026-08-10,465000,Machinery,22,INR
INV-2026-00733,CMP0220,CMP0884,2026-09-25,2026-11-24,1549000,Construction Materials,42,INR
INV-2026-00734,CMP0703,CMP0603,2026-07-27,2026-09-25,2176000,Machinery,29,INR
INV-2026-00735,CMP0290,CMP0045,2026-06-13,2026-09-11,4083000,Pharmaceuticals,13,INR
INV-2026-00736,CMP0865,CMP0133,2026-08-16,2026-09-15,3848000,Textiles,46,INR
INV-2026-00737,CMP0761,CMP0605,2026-08-22,2026-09-21,3049000,Raw Materials,43,INR
INV-2026-00738,CMP0770,CMP0850,2026-06-07,2026-07-07,588000,Food Products,19,INR
INV-2026-00739,CMP0981,CMP0694,2026-07-09,2026-08-08,1821000,Raw Materials,45,INR
INV-2026-00740,CMP0919,CMP0593,2026-06-01,2026-07-31,1020000,Textiles,9,INR
INV-2026-00741,CMP0961,CMP0033,2026-07-25,2026-08-24,1807000,Electronics,40,INR
INV-2026-00742,CMP0716,CMP0996,2026-06-09,2026-07-09,2378000,Electronics,20,INR
INV-2026-00743,CMP0642,CMP0629,2026-06-29,2026-08-28,818000,Electronics,40,INR
INV-2026-00744,CMP0914,CMP0179,2026-07-16,2026-09-14,4518000,Construction Materials,49,INR
INV-2026-00745,CMP0250,CMP0932,2026-08-27,2026-10-26,3112000,Raw Materials,3,INR
INV-2026-00746,CMP0371,CMP0398,2026-06-05,2026-07-05,628000,Food Products,32,INR
INV-2026-00747,CMP0584,CMP0964,2026-06-02,2026-07-02,4781000,Food Products,37,INR
INV-2026-00748,CMP0439,CMP0966,2026-06-08,2026-07-08,4535000,Electronics,25,INR
INV-2026-00749,CMP0735,CMP0450,2026-07-04,2026-08-03,3961000,Construction Materials,45,INR
INV-2026-00750,CMP0917,CMP0248,2026-08-04,2026-10-03,3973000,Pharmaceuticals,44,INR
INV-2026-00751,CMP0129,CMP0734,2026-08-24,2026-10-08,1834000,Electronics,19,INR
INV-2026-00752,CMP0315,CMP0595,2026-09-19,2026-11-03,3121000,Machinery,1,INR
INV-2026-00753,CMP0403,CMP0503,2026-07-19,2026-09-02,3805000,Textiles,21,INR
INV-2026-00754,CMP0009,CMP0224,2026-08-21,2026-10-20,1366000,Construction Materials,1,INR
INV-2026-00755,CMP0075,CMP0506,2026-07-19,2026-09-17,1790000,Textiles,9,INR
INV-2026-00756,CMP0921,CMP0401,2026-07-07,2026-08-06,1554000,Food Products,35,INR
INV-2026-00757,CMP0261,CMP0189,2026-06-08,2026-07-23,4818000,Pharmaceuticals,37,INR
INV-2026-00758,CMP0720,CMP0798,2026-06-29,2026-08-13,1274000,Textiles,22,INR
INV-2026-00759,CMP0877,CMP0098,2026-06-02,2026-07-02,621000,Electronics,3,INR
INV-2026-00760,CMP0659,CMP0917,2026-09-16,2026-10-16,3505000,Textiles,16,INR
INV-2026-00761,CMP0006,CMP0653,2026-08-11,2026-11-09,4481000,Electronics,17,INR
INV-2026-00762,CMP0249,CMP0015,2026-09-22,2026-10-22,1290000,Machinery,25,INR
INV-2026-00763,CMP0403,CMP0455,2026-09-10,2026-10-25,1851000,Electronics,1,INR
INV-2026-00764,CMP0289,CMP0918,2026-09-27,2026-12-26,2790000,Textiles,49,INR
INV-2026-00765,CMP0898,CMP0577,2026-09-10,2026-12-09,4608000,Textiles,37,INR
INV-2026-00766,CMP0882,CMP0191,2026-06-22,2026-09-20,768000,Textiles,11,INR
INV-2026-00767,CMP0405,CMP0048,2026-09-16,2026-10-31,1941000,Food Products,43,INR
INV-2026-00768,CMP0824,CMP0904,2026-09-11,2026-10-11,1517000,Pharmaceuticals,10,INR
INV-2026-00769,CMP0469,CMP0379,2026-08-06,2026-09-20,2947000,Machinery,17,INR
INV-2026-00770,CMP0474,CMP0475,2026-08-28,2026-10-12,252000,Machinery,29,INR
INV-2026-00771,CMP0118,CMP0094,2026-09-16,2026-10-31,2870000,Raw Materials,46,INR
INV-2026-00772,CMP0770,CMP0564,2026-06-24,2026-08-08,100000,Food Products,45,INR
INV-2026-00773,CMP0981,CMP0173,2026-08-22,2026-10-06,860000,Machinery,23,INR
INV-2026-00774,CMP0929,CMP0933,2026-09-09,2026-10-09,4346000,Electronics,37,INR
INV-2026-00775,CMP0932,CMP0501,2026-08-27,2026-10-26,85000,Electronics,7,INR
INV-2026-00776,CMP0445,CMP0109,2026-08-04,2026-11-02,968000,Raw Materials,35,INR
INV-2026-00777,CMP0381,CMP0341,2026-08-10,2026-09-09,4557000,Pharmaceuticals,38,INR
INV-2026-00778,CMP0902,CMP0321,2026-09-04,2026-12-03,4711000,Pharmaceuticals,31,INR
INV-2026-00779,CMP0172,CMP0721,2026-07-19,2026-08-18,821000,Pharmaceuticals,4,INR
INV-2026-00780,CMP0769,CMP0792,2026-09-26,2026-11-10,2832000,Food Products,35,INR
INV-2026-00781,CMP0784,CMP0828,2026-09-18,2026-11-02,4996000,Machinery,36,INR
INV-2026-00782,CMP0385,CMP0624,2026-08-05,2026-11-03,1316000,Raw Materials,33,INR
INV-2026-00783,CMP0283,CMP0340,2026-09-19,2026-10-19,2597000,Pharmaceuticals,7,INR
INV-2026-00784,CMP0527,CMP0142,2026-09-01,2026-11-30,1427000,Raw Materials,1,INR
INV-2026-00785,CMP0056,CMP0182,2026-06-28,2026-08-27,4565000,Electronics,9,INR
INV-2026-00786,CMP0641,CMP0949,2026-06-18,2026-08-02,1923000,Machinery,17,INR
INV-2026-00787,CMP0091,CMP0285,2026-08-02,2026-10-01,2333000,Pharmaceuticals,14,INR
INV-2026-00788,CMP0749,CMP0135,2026-09-04,2026-10-04,4349000,Machinery,27,INR
INV-2026-00789,CMP0998,CMP0977,2026-08-13,2026-09-27,2998000,Pharmaceuticals,1,INR
INV-2026-00790,CMP0690,CMP0130,2026-06-17,2026-07-17,156000,Pharmaceuticals,14,INR
INV-2026-00791,CMP0052,CMP0284,2026-06-29,2026-08-13,1272000,Raw Materials,46,INR
INV-2026-00792,CMP0450,CMP0510,2026-09-17,2026-11-01,2992000,Pharmaceuticals,7,INR
INV-2026-00793,CMP0250,CMP0382,2026-06-06,2026-07-21,1638000,Electronics,6,INR
INV-2026-00794,CMP0428,CMP0344,2026-07-23,2026-09-21,435000,Food Products,13,INR
INV-2026-00795,CMP0003,CMP0699,2026-07-15,2026-08-29,520000,Construction Materials,29,INR
INV-2026-00796,CMP0468,CMP0471,2026-07-21,2026-08-20,2965000,Electronics,35,INR
INV-2026-00797,CMP0230,CMP0136,2026-08-27,2026-09-26,631000,Pharmaceuticals,11,INR
INV-2026-00798,CMP0613,CMP0092,2026-08-27,2026-09-26,3455000,Food Products,20,INR
INV-2026-00799,CMP0388,CMP0886,2026-09-19,2026-11-03,384000,Electronics,48,INR
INV-2026-00800,CMP0979,CMP0544,2026-06-16,2026-07-16,1837000,Textiles,16,INR
INV-2026-00801,CMP0863,CMP0989,2026-09-14,2026-11-13,4483000,Machinery,40,INR
INV-2026-00802,CMP0397,CMP0402,2026-06-20,2026-07-20,1378000,Construction Materials,13,INR
INV-2026-00803,CMP0962,CMP0122,2026-08-02,2026-09-01,3488000,Electronics,4,INR
INV-2026-00804,CMP0376,CMP0416,2026-09-22,2026-11-21,4614000,Construction Materials,27,INR
INV-2026-00805,CMP0862,CMP0993,2026-07-29,2026-08-28,3271000,Food Products,15,INR
INV-2026-00806,CMP0718,CMP0404,2026-06-11,2026-09-09,1303000,Textiles,24,INR
INV-2026-00807,CMP0062,CMP0311,2026-07-07,2026-09-05,4811000,Textiles,42,INR
INV-2026-00808,CMP0038,CMP0452,2026-07-21,2026-09-04,3584000,Pharmaceuticals,20,INR
INV-2026-00809,CMP0620,CMP0789,2026-08-31,2026-10-15,1594000,Electronics,27,INR
INV-2026-00810,CMP0353,CMP0009,2026-08-22,2026-11-20,2526000,Raw Materials,30,INR
INV-2026-00811,CMP0195,CMP0133,2026-07-20,2026-09-03,1433000,Food Products,8,INR
INV-2026-00812,CMP0091,CMP0303,2026-07-03,2026-08-17,1253000,Construction Materials,27,INR
INV-2026-00813,CMP0682,CMP0141,2026-09-29,2026-11-28,2864000,Textiles,44,INR
INV-2026-00814,CMP0155,CMP0104,2026-09-17,2026-10-17,4266000,Electronics,48,INR
INV-2026-00815,CMP0505,CMP0972,2026-08-27,2026-09-26,4917000,Pharmaceuticals,40,INR
INV-2026-00816,CMP0953,CMP0418,2026-08-21,2026-10-05,1258000,Pharmaceuticals,20,INR
INV-2026-00817,CMP0930,CMP0841,2026-08-24,2026-11-22,743000,Textiles,15,INR
INV-2026-00818,CMP0206,CMP0574,2026-09-12,2026-10-27,2825000,Raw Materials,47,INR
INV-2026-00819,CMP0989,CMP0986,2026-07-29,2026-09-12,2357000,Textiles,43,INR
INV-2026-00820,CMP0059,CMP0374,2026-07-01,2026-08-15,4405000,Raw Materials,17,INR
INV-2026-00821,CMP0973,CMP0208,2026-09-12,2026-10-27,334000,Machinery,6,INR
INV-2026-00822,CMP0724,CMP0855,2026-09-17,2026-12-16,3046000,Food Products,2,INR
INV-2026-00823,CMP0383,CMP0737,2026-07-18,2026-10-16,2237000,Construction Materials,47,INR
INV-2026-00824,CMP0400,CMP0939,2026-08-26,2026-10-25,4667000,Food Products,22,INR
INV-2026-00825,CMP0816,CMP0465,2026-08-15,2026-10-14,3338000,Pharmaceuticals,50,INR
INV-2026-00826,CMP0966,CMP0924,2026-06-26,2026-08-25,2798000,Raw Materials,28,INR
INV-2026-00827,CMP0380,CMP0578,2026-09-18,2026-11-17,3918000,Food Products,25,INR
INV-2026-00828,CMP0954,CMP0746,2026-09-08,2026-12-07,4921000,Construction Materials,5,INR
INV-2026-00829,CMP0442,CMP0214,2026-06-17,2026-07-17,2346000,Raw Materials,22,INR
INV-2026-00830,CMP0293,CMP0379,2026-08-08,2026-09-07,231000,Electronics,22,INR
INV-2026-00831,CMP0948,CMP0859,2026-08-05,2026-09-04,2559000,Construction Materials,22,INR
INV-2026-00832,CMP0190,CMP0779,2026-08-16,2026-09-30,3319000,Textiles,24,INR
INV-2026-00833,CMP0590,CMP0391,2026-07-09,2026-10-07,3302000,Raw Materials,8,INR
INV-2026-00834,CMP0874,CMP0945,2026-06-02,2026-08-31,2012000,Construction Materials,18,INR
INV-2026-00835,CMP0140,CMP0246,2026-09-08,2026-10-08,3064000,Textiles,12,INR
INV-2026-00836,CMP0395,CMP0126,2026-06-07,2026-08-06,2392000,Pharmaceuticals,35,INR
INV-2026-00837,CMP0598,CMP0201,2026-09-10,2026-10-25,2080000,Food Products,8,INR
INV-2026-00838,CMP0309,CMP0796,2026-09-22,2026-11-21,2644000,Raw Materials,46,INR
INV-2026-00839,CMP0830,CMP0058,2026-08-12,2026-11-10,3759000,Raw Materials,43,INR
INV-2026-00840,CMP0789,CMP0469,2026-06-14,2026-07-14,1901000,Machinery,35,INR
INV-2026-00841,CMP0662,CMP0703,2026-08-03,2026-10-02,1049000,Raw Materials,10,INR
INV-2026-00842,CMP0955,CMP0124,2026-07-18,2026-10-16,700000,Machinery,36,INR
INV-2026-00843,CMP0288,CMP0326,2026-06-27,2026-08-26,1331000,Construction Materials,43,INR
INV-2026-00844,CMP0287,CMP0757,2026-07-26,2026-10-24,1493000,Textiles,18,INR
INV-2026-00845,CMP0865,CMP0697,2026-06-07,2026-07-07,4130000,Food Products,13,INR
INV-2026-00846,CMP0659,CMP0989,2026-09-20,2026-10-20,1390000,Pharmaceuticals,34,INR
INV-2026-00847,CMP0421,CMP0816,2026-09-21,2026-11-05,2847000,Raw Materials,29,INR
INV-2026-00848,CMP0474,CMP0464,2026-08-13,2026-11-11,1131000,Food Products,44,INR
INV-2026-00849,CMP0332,CMP0417,2026-06-25,2026-09-23,1592000,Machinery,8,INR
INV-2026-00850,CMP0286,CMP0933,2026-08-22,2026-09-21,557000,Construction Materials,41,INR
INV-2026-00851,CMP0718,CMP0366,2026-09-13,2026-12-12,1299000,Electronics,5,INR
INV-2026-00852,CMP0026,CMP0950,2026-07-12,2026-08-11,3060000,Machinery,2,INR
INV-2026-00853,CMP0943,CMP0156,2026-09-18,2026-11-02,4013000,Pharmaceuticals,9,INR
INV-2026-00854,CMP0068,CMP0317,2026-07-11,2026-10-09,1576000,Pharmaceuticals,13,INR
INV-2026-00855,CMP0123,CMP0436,2026-08-17,2026-10-16,266000,Raw Materials,37,INR
INV-2026-00856,CMP0709,CMP0811,2026-09-07,2026-10-22,1061000,Construction Materials,26,INR
INV-2026-00857,CMP0542,CMP0826,2026-08-03,2026-09-17,761000,Machinery,13,INR
INV-2026-00858,CMP0125,CMP0203,2026-08-19,2026-10-18,3147000,Textiles,46,INR
INV-2026-00859,CMP0158,CMP0531,2026-06-23,2026-07-23,3251000,Electronics,42,INR
INV-2026-00860,CMP0191,CMP0590,2026-09-09,2026-10-24,4020000,Textiles,9,INR
INV-2026-00861,CMP0737,CMP0383,2026-09-14,2026-10-29,2935000,Raw Materials,10,INR
INV-2026-00862,CMP0174,CMP0155,2026-06-30,2026-08-14,3676000,Electronics,39,INR
INV-2026-00863,CMP0623,CMP0179,2026-07-07,2026-09-05,61000,Construction Materials,31,INR
INV-2026-00864,CMP0708,CMP0711,2026-09-09,2026-11-08,1869000,Raw Materials,9,INR
INV-2026-00865,CMP0233,CMP0434,2026-06-12,2026-08-11,3546000,Machinery,31,INR
INV-2026-00866,CMP0407,CMP0094,2026-08-10,2026-11-08,451000,Machinery,33,INR
INV-2026-00867,CMP0192,CMP0399,2026-09-09,2026-10-09,4128000,Construction Materials,33,INR
INV-2026-00868,CMP0827,CMP0163,2026-07-19,2026-08-18,1687000,Machinery,1,INR
INV-2026-00869,CMP0504,CMP0128,2026-07-21,2026-08-20,1327000,Textiles,42,INR
INV-2026-00870,CMP0866,CMP0976,2026-06-29,2026-08-13,4585000,Pharmaceuticals,6,INR
INV-2026-00871,CMP0987,CMP0880,2026-08-25,2026-11-23,4088000,Pharmaceuticals,49,INR
INV-2026-00872,CMP0269,CMP0547,2026-09-08,2026-12-07,2165000,Food Products,13,INR
INV-2026-00873,CMP0333,CMP0454,2026-06-17,2026-08-01,2201000,Raw Materials,14,INR
INV-2026-00874,CMP0708,CMP0157,2026-06-21,2026-07-21,1210000,Pharmaceuticals,7,INR
INV-2026-00875,CMP0773,CMP0623,2026-07-03,2026-08-17,2442000,Textiles,36,INR
INV-2026-00876,CMP0687,CMP0879,2026-06-20,2026-08-04,4687000,Raw Materials,47,INR
INV-2026-00877,CMP0982,CMP0363,2026-06-08,2026-09-06,3367000,Raw Materials,40,INR
INV-2026-00878,CMP0346,CMP0217,2026-08-23,2026-09-22,3094000,Food Products,16,INR
INV-2026-00879,CMP0854,CMP0919,2026-09-19,2026-11-03,3972000,Machinery,42,INR
INV-2026-00880,CMP0118,CMP0545,2026-07-05,2026-10-03,504000,Pharmaceuticals,32,INR
INV-2026-00881,CMP0283,CMP0108,2026-06-01,2026-08-30,1985000,Pharmaceuticals,21,INR
INV-2026-00882,CMP0235,CMP0878,2026-07-10,2026-08-09,4628000,Pharmaceuticals,36,INR
INV-2026-00883,CMP0332,CMP0153,2026-09-22,2026-10-22,161000,Raw Materials,50,INR
INV-2026-00884,CMP0395,CMP0179,2026-08-24,2026-09-23,3337000,Electronics,19,INR
INV-2026-00885,CMP0680,CMP0409,2026-08-13,2026-11-11,1927000,Pharmaceuticals,24,INR
INV-2026-00886,CMP0396,CMP0065,2026-09-02,2026-11-01,2620000,Construction Materials,31,INR
INV-2026-00887,CMP0047,CMP0371,2026-07-03,2026-08-02,2658000,Construction Materials,12,INR
INV-2026-00888,CMP0960,CMP0642,2026-07-18,2026-08-17,601000,Food Products,47,INR
INV-2026-00889,CMP0275,CMP0074,2026-08-12,2026-10-11,684000,Textiles,28,INR
INV-2026-00890,CMP0279,CMP0018,2026-09-28,2026-10-28,4715000,Electronics,47,INR
INV-2026-00891,CMP0385,CMP0607,2026-08-15,2026-10-14,1782000,Food Products,36,INR
INV-2026-00892,CMP0509,CMP0367,2026-06-08,2026-09-06,1564000,Construction Materials,1,INR
INV-2026-00893,CMP0831,CMP0141,2026-07-03,2026-08-17,198000,Food Products,11,INR
INV-2026-00894,CMP0683,CMP0016,2026-08-19,2026-11-17,632000,Machinery,9,INR
INV-2026-00895,CMP0747,CMP0678,2026-06-20,2026-08-19,785000,Machinery,13,INR
INV-2026-00896,CMP0586,CMP0250,2026-09-24,2026-12-23,3572000,Food Products,35,INR
INV-2026-00897,CMP0581,CMP0663,2026-07-22,2026-08-21,3768000,Electronics,34,INR
INV-2026-00898,CMP0486,CMP0221,2026-06-22,2026-09-20,657000,Food Products,31,INR
INV-2026-00899,CMP0237,CMP0082,2026-09-07,2026-10-22,4981000,Raw Materials,29,INR
INV-2026-00900,CMP0668,CMP0399,2026-07-29,2026-09-27,281000,Pharmaceuticals,37,INR
INV-2026-00901,CMP0987,CMP0544,2026-08-19,2026-11-17,4430000,Pharmaceuticals,35,INR
INV-2026-00902,CMP0431,CMP0361,2026-09-16,2026-10-31,1993000,Pharmaceuticals,44,INR
INV-2026-00903,CMP0586,CMP0922,2026-06-26,2026-07-26,2579000,Electronics,6,INR
INV-2026-00904,CMP0646,CMP0789,2026-07-13,2026-09-11,3181000,Raw Materials,2,INR
INV-2026-00905,CMP0977,CMP0525,2026-08-21,2026-10-20,4786000,Raw Materials,15,INR
INV-2026-00906,CMP0128,CMP0149,2026-06-21,2026-07-21,424000,Electronics,5,INR
INV-2026-00907,CMP0361,CMP0863,2026-09-08,2026-11-07,242000,Food Products,25,INR
INV-2026-00908,CMP0279,CMP0290,2026-08-21,2026-11-19,4662000,Construction Materials,19,INR
INV-2026-00909,CMP0492,CMP0008,2026-06-01,2026-07-16,459000,Food Products,36,INR
INV-2026-00910,CMP0476,CMP0406,2026-07-10,2026-10-08,2558000,Food Products,26,INR
INV-2026-00911,CMP0305,CMP0587,2026-08-15,2026-11-13,3718000,Textiles,6,INR
INV-2026-00912,CMP0430,CMP0836,2026-07-20,2026-09-18,1699000,Food Products,45,INR
INV-2026-00913,CMP0035,CMP0264,2026-06-05,2026-07-05,2758000,Food Products,16,INR
INV-2026-00914,CMP0362,CMP0323,2026-07-31,2026-09-14,1857000,Machinery,38,INR
INV-2026-00915,CMP0757,CMP0396,2026-08-12,2026-11-10,2281000,Electronics,12,INR
INV-2026-00916,CMP0986,CMP0476,2026-06-11,2026-07-11,3665000,Pharmaceuticals,37,INR
INV-2026-00917,CMP0666,CMP0367,2026-08-12,2026-11-10,1175000,Raw Materials,21,INR
INV-2026-00918,CMP0211,CMP0051,2026-08-15,2026-11-13,3088000,Pharmaceuticals,1,INR
INV-2026-00919,CMP0184,CMP0377,2026-06-15,2026-07-30,2915000,Electronics,11,INR
INV-2026-00920,CMP0474,CMP0424,2026-07-25,2026-09-23,1740000,Raw Materials,6,INR
INV-2026-00921,CMP0874,CMP0322,2026-09-26,2026-11-25,2425000,Electronics,26,INR
INV-2026-00922,CMP0358,CMP0945,2026-07-23,2026-10-21,2357000,Raw Materials,20,INR
INV-2026-00923,CMP0996,CMP0339,2026-09-20,2026-11-19,2194000,Pharmaceuticals,15,INR
INV-2026-00924,CMP0315,CMP0727,2026-09-09,2026-10-09,2158000,Construction Materials,20,INR
INV-2026-00925,CMP0627,CMP0125,2026-08-12,2026-09-26,3290000,Construction Materials,39,INR
INV-2026-00926,CMP0249,CMP0854,2026-07-06,2026-10-04,2167000,Textiles,15,INR
INV-2026-00927,CMP0589,CMP0903,2026-09-21,2026-12-20,2258000,Textiles,2,INR
INV-2026-00928,CMP0539,CMP0778,2026-06-22,2026-08-06,4648000,Raw Materials,4,INR
INV-2026-00929,CMP0608,CMP0337,2026-07-24,2026-09-07,4150000,Electronics,47,INR
INV-2026-00930,CMP0489,CMP0741,2026-08-13,2026-10-12,1840000,Machinery,16,INR
INV-2026-00931,CMP0162,CMP0107,2026-09-23,2026-12-22,115000,Raw Materials,4,INR
INV-2026-00932,CMP0708,CMP0178,2026-09-19,2026-12-18,993000,Construction Materials,3,INR
INV-2026-00933,CMP0491,CMP0335,2026-09-24,2026-11-23,2518000,Raw Materials,19,INR
INV-2026-00934,CMP0646,CMP0727,2026-07-18,2026-09-16,3431000,Food Products,38,INR
INV-2026-00935,CMP0136,CMP0880,2026-06-05,2026-07-20,1079000,Machinery,3,INR
INV-2026-00936,CMP0310,CMP0285,2026-07-26,2026-09-24,4692000,Food Products,5,INR
INV-2026-00937,CMP0152,CMP0741,2026-08-12,2026-09-11,1880000,Construction Materials,2,INR
INV-2026-00938,CMP0145,CMP0919,2026-06-14,2026-07-29,2964000,Construction Materials,8,INR
INV-2026-00939,CMP0209,CMP0752,2026-07-13,2026-10-11,3830000,Construction Materials,23,INR
INV-2026-00940,CMP0542,CMP0724,2026-07-21,2026-09-04,4923000,Textiles,38,INR
INV-2026-00941,CMP0346,CMP0644,2026-06-01,2026-08-30,3911000,Construction Materials,6,INR
INV-2026-00942,CMP0945,CMP0588,2026-09-29,2026-10-29,1839000,Textiles,46,INR
INV-2026-00943,CMP0370,CMP0566,2026-06-25,2026-08-24,2494000,Pharmaceuticals,21,INR
INV-2026-00944,CMP0407,CMP0398,2026-06-11,2026-07-11,1862000,Raw Materials,35,INR
INV-2026-00945,CMP0564,CMP0380,2026-09-22,2026-11-06,443000,Textiles,12,INR
INV-2026-00946,CMP0196,CMP0849,2026-06-21,2026-08-05,3387000,Machinery,16,INR
INV-2026-00947,CMP0200,CMP0318,2026-07-08,2026-08-22,3797000,Textiles,27,INR
INV-2026-00948,CMP0213,CMP0672,2026-06-03,2026-08-02,932000,Raw Materials,43,INR
INV-2026-00949,CMP0462,CMP0732,2026-07-24,2026-10-22,4796000,Construction Materials,35,INR
INV-2026-00950,CMP0852,CMP0029,2026-08-10,2026-10-09,317000,Pharmaceuticals,46,INR
INV-2026-00951,CMP0919,CMP0145,2026-09-19,2026-11-18,4711000,Food Products,49,INR
INV-2026-00952,CMP0597,CMP0983,2026-06-20,2026-07-20,460000,Pharmaceuticals,43,INR
INV-2026-00953,CMP0996,CMP0499,2026-09-22,2026-11-21,3639000,Machinery,30,INR
INV-2026-00954,CMP0270,CMP0193,2026-07-09,2026-08-23,357000,Construction Materials,21,INR
INV-2026-00955,CMP0060,CMP0159,2026-08-08,2026-10-07,1920000,Machinery,11,INR
INV-2026-00956,CMP0166,CMP0835,2026-08-18,2026-10-17,4630000,Food Products,26,INR
INV-2026-00957,CMP0347,CMP0186,2026-09-05,2026-11-04,3723000,Pharmaceuticals,49,INR
INV-2026-00958,CMP0945,CMP0777,2026-06-26,2026-08-10,1356000,Raw Materials,34,INR
INV-2026-00959,CMP0157,CMP0639,2026-06-02,2026-07-17,1965000,Machinery,9,INR
INV-2026-00960,CMP0339,CMP0411,2026-06-14,2026-07-29,4749000,Raw Materials,1,INR
INV-2026-00961,CMP0236,CMP0023,2026-06-26,2026-08-25,1847000,Food Products,30,INR
INV-2026-00962,CMP0452,CMP0070,2026-08-25,2026-11-23,1056000,Construction Materials,30,INR
INV-2026-00963,CMP0374,CMP0956,2026-07-27,2026-10-25,137000,Raw Materials,50,INR
INV-2026-00964,CMP0490,CMP0625,2026-09-05,2026-11-04,2895000,Raw Materials,48,INR
INV-2026-00965,CMP0059,CMP0178,2026-08-22,2026-10-21,2327000,Raw Materials,4,INR
INV-2026-00966,CMP0081,CMP0965,2026-09-25,2026-11-09,1467000,Pharmaceuticals,38,INR
INV-2026-00967,CMP0570,CMP0789,2026-09-13,2026-12-12,2166000,Raw Materials,16,INR
INV-2026-00968,CMP0030,CMP0222,2026-08-31,2026-10-15,2268000,Machinery,9,INR
INV-2026-00969,CMP0554,CMP0304,2026-06-09,2026-07-09,3805000,Machinery,30,INR
INV-2026-00970,CMP0735,CMP0167,2026-08-24,2026-10-08,1388000,Textiles,4,INR
INV-2026-00971,CMP0903,CMP0383,2026-07-27,2026-10-25,529000,Construction Materials,17,INR
INV-2026-00972,CMP0677,CMP0905,2026-07-30,2026-08-29,4526000,Construction Materials,31,INR
INV-2026-00973,CMP0658,CMP0652,2026-07-12,2026-09-10,4106000,Food Products,7,INR
INV-2026-00974,CMP0638,CMP0806,2026-09-28,2026-11-12,4971000,Textiles,4,INR
INV-2026-00975,CMP0396,CMP0369,2026-06-30,2026-09-28,4486000,Raw Materials,44,INR
INV-2026-00976,CMP0481,CMP0645,2026-07-14,2026-08-13,1265000,Raw Materials,10,INR
INV-2026-00977,CMP0325,CMP0614,2026-09-11,2026-11-10,378000,Food Products,26,INR
INV-2026-00978,CMP0777,CMP0547,2026-08-31,2026-10-30,2358000,Electronics,47,INR
INV-2026-00979,CMP0758,CMP0151,2026-08-02,2026-09-16,2076000,Pharmaceuticals,13,INR
INV-2026-00980,CMP0463,CMP0588,2026-09-10,2026-10-25,675000,Machinery,9,INR
INV-2026-00981,CMP0087,CMP0089,2026-06-16,2026-09-14,436000,Electronics,3,INR
INV-2026-00982,CMP0242,CMP0714,2026-08-28,2026-11-26,2889000,Construction Materials,48,INR
INV-2026-00983,CMP0629,CMP0052,2026-07-29,2026-08-28,655000,Construction Materials,32,INR
INV-2026-00984,CMP0299,CMP0711,2026-09-11,2026-10-26,345000,Electronics,10,INR
INV-2026-00985,CMP0361,CMP0107,2026-08-19,2026-10-18,4864000,Pharmaceuticals,23,INR
INV-2026-00986,CMP0183,CMP0613,2026-09-03,2026-10-03,2657000,Food Products,7,INR
INV-2026-00987,CMP0177,CMP0180,2026-09-24,2026-12-23,1214000,Food Products,48,INR
INV-2026-00988,CMP0261,CMP0256,2026-08-11,2026-11-09,1854000,Raw Materials,11,INR
INV-2026-00989,CMP0022,CMP0370,2026-06-20,2026-08-04,2419000,Machinery,25,INR
INV-2026-00990,CMP0181,CMP0386,2026-08-27,2026-10-26,2675000,Electronics,42,INR
INV-2026-00991,CMP0392,CMP0871,2026-09-25,2026-11-09,1625000,Pharmaceuticals,48,INR
INV-2026-00992,CMP0002,CMP0709,2026-09-13,2026-10-28,4470000,Raw Materials,19,INR
INV-2026-00993,CMP0302,CMP0310,2026-09-21,2026-10-21,3677000,Textiles,33,INR
INV-2026-00994,CMP0861,CMP0532,2026-08-05,2026-10-04,4138000,Machinery,18,INR
INV-2026-00995,CMP0476,CMP0022,2026-06-02,2026-08-01,1411000,Electronics,44,INR
INV-2026-00996,CMP0387,CMP0785,2026-08-27,2026-10-26,4207000,Machinery,40,INR
INV-2026-00997,CMP0785,CMP0896,2026-06-25,2026-09-23,2615000,Food Products,17,INR
INV-2026-00998,CMP0639,CMP0719,2026-07-21,2026-10-19,1538000,Pharmaceuticals,43,INR
INV-2026-00999,CMP0215,CMP0164,2026-09-03,2026-11-02,4946000,Food Products,15,INR
INV-2026-01000,CMP0275,CMP0190,2026-09-26,2026-12-25,3755000,Food Products,21,INR
INV-2026-01001,CMP0814,CMP0175,2026-09-25,2026-11-24,1360000,Electronics,10,INR
INV-2026-01002,CMP0018,CMP0429,2026-09-22,2026-12-21,709000,Textiles,35,INR
INV-2026-01003,CMP0086,CMP0146,2026-06-04,2026-08-03,1146000,Electronics,47,INR
INV-2026-01004,CMP0950,CMP0162,2026-08-15,2026-10-14,1286000,Machinery,5,INR
INV-2026-01005,CMP0331,CMP0947,2026-06-28,2026-07-28,3412000,Raw Materials,38,INR
INV-2026-01006,CMP0326,CMP0324,2026-07-22,2026-09-05,4814000,Food Products,16,INR
INV-2026-01007,CMP0475,CMP0685,2026-08-22,2026-11-20,1312000,Raw Materials,40,INR
INV-2026-01008,CMP0741,CMP0304,2026-06-06,2026-09-04,1523000,Food Products,5,INR
INV-2026-01009,CMP0344,CMP0680,2026-08-19,2026-09-18,2173000,Pharmaceuticals,43,INR
INV-2026-01010,CMP0565,CMP0348,2026-06-25,2026-08-09,845000,Pharmaceuticals,7,INR
INV-2026-01011,CMP0229,CMP0671,2026-09-06,2026-10-06,4459000,Machinery,18,INR
INV-2026-01012,CMP0588,CMP0548,2026-08-30,2026-10-14,1888000,Machinery,42,INR
INV-2026-01013,CMP0086,CMP0182,2026-06-13,2026-07-28,1293000,Construction Materials,5,INR
INV-2026-01014,CMP0382,CMP0768,2026-08-05,2026-09-04,2475000,Pharmaceuticals,24,INR
INV-2026-01015,CMP0552,CMP0158,2026-08-09,2026-11-07,3617000,Electronics,32,INR
INV-2026-01016,CMP0412,CMP0306,2026-06-14,2026-07-14,119000,Electronics,21,INR
INV-2026-01017,CMP0269,CMP0570,2026-06-08,2026-09-06,4451000,Textiles,20,INR
INV-2026-01018,CMP0769,CMP0137,2026-06-06,2026-09-04,57000,Raw Materials,37,INR
INV-2026-01019,CMP0951,CMP0515,2026-07-27,2026-10-25,4128000,Raw Materials,21,INR
INV-2026-01020,CMP0534,CMP0336,2026-08-21,2026-11-19,3226000,Textiles,26,INR
INV-2026-01021,CMP0767,CMP0319,2026-08-16,2026-11-14,1022000,Pharmaceuticals,9,INR
INV-2026-01022,CMP0223,CMP0304,2026-06-15,2026-07-30,1526000,Pharmaceuticals,28,INR
INV-2026-01023,CMP0829,CMP0149,2026-06-10,2026-07-25,1516000,Raw Materials,2,INR
INV-2026-01024,CMP0313,CMP0707,2026-06-06,2026-08-05,573000,Raw Materials,40,INR
INV-2026-01025,CMP0260,CMP0545,2026-09-10,2026-10-10,1827000,Textiles,47,INR
INV-2026-01026,CMP0498,CMP0961,2026-09-26,2026-10-26,4236000,Machinery,31,INR
INV-2026-01027,CMP0884,CMP0630,2026-06-20,2026-09-18,3707000,Electronics,40,INR
INV-2026-01028,CMP0609,CMP0628,2026-08-13,2026-09-12,2324000,Pharmaceuticals,11,INR
INV-2026-01029,CMP0527,CMP0716,2026-06-15,2026-07-15,1681000,Machinery,15,INR
INV-2026-01030,CMP0897,CMP0443,2026-07-23,2026-08-22,3509000,Pharmaceuticals,45,INR
INV-2026-01031,CMP0764,CMP0173,2026-06-08,2026-07-08,67000,Textiles,13,INR
INV-2026-01032,CMP0766,CMP0166,2026-07-14,2026-08-28,4467000,Electronics,26,INR
INV-2026-01033,CMP0194,CMP0894,2026-06-01,2026-07-31,839000,Pharmaceuticals,3,INR
INV-2026-01034,CMP0335,CMP0830,2026-07-05,2026-08-19,1520000,Electronics,16,INR
INV-2026-01035,CMP0564,CMP0727,2026-09-28,2026-11-27,65000,Electronics,45,INR
INV-2026-01036,CMP0166,CMP0948,2026-09-16,2026-10-31,3473000,Pharmaceuticals,50,INR
INV-2026-01037,CMP0579,CMP0786,2026-06-08,2026-09-06,561000,Food Products,35,INR
INV-2026-01038,CMP0715,CMP0443,2026-09-14,2026-12-13,1393000,Construction Materials,28,INR
INV-2026-01039,CMP0956,CMP0250,2026-06-23,2026-08-07,1910000,Construction Materials,33,INR
INV-2026-01040,CMP0625,CMP0915,2026-08-26,2026-10-10,3206000,Raw Materials,31,INR
INV-2026-01041,CMP0418,CMP0922,2026-08-04,2026-10-03,732000,Pharmaceuticals,8,INR
INV-2026-01042,CMP0905,CMP0647,2026-09-25,2026-12-24,4492000,Raw Materials,26,INR
INV-2026-01043,CMP0466,CMP0108,2026-07-26,2026-09-24,2080000,Construction Materials,7,INR
INV-2026-01044,CMP0001,CMP0997,2026-06-25,2026-08-09,659000,Pharmaceuticals,33,INR
INV-2026-01045,CMP0811,CMP0161,2026-09-24,2026-11-08,1697000,Pharmaceuticals,39,INR
INV-2026-01046,CMP0157,CMP0102,2026-09-17,2026-11-01,4478000,Textiles,12,INR
INV-2026-01047,CMP0473,CMP0755,2026-09-02,2026-10-02,4965000,Electronics,31,INR
INV-2026-01048,CMP0334,CMP0726,2026-07-22,2026-10-20,212000,Food Products,25,INR
INV-2026-01049,CMP0098,CMP0667,2026-07-25,2026-09-23,405000,Construction Materials,38,INR
INV-2026-01050,CMP0172,CMP0007,2026-08-06,2026-09-05,4459000,Construction Materials,42,INR
INV-2026-01051,CMP0833,CMP0273,2026-09-07,2026-10-07,2076000,Electronics,9,INR
INV-2026-01052,CMP0479,CMP0622,2026-07-23,2026-08-22,3692000,Food Products,33,INR
INV-2026-01053,CMP0712,CMP0114,2026-08-15,2026-11-13,2936000,Electronics,35,INR
INV-2026-01054,CMP0659,CMP0253,2026-08-28,2026-10-27,4482000,Textiles,43,INR
INV-2026-01055,CMP0510,CMP0183,2026-08-31,2026-10-15,186000,Pharmaceuticals,26,INR
INV-2026-01056,CMP0386,CMP0378,2026-08-08,2026-11-06,3320000,Construction Materials,11,INR
INV-2026-01057,CMP0627,CMP0891,2026-08-13,2026-09-12,2949000,Raw Materials,21,INR
INV-2026-01058,CMP0459,CMP0210,2026-08-18,2026-10-02,2573000,Textiles,21,INR
INV-2026-01059,CMP0229,CMP0617,2026-08-25,2026-11-23,2285000,Pharmaceuticals,41,INR
INV-2026-01060,CMP0010,CMP0783,2026-09-03,2026-11-02,3690000,Raw Materials,38,INR
INV-2026-01061,CMP0883,CMP0623,2026-07-27,2026-09-25,234000,Pharmaceuticals,31,INR
INV-2026-01062,CMP0147,CMP0784,2026-07-25,2026-09-23,3425000,Machinery,49,INR
INV-2026-01063,CMP0449,CMP0588,2026-08-02,2026-09-01,3296000,Electronics,1,INR
INV-2026-01064,CMP0567,CMP0801,2026-07-29,2026-09-27,4926000,Pharmaceuticals,44,INR
INV-2026-01065,CMP0510,CMP0262,2026-07-16,2026-09-14,4630000,Food Products,18,INR
INV-2026-01066,CMP0078,CMP0977,2026-06-25,2026-08-24,4220000,Machinery,27,INR
INV-2026-01067,CMP0474,CMP0249,2026-09-16,2026-12-15,2417000,Electronics,41,INR
INV-2026-01068,CMP0352,CMP0212,2026-09-02,2026-10-02,3315000,Food Products,19,INR
INV-2026-01069,CMP0796,CMP0599,2026-06-04,2026-08-03,4422000,Textiles,21,INR
INV-2026-01070,CMP0011,CMP0812,2026-08-24,2026-11-22,1415000,Machinery,21,INR
INV-2026-01071,CMP0989,CMP0176,2026-09-15,2026-10-15,1018000,Raw Materials,26,INR
INV-2026-01072,CMP0143,CMP0985,2026-06-06,2026-09-04,3807000,Food Products,19,INR
INV-2026-01073,CMP0567,CMP0617,2026-06-03,2026-07-18,551000,Textiles,35,INR
INV-2026-01074,CMP0854,CMP0259,2026-08-06,2026-09-05,2987000,Construction Materials,15,INR
INV-2026-01075,CMP0001,CMP0570,2026-08-13,2026-09-27,4470000,Construction Materials,43,INR
INV-2026-01076,CMP0824,CMP0043,2026-08-01,2026-09-30,2752000,Pharmaceuticals,35,INR
INV-2026-01077,CMP0565,CMP0243,2026-09-03,2026-12-02,4924000,Textiles,48,INR
INV-2026-01078,CMP0109,CMP0567,2026-07-24,2026-09-07,2897000,Machinery,10,INR
INV-2026-01079,CMP0948,CMP0984,2026-09-09,2026-11-08,3712000,Machinery,4,INR
INV-2026-01080,CMP0001,CMP0218,2026-08-26,2026-10-25,426000,Pharmaceuticals,25,INR
INV-2026-01081,CMP0779,CMP0696,2026-06-14,2026-08-13,3353000,Pharmaceuticals,14,INR
INV-2026-01082,CMP0018,CMP0934,2026-07-20,2026-09-18,2978000,Machinery,36,INR
INV-2026-01083,CMP0268,CMP0786,2026-06-25,2026-09-23,4681000,Electronics,43,INR
INV-2026-01084,CMP0865,CMP0919,2026-07-26,2026-10-24,2460000,Electronics,4,INR
INV-2026-01085,CMP0515,CMP0780,2026-09-25,2026-10-25,3980000,Pharmaceuticals,8,INR
INV-2026-01086,CMP0544,CMP0484,2026-07-24,2026-08-23,1377000,Machinery,8,INR
INV-2026-01087,CMP0647,CMP0769,2026-07-25,2026-09-23,1721000,Pharmaceuticals,8,INR
INV-2026-01088,CMP0049,CMP0237,2026-09-26,2026-11-25,2273000,Textiles,17,INR
INV-2026-01089,CMP0135,CMP0616,2026-09-29,2026-10-29,4926000,Food Products,31,INR
INV-2026-01090,CMP0281,CMP0682,2026-07-25,2026-10-23,2859000,Construction Materials,24,INR
INV-2026-01091,CMP0169,CMP0309,2026-07-19,2026-09-02,366000,Construction Materials,50,INR
INV-2026-01092,CMP0130,CMP0120,2026-09-25,2026-11-24,2700000,Electronics,39,INR
INV-2026-01093,CMP0447,CMP0894,2026-06-18,2026-08-17,3963000,Food Products,50,INR
INV-2026-01094,CMP0183,CMP0189,2026-06-16,2026-07-16,1531000,Textiles,16,INR
INV-2026-01095,CMP0221,CMP0955,2026-07-27,2026-08-26,2465000,Textiles,32,INR
INV-2026-01096,CMP0315,CMP0492,2026-07-09,2026-09-07,3235000,Pharmaceuticals,21,INR
INV-2026-01097,CMP0382,CMP0612,2026-08-16,2026-11-14,1875000,Textiles,11,INR
INV-2026-01098,CMP0099,CMP0869,2026-08-08,2026-09-22,1948000,Textiles,1,INR
INV-2026-01099,CMP0501,CMP0851,2026-06-18,2026-08-17,720000,Textiles,47,INR
INV-2026-01100,CMP0357,CMP0224,2026-06-22,2026-07-22,882000,Machinery,48,INR
INV-2026-01101,CMP0256,CMP0404,2026-08-24,2026-10-08,1096000,Machinery,5,INR
INV-2026-01102,CMP0952,CMP0735,2026-07-01,2026-08-15,3919000,Pharmaceuticals,30,INR
INV-2026-01103,CMP0507,CMP0161,2026-09-07,2026-11-06,3536000,Electronics,42,INR
INV-2026-01104,CMP0559,CMP0750,2026-08-19,2026-10-18,2068000,Electronics,21,INR
INV-2026-01105,CMP0730,CMP0692,2026-08-10,2026-10-09,2681000,Raw Materials,12,INR
INV-2026-01106,CMP0599,CMP0685,2026-06-22,2026-08-21,2550000,Raw Materials,46,INR
INV-2026-01107,CMP0880,CMP0321,2026-07-22,2026-08-21,880000,Electronics,21,INR
INV-2026-01108,CMP0501,CMP0378,2026-07-28,2026-08-27,738000,Machinery,22,INR
INV-2026-01109,CMP0939,CMP0054,2026-09-18,2026-10-18,4384000,Textiles,20,INR
INV-2026-01110,CMP0614,CMP0095,2026-07-28,2026-10-26,2166000,Textiles,18,INR
INV-2026-01111,CMP0483,CMP0236,2026-08-21,2026-10-05,3049000,Textiles,50,INR
INV-2026-01112,CMP0145,CMP0305,2026-09-20,2026-11-19,3641000,Machinery,30,INR
INV-2026-01113,CMP0122,CMP0365,2026-07-09,2026-10-07,4806000,Raw Materials,17,INR
INV-2026-01114,CMP0297,CMP0868,2026-06-27,2026-07-27,4990000,Textiles,15,INR
INV-2026-01115,CMP0501,CMP0523,2026-06-04,2026-07-19,4427000,Raw Materials,8,INR
INV-2026-01116,CMP0543,CMP0223,2026-06-11,2026-07-11,3501000,Pharmaceuticals,13,INR
INV-2026-01117,CMP0246,CMP0846,2026-09-26,2026-11-10,4319000,Food Products,3,INR
INV-2026-01118,CMP0526,CMP0486,2026-08-08,2026-09-22,4195000,Construction Materials,36,INR
INV-2026-01119,CMP0070,CMP0362,2026-08-01,2026-10-30,1476000,Raw Materials,1,INR
INV-2026-01120,CMP0293,CMP0848,2026-07-26,2026-09-09,4595000,Textiles,44,INR
INV-2026-01121,CMP0065,CMP0321,2026-06-16,2026-09-14,1537000,Pharmaceuticals,20,INR
INV-2026-01122,CMP0419,CMP0335,2026-09-27,2026-11-26,1792000,Pharmaceuticals,15,INR
INV-2026-01123,CMP0495,CMP0832,2026-06-07,2026-07-07,4243000,Electronics,37,INR
INV-2026-01124,CMP0885,CMP0110,2026-07-25,2026-10-23,2968000,Raw Materials,19,INR
INV-2026-01125,CMP0286,CMP0891,2026-08-03,2026-09-02,3175000,Pharmaceuticals,31,INR
INV-2026-01126,CMP0454,CMP0761,2026-09-28,2026-11-12,3153000,Electronics,26,INR
INV-2026-01127,CMP0603,CMP0955,2026-07-10,2026-08-24,584000,Raw Materials,26,INR
INV-2026-01128,CMP0140,CMP0602,2026-07-03,2026-10-01,4765000,Pharmaceuticals,28,INR
INV-2026-01129,CMP0269,CMP0995,2026-06-07,2026-07-07,2847000,Pharmaceuticals,3,INR
INV-2026-01130,CMP0115,CMP0050,2026-08-16,2026-10-15,4410000,Food Products,15,INR
INV-2026-01131,CMP0592,CMP0018,2026-09-24,2026-11-08,4402000,Construction Materials,44,INR
INV-2026-01132,CMP0726,CMP0349,2026-06-13,2026-07-13,1391000,Electronics,39,INR
INV-2026-01133,CMP0420,CMP0680,2026-07-08,2026-09-06,4326000,Raw Materials,42,INR
INV-2026-01134,CMP0302,CMP0400,2026-09-03,2026-11-02,2318000,Electronics,49,INR
INV-2026-01135,CMP0962,CMP0923,2026-08-14,2026-10-13,3800000,Food Products,11,INR
INV-2026-01136,CMP0575,CMP0933,2026-09-14,2026-12-13,3088000,Textiles,41,INR
INV-2026-01137,CMP0728,CMP0585,2026-09-05,2026-10-20,2905000,Electronics,48,INR
INV-2026-01138,CMP0114,CMP0863,2026-06-07,2026-07-22,4902000,Raw Materials,5,INR
INV-2026-01139,CMP0452,CMP0764,2026-07-30,2026-08-29,4832000,Construction Materials,9,INR
INV-2026-01140,CMP0307,CMP0542,2026-06-25,2026-09-23,4477000,Machinery,30,INR
INV-2026-01141,CMP0015,CMP0949,2026-09-05,2026-11-04,2738000,Textiles,22,INR
INV-2026-01142,CMP0831,CMP0102,2026-09-10,2026-10-25,2228000,Food Products,32,INR
INV-2026-01143,CMP0779,CMP0895,2026-08-06,2026-11-04,1359000,Electronics,7,INR
INV-2026-01144,CMP0085,CMP0187,2026-08-21,2026-09-20,1832000,Raw Materials,34,INR
INV-2026-01145,CMP0515,CMP0350,2026-09-17,2026-10-17,3608000,Construction Materials,6,INR
INV-2026-01146,CMP0592,CMP0252,2026-09-15,2026-10-15,4077000,Textiles,22,INR
INV-2026-01147,CMP0591,CMP0012,2026-09-03,2026-10-18,235000,Construction Materials,7,INR
INV-2026-01148,CMP0456,CMP0480,2026-06-07,2026-08-06,4777000,Textiles,10,INR
INV-2026-01149,CMP0574,CMP0883,2026-09-27,2026-12-26,3533000,Electronics,14,INR
INV-2026-01150,CMP0227,CMP0843,2026-06-12,2026-08-11,3111000,Pharmaceuticals,33,INR
INV-2026-01151,CMP0552,CMP0769,2026-09-05,2026-12-04,219000,Pharmaceuticals,1,INR
INV-2026-01152,CMP0788,CMP0857,2026-06-25,2026-08-09,2658000,Pharmaceuticals,26,INR
INV-2026-01153,CMP0021,CMP0765,2026-06-16,2026-07-31,1045000,Construction Materials,38,INR
INV-2026-01154,CMP0082,CMP0011,2026-09-18,2026-11-02,2086000,Construction Materials,37,INR
INV-2026-01155,CMP0486,CMP0315,2026-08-22,2026-10-21,1151000,Textiles,8,INR
INV-2026-01156,CMP0250,CMP0741,2026-06-06,2026-07-06,3544000,Pharmaceuticals,34,INR
INV-2026-01157,CMP0336,CMP0847,2026-09-11,2026-10-11,4432000,Construction Materials,33,INR
INV-2026-01158,CMP0735,CMP0126,2026-07-07,2026-09-05,399000,Machinery,9,INR
INV-2026-01159,CMP0307,CMP0218,2026-06-27,2026-09-25,3826000,Machinery,22,INR
INV-2026-01160,CMP0956,CMP0714,2026-08-03,2026-09-17,4399000,Food Products,49,INR
INV-2026-01161,CMP0412,CMP0144,2026-06-11,2026-07-26,3653000,Pharmaceuticals,23,INR
INV-2026-01162,CMP0522,CMP0738,2026-07-22,2026-09-05,4961000,Raw Materials,23,INR
INV-2026-01163,CMP0248,CMP0818,2026-08-30,2026-09-29,544000,Pharmaceuticals,22,INR
INV-2026-01164,CMP0558,CMP0330,2026-06-12,2026-08-11,3574000,Pharmaceuticals,19,INR
INV-2026-01165,CMP0462,CMP0682,2026-06-12,2026-08-11,2067000,Construction Materials,25,INR
INV-2026-01166,CMP0841,CMP0385,2026-08-14,2026-11-12,2011000,Electronics,12,INR
INV-2026-01167,CMP0366,CMP0356,2026-06-13,2026-09-11,997000,Textiles,16,INR
INV-2026-01168,CMP0403,CMP0980,2026-08-24,2026-10-08,398000,Construction Materials,33,INR
INV-2026-01169,CMP0933,CMP0246,2026-08-02,2026-09-16,3912000,Food Products,2,INR
INV-2026-01170,CMP0876,CMP0163,2026-08-16,2026-11-14,4512000,Construction Materials,42,INR
INV-2026-01171,CMP0388,CMP0420,2026-07-14,2026-08-28,88000,Textiles,12,INR
INV-2026-01172,CMP0534,CMP0085,2026-09-12,2026-11-11,3144000,Textiles,5,INR
INV-2026-01173,CMP0837,CMP0722,2026-06-10,2026-07-10,3426000,Machinery,40,INR
INV-2026-01174,CMP0714,CMP0473,2026-08-21,2026-10-05,2698000,Textiles,35,INR
INV-2026-01175,CMP0894,CMP0838,2026-07-23,2026-09-21,2504000,Machinery,24,INR
INV-2026-01176,CMP0987,CMP0128,2026-06-25,2026-07-25,356000,Raw Materials,32,INR
INV-2026-01177,CMP0220,CMP0009,2026-06-19,2026-09-17,2213000,Food Products,14,INR
INV-2026-01178,CMP0433,CMP0138,2026-09-20,2026-10-20,4220000,Textiles,41,INR
INV-2026-01179,CMP0266,CMP0693,2026-07-29,2026-08-28,2266000,Electronics,49,INR
INV-2026-01180,CMP0593,CMP0236,2026-07-11,2026-08-25,4899000,Machinery,37,INR
INV-2026-01181,CMP0422,CMP0589,2026-07-24,2026-10-22,417000,Food Products,17,INR
INV-2026-01182,CMP0712,CMP0775,2026-08-12,2026-09-26,79000,Raw Materials,33,INR
INV-2026-01183,CMP0550,CMP0782,2026-09-29,2026-12-28,2329000,Construction Materials,18,INR
INV-2026-01184,CMP0893,CMP0328,2026-06-15,2026-07-30,2922000,Construction Materials,50,INR
INV-2026-01185,CMP0337,CMP0551,2026-06-18,2026-09-16,3766000,Machinery,30,INR
INV-2026-01186,CMP0273,CMP0910,2026-06-03,2026-09-01,1660000,Construction Materials,36,INR
INV-2026-01187,CMP0983,CMP0574,2026-09-09,2026-10-09,1031000,Construction Materials,25,INR
INV-2026-01188,CMP0860,CMP0853,2026-09-08,2026-10-08,2269000,Raw Materials,20,INR
INV-2026-01189,CMP0970,CMP0214,2026-08-04,2026-09-03,4888000,Electronics,32,INR
INV-2026-01190,CMP0211,CMP0562,2026-07-27,2026-09-25,3899000,Electronics,15,INR
INV-2026-01191,CMP0750,CMP0240,2026-07-22,2026-09-20,1806000,Construction Materials,31,INR
INV-2026-01192,CMP0461,CMP0015,2026-06-13,2026-07-28,2106000,Pharmaceuticals,1,INR
INV-2026-01193,CMP0620,CMP0013,2026-09-29,2026-11-28,973000,Raw Materials,33,INR
INV-2026-01194,CMP0846,CMP0653,2026-06-03,2026-07-18,3483000,Electronics,9,INR
INV-2026-01195,CMP0406,CMP0137,2026-07-04,2026-08-18,2906000,Machinery,17,INR
INV-2026-01196,CMP0070,CMP0671,2026-09-19,2026-11-03,1445000,Machinery,40,INR
INV-2026-01197,CMP0036,CMP0742,2026-07-28,2026-10-26,2967000,Raw Materials,1,INR
INV-2026-01198,CMP0275,CMP0777,2026-06-09,2026-07-09,2339000,Machinery,46,INR
INV-2026-01199,CMP0707,CMP0507,2026-09-16,2026-11-15,4896000,Machinery,37,INR
INV-2026-01200,CMP0221,CMP0164,2026-07-18,2026-09-01,2267000,Construction Materials,36,INR
INV-2026-01201,CMP0659,CMP0078,2026-08-19,2026-11-17,537000,Pharmaceuticals,40,INR
INV-2026-01202,CMP0317,CMP0102,2026-06-19,2026-08-18,1233000,Electronics,30,INR
INV-2026-01203,CMP0029,CMP0602,2026-07-31,2026-09-14,4621000,Pharmaceuticals,25,INR
INV-2026-01204,CMP0262,CMP0887,2026-07-23,2026-09-06,4754000,Raw Materials,12,INR
INV-2026-01205,CMP0383,CMP0081,2026-09-16,2026-11-15,4113000,Construction Materials,10,INR
INV-2026-01206,CMP0190,CMP0297,2026-07-04,2026-08-18,164000,Raw Materials,27,INR
INV-2026-01207,CMP0103,CMP0111,2026-09-15,2026-10-15,4421000,Machinery,13,INR
INV-2026-01208,CMP0313,CMP0392,2026-07-26,2026-08-25,4357000,Pharmaceuticals,25,INR
INV-2026-01209,CMP0221,CMP0052,2026-06-02,2026-07-17,3940000,Electronics,26,INR
INV-2026-01210,CMP0460,CMP0712,2026-06-08,2026-07-23,1441000,Construction Materials,3,INR
INV-2026-01211,CMP0033,CMP0609,2026-09-08,2026-10-23,2796000,Food Products,27,INR
INV-2026-01212,CMP0739,CMP0139,2026-08-13,2026-10-12,624000,Raw Materials,27,INR
INV-2026-01213,CMP0982,CMP0557,2026-06-04,2026-07-04,4829000,Textiles,30,INR
INV-2026-01214,CMP0488,CMP0620,2026-06-04,2026-07-04,2614000,Machinery,32,INR
INV-2026-01215,CMP0250,CMP0140,2026-09-11,2026-10-11,2782000,Machinery,30,INR
INV-2026-01216,CMP0222,CMP0631,2026-06-12,2026-07-27,3830000,Construction Materials,50,INR
INV-2026-01217,CMP0036,CMP0671,2026-06-22,2026-08-06,3748000,Machinery,7,INR
INV-2026-01218,CMP0210,CMP0554,2026-08-12,2026-09-11,3168000,Pharmaceuticals,33,INR
INV-2026-01219,CMP0484,CMP0906,2026-08-23,2026-11-21,669000,Food Products,10,INR
INV-2026-01220,CMP0191,CMP0123,2026-09-11,2026-11-10,254000,Textiles,46,INR
INV-2026-01221,CMP0793,CMP0287,2026-09-10,2026-10-10,3388000,Food Products,8,INR
INV-2026-01222,CMP0584,CMP0172,2026-09-12,2026-10-12,4532000,Food Products,1,INR
INV-2026-01223,CMP0466,CMP0263,2026-07-02,2026-09-30,2559000,Machinery,10,INR
INV-2026-01224,CMP0845,CMP0231,2026-07-08,2026-08-22,2520000,Raw Materials,24,INR
INV-2026-01225,CMP0148,CMP0096,2026-06-02,2026-07-17,3304000,Textiles,12,INR
INV-2026-01226,CMP0220,CMP0934,2026-07-05,2026-08-04,4864000,Raw Materials,47,INR
INV-2026-01227,CMP0936,CMP0959,2026-08-14,2026-10-13,189000,Textiles,48,INR
INV-2026-01228,CMP0844,CMP0457,2026-09-22,2026-11-06,3936000,Food Products,40,INR
INV-2026-01229,CMP0024,CMP0214,2026-07-24,2026-09-22,1546000,Textiles,7,INR
INV-2026-01230,CMP0231,CMP0946,2026-07-31,2026-10-29,1119000,Machinery,42,INR
INV-2026-01231,CMP0477,CMP0618,2026-09-01,2026-10-01,2508000,Pharmaceuticals,9,INR
INV-2026-01232,CMP0277,CMP0971,2026-09-14,2026-11-13,2875000,Electronics,35,INR
INV-2026-01233,CMP0360,CMP0115,2026-06-05,2026-07-20,3181000,Machinery,7,INR
INV-2026-01234,CMP0589,CMP0684,2026-07-11,2026-08-10,954000,Raw Materials,28,INR
INV-2026-01235,CMP0554,CMP0902,2026-09-05,2026-11-04,3364000,Pharmaceuticals,39,INR
INV-2026-01236,CMP0822,CMP0549,2026-07-03,2026-10-01,3438000,Electronics,28,INR
INV-2026-01237,CMP0811,CMP0900,2026-08-26,2026-11-24,4258000,Raw Materials,14,INR
INV-2026-01238,CMP0475,CMP0389,2026-09-25,2026-10-25,531000,Electronics,34,INR
INV-2026-01239,CMP0276,CMP0320,2026-07-04,2026-08-03,3787000,Electronics,48,INR
INV-2026-01240,CMP0237,CMP0449,2026-06-12,2026-07-12,4616000,Electronics,3,INR
INV-2026-01241,CMP0503,CMP0299,2026-06-17,2026-07-17,4696000,Food Products,20,INR
INV-2026-01242,CMP0045,CMP0052,2026-08-13,2026-09-27,3356000,Food Products,39,INR
INV-2026-01243,CMP0986,CMP0748,2026-09-15,2026-10-30,1097000,Construction Materials,21,INR
INV-2026-01244,CMP0236,CMP0286,2026-07-05,2026-10-03,4476000,Textiles,29,INR
INV-2026-01245,CMP0968,CMP0974,2026-08-04,2026-09-18,370000,Machinery,15,INR
INV-2026-01246,CMP0588,CMP0989,2026-07-23,2026-09-21,4373000,Textiles,28,INR
INV-2026-01247,CMP0192,CMP0152,2026-06-22,2026-07-22,129000,Raw Materials,13,INR
INV-2026-01248,CMP0762,CMP0745,2026-08-27,2026-10-11,4077000,Construction Materials,1,INR
INV-2026-01249,CMP0368,CMP0925,2026-06-01,2026-07-16,2743000,Construction Materials,14,INR
INV-2026-01250,CMP0003,CMP0063,2026-06-03,2026-09-01,218000,Raw Materials,19,INR
INV-2026-01251,CMP0762,CMP0732,2026-07-29,2026-09-12,3353000,Electronics,8,INR
INV-2026-01252,CMP0627,CMP0005,2026-08-06,2026-09-05,77000,Machinery,17,INR
INV-2026-01253,CMP0122,CMP0416,2026-06-03,2026-07-03,71000,Food Products,37,INR
INV-2026-01254,CMP0772,CMP0760,2026-09-14,2026-10-29,1297000,Raw Materials,44,INR
INV-2026-01255,CMP0507,CMP0207,2026-09-03,2026-12-02,3791000,Pharmaceuticals,46,INR
INV-2026-01256,CMP0633,CMP0046,2026-06-02,2026-08-01,3230000,Textiles,35,INR
INV-2026-01257,CMP0863,CMP0974,2026-09-29,2026-12-28,723000,Food Products,17,INR
INV-2026-01258,CMP0398,CMP0251,2026-06-07,2026-07-07,382000,Electronics,38,INR
INV-2026-01259,CMP0528,CMP0284,2026-07-02,2026-09-30,1845000,Machinery,7,INR
INV-2026-01260,CMP0741,CMP0856,2026-07-28,2026-08-27,2051000,Machinery,34,INR
INV-2026-01261,CMP0904,CMP0088,2026-06-12,2026-08-11,2657000,Pharmaceuticals,17,INR
INV-2026-01262,CMP0338,CMP0514,2026-09-06,2026-11-05,1209000,Raw Materials,2,INR
INV-2026-01263,CMP0194,CMP0652,2026-09-12,2026-10-12,2178000,Machinery,24,INR
INV-2026-01264,CMP0209,CMP0332,2026-07-06,2026-10-04,2009000,Food Products,2,INR
INV-2026-01265,CMP0458,CMP0330,2026-09-29,2026-11-28,3122000,Textiles,38,INR
INV-2026-01266,CMP0912,CMP0721,2026-09-19,2026-12-18,2289000,Food Products,29,INR
INV-2026-01267,CMP0152,CMP0734,2026-06-13,2026-07-13,489000,Electronics,9,INR
INV-2026-01268,CMP0274,CMP0903,2026-09-12,2026-10-27,181000,Pharmaceuticals,50,INR
INV-2026-01269,CMP0553,CMP0933,2026-08-28,2026-10-12,800000,Raw Materials,42,INR
INV-2026-01270,CMP0228,CMP0526,2026-08-16,2026-10-15,3709000,Machinery,10,INR
INV-2026-01271,CMP0985,CMP0913,2026-06-19,2026-07-19,3253000,Electronics,23,INR
INV-2026-01272,CMP0513,CMP0909,2026-08-03,2026-10-02,623000,Pharmaceuticals,21,INR
INV-2026-01273,CMP0927,CMP0140,2026-06-30,2026-08-29,3880000,Pharmaceuticals,13,INR
INV-2026-01274,CMP0422,CMP0320,2026-09-28,2026-11-12,1358000,Textiles,30,INR
INV-2026-01275,CMP0018,CMP0009,2026-06-12,2026-07-27,2463000,Electronics,7,INR
INV-2026-01276,CMP0791,CMP0574,2026-08-10,2026-10-09,1192000,Machinery,36,INR
INV-2026-01277,CMP0119,CMP0704,2026-09-29,2026-10-29,3479000,Pharmaceuticals,12,INR
INV-2026-01278,CMP0806,CMP0647,2026-07-15,2026-08-14,2731000,Textiles,43,INR
INV-2026-01279,CMP0888,CMP0914,2026-06-15,2026-07-15,3306000,Machinery,30,INR
INV-2026-01280,CMP0617,CMP0178,2026-06-08,2026-08-07,1844000,Food Products,27,INR
INV-2026-01281,CMP0025,CMP0056,2026-06-17,2026-08-01,748000,Electronics,10,INR
INV-2026-01282,CMP0470,CMP0089,2026-06-12,2026-07-27,292000,Raw Materials,9,INR
INV-2026-01283,CMP0582,CMP0753,2026-06-09,2026-08-08,3549000,Machinery,9,INR
INV-2026-01284,CMP0031,CMP0671,2026-08-08,2026-10-07,2216000,Machinery,32,INR
INV-2026-01285,CMP0754,CMP0440,2026-09-05,2026-11-04,3615000,Raw Materials,50,INR
INV-2026-01286,CMP0913,CMP0749,2026-07-10,2026-10-08,2168000,Pharmaceuticals,3,INR
INV-2026-01287,CMP0994,CMP0897,2026-08-23,2026-10-07,2552000,Raw Materials,29,INR
INV-2026-01288,CMP0430,CMP0225,2026-07-20,2026-08-19,2506000,Machinery,40,INR
INV-2026-01289,CMP0091,CMP0341,2026-06-01,2026-07-31,1988000,Food Products,47,INR
INV-2026-01290,CMP0762,CMP0818,2026-09-02,2026-11-01,1729000,Food Products,10,INR
INV-2026-01291,CMP0266,CMP0241,2026-08-11,2026-11-09,2914000,Machinery,32,INR
INV-2026-01292,CMP0420,CMP0548,2026-06-21,2026-08-20,1435000,Construction Materials,7,INR
INV-2026-01293,CMP0768,CMP0696,2026-09-14,2026-12-13,1083000,Pharmaceuticals,12,INR
INV-2026-01294,CMP0404,CMP0464,2026-08-05,2026-11-03,81000,Construction Materials,27,INR
INV-2026-01295,CMP0721,CMP0829,2026-09-28,2026-11-27,3223000,Pharmaceuticals,26,INR
INV-2026-01296,CMP0976,CMP0157,2026-07-06,2026-08-05,1115000,Electronics,29,INR
INV-2026-01297,CMP0906,CMP0419,2026-07-27,2026-09-25,4521000,Construction Materials,40,INR
INV-2026-01298,CMP0301,CMP0485,2026-09-15,2026-10-15,3876000,Pharmaceuticals,11,INR
INV-2026-01299,CMP0593,CMP0062,2026-07-17,2026-08-16,1751000,Machinery,27,INR
INV-2026-01300,CMP0999,CMP0956,2026-09-12,2026-11-11,941000,Electronics,37,INR
INV-2026-01301,CMP0495,CMP0309,2026-06-17,2026-08-01,1242000,Textiles,18,INR
INV-2026-01302,CMP0832,CMP0215,2026-06-07,2026-08-06,2569000,Pharmaceuticals,27,INR
INV-2026-01303,CMP0900,CMP0757,2026-08-10,2026-09-24,3149000,Machinery,10,INR
INV-2026-01304,CMP0089,CMP0345,2026-09-16,2026-11-15,3595000,Electronics,48,INR
INV-2026-01305,CMP0770,CMP0365,2026-07-16,2026-09-14,1390000,Electronics,12,INR
INV-2026-01306,CMP0018,CMP0994,2026-08-24,2026-10-23,3324000,Construction Materials,19,INR
INV-2026-01307,CMP0659,CMP0839,2026-09-07,2026-10-07,770000,Machinery,43,INR
INV-2026-01308,CMP0728,CMP0628,2026-09-08,2026-10-23,4089000,Electronics,36,INR
INV-2026-01309,CMP0083,CMP0544,2026-07-30,2026-09-13,1252000,Machinery,43,INR
INV-2026-01310,CMP0440,CMP0240,2026-06-29,2026-08-28,2562000,Pharmaceuticals,38,INR
INV-2026-01311,CMP0808,CMP0295,2026-09-20,2026-11-04,4149000,Pharmaceuticals,5,INR
INV-2026-01312,CMP0541,CMP0530,2026-08-15,2026-11-13,2321000,Electronics,2,INR
INV-2026-01313,CMP0415,CMP0266,2026-07-15,2026-08-14,199000,Construction Materials,7,INR
INV-2026-01314,CMP0045,CMP0187,2026-06-21,2026-08-20,796000,Textiles,13,INR
INV-2026-01315,CMP0673,CMP0768,2026-06-11,2026-07-26,2335000,Raw Materials,2,INR
INV-2026-01316,CMP0122,CMP0726,2026-06-07,2026-08-06,3338000,Electronics,48,INR
INV-2026-01317,CMP0974,CMP0541,2026-06-01,2026-07-16,3522000,Food Products,10,INR
INV-2026-01318,CMP0103,CMP0731,2026-07-20,2026-08-19,4188000,Machinery,13,INR
INV-2026-01319,CMP0168,CMP0064,2026-06-14,2026-09-12,1701000,Electronics,38,INR
INV-2026-01320,CMP0638,CMP0619,2026-06-11,2026-07-11,455000,Construction Materials,18,INR
INV-2026-01321,CMP0034,CMP0961,2026-06-27,2026-08-26,158000,Food Products,8,INR
INV-2026-01322,CMP0247,CMP0110,2026-09-04,2026-10-04,4116000,Electronics,30,INR
INV-2026-01323,CMP0781,CMP0668,2026-07-24,2026-08-23,4594000,Construction Materials,48,INR
INV-2026-01324,CMP0108,CMP0906,2026-09-22,2026-11-06,3228000,Construction Materials,23,INR
INV-2026-01325,CMP0701,CMP0733,2026-09-01,2026-10-31,467000,Machinery,38,INR
INV-2026-01326,CMP0664,CMP0292,2026-09-14,2026-11-13,3872000,Construction Materials,24,INR
INV-2026-01327,CMP0944,CMP0010,2026-06-10,2026-07-25,1036000,Food Products,22,INR
INV-2026-01328,CMP0229,CMP0346,2026-06-22,2026-07-22,4392000,Machinery,31,INR
INV-2026-01329,CMP0945,CMP0171,2026-08-07,2026-11-05,4622000,Electronics,48,INR
INV-2026-01330,CMP0004,CMP0483,2026-09-08,2026-12-07,1177000,Electronics,49,INR
INV-2026-01331,CMP0058,CMP0733,2026-07-30,2026-08-29,1907000,Food Products,7,INR
INV-2026-01332,CMP0437,CMP0029,2026-08-28,2026-09-27,4576000,Construction Materials,40,INR
INV-2026-01333,CMP0482,CMP1000,2026-06-17,2026-08-01,1316000,Pharmaceuticals,39,INR
INV-2026-01334,CMP0901,CMP0777,2026-08-21,2026-11-19,4867000,Textiles,31,INR
INV-2026-01335,CMP0503,CMP0794,2026-08-08,2026-09-22,1038000,Food Products,22,INR
INV-2026-01336,CMP0858,CMP0233,2026-07-28,2026-10-26,380000,Electronics,7,INR
INV-2026-01337,CMP0922,CMP0925,2026-06-24,2026-08-23,107000,Electronics,1,INR
INV-2026-01338,CMP0690,CMP0741,2026-07-17,2026-09-15,4547000,Food Products,33,INR
INV-2026-01339,CMP0033,CMP0016,2026-08-23,2026-10-22,1440000,Pharmaceuticals,19,INR
INV-2026-01340,CMP0199,CMP0818,2026-06-28,2026-09-26,1155000,Raw Materials,11,INR
INV-2026-01341,CMP0994,CMP0845,2026-07-21,2026-08-20,1045000,Construction Materials,25,INR
INV-2026-01342,CMP0617,CMP0685,2026-08-10,2026-10-09,3182000,Construction Materials,30,INR
INV-2026-01343,CMP0266,CMP0408,2026-06-03,2026-09-01,3917000,Construction Materials,29,INR
INV-2026-01344,CMP0699,CMP0700,2026-06-09,2026-09-07,2970000,Electronics,45,INR
INV-2026-01345,CMP0122,CMP0252,2026-09-17,2026-11-16,4785000,Pharmaceuticals,48,INR
INV-2026-01346,CMP0963,CMP0899,2026-06-12,2026-08-11,1213000,Machinery,48,INR
INV-2026-01347,CMP0119,CMP0859,2026-09-23,2026-11-22,3380000,Construction Materials,10,INR
INV-2026-01348,CMP0398,CMP0075,2026-08-01,2026-08-31,86000,Raw Materials,13,INR
INV-2026-01349,CMP0373,CMP0048,2026-09-07,2026-11-06,4331000,Construction Materials,11,INR
INV-2026-01350,CMP0289,CMP0869,2026-08-29,2026-09-28,1785000,Electronics,35,INR
INV-2026-01351,CMP0887,CMP0228,2026-06-18,2026-08-17,4784000,Electronics,19,INR
INV-2026-01352,CMP0516,CMP0068,2026-06-04,2026-07-04,1855000,Textiles,7,INR
INV-2026-01353,CMP0757,CMP0436,2026-09-12,2026-10-12,4970000,Construction Materials,1,INR
INV-2026-01354,CMP0324,CMP0879,2026-06-06,2026-07-21,1922000,Machinery,24,INR
INV-2026-01355,CMP0934,CMP0073,2026-07-31,2026-09-29,3138000,Construction Materials,46,INR
INV-2026-01356,CMP0564,CMP0398,2026-07-22,2026-09-05,2432000,Raw Materials,43,INR
INV-2026-01357,CMP0889,CMP0959,2026-06-30,2026-08-29,2753000,Electronics,6,INR
INV-2026-01358,CMP0096,CMP0004,2026-06-03,2026-07-03,2719000,Construction Materials,18,INR
INV-2026-01359,CMP0934,CMP0511,2026-07-04,2026-08-18,3495000,Food Products,33,INR
INV-2026-01360,CMP0840,CMP0828,2026-09-09,2026-12-08,4844000,Construction Materials,8,INR
INV-2026-01361,CMP0328,CMP0484,2026-08-10,2026-10-09,2071000,Textiles,48,INR
INV-2026-01362,CMP0784,CMP0937,2026-06-18,2026-07-18,960000,Food Products,32,INR
INV-2026-01363,CMP0338,CMP0827,2026-06-18,2026-08-02,856000,Electronics,24,INR
INV-2026-01364,CMP0784,CMP0577,2026-08-04,2026-09-03,4127000,Textiles,24,INR
INV-2026-01365,CMP0266,CMP0159,2026-09-18,2026-10-18,3133000,Construction Materials,43,INR
INV-2026-01366,CMP0832,CMP0613,2026-06-21,2026-08-05,3833000,Pharmaceuticals,25,INR
INV-2026-01367,CMP0020,CMP0158,2026-09-09,2026-11-08,2471000,Food Products,49,INR
INV-2026-01368,CMP0756,CMP0863,2026-09-07,2026-11-06,3079000,Food Products,50,INR
INV-2026-01369,CMP0474,CMP0480,2026-06-05,2026-08-04,1207000,Machinery,29,INR
INV-2026-01370,CMP0105,CMP0028,2026-06-27,2026-07-27,3823000,Construction Materials,33,INR
INV-2026-01371,CMP0475,CMP0126,2026-07-20,2026-09-18,3012000,Construction Materials,42,INR
INV-2026-01372,CMP0493,CMP0545,2026-08-01,2026-08-31,1933000,Raw Materials,7,INR
INV-2026-01373,CMP0499,CMP0326,2026-06-30,2026-07-30,2564000,Construction Materials,12,INR
INV-2026-01374,CMP0910,CMP0453,2026-09-14,2026-10-14,2478000,Construction Materials,20,INR
INV-2026-01375,CMP0516,CMP0867,2026-08-30,2026-11-28,2706000,Pharmaceuticals,12,INR
INV-2026-01376,CMP0393,CMP0052,2026-08-12,2026-09-26,1377000,Textiles,17,INR
INV-2026-01377,CMP0790,CMP0770,2026-08-27,2026-11-25,3281000,Raw Materials,29,INR
INV-2026-01378,CMP0191,CMP0569,2026-09-15,2026-11-14,4278000,Machinery,29,INR
INV-2026-01379,CMP0427,CMP0439,2026-06-18,2026-07-18,2103000,Food Products,42,INR
INV-2026-01380,CMP0914,CMP0387,2026-06-19,2026-09-17,1744000,Machinery,46,INR
INV-2026-01381,CMP0212,CMP0966,2026-06-27,2026-09-25,2821000,Food Products,27,INR
INV-2026-01382,CMP0709,CMP0142,2026-08-17,2026-10-01,2983000,Raw Materials,34,INR
INV-2026-01383,CMP0442,CMP0740,2026-09-15,2026-12-14,4178000,Electronics,4,INR
INV-2026-01384,CMP0417,CMP0918,2026-09-11,2026-11-10,297000,Electronics,34,INR
INV-2026-01385,CMP0403,CMP0606,2026-06-23,2026-07-23,1964000,Pharmaceuticals,22,INR
INV-2026-01386,CMP0799,CMP0380,2026-07-04,2026-08-03,1977000,Textiles,2,INR
INV-2026-01387,CMP0704,CMP0538,2026-09-07,2026-10-22,4997000,Food Products,13,INR
INV-2026-01388,CMP0592,CMP0429,2026-09-24,2026-11-23,736000,Electronics,29,INR
INV-2026-01389,CMP0440,CMP0975,2026-09-08,2026-10-08,2158000,Textiles,13,INR
INV-2026-01390,CMP0699,CMP0672,2026-07-23,2026-10-21,2685000,Machinery,48,INR
INV-2026-01391,CMP0486,CMP0513,2026-09-21,2026-12-20,4927000,Food Products,46,INR
INV-2026-01392,CMP0348,CMP0353,2026-06-21,2026-09-19,2136000,Construction Materials,5,INR
INV-2026-01393,CMP0601,CMP0722,2026-07-01,2026-08-30,276000,Raw Materials,12,INR
INV-2026-01394,CMP0489,CMP0216,2026-09-04,2026-10-19,3346000,Food Products,47,INR
INV-2026-01395,CMP0212,CMP0185,2026-08-30,2026-10-14,538000,Raw Materials,42,INR
INV-2026-01396,CMP0151,CMP0494,2026-06-14,2026-07-14,896000,Construction Materials,30,INR
INV-2026-01397,CMP0851,CMP0380,2026-07-25,2026-08-24,4064000,Food Products,7,INR
INV-2026-01398,CMP0434,CMP0169,2026-09-08,2026-11-07,518000,Raw Materials,40,INR
INV-2026-01399,CMP0905,CMP0557,2026-06-15,2026-08-14,3097000,Textiles,36,INR
INV-2026-01400,CMP0414,CMP0591,2026-06-30,2026-07-30,4583000,Textiles,12,INR
INV-2026-01401,CMP0963,CMP0107,2026-08-14,2026-09-13,3530000,Raw Materials,38,INR
INV-2026-01402,CMP0878,CMP0826,2026-06-24,2026-07-24,1517000,Raw Materials,48,INR
INV-2026-01403,CMP0424,CMP0985,2026-09-10,2026-10-10,4708000,Machinery,18,INR
INV-2026-01404,CMP0189,CMP0695,2026-07-05,2026-10-03,3306000,Construction Materials,5,INR
INV-2026-01405,CMP0063,CMP0433,2026-06-04,2026-07-04,4525000,Food Products,30,INR
INV-2026-01406,CMP0905,CMP0909,2026-09-26,2026-11-10,208000,Construction Materials,6,INR
INV-2026-01407,CMP0410,CMP0947,2026-07-28,2026-08-27,1639000,Textiles,44,INR
INV-2026-01408,CMP0012,CMP0964,2026-07-08,2026-08-22,319000,Raw Materials,12,INR
INV-2026-01409,CMP0424,CMP0856,2026-06-24,2026-08-23,3808000,Textiles,25,INR
INV-2026-01410,CMP0592,CMP0230,2026-09-19,2026-12-18,976000,Raw Materials,37,INR
INV-2026-01411,CMP0286,CMP0802,2026-07-26,2026-09-09,3683000,Electronics,1,INR
INV-2026-01412,CMP0553,CMP0228,2026-06-05,2026-09-03,4660000,Construction Materials,21,INR
INV-2026-01413,CMP0267,CMP0063,2026-09-21,2026-11-20,1330000,Electronics,47,INR
INV-2026-01414,CMP0628,CMP0838,2026-07-12,2026-08-11,4555000,Pharmaceuticals,39,INR
INV-2026-01415,CMP0225,CMP0756,2026-06-17,2026-09-15,1892000,Pharmaceuticals,11,INR
INV-2026-01416,CMP0777,CMP0506,2026-08-09,2026-09-08,1526000,Raw Materials,37,INR
INV-2026-01417,CMP0121,CMP0842,2026-06-29,2026-08-28,3225000,Pharmaceuticals,4,INR
INV-2026-01418,CMP0306,CMP0999,2026-09-13,2026-12-12,4663000,Machinery,9,INR
INV-2026-01419,CMP0851,CMP0441,2026-07-28,2026-10-26,3488000,Pharmaceuticals,22,INR
INV-2026-01420,CMP0844,CMP0176,2026-09-19,2026-11-03,3766000,Electronics,42,INR
INV-2026-01421,CMP0312,CMP0365,2026-08-15,2026-11-13,1732000,Textiles,40,INR
INV-2026-01422,CMP0767,CMP0642,2026-07-18,2026-08-17,4853000,Food Products,47,INR
INV-2026-01423,CMP0001,CMP0518,2026-07-26,2026-09-24,4523000,Construction Materials,1,INR
INV-2026-01424,CMP0429,CMP0767,2026-07-17,2026-10-15,4106000,Construction Materials,2,INR
INV-2026-01425,CMP0174,CMP0046,2026-06-02,2026-07-02,4519000,Electronics,11,INR
INV-2026-01426,CMP0610,CMP0048,2026-06-24,2026-07-24,1409000,Textiles,50,INR
INV-2026-01427,CMP0846,CMP0968,2026-09-21,2026-11-05,2501000,Electronics,3,INR
INV-2026-01428,CMP0287,CMP0266,2026-08-13,2026-09-12,4491000,Electronics,15,INR
INV-2026-01429,CMP0178,CMP0921,2026-07-15,2026-08-29,1335000,Raw Materials,14,INR
INV-2026-01430,CMP0178,CMP0007,2026-07-02,2026-08-31,1424000,Machinery,3,INR
INV-2026-01431,CMP0158,CMP0830,2026-09-24,2026-11-23,3115000,Textiles,4,INR
INV-2026-01432,CMP0117,CMP0634,2026-07-14,2026-09-12,1903000,Textiles,46,INR
INV-2026-01433,CMP0700,CMP0920,2026-06-29,2026-09-27,323000,Electronics,33,INR
INV-2026-01434,CMP0833,CMP0568,2026-07-07,2026-08-21,4639000,Electronics,13,INR
INV-2026-01435,CMP0774,CMP0795,2026-06-25,2026-08-09,2061000,Textiles,16,INR
INV-2026-01436,CMP0404,CMP0942,2026-08-15,2026-11-13,1387000,Raw Materials,1,INR
INV-2026-01437,CMP0832,CMP0551,2026-07-15,2026-08-29,268000,Machinery,9,INR
INV-2026-01438,CMP0852,CMP0990,2026-09-05,2026-11-04,2257000,Machinery,11,INR
INV-2026-01439,CMP0901,CMP0594,2026-07-27,2026-09-25,521000,Construction Materials,39,INR
INV-2026-01440,CMP0403,CMP0321,2026-08-18,2026-10-02,4974000,Machinery,8,INR
INV-2026-01441,CMP0147,CMP0249,2026-07-22,2026-09-05,4116000,Machinery,31,INR
INV-2026-01442,CMP0471,CMP0317,2026-07-18,2026-09-16,4866000,Raw Materials,5,INR
INV-2026-01443,CMP0929,CMP0016,2026-06-24,2026-08-23,3195000,Pharmaceuticals,6,INR
INV-2026-01444,CMP0580,CMP0209,2026-07-14,2026-08-13,3721000,Electronics,9,INR
INV-2026-01445,CMP0186,CMP0406,2026-06-10,2026-07-25,3706000,Machinery,31,INR
INV-2026-01446,CMP0382,CMP0238,2026-06-17,2026-09-15,3333000,Construction Materials,18,INR
INV-2026-01447,CMP0485,CMP0327,2026-08-25,2026-11-23,1288000,Textiles,25,INR
INV-2026-01448,CMP0106,CMP0919,2026-08-29,2026-09-28,1212000,Electronics,28,INR
INV-2026-01449,CMP0124,CMP0460,2026-06-04,2026-07-04,1922000,Electronics,38,INR
INV-2026-01450,CMP0163,CMP0676,2026-09-24,2026-11-23,4416000,Textiles,9,INR
INV-2026-01451,CMP0277,CMP0063,2026-06-22,2026-07-22,1615000,Machinery,23,INR
INV-2026-01452,CMP0708,CMP0236,2026-07-16,2026-08-15,2768000,Textiles,7,INR
INV-2026-01453,CMP0278,CMP0215,2026-06-13,2026-07-13,1193000,Textiles,16,INR
INV-2026-01454,CMP0683,CMP0862,2026-08-06,2026-11-04,454000,Food Products,38,INR
INV-2026-01455,CMP0473,CMP0654,2026-07-04,2026-10-02,1194000,Electronics,9,INR
INV-2026-01456,CMP0384,CMP0710,2026-09-19,2026-11-03,2108000,Raw Materials,6,INR
INV-2026-01457,CMP0514,CMP0559,2026-08-30,2026-10-29,1985000,Pharmaceuticals,44,INR
INV-2026-01458,CMP0330,CMP0718,2026-09-10,2026-10-10,4471000,Electronics,12,INR
INV-2026-01459,CMP0754,CMP0950,2026-07-09,2026-10-07,110000,Food Products,3,INR
INV-2026-01460,CMP0442,CMP0505,2026-09-15,2026-10-30,3181000,Raw Materials,16,INR
INV-2026-01461,CMP0776,CMP0175,2026-08-15,2026-11-13,4874000,Textiles,7,INR
INV-2026-01462,CMP0367,CMP0894,2026-06-22,2026-08-21,518000,Food Products,46,INR
INV-2026-01463,CMP0556,CMP0682,2026-07-26,2026-09-24,2424000,Machinery,34,INR
INV-2026-01464,CMP0342,CMP0652,2026-09-09,2026-11-08,4174000,Pharmaceuticals,34,INR
INV-2026-01465,CMP0544,CMP0197,2026-06-22,2026-08-21,4485000,Pharmaceuticals,28,INR
INV-2026-01466,CMP0728,CMP0813,2026-06-18,2026-09-16,3964000,Construction Materials,12,INR
INV-2026-01467,CMP0019,CMP0758,2026-07-05,2026-10-03,4210000,Food Products,9,INR
INV-2026-01468,CMP0675,CMP0599,2026-07-17,2026-09-15,1428000,Raw Materials,50,INR
INV-2026-01469,CMP0653,CMP0896,2026-09-03,2026-11-02,2662000,Machinery,38,INR
INV-2026-01470,CMP0402,CMP0173,2026-06-21,2026-08-05,4600000,Raw Materials,23,INR
INV-2026-01471,CMP0009,CMP0774,2026-08-08,2026-09-22,920000,Textiles,47,INR
INV-2026-01472,CMP0815,CMP0680,2026-06-22,2026-08-21,3373000,Food Products,12,INR
INV-2026-01473,CMP0566,CMP0422,2026-08-15,2026-10-14,1595000,Raw Materials,42,INR
INV-2026-01474,CMP0014,CMP0093,2026-09-10,2026-10-25,1438000,Raw Materials,18,INR
INV-2026-01475,CMP0090,CMP0295,2026-08-13,2026-09-27,4717000,Electronics,1,INR
INV-2026-01476,CMP0807,CMP0014,2026-07-21,2026-09-04,3470000,Construction Materials,45,INR
INV-2026-01477,CMP0455,CMP0041,2026-07-23,2026-10-21,1150000,Machinery,17,INR
INV-2026-01478,CMP0941,CMP0851,2026-09-14,2026-10-14,2857000,Electronics,24,INR
INV-2026-01479,CMP0441,CMP0199,2026-06-09,2026-09-07,1566000,Construction Materials,19,INR
INV-2026-01480,CMP0663,CMP0041,2026-08-31,2026-10-15,203000,Electronics,5,INR
INV-2026-01481,CMP0052,CMP0756,2026-08-13,2026-09-27,741000,Raw Materials,24,INR
INV-2026-01482,CMP0782,CMP0206,2026-08-19,2026-10-03,4463000,Raw Materials,11,INR
INV-2026-01483,CMP0306,CMP0857,2026-06-12,2026-07-12,3848000,Electronics,15,INR
INV-2026-01484,CMP0392,CMP0873,2026-08-28,2026-09-27,97000,Food Products,2,INR
INV-2026-01485,CMP0955,CMP0542,2026-07-30,2026-10-28,1226000,Pharmaceuticals,3,INR
INV-2026-01486,CMP0329,CMP0410,2026-07-22,2026-08-21,2351000,Pharmaceuticals,48,INR
INV-2026-01487,CMP0429,CMP0851,2026-07-31,2026-10-29,499000,Construction Materials,9,INR
INV-2026-01488,CMP0401,CMP0289,2026-08-30,2026-10-29,1839000,Machinery,1,INR
INV-2026-01489,CMP0587,CMP0334,2026-07-30,2026-09-13,1919000,Raw Materials,18,INR
INV-2026-01490,CMP0434,CMP0093,2026-09-14,2026-12-13,3692000,Pharmaceuticals,10,INR
INV-2026-01491,CMP0878,CMP0229,2026-06-27,2026-08-11,961000,Construction Materials,27,INR
INV-2026-01492,CMP0118,CMP0013,2026-07-07,2026-08-06,2171000,Food Products,20,INR
INV-2026-01493,CMP0141,CMP0962,2026-08-31,2026-09-30,1688000,Food Products,23,INR
INV-2026-01494,CMP0283,CMP0922,2026-06-15,2026-07-30,2406000,Food Products,12,INR
INV-2026-01495,CMP0476,CMP0482,2026-08-06,2026-10-05,3231000,Food Products,27,INR
INV-2026-01496,CMP0916,CMP0941,2026-07-25,2026-09-08,309000,Construction Materials,17,INR
INV-2026-01497,CMP0619,CMP0300,2026-08-19,2026-09-18,1525000,Construction Materials,18,INR
INV-2026-01498,CMP0902,CMP0439,2026-07-31,2026-09-29,619000,Construction Materials,22,INR
INV-2026-01499,CMP0103,CMP0524,2026-07-27,2026-08-26,4559000,Machinery,32,INR
INV-2026-01500,CMP0635,CMP0631,2026-06-25,2026-08-09,4675000,Textiles,45,INR
INV-2026-01501,CMP0188,CMP0043,2026-07-07,2026-08-21,1431000,Food Products,20,INR
INV-2026-01502,CMP0274,CMP0791,2026-06-10,2026-09-08,2239000,Raw Materials,15,INR
INV-2026-01503,CMP0276,CMP0354,2026-09-08,2026-11-07,3559000,Construction Materials,13,INR
INV-2026-01504,CMP0514,CMP0844,2026-08-13,2026-10-12,3234000,Food Products,37,INR
INV-2026-01505,CMP0780,CMP0012,2026-07-16,2026-09-14,1405000,Construction Materials,35,INR
INV-2026-01506,CMP0379,CMP0764,2026-07-19,2026-09-02,1896000,Food Products,36,INR
INV-2026-01507,CMP0582,CMP0043,2026-08-28,2026-11-26,2350000,Raw Materials,13,INR
INV-2026-01508,CMP0529,CMP0445,2026-06-09,2026-07-09,2230000,Machinery,39,INR
INV-2026-01509,CMP0348,CMP0233,2026-09-20,2026-11-19,4153000,Pharmaceuticals,21,INR
INV-2026-01510,CMP0494,CMP0760,2026-06-23,2026-07-23,2244000,Food Products,47,INR
INV-2026-01511,CMP0286,CMP0241,2026-09-08,2026-10-08,2681000,Construction Materials,3,INR
INV-2026-01512,CMP0596,CMP0800,2026-08-01,2026-08-31,1855000,Textiles,44,INR
INV-2026-01513,CMP0438,CMP0052,2026-08-02,2026-10-31,2546000,Pharmaceuticals,7,INR
INV-2026-01514,CMP0301,CMP0228,2026-08-04,2026-10-03,3782000,Textiles,14,INR
INV-2026-01515,CMP0469,CMP0053,2026-09-02,2026-12-01,3295000,Machinery,35,INR
INV-2026-01516,CMP0771,CMP0463,2026-09-21,2026-12-20,2928000,Textiles,27,INR
INV-2026-01517,CMP0870,CMP0479,2026-08-26,2026-11-24,1126000,Construction Materials,15,INR
INV-2026-01518,CMP0414,CMP0567,2026-07-18,2026-09-16,600000,Pharmaceuticals,6,INR
INV-2026-01519,CMP0532,CMP0382,2026-09-04,2026-10-04,4289000,Machinery,10,INR
INV-2026-01520,CMP0464,CMP0487,2026-08-13,2026-09-12,1417000,Machinery,50,INR
INV-2026-01521,CMP0530,CMP0316,2026-06-06,2026-09-04,2790000,Pharmaceuticals,36,INR
INV-2026-01522,CMP0395,CMP0021,2026-07-01,2026-08-30,2426000,Food Products,49,INR
INV-2026-01523,CMP0904,CMP0439,2026-07-14,2026-08-13,322000,Raw Materials,46,INR
INV-2026-01524,CMP0254,CMP0455,2026-09-26,2026-12-25,2237000,Electronics,33,INR
INV-2026-01525,CMP0252,CMP0217,2026-07-21,2026-10-19,271000,Pharmaceuticals,29,INR
INV-2026-01526,CMP0682,CMP0217,2026-09-13,2026-12-12,232000,Food Products,45,INR
INV-2026-01527,CMP0811,CMP0909,2026-08-10,2026-09-24,1035000,Raw Materials,48,INR
INV-2026-01528,CMP0188,CMP0431,2026-09-22,2026-12-21,3411000,Electronics,42,INR
INV-2026-01529,CMP0288,CMP0795,2026-08-18,2026-09-17,715000,Construction Materials,33,INR
INV-2026-01530,CMP0463,CMP0521,2026-07-26,2026-09-24,4203000,Raw Materials,33,INR
INV-2026-01531,CMP0779,CMP0338,2026-09-12,2026-10-12,4947000,Food Products,31,INR
INV-2026-01532,CMP0770,CMP0211,2026-07-24,2026-09-07,4741000,Textiles,44,INR
INV-2026-01533,CMP0833,CMP0174,2026-08-28,2026-11-26,4269000,Food Products,2,INR
INV-2026-01534,CMP0760,CMP0865,2026-09-11,2026-11-10,2629000,Construction Materials,2,INR
INV-2026-01535,CMP0865,CMP0687,2026-08-13,2026-09-27,2529000,Raw Materials,8,INR
INV-2026-01536,CMP0712,CMP0467,2026-07-04,2026-10-02,530000,Construction Materials,45,INR
INV-2026-01537,CMP0784,CMP0080,2026-09-19,2026-12-18,4515000,Pharmaceuticals,47,INR
INV-2026-01538,CMP0454,CMP0031,2026-07-21,2026-09-04,3385000,Raw Materials,4,INR
INV-2026-01539,CMP0781,CMP0072,2026-09-06,2026-10-21,3344000,Electronics,44,INR
INV-2026-01540,CMP0918,CMP0901,2026-07-31,2026-09-14,171000,Construction Materials,38,INR
INV-2026-01541,CMP0596,CMP0182,2026-09-16,2026-10-16,4219000,Pharmaceuticals,37,INR
INV-2026-01542,CMP0836,CMP0550,2026-08-02,2026-09-01,1358000,Electronics,10,INR
INV-2026-01543,CMP0429,CMP0720,2026-09-22,2026-11-06,2694000,Construction Materials,15,INR
INV-2026-01544,CMP0475,CMP0093,2026-09-03,2026-10-03,3798000,Electronics,28,INR
INV-2026-01545,CMP0843,CMP0851,2026-08-18,2026-10-17,2572000,Raw Materials,26,INR
INV-2026-01546,CMP0602,CMP0299,2026-06-04,2026-07-19,1342000,Pharmaceuticals,45,INR
INV-2026-01547,CMP0606,CMP0549,2026-09-22,2026-10-22,1970000,Pharmaceuticals,50,INR
INV-2026-01548,CMP0244,CMP0981,2026-07-09,2026-08-08,2727000,Machinery,19,INR
INV-2026-01549,CMP0368,CMP0794,2026-08-18,2026-11-16,4683000,Food Products,2,INR
INV-2026-01550,CMP0390,CMP0614,2026-06-09,2026-08-08,1521000,Construction Materials,35,INR
INV-2026-01551,CMP0450,CMP0195,2026-07-18,2026-09-16,66000,Electronics,34,INR
INV-2026-01552,CMP0167,CMP0982,2026-06-30,2026-08-29,2274000,Pharmaceuticals,16,INR
INV-2026-01553,CMP0832,CMP0056,2026-09-09,2026-10-09,1251000,Food Products,47,INR
INV-2026-01554,CMP0552,CMP0115,2026-07-31,2026-08-30,3443000,Food Products,41,INR
INV-2026-01555,CMP0386,CMP0977,2026-08-24,2026-10-08,2270000,Pharmaceuticals,8,INR
INV-2026-01556,CMP0352,CMP0905,2026-08-14,2026-09-13,4372000,Machinery,25,INR
INV-2026-01557,CMP0667,CMP0872,2026-09-21,2026-11-05,2119000,Construction Materials,42,INR
INV-2026-01558,CMP0524,CMP0096,2026-06-01,2026-07-16,2741000,Food Products,50,INR
INV-2026-01559,CMP0048,CMP0118,2026-06-07,2026-07-22,3949000,Food Products,41,INR
INV-2026-01560,CMP0306,CMP0044,2026-09-21,2026-10-21,3705000,Raw Materials,2,INR
INV-2026-01561,CMP0526,CMP0645,2026-06-05,2026-07-05,4468000,Food Products,11,INR
INV-2026-01562,CMP0412,CMP0154,2026-06-22,2026-09-20,4381000,Electronics,12,INR
INV-2026-01563,CMP0667,CMP0892,2026-09-15,2026-11-14,2474000,Construction Materials,34,INR
INV-2026-01564,CMP0335,CMP0771,2026-08-24,2026-09-23,297000,Food Products,10,INR
INV-2026-01565,CMP0529,CMP0520,2026-07-14,2026-08-28,4796000,Pharmaceuticals,42,INR
INV-2026-01566,CMP0479,CMP0647,2026-06-12,2026-07-12,2307000,Food Products,35,INR
INV-2026-01567,CMP0003,CMP0434,2026-08-27,2026-09-26,4902000,Pharmaceuticals,39,INR
INV-2026-01568,CMP0906,CMP0916,2026-09-18,2026-10-18,3202000,Raw Materials,31,INR
INV-2026-01569,CMP0416,CMP0402,2026-06-02,2026-07-02,1134000,Electronics,9,INR
INV-2026-01570,CMP0861,CMP0018,2026-08-19,2026-09-18,2016000,Food Products,4,INR
INV-2026-01571,CMP0651,CMP0776,2026-09-27,2026-12-26,1485000,Raw Materials,44,INR
INV-2026-01572,CMP0923,CMP0904,2026-07-06,2026-09-04,2217000,Raw Materials,21,INR
INV-2026-01573,CMP0823,CMP0610,2026-08-20,2026-10-04,3175000,Pharmaceuticals,17,INR
INV-2026-01574,CMP0343,CMP0535,2026-09-24,2026-10-24,4019000,Machinery,12,INR
INV-2026-01575,CMP0012,CMP0754,2026-09-12,2026-10-27,2468000,Textiles,11,INR
INV-2026-01576,CMP0674,CMP0898,2026-06-28,2026-09-26,3113000,Electronics,2,INR
INV-2026-01577,CMP0600,CMP0093,2026-06-29,2026-09-27,1329000,Textiles,16,INR
INV-2026-01578,CMP0010,CMP0188,2026-09-25,2026-11-24,4566000,Electronics,29,INR
INV-2026-01579,CMP0415,CMP0843,2026-07-02,2026-09-30,531000,Pharmaceuticals,49,INR
INV-2026-01580,CMP0460,CMP0001,2026-09-26,2026-11-25,1130000,Raw Materials,25,INR
INV-2026-01581,CMP0326,CMP0137,2026-06-06,2026-08-05,2575000,Textiles,15,INR
INV-2026-01582,CMP0716,CMP0783,2026-07-03,2026-08-02,3530000,Pharmaceuticals,35,INR
INV-2026-01583,CMP0835,CMP0451,2026-09-08,2026-11-07,3058000,Pharmaceuticals,2,INR
INV-2026-01584,CMP0995,CMP0249,2026-09-14,2026-11-13,3327000,Construction Materials,33,INR
INV-2026-01585,CMP0560,CMP0151,2026-07-16,2026-10-14,1023000,Food Products,16,INR
INV-2026-01586,CMP0531,CMP0379,2026-09-29,2026-12-28,2314000,Food Products,10,INR
INV-2026-01587,CMP0203,CMP0984,2026-06-30,2026-09-28,1091000,Machinery,25,INR
INV-2026-01588,CMP0413,CMP0827,2026-08-17,2026-11-15,3847000,Textiles,38,INR
INV-2026-01589,CMP0076,CMP0133,2026-08-14,2026-10-13,3104000,Electronics,32,INR
INV-2026-01590,CMP0992,CMP0934,2026-06-18,2026-07-18,1476000,Textiles,12,INR
INV-2026-01591,CMP0620,CMP0538,2026-06-24,2026-08-08,3219000,Food Products,37,INR
INV-2026-01592,CMP0635,CMP0132,2026-07-20,2026-10-18,140000,Food Products,5,INR
INV-2026-01593,CMP0990,CMP0465,2026-08-14,2026-11-12,4712000,Raw Materials,13,INR
INV-2026-01594,CMP0914,CMP0354,2026-08-18,2026-10-02,3138000,Electronics,48,INR
INV-2026-01595,CMP0618,CMP0811,2026-07-02,2026-08-16,4540000,Textiles,49,INR
INV-2026-01596,CMP0567,CMP0753,2026-09-19,2026-12-18,3961000,Electronics,33,INR
INV-2026-01597,CMP0476,CMP0728,2026-07-28,2026-09-11,4108000,Textiles,50,INR
INV-2026-01598,CMP0445,CMP0013,2026-06-16,2026-07-31,2516000,Textiles,34,INR
INV-2026-01599,CMP0177,CMP0051,2026-09-19,2026-11-18,4336000,Electronics,16,INR
INV-2026-01600,CMP0098,CMP0336,2026-08-17,2026-10-01,1689000,Construction Materials,39,INR
INV-2026-01601,CMP0087,CMP0159,2026-07-22,2026-08-21,1082000,Machinery,1,INR
INV-2026-01602,CMP0919,CMP0069,2026-07-09,2026-08-08,2422000,Pharmaceuticals,43,INR
INV-2026-01603,CMP0716,CMP0478,2026-06-19,2026-07-19,3317000,Construction Materials,20,INR
INV-2026-01604,CMP0759,CMP0668,2026-09-18,2026-10-18,1908000,Construction Materials,19,INR
INV-2026-01605,CMP0749,CMP0959,2026-06-10,2026-07-25,4670000,Textiles,8,INR
INV-2026-01606,CMP0018,CMP0210,2026-09-12,2026-12-11,4281000,Textiles,10,INR
INV-2026-01607,CMP0923,CMP0651,2026-07-31,2026-09-14,4502000,Machinery,38,INR
INV-2026-01608,CMP0628,CMP0554,2026-08-22,2026-10-21,3611000,Construction Materials,43,INR
INV-2026-01609,CMP0393,CMP0305,2026-09-04,2026-10-19,1358000,Textiles,1,INR
INV-2026-01610,CMP0338,CMP0636,2026-06-08,2026-07-23,1289000,Raw Materials,22,INR
INV-2026-01611,CMP0852,CMP0238,2026-08-12,2026-11-10,303000,Food Products,28,INR
INV-2026-01612,CMP0624,CMP0966,2026-08-19,2026-10-18,888000,Electronics,40,INR
INV-2026-01613,CMP0411,CMP0129,2026-09-29,2026-10-29,4706000,Pharmaceuticals,24,INR
INV-2026-01614,CMP0412,CMP0547,2026-09-21,2026-10-21,1128000,Machinery,31,INR
INV-2026-01615,CMP0675,CMP0374,2026-08-20,2026-09-19,2065000,Food Products,40,INR
INV-2026-01616,CMP0419,CMP0103,2026-07-26,2026-09-24,4360000,Food Products,10,INR
INV-2026-01617,CMP0776,CMP0783,2026-09-17,2026-10-17,2428000,Textiles,16,INR
INV-2026-01618,CMP0815,CMP0962,2026-08-02,2026-10-01,2567000,Machinery,46,INR
INV-2026-01619,CMP0168,CMP0326,2026-06-10,2026-07-25,1897000,Food Products,43,INR
INV-2026-01620,CMP0634,CMP0324,2026-06-13,2026-07-13,3365000,Machinery,32,INR
INV-2026-01621,CMP0502,CMP0508,2026-08-22,2026-10-06,1659000,Machinery,32,INR
INV-2026-01622,CMP0994,CMP0359,2026-06-29,2026-09-27,558000,Machinery,49,INR
INV-2026-01623,CMP0590,CMP0781,2026-06-06,2026-07-21,1519000,Pharmaceuticals,22,INR
INV-2026-01624,CMP0854,CMP0637,2026-08-16,2026-09-15,4832000,Electronics,13,INR
INV-2026-01625,CMP0529,CMP0496,2026-06-27,2026-09-25,1634000,Machinery,13,INR
INV-2026-01626,CMP0306,CMP0750,2026-09-12,2026-11-11,1556000,Construction Materials,20,INR
INV-2026-01627,CMP0282,CMP0867,2026-07-07,2026-08-06,3724000,Construction Materials,18,INR
INV-2026-01628,CMP0506,CMP0442,2026-07-27,2026-10-25,260000,Construction Materials,9,INR
INV-2026-01629,CMP0794,CMP0231,2026-06-09,2026-07-09,2632000,Pharmaceuticals,31,INR
INV-2026-01630,CMP0424,CMP0330,2026-09-08,2026-10-08,674000,Construction Materials,31,INR
INV-2026-01631,CMP0645,CMP0035,2026-09-18,2026-11-17,4615000,Machinery,31,INR
INV-2026-01632,CMP0712,CMP0245,2026-09-19,2026-11-18,1413000,Machinery,18,INR
INV-2026-01633,CMP0361,CMP0393,2026-07-03,2026-08-02,1627000,Electronics,5,INR
INV-2026-01634,CMP0572,CMP0814,2026-08-05,2026-09-04,2950000,Textiles,23,INR
INV-2026-01635,CMP0558,CMP0760,2026-09-02,2026-10-02,697000,Textiles,29,INR
INV-2026-01636,CMP0267,CMP0278,2026-08-25,2026-10-24,3264000,Raw Materials,39,INR
INV-2026-01637,CMP0683,CMP0120,2026-06-07,2026-09-05,3313000,Construction Materials,31,INR
INV-2026-01638,CMP0003,CMP0052,2026-06-02,2026-07-17,2385000,Construction Materials,1,INR
INV-2026-01639,CMP0735,CMP0319,2026-09-23,2026-11-22,2662000,Machinery,35,INR
INV-2026-01640,CMP0283,CMP0019,2026-08-17,2026-10-01,2086000,Raw Materials,6,INR
INV-2026-01641,CMP0824,CMP0553,2026-08-27,2026-10-11,247000,Electronics,25,INR
INV-2026-01642,CMP0404,CMP0788,2026-09-07,2026-10-07,1363000,Raw Materials,33,INR
INV-2026-01643,CMP0381,CMP0938,2026-08-10,2026-11-08,4506000,Pharmaceuticals,18,INR
INV-2026-01644,CMP0644,CMP0996,2026-08-24,2026-11-22,222000,Electronics,35,INR
INV-2026-01645,CMP0013,CMP0156,2026-07-12,2026-08-26,3259000,Electronics,45,INR
INV-2026-01646,CMP0347,CMP0093,2026-07-07,2026-10-05,3180000,Pharmaceuticals,39,INR
INV-2026-01647,CMP0212,CMP0888,2026-09-01,2026-10-16,1718000,Textiles,47,INR
INV-2026-01648,CMP0428,CMP0136,2026-06-08,2026-07-23,1689000,Electronics,30,INR
INV-2026-01649,CMP0308,CMP0270,2026-08-04,2026-09-03,219000,Construction Materials,50,INR
INV-2026-01650,CMP0861,CMP0443,2026-06-06,2026-09-04,4042000,Machinery,39,INR
INV-2026-01651,CMP0173,CMP0043,2026-08-16,2026-09-15,1012000,Electronics,47,INR
INV-2026-01652,CMP0843,CMP0710,2026-09-19,2026-11-03,2361000,Machinery,6,INR
INV-2026-01653,CMP0205,CMP0698,2026-09-12,2026-12-11,1239000,Food Products,7,INR
INV-2026-01654,CMP0099,CMP0344,2026-07-06,2026-09-04,4450000,Electronics,4,INR
INV-2026-01655,CMP0352,CMP0167,2026-07-01,2026-08-15,3321000,Pharmaceuticals,8,INR
INV-2026-01656,CMP0115,CMP0609,2026-06-05,2026-08-04,3353000,Food Products,44,INR
INV-2026-01657,CMP0689,CMP0163,2026-06-03,2026-08-02,1252000,Raw Materials,39,INR
INV-2026-01658,CMP0927,CMP0482,2026-07-31,2026-10-29,107000,Textiles,24,INR
INV-2026-01659,CMP0729,CMP0286,2026-08-01,2026-08-31,2477000,Construction Materials,35,INR
INV-2026-01660,CMP0696,CMP0914,2026-09-26,2026-11-10,1177000,Machinery,29,INR
INV-2026-01661,CMP0769,CMP0066,2026-07-20,2026-08-19,2419000,Construction Materials,40,INR
INV-2026-01662,CMP0587,CMP0348,2026-08-13,2026-10-12,2047000,Food Products,32,INR
INV-2026-01663,CMP0824,CMP0397,2026-06-17,2026-09-15,3393000,Raw Materials,16,INR
INV-2026-01664,CMP0335,CMP0720,2026-07-19,2026-08-18,4770000,Textiles,15,INR
INV-2026-01665,CMP1000,CMP0014,2026-09-04,2026-12-03,1179000,Machinery,48,INR
INV-2026-01666,CMP0548,CMP0309,2026-06-17,2026-08-16,184000,Food Products,36,INR
INV-2026-01667,CMP0929,CMP0460,2026-06-28,2026-09-26,98000,Electronics,26,INR
INV-2026-01668,CMP0050,CMP0339,2026-07-21,2026-09-04,474000,Machinery,26,INR
INV-2026-01669,CMP0406,CMP0245,2026-09-15,2026-10-15,3605000,Textiles,3,INR
INV-2026-01670,CMP0133,CMP0749,2026-09-22,2026-10-22,4399000,Pharmaceuticals,41,INR
INV-2026-01671,CMP0440,CMP0273,2026-08-19,2026-09-18,115000,Machinery,14,INR
INV-2026-01672,CMP0601,CMP0045,2026-06-16,2026-07-31,4902000,Machinery,48,INR
INV-2026-01673,CMP0243,CMP0655,2026-06-19,2026-08-18,286000,Raw Materials,2,INR
INV-2026-01674,CMP0623,CMP0269,2026-06-21,2026-08-05,2826000,Construction Materials,30,INR
INV-2026-01675,CMP0776,CMP0380,2026-07-30,2026-09-28,4706000,Raw Materials,8,INR
INV-2026-01676,CMP0589,CMP0665,2026-07-21,2026-08-20,1579000,Machinery,40,INR
INV-2026-01677,CMP0734,CMP0547,2026-06-06,2026-07-21,3575000,Construction Materials,30,INR
INV-2026-01678,CMP0358,CMP0940,2026-09-28,2026-11-27,4088000,Pharmaceuticals,21,INR
INV-2026-01679,CMP0264,CMP0831,2026-08-20,2026-10-04,2289000,Machinery,21,INR
INV-2026-01680,CMP0293,CMP0766,2026-08-17,2026-10-16,4611000,Pharmaceuticals,19,INR
INV-2026-01681,CMP0948,CMP0338,2026-08-05,2026-09-04,1894000,Machinery,36,INR
INV-2026-01682,CMP0017,CMP0646,2026-06-16,2026-09-14,4646000,Textiles,41,INR
INV-2026-01683,CMP0359,CMP0543,2026-07-07,2026-09-05,1781000,Construction Materials,22,INR
INV-2026-01684,CMP0408,CMP0416,2026-09-19,2026-11-03,1335000,Electronics,44,INR
INV-2026-01685,CMP0380,CMP0153,2026-08-03,2026-11-01,1060000,Machinery,21,INR
INV-2026-01686,CMP0717,CMP0418,2026-06-02,2026-07-17,3162000,Construction Materials,27,INR
INV-2026-01687,CMP0106,CMP0831,2026-09-16,2026-10-31,3490000,Textiles,35,INR
INV-2026-01688,CMP0434,CMP0032,2026-06-02,2026-08-01,3717000,Food Products,41,INR
INV-2026-01689,CMP0158,CMP0776,2026-09-24,2026-12-23,3503000,Machinery,9,INR
INV-2026-01690,CMP0202,CMP0362,2026-07-17,2026-09-15,565000,Machinery,5,INR
INV-2026-01691,CMP0384,CMP0978,2026-08-27,2026-09-26,1680000,Machinery,29,INR
INV-2026-01692,CMP0236,CMP0696,2026-07-25,2026-10-23,788000,Construction Materials,7,INR
INV-2026-01693,CMP0324,CMP0434,2026-07-15,2026-10-13,492000,Electronics,4,INR
INV-2026-01694,CMP0383,CMP0133,2026-07-03,2026-09-01,1518000,Machinery,14,INR
INV-2026-01695,CMP0252,CMP0605,2026-07-10,2026-10-08,2723000,Electronics,17,INR
INV-2026-01696,CMP0058,CMP0727,2026-07-04,2026-09-02,3125000,Raw Materials,7,INR
INV-2026-01697,CMP0697,CMP0832,2026-08-28,2026-11-26,2670000,Electronics,4,INR
INV-2026-01698,CMP0327,CMP0741,2026-06-16,2026-07-16,3820000,Construction Materials,42,INR
INV-2026-01699,CMP0955,CMP0538,2026-08-08,2026-11-06,4765000,Food Products,48,INR
INV-2026-01700,CMP0960,CMP0308,2026-08-14,2026-09-28,3364000,Food Products,22,INR
INV-2026-01701,CMP0398,CMP0907,2026-08-10,2026-09-24,1058000,Raw Materials,21,INR
INV-2026-01702,CMP0731,CMP0622,2026-07-04,2026-10-02,4104000,Food Products,36,INR
INV-2026-01703,CMP0978,CMP0008,2026-08-27,2026-11-25,3115000,Machinery,50,INR
INV-2026-01704,CMP0191,CMP0994,2026-09-04,2026-12-03,2039000,Construction Materials,31,INR
INV-2026-01705,CMP0821,CMP0749,2026-08-09,2026-10-08,776000,Raw Materials,1,INR
INV-2026-01706,CMP0826,CMP0658,2026-08-12,2026-09-26,871000,Raw Materials,2,INR
INV-2026-01707,CMP0618,CMP0369,2026-08-02,2026-09-16,3592000,Raw Materials,13,INR
INV-2026-01708,CMP0871,CMP0837,2026-08-28,2026-11-26,1226000,Raw Materials,44,INR
INV-2026-01709,CMP0137,CMP0216,2026-09-19,2026-12-18,4682000,Textiles,17,INR
INV-2026-01710,CMP0041,CMP0191,2026-09-26,2026-11-10,4643000,Textiles,16,INR
INV-2026-01711,CMP0782,CMP0168,2026-09-28,2026-12-27,3284000,Food Products,40,INR
INV-2026-01712,CMP0881,CMP0608,2026-07-04,2026-08-18,1580000,Food Products,31,INR
INV-2026-01713,CMP0941,CMP0243,2026-06-29,2026-08-28,1356000,Pharmaceuticals,10,INR
INV-2026-01714,CMP0048,CMP0140,2026-08-27,2026-10-11,2002000,Machinery,37,INR
INV-2026-01715,CMP0097,CMP0258,2026-06-09,2026-09-07,51000,Electronics,13,INR
INV-2026-01716,CMP0234,CMP0780,2026-08-06,2026-10-05,1485000,Textiles,9,INR
INV-2026-01717,CMP0218,CMP0985,2026-08-03,2026-09-02,2482000,Electronics,38,INR
INV-2026-01718,CMP0538,CMP0153,2026-09-11,2026-12-10,124000,Textiles,21,INR
INV-2026-01719,CMP0883,CMP0087,2026-09-16,2026-11-15,2739000,Pharmaceuticals,22,INR
INV-2026-01720,CMP0130,CMP0919,2026-06-08,2026-09-06,3236000,Textiles,28,INR
INV-2026-01721,CMP0583,CMP0707,2026-06-26,2026-08-10,618000,Machinery,2,INR
INV-2026-01722,CMP0004,CMP0734,2026-09-09,2026-11-08,3272000,Raw Materials,14,INR
INV-2026-01723,CMP0690,CMP0159,2026-09-08,2026-12-07,1559000,Pharmaceuticals,47,INR
INV-2026-01724,CMP0798,CMP0155,2026-08-03,2026-11-01,1100000,Food Products,30,INR
INV-2026-01725,CMP0224,CMP0209,2026-07-24,2026-08-23,667000,Food Products,26,INR
INV-2026-01726,CMP0951,CMP0306,2026-06-04,2026-09-02,3966000,Machinery,14,INR
INV-2026-01727,CMP0572,CMP0371,2026-07-01,2026-09-29,478000,Construction Materials,3,INR
INV-2026-01728,CMP0344,CMP0630,2026-06-22,2026-08-21,2615000,Raw Materials,41,INR
INV-2026-01729,CMP0295,CMP0087,2026-08-21,2026-11-19,357000,Construction Materials,46,INR
INV-2026-01730,CMP0305,CMP0746,2026-06-17,2026-09-15,489000,Textiles,2,INR
INV-2026-01731,CMP0692,CMP0664,2026-07-31,2026-09-29,3608000,Electronics,11,INR
INV-2026-01732,CMP0439,CMP0465,2026-06-18,2026-08-17,3492000,Electronics,1,INR
INV-2026-01733,CMP0863,CMP0949,2026-09-15,2026-10-30,3570000,Machinery,3,INR
INV-2026-01734,CMP0251,CMP0724,2026-06-25,2026-08-24,3366000,Pharmaceuticals,26,INR
INV-2026-01735,CMP0905,CMP0979,2026-07-23,2026-08-22,2199000,Textiles,37,INR
INV-2026-01736,CMP0459,CMP0274,2026-08-16,2026-11-14,2630000,Pharmaceuticals,38,INR
INV-2026-01737,CMP0214,CMP0107,2026-09-27,2026-11-11,4332000,Electronics,45,INR
INV-2026-01738,CMP0789,CMP0585,2026-09-04,2026-11-03,4018000,Construction Materials,39,INR
INV-2026-01739,CMP0809,CMP0080,2026-08-16,2026-11-14,2160000,Machinery,38,INR
INV-2026-01740,CMP0758,CMP0636,2026-09-13,2026-11-12,2630000,Machinery,19,INR
INV-2026-01741,CMP0612,CMP0720,2026-06-19,2026-09-17,1750000,Construction Materials,28,INR
INV-2026-01742,CMP0304,CMP0222,2026-06-17,2026-08-01,1094000,Electronics,17,INR
INV-2026-01743,CMP0915,CMP0391,2026-06-17,2026-07-17,880000,Raw Materials,46,INR
INV-2026-01744,CMP0562,CMP0600,2026-09-12,2026-10-12,4421000,Pharmaceuticals,7,INR
INV-2026-01745,CMP0338,CMP0631,2026-08-11,2026-10-10,2411000,Raw Materials,17,INR
INV-2026-01746,CMP0017,CMP0005,2026-06-24,2026-09-22,649000,Food Products,48,INR
INV-2026-01747,CMP0716,CMP0942,2026-06-18,2026-08-02,1388000,Construction Materials,38,INR
INV-2026-01748,CMP0996,CMP0544,2026-09-29,2026-12-28,2541000,Textiles,12,INR
INV-2026-01749,CMP0847,CMP0911,2026-07-14,2026-10-12,1373000,Pharmaceuticals,30,INR
INV-2026-01750,CMP0765,CMP0517,2026-06-09,2026-07-24,4077000,Raw Materials,14,INR
INV-2026-01751,CMP0462,CMP0539,2026-08-23,2026-11-21,4523000,Machinery,22,INR
INV-2026-01752,CMP0674,CMP0560,2026-06-09,2026-09-07,2426000,Electronics,4,INR
INV-2026-01753,CMP0394,CMP0715,2026-09-02,2026-10-17,681000,Pharmaceuticals,47,INR
INV-2026-01754,CMP0262,CMP0590,2026-07-22,2026-09-20,3081000,Food Products,48,INR
INV-2026-01755,CMP0589,CMP0614,2026-09-20,2026-11-19,4444000,Food Products,2,INR
INV-2026-01756,CMP0772,CMP0696,2026-08-05,2026-11-03,2708000,Pharmaceuticals,29,INR
INV-2026-01757,CMP0639,CMP0276,2026-09-08,2026-12-07,4697000,Raw Materials,44,INR
INV-2026-01758,CMP0555,CMP0248,2026-09-18,2026-12-17,80000,Raw Materials,13,INR
INV-2026-01759,CMP0405,CMP0824,2026-06-07,2026-07-07,1027000,Electronics,10,INR
INV-2026-01760,CMP0428,CMP0086,2026-07-22,2026-09-05,3197000,Machinery,7,INR
INV-2026-01761,CMP0429,CMP0331,2026-09-24,2026-11-23,2969000,Pharmaceuticals,29,INR
INV-2026-01762,CMP0701,CMP0519,2026-07-06,2026-09-04,3378000,Food Products,43,INR
INV-2026-01763,CMP0950,CMP0536,2026-07-12,2026-09-10,3315000,Construction Materials,49,INR
INV-2026-01764,CMP0368,CMP0910,2026-07-16,2026-08-15,4093000,Raw Materials,17,INR
INV-2026-01765,CMP0482,CMP0442,2026-06-01,2026-07-01,2299000,Machinery,25,INR
INV-2026-01766,CMP0537,CMP0458,2026-08-06,2026-11-04,2815000,Construction Materials,34,INR
INV-2026-01767,CMP0877,CMP0136,2026-08-27,2026-09-26,2435000,Textiles,5,INR
INV-2026-01768,CMP0425,CMP0392,2026-07-03,2026-09-01,2940000,Machinery,10,INR
INV-2026-01769,CMP0180,CMP0914,2026-09-19,2026-11-18,2152000,Textiles,5,INR
INV-2026-01770,CMP0789,CMP0525,2026-08-18,2026-11-16,4872000,Textiles,1,INR
INV-2026-01771,CMP0148,CMP0821,2026-06-26,2026-09-24,1702000,Electronics,28,INR
INV-2026-01772,CMP0018,CMP0525,2026-09-16,2026-11-15,1961000,Construction Materials,31,INR
INV-2026-01773,CMP0889,CMP0043,2026-07-28,2026-08-27,570000,Raw Materials,27,INR
INV-2026-01774,CMP0199,CMP0047,2026-09-12,2026-11-11,2493000,Raw Materials,14,INR
INV-2026-01775,CMP0525,CMP0659,2026-06-08,2026-07-23,3418000,Machinery,45,INR
INV-2026-01776,CMP0341,CMP0749,2026-08-09,2026-09-23,447000,Machinery,39,INR
INV-2026-01777,CMP0796,CMP0894,2026-09-04,2026-10-04,2327000,Raw Materials,18,INR
INV-2026-01778,CMP0685,CMP0593,2026-08-14,2026-11-12,149000,Pharmaceuticals,5,INR
INV-2026-01779,CMP0844,CMP0622,2026-08-16,2026-11-14,3946000,Construction Materials,37,INR
INV-2026-01780,CMP0899,CMP0499,2026-09-16,2026-11-15,1155000,Textiles,10,INR
INV-2026-01781,CMP0569,CMP0276,2026-06-27,2026-08-26,947000,Food Products,40,INR
INV-2026-01782,CMP0277,CMP0540,2026-07-09,2026-09-07,157000,Machinery,30,INR
INV-2026-01783,CMP0210,CMP0363,2026-09-05,2026-12-04,3143000,Textiles,33,INR
INV-2026-01784,CMP0998,CMP0015,2026-07-12,2026-10-10,4744000,Pharmaceuticals,41,INR
INV-2026-01785,CMP0977,CMP0229,2026-07-03,2026-08-02,4744000,Textiles,38,INR
INV-2026-01786,CMP0849,CMP0644,2026-06-06,2026-07-21,4543000,Pharmaceuticals,28,INR
INV-2026-01787,CMP0002,CMP0173,2026-07-05,2026-08-19,2105000,Pharmaceuticals,3,INR
INV-2026-01788,CMP0821,CMP0239,2026-07-16,2026-08-30,787000,Textiles,34,INR
INV-2026-01789,CMP0288,CMP0626,2026-07-30,2026-09-13,193000,Construction Materials,20,INR
INV-2026-01790,CMP0158,CMP0042,2026-06-13,2026-09-11,1912000,Pharmaceuticals,30,INR
INV-2026-01791,CMP0483,CMP0293,2026-07-26,2026-10-24,4412000,Textiles,40,INR
INV-2026-01792,CMP0375,CMP0979,2026-08-24,2026-10-23,981000,Machinery,33,INR
INV-2026-01793,CMP0921,CMP0436,2026-09-25,2026-11-09,2239000,Raw Materials,1,INR
INV-2026-01794,CMP0513,CMP0535,2026-09-16,2026-11-15,1107000,Construction Materials,42,INR
INV-2026-01795,CMP0533,CMP0895,2026-08-29,2026-10-28,3297000,Machinery,37,INR
INV-2026-01796,CMP0431,CMP0163,2026-08-22,2026-10-06,2054000,Raw Materials,28,INR
INV-2026-01797,CMP0032,CMP0755,2026-09-01,2026-11-30,3003000,Pharmaceuticals,40,INR
INV-2026-01798,CMP0775,CMP0287,2026-07-29,2026-10-27,1407000,Construction Materials,31,INR
INV-2026-01799,CMP0300,CMP0951,2026-06-27,2026-07-27,4279000,Construction Materials,29,INR
INV-2026-01800,CMP0198,CMP0717,2026-07-20,2026-10-18,70000,Raw Materials,38,INR
INV-2026-01801,CMP0219,CMP0673,2026-07-18,2026-08-17,758000,Construction Materials,34,INR
INV-2026-01802,CMP0946,CMP0915,2026-07-30,2026-09-13,789000,Textiles,50,INR
INV-2026-01803,CMP0151,CMP0908,2026-09-14,2026-11-13,3175000,Construction Materials,22,INR
INV-2026-01804,CMP0577,CMP0320,2026-08-19,2026-09-18,3444000,Food Products,10,INR
INV-2026-01805,CMP0242,CMP0137,2026-09-01,2026-10-16,3819000,Raw Materials,42,INR
INV-2026-01806,CMP0486,CMP0122,2026-08-19,2026-09-18,3738000,Raw Materials,11,INR
INV-2026-01807,CMP0234,CMP0483,2026-06-08,2026-07-08,4745000,Pharmaceuticals,49,INR
INV-2026-01808,CMP0439,CMP0324,2026-09-20,2026-12-19,2284000,Machinery,43,INR
INV-2026-01809,CMP0910,CMP0566,2026-09-12,2026-12-11,2348000,Food Products,38,INR
INV-2026-01810,CMP0331,CMP0721,2026-06-10,2026-09-08,2175000,Food Products,32,INR
INV-2026-01811,CMP0322,CMP0208,2026-08-07,2026-09-06,4910000,Construction Materials,35,INR
INV-2026-01812,CMP0554,CMP0640,2026-09-16,2026-12-15,375000,Pharmaceuticals,14,INR
INV-2026-01813,CMP0474,CMP0527,2026-07-16,2026-08-15,593000,Textiles,32,INR
INV-2026-01814,CMP0617,CMP0060,2026-08-14,2026-10-13,4619000,Textiles,33,INR
INV-2026-01815,CMP0624,CMP0781,2026-06-22,2026-09-20,3249000,Construction Materials,36,INR
INV-2026-01816,CMP0216,CMP0518,2026-08-10,2026-11-08,2209000,Food Products,14,INR
INV-2026-01817,CMP0538,CMP0024,2026-06-03,2026-09-01,1324000,Food Products,6,INR
INV-2026-01818,CMP0155,CMP0244,2026-07-22,2026-08-21,4913000,Raw Materials,8,INR
INV-2026-01819,CMP0959,CMP0647,2026-06-04,2026-08-03,4986000,Pharmaceuticals,6,INR
INV-2026-01820,CMP0561,CMP0900,2026-06-13,2026-07-28,4529000,Electronics,42,INR
INV-2026-01821,CMP0809,CMP0553,2026-08-22,2026-11-20,4334000,Construction Materials,42,INR
INV-2026-01822,CMP0803,CMP0781,2026-08-05,2026-09-19,855000,Construction Materials,2,INR
INV-2026-01823,CMP0665,CMP0848,2026-06-01,2026-08-30,4051000,Food Products,46,INR
INV-2026-01824,CMP0779,CMP0871,2026-06-05,2026-07-05,4932000,Machinery,30,INR
INV-2026-01825,CMP0601,CMP0136,2026-08-01,2026-09-15,1847000,Electronics,36,INR
INV-2026-01826,CMP0148,CMP0397,2026-08-17,2026-10-01,4582000,Raw Materials,18,INR
INV-2026-01827,CMP0928,CMP0724,2026-08-24,2026-11-22,4239000,Pharmaceuticals,20,INR
INV-2026-01828,CMP0623,CMP0924,2026-09-26,2026-10-26,3770000,Raw Materials,46,INR
INV-2026-01829,CMP0324,CMP0046,2026-08-02,2026-10-01,3496000,Food Products,33,INR
INV-2026-01830,CMP0629,CMP0424,2026-09-09,2026-10-24,4298000,Raw Materials,22,INR
INV-2026-01831,CMP0363,CMP0708,2026-06-02,2026-08-31,3704000,Food Products,16,INR
INV-2026-01832,CMP0758,CMP0104,2026-09-16,2026-10-31,1449000,Machinery,21,INR
INV-2026-01833,CMP0338,CMP0349,2026-08-27,2026-10-26,399000,Food Products,44,INR
INV-2026-01834,CMP0927,CMP0034,2026-06-17,2026-07-17,2978000,Electronics,31,INR
INV-2026-01835,CMP0633,CMP0618,2026-08-06,2026-10-05,1873000,Pharmaceuticals,18,INR
INV-2026-01836,CMP0270,CMP0046,2026-07-18,2026-09-01,2599000,Machinery,5,INR
INV-2026-01837,CMP0319,CMP0066,2026-09-22,2026-12-21,2577000,Machinery,42,INR
INV-2026-01838,CMP0942,CMP0719,2026-09-05,2026-10-20,888000,Raw Materials,42,INR
INV-2026-01839,CMP0813,CMP0331,2026-06-26,2026-09-24,453000,Electronics,29,INR
INV-2026-01840,CMP0117,CMP0333,2026-09-13,2026-10-13,3273000,Pharmaceuticals,3,INR
INV-2026-01841,CMP0597,CMP0655,2026-09-21,2026-12-20,3637000,Electronics,29,INR
INV-2026-01842,CMP0551,CMP0055,2026-06-30,2026-08-29,1214000,Construction Materials,50,INR
INV-2026-01843,CMP0643,CMP0274,2026-07-25,2026-09-23,2975000,Textiles,27,INR
INV-2026-01844,CMP1000,CMP0485,2026-09-12,2026-11-11,4756000,Machinery,49,INR
INV-2026-01845,CMP0238,CMP0840,2026-09-01,2026-11-30,3517000,Textiles,2,INR
INV-2026-01846,CMP0068,CMP0443,2026-09-29,2026-11-13,1835000,Electronics,21,INR
INV-2026-01847,CMP0492,CMP0224,2026-08-04,2026-09-18,4134000,Construction Materials,8,INR
INV-2026-01848,CMP0364,CMP0597,2026-07-17,2026-10-15,4131000,Pharmaceuticals,11,INR
INV-2026-01849,CMP0616,CMP0932,2026-08-24,2026-11-22,1256000,Raw Materials,7,INR
INV-2026-01850,CMP0522,CMP0403,2026-09-08,2026-10-23,4633000,Pharmaceuticals,3,INR
INV-2026-01851,CMP0140,CMP0579,2026-07-13,2026-09-11,776000,Pharmaceuticals,43,INR
INV-2026-01852,CMP0312,CMP0658,2026-09-14,2026-10-29,1390000,Raw Materials,12,INR
INV-2026-01853,CMP0308,CMP0093,2026-09-18,2026-11-17,3129000,Machinery,36,INR
INV-2026-01854,CMP0356,CMP0642,2026-08-08,2026-09-22,2133000,Electronics,28,INR
INV-2026-01855,CMP0817,CMP0399,2026-07-30,2026-09-13,246000,Textiles,19,INR
INV-2026-01856,CMP0814,CMP0394,2026-08-30,2026-10-29,3907000,Food Products,12,INR
INV-2026-01857,CMP0745,CMP0126,2026-09-04,2026-11-03,2879000,Electronics,19,INR
INV-2026-01858,CMP0666,CMP0085,2026-07-05,2026-08-04,4039000,Food Products,5,INR
INV-2026-01859,CMP0453,CMP0004,2026-06-02,2026-07-17,2808000,Raw Materials,5,INR
INV-2026-01860,CMP0526,CMP0681,2026-07-22,2026-08-21,820000,Pharmaceuticals,19,INR
INV-2026-01861,CMP0913,CMP0102,2026-09-09,2026-11-08,1917000,Construction Materials,18,INR
INV-2026-01862,CMP0684,CMP0492,2026-08-29,2026-09-28,3217000,Pharmaceuticals,38,INR
INV-2026-01863,CMP0262,CMP0837,2026-06-27,2026-09-25,4657000,Construction Materials,29,INR
INV-2026-01864,CMP0295,CMP0027,2026-08-15,2026-09-29,1102000,Electronics,26,INR
INV-2026-01865,CMP0296,CMP0681,2026-06-26,2026-07-26,2027000,Construction Materials,10,INR
INV-2026-01866,CMP0435,CMP0985,2026-09-28,2026-10-28,2899000,Electronics,47,INR
INV-2026-01867,CMP0662,CMP0600,2026-08-30,2026-10-14,3199000,Machinery,36,INR
INV-2026-01868,CMP0913,CMP0194,2026-07-19,2026-10-17,3454000,Food Products,8,INR
INV-2026-01869,CMP0615,CMP0765,2026-07-24,2026-10-22,3142000,Food Products,5,INR
INV-2026-01870,CMP0002,CMP0143,2026-09-04,2026-12-03,2617000,Raw Materials,18,INR
INV-2026-01871,CMP0179,CMP0831,2026-06-18,2026-08-02,312000,Raw Materials,44,INR
INV-2026-01872,CMP0716,CMP0226,2026-08-18,2026-09-17,2250000,Machinery,14,INR
INV-2026-01873,CMP0743,CMP0449,2026-08-10,2026-09-24,3518000,Food Products,32,INR
INV-2026-01874,CMP0367,CMP0633,2026-06-13,2026-09-11,182000,Construction Materials,29,INR
INV-2026-01875,CMP0630,CMP0074,2026-06-20,2026-08-19,2732000,Textiles,26,INR
INV-2026-01876,CMP0124,CMP0281,2026-06-04,2026-07-19,2456000,Raw Materials,16,INR
INV-2026-01877,CMP0796,CMP0879,2026-06-09,2026-09-07,2920000,Textiles,26,INR
INV-2026-01878,CMP0930,CMP0370,2026-09-21,2026-11-20,3607000,Raw Materials,25,INR
INV-2026-01879,CMP0834,CMP0054,2026-08-10,2026-11-08,951000,Raw Materials,32,INR
INV-2026-01880,CMP0770,CMP0132,2026-06-28,2026-07-28,3159000,Electronics,38,INR
INV-2026-01881,CMP0802,CMP0769,2026-09-03,2026-12-02,2972000,Electronics,41,INR
INV-2026-01882,CMP0343,CMP0365,2026-09-06,2026-10-21,4823000,Pharmaceuticals,12,INR
INV-2026-01883,CMP0498,CMP0702,2026-07-19,2026-09-17,3643000,Construction Materials,6,INR
INV-2026-01884,CMP0306,CMP0623,2026-06-04,2026-07-19,418000,Construction Materials,36,INR
INV-2026-01885,CMP0332,CMP0003,2026-09-04,2026-11-03,1515000,Textiles,5,INR
INV-2026-01886,CMP0747,CMP0740,2026-09-15,2026-11-14,1756000,Construction Materials,19,INR
INV-2026-01887,CMP0948,CMP0700,2026-09-21,2026-12-20,2145000,Food Products,10,INR
INV-2026-01888,CMP0185,CMP0547,2026-06-30,2026-07-30,4440000,Textiles,31,INR
INV-2026-01889,CMP0774,CMP0247,2026-06-09,2026-08-08,1962000,Textiles,18,INR
INV-2026-01890,CMP0388,CMP0749,2026-07-18,2026-10-16,735000,Textiles,38,INR
INV-2026-01891,CMP0850,CMP0203,2026-07-16,2026-08-15,1269000,Machinery,17,INR
INV-2026-01892,CMP0714,CMP0801,2026-07-29,2026-10-27,4869000,Electronics,21,INR
INV-2026-01893,CMP0219,CMP0066,2026-09-20,2026-10-20,1147000,Textiles,1,INR
INV-2026-01894,CMP0598,CMP0330,2026-07-02,2026-09-30,2388000,Food Products,42,INR
INV-2026-01895,CMP0446,CMP0436,2026-08-05,2026-09-19,826000,Machinery,45,INR
INV-2026-01896,CMP0542,CMP0824,2026-08-04,2026-09-03,3113000,Machinery,7,INR
INV-2026-01897,CMP0741,CMP0714,2026-08-01,2026-09-15,4440000,Machinery,20,INR
INV-2026-01898,CMP0212,CMP0597,2026-07-12,2026-08-11,740000,Machinery,17,INR
INV-2026-01899,CMP0235,CMP0444,2026-08-08,2026-11-06,3993000,Raw Materials,41,INR
INV-2026-01900,CMP0107,CMP0968,2026-08-02,2026-09-01,171000,Electronics,30,INR
INV-2026-01901,CMP0100,CMP0047,2026-08-20,2026-10-19,3370000,Food Products,20,INR
INV-2026-01902,CMP0132,CMP0339,2026-09-16,2026-10-16,3770000,Food Products,42,INR
INV-2026-01903,CMP0562,CMP0668,2026-06-19,2026-09-17,68000,Construction Materials,38,INR
INV-2026-01904,CMP0673,CMP0203,2026-09-27,2026-10-27,2052000,Textiles,17,INR
INV-2026-01905,CMP0184,CMP0724,2026-06-02,2026-08-31,1657000,Machinery,4,INR
INV-2026-01906,CMP0190,CMP0200,2026-06-24,2026-09-22,494000,Construction Materials,22,INR
INV-2026-01907,CMP0663,CMP0708,2026-09-25,2026-10-25,2795000,Pharmaceuticals,21,INR
INV-2026-01908,CMP0938,CMP0851,2026-06-22,2026-08-21,1181000,Pharmaceuticals,7,INR
INV-2026-01909,CMP0099,CMP0297,2026-06-04,2026-09-02,1306000,Food Products,31,INR
INV-2026-01910,CMP0038,CMP0106,2026-06-10,2026-08-09,2630000,Textiles,48,INR
INV-2026-01911,CMP0603,CMP0580,2026-06-03,2026-07-03,1210000,Construction Materials,26,INR
INV-2026-01912,CMP0435,CMP0915,2026-06-27,2026-08-11,2096000,Raw Materials,9,INR
INV-2026-01913,CMP0874,CMP0140,2026-06-05,2026-07-05,2326000,Textiles,15,INR
INV-2026-01914,CMP0890,CMP0602,2026-06-24,2026-08-08,1118000,Machinery,24,INR
INV-2026-01915,CMP0387,CMP0144,2026-06-13,2026-07-13,275000,Construction Materials,5,INR
INV-2026-01916,CMP0117,CMP0777,2026-07-03,2026-09-01,1751000,Raw Materials,15,INR
INV-2026-01917,CMP0590,CMP0104,2026-06-30,2026-08-14,1626000,Textiles,12,INR
INV-2026-01918,CMP0530,CMP0388,2026-09-10,2026-10-25,1006000,Raw Materials,16,INR
INV-2026-01919,CMP0751,CMP0613,2026-07-13,2026-10-11,2132000,Pharmaceuticals,19,INR
INV-2026-01920,CMP0342,CMP0130,2026-07-09,2026-08-23,1824000,Electronics,26,INR
INV-2026-01921,CMP0306,CMP0792,2026-08-18,2026-11-16,2490000,Food Products,1,INR
INV-2026-01922,CMP0178,CMP0271,2026-08-05,2026-11-03,4831000,Food Products,13,INR
INV-2026-01923,CMP0275,CMP0179,2026-09-02,2026-11-01,496000,Raw Materials,28,INR
INV-2026-01924,CMP0769,CMP0465,2026-08-20,2026-10-04,3929000,Textiles,43,INR
INV-2026-01925,CMP0587,CMP0564,2026-06-23,2026-09-21,3003000,Construction Materials,15,INR
INV-2026-01926,CMP0365,CMP0415,2026-07-13,2026-08-27,804000,Food Products,26,INR
INV-2026-01927,CMP0380,CMP0834,2026-08-12,2026-09-11,2773000,Textiles,32,INR
INV-2026-01928,CMP0783,CMP0919,2026-06-21,2026-08-20,3245000,Construction Materials,16,INR
INV-2026-01929,CMP0894,CMP0655,2026-06-08,2026-09-06,4235000,Food Products,20,INR
INV-2026-01930,CMP0108,CMP0273,2026-09-09,2026-11-08,3922000,Raw Materials,16,INR
INV-2026-01931,CMP0415,CMP0870,2026-08-29,2026-10-28,4814000,Raw Materials,19,INR
INV-2026-01932,CMP0900,CMP0453,2026-09-27,2026-12-26,2268000,Food Products,47,INR
INV-2026-01933,CMP0326,CMP0683,2026-07-14,2026-08-28,1961000,Electronics,38,INR
INV-2026-01934,CMP0716,CMP0706,2026-06-17,2026-08-16,3390000,Pharmaceuticals,16,INR
INV-2026-01935,CMP0158,CMP0297,2026-09-21,2026-12-20,1709000,Food Products,38,INR
INV-2026-01936,CMP0155,CMP0305,2026-07-14,2026-10-12,895000,Machinery,11,INR
INV-2026-01937,CMP0657,CMP0469,2026-06-26,2026-08-10,3477000,Textiles,18,INR
INV-2026-01938,CMP0218,CMP0963,2026-07-23,2026-09-21,2397000,Electronics,48,INR
INV-2026-01939,CMP0440,CMP0253,2026-06-04,2026-09-02,4782000,Construction Materials,7,INR
INV-2026-01940,CMP0403,CMP0749,2026-06-19,2026-08-18,4460000,Electronics,31,INR
INV-2026-01941,CMP0605,CMP0655,2026-08-18,2026-09-17,1986000,Food Products,7,INR
INV-2026-01942,CMP0363,CMP0882,2026-08-26,2026-09-25,1889000,Machinery,26,INR
INV-2026-01943,CMP0919,CMP0801,2026-08-23,2026-10-07,4271000,Pharmaceuticals,30,INR
INV-2026-01944,CMP0091,CMP0030,2026-06-03,2026-09-01,2055000,Construction Materials,14,INR
INV-2026-01945,CMP0486,CMP0134,2026-06-08,2026-09-06,3159000,Pharmaceuticals,11,INR
INV-2026-01946,CMP0794,CMP0851,2026-09-29,2026-10-29,83000,Textiles,35,INR
INV-2026-01947,CMP0629,CMP0434,2026-08-10,2026-09-09,3998000,Electronics,9,INR
INV-2026-01948,CMP0396,CMP0750,2026-08-13,2026-09-27,2303000,Machinery,9,INR
INV-2026-01949,CMP0126,CMP0293,2026-09-09,2026-10-24,3312000,Electronics,50,INR
INV-2026-01950,CMP0305,CMP0802,2026-07-21,2026-09-04,3671000,Textiles,42,INR
INV-2026-01951,CMP0285,CMP0859,2026-09-04,2026-10-19,1230000,Food Products,45,INR
INV-2026-01952,CMP0304,CMP0353,2026-06-27,2026-08-11,3371000,Electronics,7,INR
INV-2026-01953,CMP0472,CMP0143,2026-09-19,2026-11-18,4842000,Machinery,14,INR
INV-2026-01954,CMP0405,CMP0841,2026-07-04,2026-08-03,4741000,Pharmaceuticals,8,INR
INV-2026-01955,CMP0186,CMP0658,2026-08-29,2026-11-27,3438000,Pharmaceuticals,19,INR
INV-2026-01956,CMP0581,CMP0472,2026-08-19,2026-11-17,774000,Food Products,44,INR
INV-2026-01957,CMP0027,CMP0422,2026-06-29,2026-08-13,4561000,Textiles,15,INR
INV-2026-01958,CMP0615,CMP0114,2026-06-14,2026-09-12,319000,Machinery,11,INR
INV-2026-01959,CMP0359,CMP0805,2026-06-04,2026-07-04,4729000,Food Products,50,INR
INV-2026-01960,CMP0736,CMP0253,2026-08-17,2026-10-16,4700000,Pharmaceuticals,38,INR
INV-2026-01961,CMP0035,CMP0780,2026-06-25,2026-08-09,716000,Raw Materials,18,INR
INV-2026-01962,CMP0996,CMP0279,2026-07-31,2026-10-29,1814000,Construction Materials,31,INR
INV-2026-01963,CMP0673,CMP0820,2026-08-27,2026-10-26,1730000,Electronics,7,INR
INV-2026-01964,CMP0289,CMP0047,2026-08-09,2026-10-08,4664000,Machinery,47,INR
INV-2026-01965,CMP0064,CMP0978,2026-09-19,2026-12-18,632000,Food Products,39,INR
INV-2026-01966,CMP0222,CMP0039,2026-07-03,2026-08-02,655000,Machinery,26,INR
INV-2026-01967,CMP0011,CMP0999,2026-08-14,2026-09-13,2367000,Construction Materials,2,INR
INV-2026-01968,CMP0049,CMP0869,2026-08-23,2026-10-07,2602000,Machinery,10,INR
INV-2026-01969,CMP0543,CMP0576,2026-09-18,2026-12-17,3467000,Machinery,26,INR
INV-2026-01970,CMP0938,CMP0558,2026-09-04,2026-10-04,320000,Electronics,39,INR
INV-2026-01971,CMP0041,CMP0253,2026-06-19,2026-07-19,2441000,Construction Materials,50,INR
INV-2026-01972,CMP0206,CMP0265,2026-09-23,2026-11-22,4161000,Textiles,36,INR
INV-2026-01973,CMP0268,CMP0910,2026-06-08,2026-07-23,1327000,Textiles,13,INR
INV-2026-01974,CMP0077,CMP0436,2026-08-29,2026-11-27,552000,Electronics,43,INR
INV-2026-01975,CMP0099,CMP0498,2026-06-13,2026-07-28,4897000,Electronics,25,INR
INV-2026-01976,CMP0061,CMP0082,2026-09-09,2026-12-08,2703000,Machinery,45,INR
INV-2026-01977,CMP0905,CMP0089,2026-06-15,2026-07-30,4109000,Raw Materials,46,INR
INV-2026-01978,CMP0101,CMP0597,2026-09-27,2026-10-27,2584000,Raw Materials,20,INR
INV-2026-01979,CMP0928,CMP0476,2026-06-21,2026-07-21,85000,Textiles,6,INR
INV-2026-01980,CMP0123,CMP0136,2026-07-29,2026-09-27,4421000,Textiles,9,INR
INV-2026-01981,CMP0931,CMP0497,2026-09-07,2026-10-22,665000,Food Products,31,INR
INV-2026-01982,CMP0870,CMP0523,2026-08-02,2026-10-31,3068000,Textiles,28,INR
INV-2026-01983,CMP0193,CMP0620,2026-07-01,2026-07-31,637000,Machinery,41,INR
INV-2026-01984,CMP0512,CMP0309,2026-08-24,2026-11-22,960000,Machinery,37,INR
INV-2026-01985,CMP0294,CMP0174,2026-08-22,2026-10-06,2093000,Machinery,23,INR
INV-2026-01986,CMP0291,CMP0899,2026-06-10,2026-07-25,442000,Machinery,22,INR
INV-2026-01987,CMP0224,CMP0340,2026-07-23,2026-10-21,471000,Pharmaceuticals,12,INR
INV-2026-01988,CMP0398,CMP0069,2026-08-10,2026-10-09,3380000,Construction Materials,23,INR
INV-2026-01989,CMP0346,CMP0172,2026-06-23,2026-09-21,2697000,Pharmaceuticals,20,INR
INV-2026-01990,CMP0915,CMP0077,2026-06-18,2026-08-17,66000,Textiles,32,INR
INV-2026-01991,CMP0738,CMP0829,2026-09-28,2026-12-27,582000,Electronics,35,INR
INV-2026-01992,CMP0612,CMP0722,2026-08-06,2026-10-05,2310000,Food Products,25,INR
INV-2026-01993,CMP0620,CMP0290,2026-08-12,2026-09-26,4200000,Machinery,2,INR
INV-2026-01994,CMP0379,CMP0109,2026-08-20,2026-10-19,4890000,Food Products,29,INR
INV-2026-01995,CMP0357,CMP0962,2026-06-27,2026-08-26,3342000,Textiles,50,INR
INV-2026-01996,CMP0517,CMP0304,2026-09-18,2026-11-02,1243000,Food Products,41,INR
INV-2026-01997,CMP0742,CMP0089,2026-06-20,2026-09-18,3782000,Food Products,9,INR
INV-2026-01998,CMP0779,CMP0670,2026-07-22,2026-09-20,3012000,Machinery,17,INR
INV-2026-01999,CMP0392,CMP0895,2026-07-31,2026-08-30,115000,Pharmaceuticals,3,INR
INV-2026-02000,CMP0085,CMP0302,2026-06-15,2026-07-30,2298000,Machinery,25,INR
INV-2026-02001,CMP0522,CMP0664,2026-09-19,2026-11-03,3498000,Textiles,3,INR
INV-2026-02002,CMP0807,CMP0718,2026-07-27,2026-08-26,4243000,Machinery,1,INR
INV-2026-02003,CMP0992,CMP0654,2026-07-23,2026-08-22,3423000,Pharmaceuticals,18,INR
INV-2026-02004,CMP0996,CMP0824,2026-08-02,2026-09-16,871000,Electronics,10,INR
INV-2026-02005,CMP0008,CMP0484,2026-06-22,2026-08-06,3389000,Electronics,47,INR
INV-2026-02006,CMP0114,CMP0125,2026-09-20,2026-11-04,2926000,Raw Materials,15,INR
INV-2026-02007,CMP0147,CMP0566,2026-06-24,2026-08-08,1263000,Electronics,10,INR
INV-2026-02008,CMP0291,CMP0014,2026-07-06,2026-10-04,4441000,Textiles,10,INR
INV-2026-02009,CMP0539,CMP0198,2026-08-17,2026-10-16,2982000,Machinery,1,INR
INV-2026-02010,CMP0280,CMP0095,2026-09-01,2026-10-31,369000,Food Products,39,INR
INV-2026-02011,CMP0822,CMP0119,2026-07-18,2026-08-17,1919000,Pharmaceuticals,8,INR
INV-2026-02012,CMP0959,CMP0253,2026-08-25,2026-09-24,2892000,Construction Materials,50,INR
INV-2026-02013,CMP0322,CMP0199,2026-09-08,2026-12-07,2660000,Raw Materials,11,INR
INV-2026-02014,CMP0785,CMP0659,2026-08-15,2026-09-29,4396000,Construction Materials,1,INR
INV-2026-02015,CMP0811,CMP0952,2026-07-08,2026-08-07,3627000,Pharmaceuticals,45,INR
INV-2026-02016,CMP0959,CMP0681,2026-08-02,2026-09-01,2994000,Electronics,49,INR
INV-2026-02017,CMP0476,CMP0537,2026-06-04,2026-07-19,2018000,Electronics,2,INR
INV-2026-02018,CMP0872,CMP0075,2026-09-23,2026-11-22,244000,Machinery,40,INR
INV-2026-02019,CMP0295,CMP0932,2026-07-02,2026-08-31,2748000,Machinery,40,INR
INV-2026-02020,CMP0341,CMP0893,2026-09-09,2026-10-09,1084000,Pharmaceuticals,17,INR
INV-2026-02021,CMP0295,CMP0481,2026-07-23,2026-10-21,4602000,Textiles,47,INR
INV-2026-02022,CMP0905,CMP0644,2026-08-10,2026-09-09,1105000,Raw Materials,6,INR
INV-2026-02023,CMP0657,CMP0523,2026-09-27,2026-11-11,4600000,Machinery,25,INR
INV-2026-02024,CMP0228,CMP0775,2026-08-03,2026-09-02,2870000,Pharmaceuticals,15,INR
INV-2026-02025,CMP0476,CMP0572,2026-09-07,2026-10-07,4843000,Pharmaceuticals,10,INR
INV-2026-02026,CMP0100,CMP0228,2026-07-03,2026-08-17,3692000,Construction Materials,47,INR
INV-2026-02027,CMP0413,CMP0611,2026-06-02,2026-08-01,4766000,Construction Materials,22,INR
INV-2026-02028,CMP0566,CMP0331,2026-09-26,2026-12-25,2871000,Construction Materials,24,INR
INV-2026-02029,CMP0607,CMP0586,2026-08-29,2026-09-28,2557000,Electronics,49,INR
INV-2026-02030,CMP0285,CMP0192,2026-09-23,2026-10-23,4767000,Construction Materials,27,INR
INV-2026-02031,CMP0618,CMP0988,2026-08-12,2026-09-11,3571000,Pharmaceuticals,20,INR
INV-2026-02032,CMP0368,CMP0916,2026-08-06,2026-11-04,1305000,Machinery,25,INR
INV-2026-02033,CMP0069,CMP0746,2026-07-20,2026-09-18,447000,Food Products,30,INR
INV-2026-02034,CMP0247,CMP0240,2026-09-05,2026-11-04,3755000,Textiles,29,INR
INV-2026-02035,CMP0916,CMP0045,2026-07-22,2026-09-20,729000,Raw Materials,29,INR
INV-2026-02036,CMP0425,CMP0096,2026-07-24,2026-08-23,1874000,Textiles,38,INR
INV-2026-02037,CMP0921,CMP0566,2026-06-18,2026-08-17,529000,Raw Materials,41,INR
INV-2026-02038,CMP0021,CMP0525,2026-06-25,2026-09-23,2346000,Pharmaceuticals,26,INR
INV-2026-02039,CMP0631,CMP0629,2026-08-21,2026-11-19,1366000,Textiles,18,INR
INV-2026-02040,CMP0309,CMP0471,2026-09-19,2026-11-03,4136000,Textiles,1,INR
INV-2026-02041,CMP0545,CMP0289,2026-07-01,2026-08-15,1558000,Textiles,12,INR
INV-2026-02042,CMP0218,CMP0309,2026-06-01,2026-07-01,4246000,Textiles,6,INR
INV-2026-02043,CMP0466,CMP0727,2026-07-10,2026-08-09,1082000,Pharmaceuticals,22,INR
INV-2026-02044,CMP0351,CMP0253,2026-08-16,2026-09-15,3313000,Textiles,35,INR
INV-2026-02045,CMP0347,CMP0323,2026-07-07,2026-08-06,3806000,Food Products,12,INR
INV-2026-02046,CMP0855,CMP0511,2026-09-12,2026-12-11,4662000,Machinery,11,INR
INV-2026-02047,CMP0285,CMP0169,2026-07-28,2026-08-27,3072000,Raw Materials,49,INR
INV-2026-02048,CMP0219,CMP0227,2026-08-19,2026-10-18,1232000,Pharmaceuticals,39,INR
INV-2026-02049,CMP0299,CMP0368,2026-09-28,2026-11-12,1535000,Construction Materials,6,INR
INV-2026-02050,CMP0330,CMP0656,2026-09-26,2026-11-10,4455000,Electronics,25,INR
INV-2026-02051,CMP0232,CMP0048,2026-06-03,2026-07-18,2339000,Electronics,28,INR
INV-2026-02052,CMP0402,CMP0189,2026-06-12,2026-09-10,4965000,Raw Materials,7,INR
INV-2026-02053,CMP0498,CMP0303,2026-08-16,2026-09-30,1335000,Construction Materials,9,INR
INV-2026-02054,CMP0028,CMP0310,2026-07-23,2026-10-21,762000,Electronics,50,INR
INV-2026-02055,CMP0182,CMP0927,2026-07-16,2026-08-30,1026000,Electronics,12,INR
INV-2026-02056,CMP0922,CMP0416,2026-08-17,2026-10-01,3183000,Food Products,1,INR
INV-2026-02057,CMP0406,CMP0227,2026-09-13,2026-11-12,1083000,Construction Materials,3,INR
INV-2026-02058,CMP0995,CMP0221,2026-09-16,2026-10-31,1042000,Electronics,11,INR
INV-2026-02059,CMP0513,CMP0047,2026-08-08,2026-10-07,2524000,Machinery,12,INR
INV-2026-02060,CMP0155,CMP0047,2026-06-13,2026-07-13,3474000,Machinery,37,INR
INV-2026-02061,CMP0246,CMP0659,2026-06-28,2026-08-27,2044000,Electronics,15,INR
INV-2026-02062,CMP0502,CMP0619,2026-06-11,2026-07-11,4041000,Machinery,4,INR
INV-2026-02063,CMP0662,CMP0023,2026-08-30,2026-10-29,1555000,Food Products,7,INR
INV-2026-02064,CMP0386,CMP0150,2026-09-16,2026-11-15,1559000,Food Products,46,INR
INV-2026-02065,CMP0736,CMP0694,2026-08-29,2026-11-27,2350000,Machinery,33,INR
INV-2026-02066,CMP0758,CMP0378,2026-08-16,2026-10-15,2949000,Machinery,47,INR
INV-2026-02067,CMP0461,CMP0594,2026-06-30,2026-07-30,1218000,Textiles,50,INR
INV-2026-02068,CMP0353,CMP0745,2026-06-18,2026-08-02,1829000,Machinery,25,INR
INV-2026-02069,CMP0667,CMP0643,2026-07-30,2026-08-29,3889000,Textiles,22,INR
INV-2026-02070,CMP0386,CMP0297,2026-09-02,2026-11-01,3663000,Construction Materials,16,INR
INV-2026-02071,CMP0455,CMP0014,2026-08-18,2026-10-17,1018000,Construction Materials,23,INR
INV-2026-02072,CMP0201,CMP0694,2026-09-26,2026-10-26,905000,Pharmaceuticals,29,INR
INV-2026-02073,CMP0998,CMP0511,2026-07-24,2026-10-22,3555000,Textiles,4,INR
INV-2026-02074,CMP0353,CMP0182,2026-08-22,2026-11-20,3907000,Machinery,9,INR
INV-2026-02075,CMP0028,CMP0803,2026-06-21,2026-07-21,4764000,Construction Materials,45,INR
INV-2026-02076,CMP0664,CMP0329,2026-08-10,2026-09-09,3955000,Food Products,43,INR
INV-2026-02077,CMP0076,CMP0817,2026-06-20,2026-08-04,540000,Raw Materials,5,INR
INV-2026-02078,CMP0692,CMP0117,2026-08-01,2026-10-30,3251000,Machinery,25,INR
INV-2026-02079,CMP0645,CMP0846,2026-08-20,2026-11-18,3964000,Raw Materials,22,INR
INV-2026-02080,CMP0252,CMP0139,2026-06-26,2026-09-24,1288000,Machinery,35,INR
INV-2026-02081,CMP0365,CMP0600,2026-06-10,2026-07-25,1322000,Food Products,41,INR
INV-2026-02082,CMP0530,CMP0738,2026-08-22,2026-10-21,2380000,Food Products,15,INR
INV-2026-02083,CMP0934,CMP0510,2026-06-11,2026-08-10,736000,Construction Materials,10,INR
INV-2026-02084,CMP0621,CMP0320,2026-06-03,2026-07-03,1627000,Machinery,48,INR
INV-2026-02085,CMP0251,CMP0465,2026-09-07,2026-10-22,2807000,Electronics,49,INR
INV-2026-02086,CMP0551,CMP0579,2026-09-20,2026-11-04,1266000,Pharmaceuticals,45,INR
INV-2026-02087,CMP0075,CMP0213,2026-07-04,2026-10-02,1223000,Textiles,39,INR
INV-2026-02088,CMP0675,CMP0642,2026-09-17,2026-12-16,4164000,Food Products,40,INR
INV-2026-02089,CMP0214,CMP0130,2026-09-05,2026-11-04,3971000,Machinery,32,INR
INV-2026-02090,CMP0675,CMP0568,2026-09-11,2026-12-10,1702000,Food Products,22,INR
INV-2026-02091,CMP0584,CMP0074,2026-09-23,2026-11-07,2842000,Electronics,9,INR
INV-2026-02092,CMP0043,CMP0097,2026-09-08,2026-11-07,855000,Pharmaceuticals,2,INR
INV-2026-02093,CMP0835,CMP0398,2026-06-21,2026-09-19,2942000,Food Products,19,INR
INV-2026-02094,CMP0189,CMP0442,2026-09-19,2026-11-03,3696000,Construction Materials,24,INR
INV-2026-02095,CMP0066,CMP0825,2026-08-02,2026-09-16,1233000,Textiles,21,INR
INV-2026-02096,CMP0966,CMP0354,2026-09-12,2026-10-27,1857000,Food Products,24,INR
INV-2026-02097,CMP0689,CMP0402,2026-09-28,2026-12-27,2622000,Electronics,31,INR
INV-2026-02098,CMP0421,CMP0267,2026-07-27,2026-09-25,4383000,Electronics,28,INR
INV-2026-02099,CMP0164,CMP0169,2026-09-13,2026-11-12,2332000,Pharmaceuticals,24,INR
INV-2026-02100,CMP0851,CMP0124,2026-07-10,2026-10-08,227000,Pharmaceuticals,9,INR
INV-2026-02101,CMP0323,CMP0006,2026-08-14,2026-09-28,3435000,Electronics,27,INR
INV-2026-02102,CMP0335,CMP0393,2026-09-27,2026-11-26,4423000,Construction Materials,8,INR
INV-2026-02103,CMP0147,CMP0839,2026-09-19,2026-12-18,494000,Construction Materials,9,INR
INV-2026-02104,CMP0769,CMP0459,2026-08-31,2026-11-29,3473000,Raw Materials,39,INR
INV-2026-02105,CMP0968,CMP0237,2026-08-29,2026-09-28,2667000,Electronics,29,INR
INV-2026-02106,CMP0599,CMP0797,2026-07-03,2026-09-01,1815000,Construction Materials,9,INR
INV-2026-02107,CMP0075,CMP0135,2026-06-15,2026-08-14,4764000,Food Products,43,INR
INV-2026-02108,CMP0381,CMP0923,2026-06-24,2026-08-08,85000,Construction Materials,13,INR
INV-2026-02109,CMP0300,CMP0915,2026-07-30,2026-08-29,4092000,Textiles,23,INR
INV-2026-02110,CMP0996,CMP0505,2026-07-30,2026-09-13,4696000,Textiles,8,INR
INV-2026-02111,CMP0885,CMP0533,2026-08-29,2026-09-28,2436000,Food Products,2,INR
INV-2026-02112,CMP0209,CMP0236,2026-06-18,2026-07-18,4389000,Textiles,29,INR
INV-2026-02113,CMP0569,CMP0697,2026-09-08,2026-10-23,1229000,Raw Materials,29,INR
INV-2026-02114,CMP0661,CMP0749,2026-08-28,2026-09-27,1328000,Electronics,45,INR
INV-2026-02115,CMP0721,CMP0277,2026-06-09,2026-09-07,2644000,Food Products,26,INR
INV-2026-02116,CMP0785,CMP0748,2026-06-02,2026-08-31,3697000,Raw Materials,27,INR
INV-2026-02117,CMP0646,CMP0225,2026-09-17,2026-12-16,1201000,Raw Materials,1,INR
INV-2026-02118,CMP0116,CMP0069,2026-09-22,2026-11-06,1183000,Machinery,4,INR
INV-2026-02119,CMP0913,CMP0910,2026-07-08,2026-09-06,4293000,Raw Materials,25,INR
INV-2026-02120,CMP0837,CMP0260,2026-06-27,2026-08-11,4499000,Construction Materials,14,INR
INV-2026-02121,CMP0434,CMP0870,2026-08-26,2026-11-24,3747000,Machinery,33,INR
INV-2026-02122,CMP0171,CMP0962,2026-08-17,2026-11-15,4475000,Food Products,47,INR
INV-2026-02123,CMP0758,CMP0654,2026-08-29,2026-10-13,752000,Food Products,1,INR
INV-2026-02124,CMP0873,CMP0344,2026-08-17,2026-10-16,2124000,Food Products,39,INR
INV-2026-02125,CMP0137,CMP0025,2026-07-18,2026-10-16,4656000,Textiles,37,INR
INV-2026-02126,CMP0733,CMP0854,2026-06-15,2026-07-30,475000,Raw Materials,17,INR
INV-2026-02127,CMP0637,CMP0379,2026-09-25,2026-11-09,816000,Textiles,4,INR
INV-2026-02128,CMP0845,CMP0669,2026-06-10,2026-07-10,57000,Textiles,19,INR
INV-2026-02129,CMP0401,CMP0113,2026-07-15,2026-08-14,3942000,Electronics,4,INR
INV-2026-02130,CMP0222,CMP0975,2026-09-02,2026-10-02,4341000,Textiles,17,INR
INV-2026-02131,CMP0654,CMP0070,2026-07-07,2026-08-06,551000,Textiles,16,INR
INV-2026-02132,CMP0066,CMP0357,2026-07-20,2026-09-18,3373000,Machinery,44,INR
INV-2026-02133,CMP0219,CMP0854,2026-06-25,2026-07-25,2754000,Textiles,33,INR
INV-2026-02134,CMP0662,CMP0223,2026-07-10,2026-10-08,3960000,Textiles,23,INR
INV-2026-02135,CMP0518,CMP0052,2026-06-06,2026-07-06,1664000,Machinery,26,INR
INV-2026-02136,CMP0529,CMP0954,2026-07-19,2026-09-17,2653000,Food Products,8,INR
INV-2026-02137,CMP0499,CMP0861,2026-08-10,2026-10-09,3742000,Machinery,6,INR
INV-2026-02138,CMP0986,CMP0950,2026-06-20,2026-09-18,354000,Construction Materials,43,INR
INV-2026-02139,CMP0106,CMP0415,2026-08-28,2026-10-12,4368000,Food Products,45,INR
INV-2026-02140,CMP0106,CMP0447,2026-06-14,2026-08-13,815000,Electronics,25,INR
INV-2026-02141,CMP0435,CMP0819,2026-07-25,2026-08-24,4288000,Machinery,37,INR
INV-2026-02142,CMP0585,CMP0482,2026-07-27,2026-09-25,3207000,Electronics,48,INR
INV-2026-02143,CMP0730,CMP0534,2026-08-24,2026-10-08,1704000,Raw Materials,27,INR
INV-2026-02144,CMP0068,CMP0488,2026-09-01,2026-10-31,391000,Construction Materials,2,INR
INV-2026-02145,CMP0341,CMP0993,2026-06-27,2026-08-26,4443000,Raw Materials,17,INR
INV-2026-02146,CMP0366,CMP0660,2026-06-09,2026-08-08,4466000,Food Products,21,INR
INV-2026-02147,CMP0451,CMP0723,2026-08-09,2026-10-08,1278000,Raw Materials,24,INR
INV-2026-02148,CMP0975,CMP0246,2026-08-14,2026-09-28,2077000,Textiles,11,INR
INV-2026-02149,CMP0398,CMP0410,2026-06-13,2026-09-11,1213000,Construction Materials,45,INR
INV-2026-02150,CMP0494,CMP0344,2026-06-06,2026-07-06,4633000,Pharmaceuticals,22,INR
INV-2026-02151,CMP0553,CMP0834,2026-09-27,2026-12-26,2242000,Food Products,36,INR
INV-2026-02152,CMP0497,CMP0620,2026-06-01,2026-07-16,1754000,Machinery,10,INR
INV-2026-02153,CMP0808,CMP0528,2026-06-27,2026-08-11,2843000,Construction Materials,30,INR
INV-2026-02154,CMP0184,CMP0491,2026-07-26,2026-09-09,3197000,Textiles,21,INR
INV-2026-02155,CMP0072,CMP0654,2026-09-12,2026-10-12,3089000,Raw Materials,21,INR
INV-2026-02156,CMP0129,CMP0896,2026-07-18,2026-09-16,4292000,Food Products,7,INR
INV-2026-02157,CMP0992,CMP0245,2026-09-11,2026-12-10,86000,Construction Materials,13,INR
INV-2026-02158,CMP0964,CMP0938,2026-08-08,2026-11-06,112000,Raw Materials,47,INR
INV-2026-02159,CMP0863,CMP0009,2026-09-06,2026-10-21,3791000,Electronics,46,INR
INV-2026-02160,CMP0865,CMP0171,2026-09-10,2026-12-09,4013000,Food Products,30,INR
INV-2026-02161,CMP0942,CMP0765,2026-06-16,2026-08-15,999000,Raw Materials,21,INR
INV-2026-02162,CMP0132,CMP0710,2026-08-23,2026-11-21,3988000,Raw Materials,1,INR
INV-2026-02163,CMP0799,CMP0618,2026-06-02,2026-08-31,553000,Machinery,10,INR
INV-2026-02164,CMP0075,CMP0050,2026-08-31,2026-10-30,1209000,Raw Materials,13,INR
INV-2026-02165,CMP0303,CMP0692,2026-08-02,2026-09-16,2427000,Pharmaceuticals,4,INR
INV-2026-02166,CMP0358,CMP0757,2026-09-17,2026-12-16,4010000,Food Products,7,INR
INV-2026-02167,CMP0776,CMP0634,2026-09-28,2026-10-28,3549000,Pharmaceuticals,38,INR
INV-2026-02168,CMP0597,CMP0647,2026-06-14,2026-09-12,3939000,Textiles,46,INR
INV-2026-02169,CMP0625,CMP0445,2026-09-07,2026-12-06,2916000,Food Products,50,INR
INV-2026-02170,CMP0467,CMP0417,2026-06-06,2026-09-04,2474000,Electronics,16,INR
INV-2026-02171,CMP0200,CMP0295,2026-06-03,2026-07-03,2229000,Electronics,46,INR
INV-2026-02172,CMP0376,CMP0156,2026-09-28,2026-11-27,1372000,Raw Materials,44,INR
INV-2026-02173,CMP0389,CMP0699,2026-06-26,2026-09-24,3036000,Electronics,13,INR
INV-2026-02174,CMP0981,CMP0712,2026-06-17,2026-07-17,1543000,Electronics,5,INR
INV-2026-02175,CMP0779,CMP0265,2026-08-19,2026-09-18,2047000,Food Products,2,INR
INV-2026-02176,CMP0371,CMP0710,2026-08-01,2026-09-15,2380000,Food Products,4,INR
INV-2026-02177,CMP0781,CMP0117,2026-08-03,2026-09-02,2790000,Machinery,22,INR
INV-2026-02178,CMP0039,CMP0764,2026-06-06,2026-07-06,837000,Food Products,46,INR
INV-2026-02179,CMP0849,CMP0932,2026-07-24,2026-08-23,1290000,Machinery,33,INR
INV-2026-02180,CMP0034,CMP0138,2026-07-15,2026-08-29,3337000,Pharmaceuticals,17,INR
INV-2026-02181,CMP0865,CMP0480,2026-08-16,2026-11-14,2804000,Construction Materials,36,INR
INV-2026-02182,CMP0941,CMP0875,2026-06-29,2026-08-28,1715000,Textiles,33,INR
INV-2026-02183,CMP0513,CMP0731,2026-07-16,2026-10-14,1745000,Machinery,39,INR
INV-2026-02184,CMP0192,CMP0111,2026-08-13,2026-11-11,2373000,Food Products,37,INR
INV-2026-02185,CMP0094,CMP0838,2026-07-20,2026-09-03,2115000,Pharmaceuticals,33,INR
INV-2026-02186,CMP0947,CMP0424,2026-09-18,2026-11-17,3223000,Pharmaceuticals,16,INR
INV-2026-02187,CMP0832,CMP0160,2026-09-21,2026-11-05,237000,Machinery,32,INR
INV-2026-02188,CMP0710,CMP0143,2026-07-25,2026-09-23,3389000,Raw Materials,50,INR
INV-2026-02189,CMP0531,CMP0146,2026-07-21,2026-09-19,2592000,Textiles,38,INR
INV-2026-02190,CMP0924,CMP0171,2026-08-25,2026-10-09,4130000,Textiles,1,INR
INV-2026-02191,CMP0041,CMP0831,2026-08-28,2026-10-12,331000,Machinery,35,INR
INV-2026-02192,CMP0401,CMP0681,2026-06-12,2026-08-11,456000,Pharmaceuticals,48,INR
INV-2026-02193,CMP0387,CMP0809,2026-07-11,2026-08-10,193000,Electronics,2,INR
INV-2026-02194,CMP0573,CMP0785,2026-07-06,2026-08-20,2818000,Construction Materials,10,INR
INV-2026-02195,CMP0508,CMP0899,2026-07-22,2026-09-05,988000,Pharmaceuticals,4,INR
INV-2026-02196,CMP0901,CMP0661,2026-07-01,2026-08-30,1673000,Food Products,42,INR
INV-2026-02197,CMP0932,CMP0223,2026-08-16,2026-09-30,3174000,Construction Materials,1,INR
INV-2026-02198,CMP0092,CMP0929,2026-06-08,2026-07-08,526000,Electronics,4,INR
INV-2026-02199,CMP0539,CMP0841,2026-08-15,2026-09-29,4925000,Machinery,36,INR
INV-2026-02200,CMP0455,CMP0534,2026-09-02,2026-10-02,983000,Construction Materials,20,INR
INV-2026-02201,CMP0875,CMP0844,2026-06-06,2026-07-21,4405000,Electronics,42,INR
INV-2026-02202,CMP0972,CMP0237,2026-08-29,2026-10-28,2801000,Machinery,22,INR
INV-2026-02203,CMP0557,CMP0902,2026-09-05,2026-10-20,4966000,Electronics,44,INR
INV-2026-02204,CMP0052,CMP0637,2026-06-07,2026-08-06,1935000,Pharmaceuticals,15,INR
INV-2026-02205,CMP0649,CMP0455,2026-07-25,2026-08-24,3467000,Raw Materials,50,INR
INV-2026-02206,CMP0428,CMP0404,2026-08-08,2026-09-07,1445000,Electronics,6,INR
INV-2026-02207,CMP0144,CMP0141,2026-08-06,2026-09-05,3565000,Textiles,49,INR
INV-2026-02208,CMP0586,CMP0311,2026-09-23,2026-11-22,3809000,Construction Materials,30,INR
INV-2026-02209,CMP0868,CMP0004,2026-09-25,2026-11-09,2896000,Machinery,6,INR
INV-2026-02210,CMP0038,CMP0358,2026-06-28,2026-08-12,4543000,Machinery,40,INR
INV-2026-02211,CMP0444,CMP0510,2026-08-17,2026-11-15,1711000,Electronics,33,INR
INV-2026-02212,CMP0298,CMP0143,2026-08-11,2026-09-10,825000,Pharmaceuticals,20,INR
INV-2026-02213,CMP0144,CMP0684,2026-08-17,2026-10-01,3508000,Food Products,27,INR
INV-2026-02214,CMP0752,CMP0885,2026-08-22,2026-09-21,2966000,Construction Materials,47,INR
INV-2026-02215,CMP0107,CMP0416,2026-07-25,2026-10-23,4029000,Pharmaceuticals,7,INR
INV-2026-02216,CMP0522,CMP0508,2026-07-21,2026-09-04,3971000,Pharmaceuticals,34,INR
INV-2026-02217,CMP0556,CMP0830,2026-07-23,2026-09-06,1825000,Food Products,35,INR
INV-2026-02218,CMP0539,CMP0928,2026-06-04,2026-07-04,2978000,Pharmaceuticals,42,INR
INV-2026-02219,CMP0407,CMP0901,2026-07-29,2026-10-27,1372000,Raw Materials,38,INR
INV-2026-02220,CMP0163,CMP0189,2026-07-26,2026-10-24,3532000,Food Products,33,INR
INV-2026-02221,CMP0851,CMP0708,2026-06-02,2026-07-17,4267000,Food Products,42,INR
INV-2026-02222,CMP0407,CMP0088,2026-09-13,2026-11-12,3287000,Raw Materials,12,INR
INV-2026-02223,CMP0564,CMP0939,2026-08-26,2026-09-25,4983000,Food Products,19,INR
INV-2026-02224,CMP0595,CMP0598,2026-09-12,2026-11-11,2031000,Electronics,35,INR
INV-2026-02225,CMP0109,CMP0139,2026-07-14,2026-10-12,2699000,Food Products,30,INR
INV-2026-02226,CMP0156,CMP0445,2026-08-17,2026-11-15,2693000,Food Products,19,INR
INV-2026-02227,CMP0026,CMP0563,2026-09-25,2026-11-24,1589000,Pharmaceuticals,35,INR
INV-2026-02228,CMP0026,CMP0325,2026-09-27,2026-10-27,290000,Pharmaceuticals,19,INR
INV-2026-02229,CMP0128,CMP0792,2026-06-14,2026-09-12,3661000,Textiles,31,INR
INV-2026-02230,CMP0565,CMP0597,2026-08-13,2026-09-12,1593000,Construction Materials,9,INR
INV-2026-02231,CMP0605,CMP0981,2026-09-20,2026-12-19,2937000,Textiles,6,INR
INV-2026-02232,CMP0548,CMP0546,2026-06-11,2026-07-11,3665000,Construction Materials,20,INR
INV-2026-02233,CMP0539,CMP0439,2026-06-08,2026-08-07,372000,Construction Materials,3,INR
INV-2026-02234,CMP0005,CMP0736,2026-06-24,2026-08-23,4993000,Textiles,39,INR
INV-2026-02235,CMP0721,CMP0654,2026-08-06,2026-11-04,1532000,Electronics,32,INR
INV-2026-02236,CMP0358,CMP0655,2026-06-07,2026-07-22,3843000,Pharmaceuticals,2,INR
INV-2026-02237,CMP0793,CMP0145,2026-06-26,2026-07-26,4880000,Machinery,7,INR
INV-2026-02238,CMP0749,CMP0899,2026-07-14,2026-08-13,1278000,Machinery,42,INR
INV-2026-02239,CMP0520,CMP0401,2026-08-03,2026-10-02,345000,Raw Materials,37,INR
INV-2026-02240,CMP0773,CMP0993,2026-07-22,2026-09-20,238000,Raw Materials,12,INR
INV-2026-02241,CMP0166,CMP0233,2026-07-23,2026-09-06,1598000,Construction Materials,8,INR
INV-2026-02242,CMP0650,CMP0575,2026-07-20,2026-09-03,178000,Machinery,1,INR
INV-2026-02243,CMP0802,CMP0976,2026-08-21,2026-10-05,4133000,Machinery,9,INR
INV-2026-02244,CMP0832,CMP0268,2026-09-24,2026-12-23,1465000,Pharmaceuticals,46,INR
INV-2026-02245,CMP0434,CMP0143,2026-08-29,2026-11-27,2176000,Textiles,16,INR
INV-2026-02246,CMP0481,CMP0968,2026-06-04,2026-08-03,2411000,Food Products,45,INR
INV-2026-02247,CMP0095,CMP0827,2026-07-10,2026-10-08,2319000,Pharmaceuticals,39,INR
INV-2026-02248,CMP0377,CMP0923,2026-08-26,2026-11-24,3392000,Textiles,4,INR
INV-2026-02249,CMP0738,CMP0390,2026-09-24,2026-12-23,4496000,Construction Materials,14,INR
INV-2026-02250,CMP0371,CMP0662,2026-07-03,2026-09-01,2539000,Raw Materials,17,INR
INV-2026-02251,CMP0339,CMP0742,2026-07-06,2026-10-04,587000,Pharmaceuticals,28,INR
INV-2026-02252,CMP0918,CMP0563,2026-08-24,2026-11-22,4444000,Textiles,33,INR
INV-2026-02253,CMP0204,CMP0683,2026-08-04,2026-09-18,2242000,Construction Materials,19,INR
INV-2026-02254,CMP0576,CMP0760,2026-08-24,2026-10-23,1923000,Pharmaceuticals,36,INR
INV-2026-02255,CMP0968,CMP0440,2026-09-18,2026-12-17,1360000,Construction Materials,32,INR
INV-2026-02256,CMP0222,CMP0445,2026-09-15,2026-11-14,3258000,Electronics,21,INR
INV-2026-02257,CMP0247,CMP0158,2026-09-19,2026-12-18,290000,Food Products,24,INR
INV-2026-02258,CMP0538,CMP0483,2026-09-27,2026-11-26,87000,Raw Materials,11,INR
INV-2026-02259,CMP0792,CMP0906,2026-09-07,2026-10-22,3396000,Pharmaceuticals,42,INR
INV-2026-02260,CMP0258,CMP0308,2026-09-20,2026-12-19,2047000,Electronics,45,INR
INV-2026-02261,CMP0346,CMP0888,2026-06-05,2026-08-04,4437000,Machinery,49,INR
INV-2026-02262,CMP0742,CMP0810,2026-07-11,2026-08-10,2553000,Textiles,47,INR
INV-2026-02263,CMP0033,CMP0611,2026-08-08,2026-10-07,1482000,Food Products,30,INR
INV-2026-02264,CMP0170,CMP0751,2026-06-07,2026-09-05,117000,Raw Materials,18,INR
INV-2026-02265,CMP0177,CMP0940,2026-09-06,2026-10-21,4993000,Electronics,3,INR
INV-2026-02266,CMP0714,CMP0479,2026-06-30,2026-09-28,3710000,Raw Materials,38,INR
INV-2026-02267,CMP0323,CMP0277,2026-08-25,2026-09-24,2879000,Raw Materials,36,INR
INV-2026-02268,CMP0948,CMP0030,2026-07-24,2026-09-07,569000,Textiles,36,INR
INV-2026-02269,CMP0360,CMP0113,2026-06-05,2026-07-20,2952000,Pharmaceuticals,45,INR
INV-2026-02270,CMP0652,CMP0005,2026-07-14,2026-08-13,2506000,Pharmaceuticals,12,INR
INV-2026-02271,CMP0983,CMP0576,2026-07-10,2026-08-24,821000,Textiles,15,INR
INV-2026-02272,CMP0906,CMP0067,2026-09-25,2026-12-24,1190000,Electronics,17,INR
INV-2026-02273,CMP0791,CMP0701,2026-09-14,2026-10-29,1954000,Construction Materials,32,INR
INV-2026-02274,CMP0636,CMP0880,2026-06-25,2026-07-25,2758000,Construction Materials,47,INR
INV-2026-02275,CMP0743,CMP0928,2026-06-15,2026-07-30,873000,Raw Materials,43,INR
INV-2026-02276,CMP0362,CMP0590,2026-07-06,2026-08-20,289000,Food Products,23,INR
INV-2026-02277,CMP0190,CMP0907,2026-09-13,2026-11-12,3824000,Raw Materials,36,INR
INV-2026-02278,CMP0445,CMP0861,2026-09-24,2026-11-08,3165000,Construction Materials,43,INR
INV-2026-02279,CMP0353,CMP0114,2026-08-07,2026-10-06,468000,Food Products,15,INR
INV-2026-02280,CMP0542,CMP0198,2026-08-31,2026-10-30,4588000,Textiles,19,INR
INV-2026-02281,CMP0351,CMP0978,2026-07-04,2026-10-02,707000,Machinery,39,INR
INV-2026-02282,CMP0844,CMP0931,2026-08-14,2026-09-28,712000,Textiles,7,INR
INV-2026-02283,CMP0081,CMP0489,2026-07-15,2026-09-13,2543000,Textiles,49,INR
INV-2026-02284,CMP0701,CMP0226,2026-08-29,2026-09-28,3767000,Construction Materials,27,INR
INV-2026-02285,CMP0139,CMP0486,2026-08-09,2026-09-08,1577000,Food Products,30,INR
INV-2026-02286,CMP0205,CMP0254,2026-07-03,2026-10-01,3673000,Machinery,9,INR
INV-2026-02287,CMP0867,CMP0089,2026-09-15,2026-12-14,2650000,Textiles,28,INR
INV-2026-02288,CMP0737,CMP0740,2026-09-06,2026-12-05,1416000,Textiles,7,INR
INV-2026-02289,CMP0178,CMP0772,2026-06-04,2026-08-03,3525000,Electronics,8,INR
INV-2026-02290,CMP0524,CMP1000,2026-07-21,2026-09-04,3671000,Machinery,38,INR
INV-2026-02291,CMP0637,CMP0956,2026-07-25,2026-09-08,535000,Machinery,39,INR
INV-2026-02292,CMP0853,CMP0442,2026-06-03,2026-07-18,2020000,Electronics,39,INR
INV-2026-02293,CMP0345,CMP0973,2026-07-26,2026-10-24,654000,Machinery,20,INR
INV-2026-02294,CMP0344,CMP0034,2026-09-01,2026-10-16,2752000,Construction Materials,9,INR
INV-2026-02295,CMP0937,CMP0694,2026-07-27,2026-09-10,3480000,Pharmaceuticals,7,INR
INV-2026-02296,CMP0971,CMP0178,2026-07-06,2026-08-20,1813000,Construction Materials,50,INR
INV-2026-02297,CMP0544,CMP0942,2026-08-07,2026-09-06,4605000,Textiles,33,INR
INV-2026-02298,CMP0353,CMP0871,2026-08-24,2026-10-23,790000,Pharmaceuticals,10,INR
INV-2026-02299,CMP0059,CMP0149,2026-08-17,2026-10-01,3075000,Food Products,20,INR
INV-2026-02300,CMP0376,CMP0048,2026-08-10,2026-09-24,1235000,Construction Materials,47,INR
INV-2026-02301,CMP0244,CMP0110,2026-07-03,2026-08-17,2067000,Food Products,24,INR
INV-2026-02302,CMP0786,CMP0380,2026-07-19,2026-10-17,3667000,Raw Materials,39,INR
INV-2026-02303,CMP0625,CMP0066,2026-08-31,2026-10-30,952000,Textiles,38,INR
INV-2026-02304,CMP0025,CMP0767,2026-08-20,2026-10-19,2386000,Raw Materials,6,INR
INV-2026-02305,CMP0534,CMP0872,2026-08-22,2026-10-21,1713000,Raw Materials,28,INR
INV-2026-02306,CMP0905,CMP0630,2026-06-29,2026-07-29,3101000,Machinery,44,INR
INV-2026-02307,CMP0669,CMP0877,2026-08-25,2026-11-23,1334000,Food Products,8,INR
INV-2026-02308,CMP0695,CMP0658,2026-07-12,2026-08-11,928000,Food Products,10,INR
INV-2026-02309,CMP0700,CMP0599,2026-08-26,2026-11-24,989000,Electronics,9,INR
INV-2026-02310,CMP0400,CMP0925,2026-09-12,2026-10-12,2833000,Food Products,14,INR
INV-2026-02311,CMP0878,CMP0166,2026-06-15,2026-09-13,4221000,Raw Materials,44,INR
INV-2026-02312,CMP0630,CMP0086,2026-09-02,2026-12-01,488000,Raw Materials,40,INR
INV-2026-02313,CMP0160,CMP0161,2026-08-15,2026-09-29,852000,Food Products,37,INR
INV-2026-02314,CMP0922,CMP0078,2026-07-27,2026-09-10,2689000,Pharmaceuticals,30,INR
INV-2026-02315,CMP0446,CMP0797,2026-06-15,2026-07-15,4015000,Textiles,9,INR
INV-2026-02316,CMP0579,CMP0527,2026-08-02,2026-09-01,3746000,Food Products,42,INR
INV-2026-02317,CMP0300,CMP0355,2026-09-03,2026-10-03,4923000,Textiles,13,INR
INV-2026-02318,CMP0058,CMP0261,2026-07-11,2026-08-10,2295000,Machinery,12,INR
INV-2026-02319,CMP0007,CMP0135,2026-09-04,2026-10-19,3140000,Electronics,32,INR
INV-2026-02320,CMP0569,CMP0628,2026-09-22,2026-11-06,330000,Pharmaceuticals,20,INR
INV-2026-02321,CMP0654,CMP0355,2026-06-22,2026-08-21,502000,Electronics,26,INR
INV-2026-02322,CMP0464,CMP0780,2026-06-07,2026-07-22,3298000,Pharmaceuticals,50,INR
INV-2026-02323,CMP0049,CMP0279,2026-08-17,2026-10-01,119000,Textiles,27,INR
INV-2026-02324,CMP0702,CMP0707,2026-08-26,2026-10-25,3812000,Textiles,41,INR
INV-2026-02325,CMP0071,CMP0550,2026-07-01,2026-09-29,1247000,Electronics,33,INR
INV-2026-02326,CMP0099,CMP0046,2026-09-22,2026-11-06,668000,Construction Materials,36,INR
INV-2026-02327,CMP0681,CMP0136,2026-06-23,2026-07-23,3706000,Machinery,49,INR
INV-2026-02328,CMP0322,CMP0103,2026-07-02,2026-08-31,2046000,Food Products,4,INR
INV-2026-02329,CMP0103,CMP0559,2026-06-21,2026-08-05,2593000,Machinery,7,INR
INV-2026-02330,CMP0241,CMP0549,2026-06-22,2026-08-21,4530000,Construction Materials,16,INR
INV-2026-02331,CMP0178,CMP0033,2026-09-03,2026-10-18,4557000,Pharmaceuticals,47,INR
INV-2026-02332,CMP0079,CMP0903,2026-08-06,2026-09-05,3218000,Pharmaceuticals,50,INR
INV-2026-02333,CMP0653,CMP0421,2026-07-24,2026-08-23,1870000,Raw Materials,35,INR
INV-2026-02334,CMP0579,CMP0693,2026-08-23,2026-11-21,754000,Raw Materials,48,INR
INV-2026-02335,CMP0390,CMP0615,2026-07-30,2026-09-28,153000,Pharmaceuticals,32,INR
INV-2026-02336,CMP0439,CMP0494,2026-06-06,2026-07-06,1558000,Machinery,23,INR
INV-2026-02337,CMP0133,CMP0083,2026-08-29,2026-09-28,2155000,Construction Materials,4,INR
INV-2026-02338,CMP0990,CMP0486,2026-07-29,2026-08-28,122000,Food Products,16,INR
INV-2026-02339,CMP0276,CMP0575,2026-09-20,2026-10-20,3041000,Construction Materials,42,INR
INV-2026-02340,CMP0688,CMP0546,2026-06-14,2026-07-29,2676000,Raw Materials,30,INR
INV-2026-02341,CMP0007,CMP0542,2026-06-11,2026-07-11,3091000,Construction Materials,38,INR
INV-2026-02342,CMP0772,CMP0083,2026-09-11,2026-11-10,2219000,Textiles,17,INR
INV-2026-02343,CMP0958,CMP0373,2026-08-17,2026-11-15,3493000,Raw Materials,40,INR
INV-2026-02344,CMP0405,CMP0353,2026-07-20,2026-08-19,2822000,Electronics,12,INR
INV-2026-02345,CMP0465,CMP0439,2026-06-11,2026-07-26,4133000,Food Products,29,INR
INV-2026-02346,CMP0752,CMP0701,2026-08-28,2026-11-26,1002000,Construction Materials,10,INR
INV-2026-02347,CMP0867,CMP0436,2026-08-14,2026-10-13,2020000,Food Products,7,INR
INV-2026-02348,CMP0138,CMP0760,2026-09-06,2026-12-05,3340000,Construction Materials,29,INR
INV-2026-02349,CMP0557,CMP0225,2026-07-18,2026-09-16,256000,Food Products,14,INR
INV-2026-02350,CMP0470,CMP0101,2026-08-09,2026-11-07,1652000,Pharmaceuticals,19,INR
INV-2026-02351,CMP0843,CMP0048,2026-09-02,2026-10-17,1408000,Raw Materials,44,INR
INV-2026-02352,CMP0672,CMP0950,2026-08-25,2026-11-23,2414000,Machinery,20,INR
INV-2026-02353,CMP0305,CMP0807,2026-09-22,2026-12-21,3252000,Raw Materials,32,INR
INV-2026-02354,CMP0435,CMP0210,2026-06-01,2026-07-31,1839000,Pharmaceuticals,8,INR
INV-2026-02355,CMP0074,CMP0825,2026-07-24,2026-08-23,3794000,Pharmaceuticals,20,INR
INV-2026-02356,CMP0179,CMP0642,2026-07-18,2026-09-01,887000,Textiles,33,INR
INV-2026-02357,CMP0233,CMP0116,2026-07-21,2026-10-19,4973000,Raw Materials,27,INR
INV-2026-02358,CMP0269,CMP0491,2026-09-16,2026-11-15,272000,Food Products,21,INR
INV-2026-02359,CMP0387,CMP0552,2026-07-20,2026-10-18,4681000,Machinery,14,INR
INV-2026-02360,CMP0387,CMP0565,2026-09-08,2026-10-23,4627000,Machinery,2,INR
INV-2026-02361,CMP0285,CMP0555,2026-08-02,2026-09-16,1851000,Food Products,47,INR
INV-2026-02362,CMP0233,CMP0707,2026-09-06,2026-11-05,695000,Electronics,12,INR
INV-2026-02363,CMP0765,CMP0975,2026-09-08,2026-10-08,1237000,Pharmaceuticals,42,INR
INV-2026-02364,CMP0172,CMP0495,2026-07-20,2026-09-18,522000,Electronics,15,INR
INV-2026-02365,CMP0287,CMP0066,2026-09-25,2026-11-24,407000,Machinery,25,INR
INV-2026-02366,CMP0761,CMP0960,2026-08-14,2026-09-13,1239000,Machinery,35,INR
INV-2026-02367,CMP0463,CMP0175,2026-08-05,2026-09-19,1100000,Textiles,31,INR
INV-2026-02368,CMP0128,CMP0532,2026-06-03,2026-07-03,1627000,Electronics,8,INR
INV-2026-02369,CMP0458,CMP0714,2026-09-07,2026-12-06,4829000,Pharmaceuticals,4,INR
INV-2026-02370,CMP0869,CMP0848,2026-07-13,2026-10-11,3985000,Electronics,40,INR
INV-2026-02371,CMP0747,CMP0810,2026-08-23,2026-10-22,4315000,Construction Materials,37,INR
INV-2026-02372,CMP0489,CMP0916,2026-08-14,2026-11-12,2383000,Electronics,39,INR
INV-2026-02373,CMP0059,CMP0324,2026-09-28,2026-11-12,1370000,Machinery,32,INR
INV-2026-02374,CMP0128,CMP0114,2026-08-09,2026-11-07,2336000,Construction Materials,22,INR
INV-2026-02375,CMP0428,CMP0365,2026-09-03,2026-10-03,4283000,Electronics,40,INR
INV-2026-02376,CMP0548,CMP0679,2026-09-29,2026-10-29,885000,Food Products,5,INR
INV-2026-02377,CMP0505,CMP0217,2026-07-23,2026-09-06,2617000,Machinery,27,INR
INV-2026-02378,CMP0205,CMP0849,2026-06-22,2026-09-20,821000,Textiles,23,INR
INV-2026-02379,CMP0460,CMP0838,2026-09-04,2026-12-03,1508000,Machinery,27,INR
INV-2026-02380,CMP0612,CMP0313,2026-06-28,2026-09-26,3412000,Electronics,33,INR
INV-2026-02381,CMP0073,CMP0091,2026-09-16,2026-10-31,4751000,Electronics,45,INR
INV-2026-02382,CMP0728,CMP0605,2026-09-22,2026-10-22,4807000,Food Products,34,INR
INV-2026-02383,CMP0971,CMP0171,2026-06-15,2026-07-30,437000,Pharmaceuticals,1,INR
INV-2026-02384,CMP0512,CMP0079,2026-08-03,2026-10-02,3539000,Raw Materials,44,INR
INV-2026-02385,CMP0713,CMP0176,2026-07-20,2026-09-03,991000,Construction Materials,45,INR
INV-2026-02386,CMP0200,CMP0432,2026-09-11,2026-10-26,1037000,Machinery,31,INR
INV-2026-02387,CMP0629,CMP0882,2026-07-13,2026-09-11,4366000,Electronics,3,INR
INV-2026-02388,CMP0773,CMP0869,2026-07-10,2026-08-09,421000,Raw Materials,31,INR
INV-2026-02389,CMP0689,CMP0168,2026-07-16,2026-09-14,4976000,Textiles,34,INR
INV-2026-02390,CMP0796,CMP0341,2026-06-29,2026-08-28,4174000,Pharmaceuticals,27,INR
INV-2026-02391,CMP0926,CMP0991,2026-08-27,2026-09-26,1970000,Raw Materials,31,INR
INV-2026-02392,CMP0872,CMP0286,2026-08-17,2026-10-01,1834000,Raw Materials,21,INR
INV-2026-02393,CMP0796,CMP0985,2026-06-14,2026-09-12,2851000,Construction Materials,18,INR
INV-2026-02394,CMP0072,CMP0854,2026-08-29,2026-10-13,4966000,Textiles,36,INR
INV-2026-02395,CMP0902,CMP0900,2026-08-20,2026-10-19,596000,Construction Materials,32,INR
INV-2026-02396,CMP0889,CMP0432,2026-09-24,2026-10-24,1520000,Construction Materials,46,INR
INV-2026-02397,CMP0187,CMP0724,2026-07-22,2026-08-21,1589000,Machinery,45,INR
INV-2026-02398,CMP0556,CMP0405,2026-08-13,2026-10-12,1960000,Textiles,17,INR
INV-2026-02399,CMP0101,CMP0845,2026-09-01,2026-10-31,1753000,Textiles,15,INR
INV-2026-02400,CMP0097,CMP0322,2026-06-28,2026-07-28,3241000,Electronics,16,INR
INV-2026-02401,CMP0009,CMP0917,2026-08-16,2026-11-14,3902000,Electronics,43,INR
INV-2026-02402,CMP0755,CMP0346,2026-08-23,2026-11-21,427000,Pharmaceuticals,43,INR
INV-2026-02403,CMP0314,CMP0372,2026-08-08,2026-11-06,4795000,Raw Materials,41,INR
INV-2026-02404,CMP0285,CMP0937,2026-08-11,2026-09-25,313000,Pharmaceuticals,7,INR
INV-2026-02405,CMP0472,CMP0496,2026-07-13,2026-08-12,1591000,Food Products,26,INR
INV-2026-02406,CMP0521,CMP0066,2026-09-21,2026-11-05,595000,Raw Materials,40,INR
INV-2026-02407,CMP0482,CMP0197,2026-07-28,2026-08-27,3562000,Food Products,45,INR
INV-2026-02408,CMP0140,CMP0124,2026-08-24,2026-10-08,3972000,Pharmaceuticals,19,INR
INV-2026-02409,CMP0999,CMP0012,2026-07-10,2026-08-24,1526000,Pharmaceuticals,11,INR
INV-2026-02410,CMP0662,CMP0175,2026-06-13,2026-07-28,2264000,Construction Materials,4,INR
INV-2026-02411,CMP0422,CMP0690,2026-06-24,2026-08-08,2062000,Food Products,21,INR
INV-2026-02412,CMP0316,CMP0924,2026-06-13,2026-07-13,168000,Pharmaceuticals,20,INR
INV-2026-02413,CMP0298,CMP0275,2026-07-08,2026-09-06,1427000,Raw Materials,43,INR
INV-2026-02414,CMP0685,CMP0032,2026-08-28,2026-10-27,1338000,Raw Materials,49,INR
INV-2026-02415,CMP0377,CMP0008,2026-07-10,2026-10-08,4972000,Food Products,23,INR
INV-2026-02416,CMP0719,CMP0916,2026-06-16,2026-09-14,794000,Pharmaceuticals,5,INR
INV-2026-02417,CMP0345,CMP0427,2026-06-02,2026-08-01,2294000,Machinery,20,INR
INV-2026-02418,CMP0507,CMP0360,2026-08-19,2026-09-18,1626000,Raw Materials,30,INR
INV-2026-02419,CMP0040,CMP0328,2026-09-15,2026-10-30,2598000,Textiles,21,INR
INV-2026-02420,CMP0096,CMP0701,2026-08-05,2026-09-19,507000,Food Products,5,INR
INV-2026-02421,CMP0684,CMP0924,2026-06-04,2026-07-19,628000,Textiles,25,INR
INV-2026-02422,CMP0328,CMP0632,2026-06-24,2026-08-08,2238000,Machinery,41,INR
INV-2026-02423,CMP0980,CMP0179,2026-08-01,2026-10-30,2031000,Pharmaceuticals,25,INR
INV-2026-02424,CMP0444,CMP0598,2026-08-16,2026-09-30,3518000,Construction Materials,11,INR
INV-2026-02425,CMP0584,CMP0356,2026-06-30,2026-09-28,1964000,Machinery,37,INR
INV-2026-02426,CMP0257,CMP0096,2026-08-20,2026-10-04,585000,Electronics,44,INR
INV-2026-02427,CMP0017,CMP0856,2026-09-09,2026-11-08,1938000,Raw Materials,18,INR
INV-2026-02428,CMP0670,CMP0647,2026-07-08,2026-08-07,1268000,Food Products,28,INR
INV-2026-02429,CMP0690,CMP0182,2026-09-04,2026-10-19,4247000,Textiles,27,INR
INV-2026-02430,CMP0196,CMP0207,2026-08-26,2026-10-10,2506000,Raw Materials,17,INR
INV-2026-02431,CMP0214,CMP0484,2026-06-14,2026-09-12,3088000,Food Products,40,INR
INV-2026-02432,CMP0261,CMP0750,2026-08-04,2026-11-02,355000,Construction Materials,24,INR
INV-2026-02433,CMP0832,CMP0295,2026-07-07,2026-08-21,1489000,Pharmaceuticals,36,INR
INV-2026-02434,CMP0181,CMP0393,2026-08-10,2026-10-09,1144000,Textiles,2,INR
INV-2026-02435,CMP0461,CMP0276,2026-07-14,2026-08-13,1722000,Electronics,23,INR
INV-2026-02436,CMP0168,CMP0998,2026-08-21,2026-10-20,4632000,Electronics,18,INR
INV-2026-02437,CMP0901,CMP0944,2026-09-16,2026-10-16,3978000,Raw Materials,37,INR
INV-2026-02438,CMP0438,CMP0827,2026-07-07,2026-09-05,3506000,Raw Materials,21,INR
INV-2026-02439,CMP0616,CMP0099,2026-07-22,2026-09-20,3902000,Machinery,17,INR
INV-2026-02440,CMP0469,CMP0128,2026-08-06,2026-09-20,4551000,Machinery,3,INR
INV-2026-02441,CMP0781,CMP0607,2026-07-14,2026-09-12,4872000,Raw Materials,36,INR
INV-2026-02442,CMP0521,CMP0973,2026-06-28,2026-08-27,3780000,Textiles,48,INR
INV-2026-02443,CMP0748,CMP0626,2026-08-25,2026-11-23,3342000,Electronics,28,INR
INV-2026-02444,CMP0441,CMP0461,2026-08-08,2026-10-07,4875000,Food Products,2,INR
INV-2026-02445,CMP0419,CMP0718,2026-07-29,2026-08-28,922000,Construction Materials,28,INR
INV-2026-02446,CMP0599,CMP0053,2026-09-17,2026-11-16,746000,Electronics,29,INR
INV-2026-02447,CMP0930,CMP0085,2026-06-04,2026-07-19,711000,Construction Materials,34,INR
INV-2026-02448,CMP0267,CMP0816,2026-06-14,2026-08-13,3720000,Food Products,31,INR
INV-2026-02449,CMP0850,CMP0368,2026-07-26,2026-09-24,3481000,Machinery,42,INR
INV-2026-02450,CMP0347,CMP0079,2026-09-02,2026-12-01,4496000,Machinery,44,INR
INV-2026-02451,CMP0099,CMP0394,2026-08-24,2026-10-23,4075000,Textiles,37,INR
INV-2026-02452,CMP0909,CMP0741,2026-06-27,2026-08-26,1530000,Pharmaceuticals,14,INR
INV-2026-02453,CMP0993,CMP0989,2026-08-18,2026-11-16,3064000,Electronics,34,INR
INV-2026-02454,CMP0336,CMP0020,2026-07-12,2026-08-11,2329000,Pharmaceuticals,22,INR
INV-2026-02455,CMP0801,CMP0419,2026-09-18,2026-11-02,3396000,Food Products,22,INR
INV-2026-02456,CMP0319,CMP0047,2026-09-14,2026-11-13,1161000,Raw Materials,36,INR
INV-2026-02457,CMP0446,CMP0074,2026-09-15,2026-10-30,3913000,Textiles,29,INR
INV-2026-02458,CMP0128,CMP0308,2026-09-17,2026-11-01,322000,Textiles,4,INR
INV-2026-02459,CMP0883,CMP0699,2026-08-08,2026-10-07,2021000,Construction Materials,46,INR
INV-2026-02460,CMP0503,CMP0439,2026-09-05,2026-12-04,1462000,Construction Materials,20,INR
INV-2026-02461,CMP0527,CMP0809,2026-08-20,2026-11-18,634000,Construction Materials,49,INR
INV-2026-02462,CMP0256,CMP0530,2026-08-13,2026-09-27,2405000,Construction Materials,48,INR
INV-2026-02463,CMP0417,CMP0881,2026-09-20,2026-10-20,4631000,Pharmaceuticals,25,INR
INV-2026-02464,CMP0201,CMP0331,2026-07-15,2026-08-29,4245000,Machinery,47,INR
INV-2026-02465,CMP0861,CMP0087,2026-09-07,2026-10-07,228000,Construction Materials,49,INR
INV-2026-02466,CMP0145,CMP0450,2026-08-13,2026-11-11,4549000,Electronics,22,INR
INV-2026-02467,CMP0087,CMP0991,2026-06-01,2026-07-31,1757000,Pharmaceuticals,33,INR
INV-2026-02468,CMP0881,CMP0378,2026-09-25,2026-12-24,1257000,Food Products,23,INR
INV-2026-02469,CMP0537,CMP0386,2026-06-07,2026-07-22,3939000,Food Products,21,INR
INV-2026-02470,CMP0425,CMP0151,2026-06-25,2026-09-23,472000,Raw Materials,17,INR
INV-2026-02471,CMP0312,CMP0697,2026-06-28,2026-08-27,2354000,Food Products,33,INR
INV-2026-02472,CMP0800,CMP0613,2026-09-04,2026-10-19,3142000,Raw Materials,7,INR
INV-2026-02473,CMP0551,CMP0074,2026-06-26,2026-08-10,1283000,Textiles,29,INR
INV-2026-02474,CMP0696,CMP0432,2026-08-01,2026-08-31,777000,Food Products,15,INR
INV-2026-02475,CMP0859,CMP0128,2026-07-09,2026-09-07,3707000,Construction Materials,23,INR
INV-2026-02476,CMP0473,CMP0908,2026-06-23,2026-09-21,3556000,Raw Materials,25,INR
INV-2026-02477,CMP0251,CMP0966,2026-07-27,2026-09-25,3264000,Pharmaceuticals,3,INR
INV-2026-02478,CMP0522,CMP0629,2026-09-26,2026-12-25,4590000,Construction Materials,32,INR
INV-2026-02479,CMP0272,CMP0803,2026-09-07,2026-11-06,4111000,Electronics,18,INR
INV-2026-02480,CMP0701,CMP0294,2026-09-29,2026-11-28,2011000,Construction Materials,33,INR
INV-2026-02481,CMP0730,CMP0343,2026-08-15,2026-10-14,1183000,Construction Materials,13,INR
INV-2026-02482,CMP0457,CMP0768,2026-09-09,2026-11-08,3815000,Construction Materials,2,INR
INV-2026-02483,CMP0986,CMP0772,2026-07-31,2026-10-29,2016000,Food Products,27,INR
INV-2026-02484,CMP0571,CMP0487,2026-06-04,2026-08-03,2355000,Construction Materials,10,INR
INV-2026-02485,CMP0024,CMP0982,2026-07-24,2026-10-22,3982000,Textiles,6,INR
INV-2026-02486,CMP0316,CMP0612,2026-07-15,2026-08-29,3696000,Textiles,6,INR
INV-2026-02487,CMP0078,CMP0325,2026-09-07,2026-10-22,3909000,Pharmaceuticals,50,INR
INV-2026-02488,CMP0213,CMP0061,2026-06-08,2026-07-08,4869000,Pharmaceuticals,46,INR
INV-2026-02489,CMP0048,CMP0585,2026-09-03,2026-10-03,2325000,Construction Materials,27,INR
INV-2026-02490,CMP0382,CMP0408,2026-09-01,2026-10-16,2975000,Raw Materials,48,INR
INV-2026-02491,CMP0298,CMP0740,2026-07-14,2026-08-28,2207000,Electronics,22,INR
INV-2026-02492,CMP0671,CMP0673,2026-07-17,2026-08-31,3512000,Textiles,12,INR
INV-2026-02493,CMP0936,CMP0206,2026-09-29,2026-12-28,1116000,Food Products,3,INR
INV-2026-02494,CMP0647,CMP0700,2026-09-19,2026-10-19,160000,Textiles,30,INR
INV-2026-02495,CMP0030,CMP0876,2026-09-03,2026-10-03,4724000,Machinery,4,INR
INV-2026-02496,CMP0754,CMP0252,2026-08-14,2026-10-13,2570000,Construction Materials,27,INR
INV-2026-02497,CMP0080,CMP0081,2026-08-28,2026-11-26,4965000,Construction Materials,21,INR
INV-2026-02498,CMP0083,CMP0089,2026-06-14,2026-08-13,4536000,Electronics,14,INR
INV-2026-02499,CMP0767,CMP0985,2026-09-09,2026-11-08,3718000,Food Products,28,INR
INV-2026-02500,CMP0079,CMP0320,2026-07-31,2026-10-29,2560000,Food Products,6,INR
INV-2026-02501,CMP0523,CMP0659,2026-08-05,2026-11-03,3395000,Pharmaceuticals,1,INR
INV-2026-02502,CMP0288,CMP0738,2026-09-02,2026-12-01,3831000,Food Products,43,INR
INV-2026-02503,CMP0667,CMP0880,2026-08-10,2026-09-24,3190000,Pharmaceuticals,40,INR
INV-2026-02504,CMP0017,CMP0759,2026-08-31,2026-10-15,3104000,Textiles,26,INR
INV-2026-02505,CMP0352,CMP0615,2026-07-18,2026-08-17,4851000,Electronics,42,INR
INV-2026-02506,CMP0634,CMP0070,2026-08-31,2026-10-15,2312000,Pharmaceuticals,15,INR
INV-2026-02507,CMP0709,CMP0238,2026-09-02,2026-10-17,79000,Electronics,46,INR
INV-2026-02508,CMP0191,CMP0509,2026-09-25,2026-11-24,3513000,Construction Materials,2,INR
INV-2026-02509,CMP0324,CMP0285,2026-08-27,2026-10-11,3991000,Electronics,35,INR
INV-2026-02510,CMP0433,CMP0179,2026-06-09,2026-08-08,1324000,Machinery,23,INR
INV-2026-02511,CMP0069,CMP0222,2026-08-08,2026-11-06,772000,Food Products,3,INR
INV-2026-02512,CMP0316,CMP0497,2026-07-28,2026-09-11,2569000,Raw Materials,36,INR
INV-2026-02513,CMP0605,CMP0859,2026-07-03,2026-10-01,789000,Pharmaceuticals,48,INR
INV-2026-02514,CMP0513,CMP0348,2026-07-04,2026-10-02,1423000,Textiles,20,INR
INV-2026-02515,CMP0848,CMP0132,2026-06-25,2026-08-24,71000,Electronics,17,INR
INV-2026-02516,CMP0289,CMP0106,2026-09-28,2026-11-12,186000,Pharmaceuticals,15,INR
INV-2026-02517,CMP0802,CMP0517,2026-08-22,2026-10-06,3989000,Construction Materials,23,INR
INV-2026-02518,CMP0085,CMP0551,2026-07-23,2026-09-21,3378000,Construction Materials,32,INR
INV-2026-02519,CMP0491,CMP0310,2026-06-27,2026-07-27,832000,Raw Materials,24,INR
INV-2026-02520,CMP0079,CMP0518,2026-06-02,2026-07-17,1589000,Textiles,33,INR
INV-2026-02521,CMP0383,CMP0201,2026-09-24,2026-12-23,2241000,Construction Materials,21,INR
INV-2026-02522,CMP0548,CMP0835,2026-07-15,2026-08-29,693000,Electronics,34,INR
INV-2026-02523,CMP0795,CMP0551,2026-08-21,2026-10-05,3037000,Pharmaceuticals,8,INR
INV-2026-02524,CMP0501,CMP0564,2026-07-12,2026-09-10,4984000,Electronics,40,INR
INV-2026-02525,CMP0060,CMP0829,2026-08-06,2026-10-05,4779000,Pharmaceuticals,44,INR
INV-2026-02526,CMP0813,CMP0997,2026-09-26,2026-11-10,672000,Electronics,25,INR
INV-2026-02527,CMP0339,CMP0370,2026-09-16,2026-10-16,4300000,Food Products,30,INR
INV-2026-02528,CMP0354,CMP0777,2026-06-28,2026-08-12,1506000,Construction Materials,7,INR
INV-2026-02529,CMP0602,CMP0226,2026-08-08,2026-09-07,2598000,Electronics,46,INR
INV-2026-02530,CMP0784,CMP0043,2026-06-26,2026-07-26,504000,Construction Materials,17,INR
INV-2026-02531,CMP0887,CMP0395,2026-07-04,2026-08-18,1598000,Pharmaceuticals,39,INR
INV-2026-02532,CMP0837,CMP0178,2026-09-26,2026-11-10,2603000,Machinery,45,INR
INV-2026-02533,CMP0623,CMP0898,2026-08-13,2026-11-11,3080000,Pharmaceuticals,16,INR
INV-2026-02534,CMP0782,CMP0868,2026-09-16,2026-10-16,476000,Raw Materials,5,INR
INV-2026-02535,CMP0528,CMP0322,2026-07-31,2026-09-14,1317000,Textiles,6,INR
INV-2026-02536,CMP0090,CMP0303,2026-06-12,2026-07-27,3339000,Raw Materials,6,INR
INV-2026-02537,CMP0341,CMP0904,2026-07-17,2026-08-31,2969000,Construction Materials,4,INR
INV-2026-02538,CMP0976,CMP0065,2026-06-29,2026-07-29,2677000,Raw Materials,4,INR
INV-2026-02539,CMP0828,CMP0315,2026-06-02,2026-08-31,2481000,Food Products,35,INR
INV-2026-02540,CMP0091,CMP0688,2026-09-23,2026-10-23,867000,Electronics,48,INR
INV-2026-02541,CMP0418,CMP0370,2026-07-09,2026-09-07,4547000,Textiles,30,INR
INV-2026-02542,CMP0417,CMP0760,2026-07-01,2026-08-30,3590000,Textiles,20,INR
INV-2026-02543,CMP0123,CMP0802,2026-09-03,2026-10-18,4624000,Electronics,38,INR
INV-2026-02544,CMP0101,CMP0145,2026-09-29,2026-11-28,3380000,Textiles,10,INR
INV-2026-02545,CMP0057,CMP0427,2026-08-27,2026-09-26,2563000,Electronics,47,INR
INV-2026-02546,CMP0823,CMP0106,2026-07-24,2026-08-23,237000,Pharmaceuticals,48,INR
INV-2026-02547,CMP0392,CMP0657,2026-08-28,2026-09-27,3167000,Machinery,4,INR
INV-2026-02548,CMP0917,CMP0772,2026-08-21,2026-10-05,4362000,Raw Materials,43,INR
INV-2026-02549,CMP0257,CMP0138,2026-07-22,2026-09-05,1061000,Food Products,33,INR
INV-2026-02550,CMP0948,CMP0129,2026-08-27,2026-09-26,1294000,Pharmaceuticals,32,INR
INV-2026-02551,CMP0365,CMP0951,2026-06-22,2026-09-20,3344000,Construction Materials,40,INR
INV-2026-02552,CMP0583,CMP0798,2026-06-19,2026-07-19,3174000,Electronics,13,INR
INV-2026-02553,CMP0647,CMP0278,2026-08-13,2026-09-12,4117000,Pharmaceuticals,1,INR
INV-2026-02554,CMP0012,CMP0354,2026-06-30,2026-08-14,4708000,Pharmaceuticals,41,INR
INV-2026-02555,CMP0649,CMP0945,2026-08-03,2026-09-17,2931000,Construction Materials,9,INR
INV-2026-02556,CMP0565,CMP0643,2026-06-07,2026-07-22,3784000,Raw Materials,10,INR
INV-2026-02557,CMP0032,CMP0048,2026-09-25,2026-11-24,3845000,Electronics,22,INR
INV-2026-02558,CMP0631,CMP0506,2026-07-03,2026-08-17,1105000,Electronics,30,INR
INV-2026-02559,CMP0962,CMP0126,2026-08-18,2026-10-17,1235000,Machinery,19,INR
INV-2026-02560,CMP0343,CMP0191,2026-07-13,2026-08-12,416000,Pharmaceuticals,10,INR
INV-2026-02561,CMP0936,CMP0647,2026-07-22,2026-08-21,4277000,Construction Materials,25,INR
INV-2026-02562,CMP0045,CMP0295,2026-06-04,2026-07-19,4575000,Construction Materials,12,INR
INV-2026-02563,CMP0269,CMP0014,2026-09-09,2026-11-08,3478000,Construction Materials,20,INR
INV-2026-02564,CMP0908,CMP0489,2026-07-28,2026-10-26,2208000,Pharmaceuticals,39,INR
INV-2026-02565,CMP0990,CMP0350,2026-08-31,2026-09-30,391000,Textiles,6,INR
INV-2026-02566,CMP0650,CMP0515,2026-08-04,2026-10-03,4837000,Food Products,26,INR
INV-2026-02567,CMP0987,CMP0705,2026-06-27,2026-07-27,2176000,Machinery,25,INR
INV-2026-02568,CMP0338,CMP0643,2026-07-26,2026-09-09,2953000,Raw Materials,33,INR
INV-2026-02569,CMP0573,CMP0504,2026-08-05,2026-11-03,4398000,Pharmaceuticals,25,INR
INV-2026-02570,CMP0356,CMP0436,2026-06-10,2026-07-25,1996000,Food Products,43,INR
INV-2026-02571,CMP0982,CMP0054,2026-08-22,2026-10-06,3463000,Raw Materials,38,INR
INV-2026-02572,CMP0024,CMP0906,2026-06-13,2026-07-28,772000,Electronics,25,INR
INV-2026-02573,CMP0010,CMP0945,2026-08-01,2026-09-30,2339000,Pharmaceuticals,49,INR
INV-2026-02574,CMP0458,CMP0925,2026-09-05,2026-10-05,702000,Raw Materials,33,INR
INV-2026-02575,CMP0018,CMP0213,2026-06-16,2026-08-15,2747000,Construction Materials,34,INR
INV-2026-02576,CMP0601,CMP0817,2026-09-02,2026-10-17,2693000,Electronics,11,INR
INV-2026-02577,CMP0974,CMP0736,2026-07-08,2026-09-06,4715000,Machinery,38,INR
INV-2026-02578,CMP0729,CMP0772,2026-07-04,2026-10-02,1049000,Construction Materials,37,INR
INV-2026-02579,CMP0749,CMP0049,2026-06-30,2026-08-29,3012000,Food Products,9,INR
INV-2026-02580,CMP0575,CMP0246,2026-07-16,2026-08-15,4871000,Pharmaceuticals,27,INR
INV-2026-02581,CMP0486,CMP0221,2026-09-13,2026-11-12,511000,Pharmaceuticals,15,INR
INV-2026-02582,CMP0130,CMP0674,2026-08-03,2026-09-02,3276000,Construction Materials,36,INR
INV-2026-02583,CMP0262,CMP0886,2026-09-06,2026-12-05,4232000,Construction Materials,41,INR
INV-2026-02584,CMP0542,CMP0767,2026-09-15,2026-11-14,3440000,Food Products,45,INR
INV-2026-02585,CMP0677,CMP0153,2026-09-23,2026-11-07,4907000,Textiles,50,INR
INV-2026-02586,CMP0680,CMP0962,2026-08-24,2026-10-08,4431000,Construction Materials,11,INR
INV-2026-02587,CMP0539,CMP0928,2026-08-31,2026-09-30,1399000,Construction Materials,49,INR
INV-2026-02588,CMP0114,CMP0540,2026-06-20,2026-08-04,1838000,Textiles,14,INR
INV-2026-02589,CMP0043,CMP0448,2026-08-05,2026-10-04,4227000,Food Products,35,INR
INV-2026-02590,CMP0745,CMP0306,2026-08-02,2026-10-31,3510000,Pharmaceuticals,32,INR
INV-2026-02591,CMP0515,CMP0019,2026-07-06,2026-09-04,3320000,Construction Materials,36,INR
INV-2026-02592,CMP0225,CMP0492,2026-09-02,2026-11-01,2252000,Electronics,21,INR
INV-2026-02593,CMP0851,CMP0589,2026-07-13,2026-08-27,3940000,Machinery,15,INR
INV-2026-02594,CMP0366,CMP0652,2026-06-11,2026-09-09,1693000,Textiles,23,INR
INV-2026-02595,CMP0701,CMP0807,2026-08-16,2026-09-30,2751000,Electronics,45,INR
INV-2026-02596,CMP0638,CMP0501,2026-08-08,2026-11-06,2299000,Textiles,6,INR
INV-2026-02597,CMP0991,CMP0703,2026-08-30,2026-10-29,577000,Electronics,25,INR
INV-2026-02598,CMP0701,CMP0909,2026-07-25,2026-10-23,1331000,Textiles,49,INR
INV-2026-02599,CMP0124,CMP0860,2026-09-10,2026-12-09,1015000,Food Products,17,INR
INV-2026-02600,CMP0343,CMP0230,2026-08-18,2026-11-16,2247000,Textiles,21,INR
INV-2026-02601,CMP0074,CMP0786,2026-09-08,2026-12-07,2984000,Textiles,8,INR
INV-2026-02602,CMP0627,CMP0413,2026-08-07,2026-11-05,3659000,Raw Materials,47,INR
INV-2026-02603,CMP0009,CMP0936,2026-08-12,2026-09-26,458000,Textiles,48,INR
INV-2026-02604,CMP0517,CMP0838,2026-06-08,2026-07-08,1554000,Food Products,13,INR
INV-2026-02605,CMP0858,CMP0039,2026-09-06,2026-11-05,753000,Electronics,31,INR
INV-2026-02606,CMP0668,CMP0655,2026-06-23,2026-08-22,1321000,Raw Materials,9,INR
INV-2026-02607,CMP0537,CMP0288,2026-09-10,2026-10-25,4485000,Textiles,50,INR
INV-2026-02608,CMP0679,CMP0615,2026-08-01,2026-10-30,1421000,Food Products,36,INR
INV-2026-02609,CMP0050,CMP0582,2026-09-07,2026-11-06,4309000,Food Products,42,INR
INV-2026-02610,CMP0711,CMP0051,2026-09-11,2026-10-11,728000,Textiles,1,INR
INV-2026-02611,CMP0813,CMP0209,2026-09-25,2026-11-24,1660000,Electronics,1,INR
INV-2026-02612,CMP0074,CMP0859,2026-09-20,2026-11-04,2783000,Food Products,48,INR
INV-2026-02613,CMP0248,CMP0384,2026-07-22,2026-10-20,4367000,Pharmaceuticals,32,INR
INV-2026-02614,CMP0107,CMP0951,2026-07-12,2026-09-10,2883000,Textiles,27,INR
INV-2026-02615,CMP0902,CMP0017,2026-07-02,2026-08-16,2876000,Food Products,3,INR
INV-2026-02616,CMP0630,CMP0912,2026-08-02,2026-10-01,3633000,Pharmaceuticals,26,INR
INV-2026-02617,CMP0649,CMP0718,2026-08-03,2026-09-17,1178000,Machinery,41,INR
INV-2026-02618,CMP0341,CMP0768,2026-07-21,2026-09-19,1739000,Electronics,37,INR
INV-2026-02619,CMP0065,CMP0110,2026-08-28,2026-10-12,4959000,Pharmaceuticals,34,INR
INV-2026-02620,CMP0841,CMP0358,2026-07-27,2026-09-10,3398000,Construction Materials,33,INR
INV-2026-02621,CMP0374,CMP0756,2026-06-22,2026-07-22,398000,Textiles,21,INR
INV-2026-02622,CMP0740,CMP0908,2026-08-11,2026-09-25,1831000,Construction Materials,2,INR
INV-2026-02623,CMP0690,CMP0510,2026-07-14,2026-09-12,3769000,Electronics,9,INR
INV-2026-02624,CMP0092,CMP0937,2026-07-20,2026-09-03,1350000,Food Products,17,INR
INV-2026-02625,CMP0223,CMP0966,2026-07-21,2026-10-19,3087000,Pharmaceuticals,33,INR
INV-2026-02626,CMP0274,CMP0296,2026-06-01,2026-08-30,3289000,Electronics,40,INR
INV-2026-02627,CMP0796,CMP0853,2026-09-15,2026-12-14,233000,Construction Materials,22,INR
INV-2026-02628,CMP0085,CMP0683,2026-08-29,2026-09-28,4658000,Electronics,33,INR
INV-2026-02629,CMP0067,CMP0468,2026-07-18,2026-09-16,4008000,Machinery,10,INR
INV-2026-02630,CMP0587,CMP0694,2026-07-09,2026-08-08,2321000,Construction Materials,20,INR
INV-2026-02631,CMP0619,CMP0800,2026-07-14,2026-08-28,1403000,Pharmaceuticals,7,INR
INV-2026-02632,CMP0440,CMP0940,2026-08-19,2026-10-03,2307000,Electronics,49,INR
INV-2026-02633,CMP0690,CMP0779,2026-08-06,2026-10-05,2053000,Pharmaceuticals,37,INR
INV-2026-02634,CMP0488,CMP0279,2026-07-27,2026-10-25,3654000,Textiles,25,INR
INV-2026-02635,CMP0799,CMP0327,2026-09-23,2026-10-23,4820000,Food Products,2,INR
INV-2026-02636,CMP0371,CMP0334,2026-09-01,2026-10-31,2532000,Pharmaceuticals,46,INR
INV-2026-02637,CMP0216,CMP0654,2026-06-29,2026-09-27,2556000,Electronics,31,INR
INV-2026-02638,CMP0674,CMP0505,2026-07-14,2026-10-12,884000,Construction Materials,37,INR
INV-2026-02639,CMP0179,CMP0974,2026-09-01,2026-10-01,1203000,Construction Materials,38,INR
INV-2026-02640,CMP0273,CMP0787,2026-08-02,2026-10-31,490000,Pharmaceuticals,16,INR
INV-2026-02641,CMP0306,CMP0886,2026-07-15,2026-08-29,972000,Textiles,38,INR
INV-2026-02642,CMP0475,CMP0478,2026-06-07,2026-07-07,1073000,Machinery,8,INR
INV-2026-02643,CMP0973,CMP0342,2026-07-30,2026-10-28,2116000,Construction Materials,15,INR
INV-2026-02644,CMP0785,CMP0295,2026-07-01,2026-07-31,2203000,Construction Materials,43,INR
INV-2026-02645,CMP0269,CMP0711,2026-08-01,2026-09-15,4445000,Raw Materials,23,INR
INV-2026-02646,CMP0966,CMP0375,2026-08-04,2026-10-03,3886000,Food Products,17,INR
INV-2026-02647,CMP0107,CMP0229,2026-07-05,2026-10-03,2856000,Textiles,7,INR
INV-2026-02648,CMP0403,CMP0547,2026-09-21,2026-11-20,2743000,Food Products,14,INR
INV-2026-02649,CMP0635,CMP0682,2026-06-20,2026-08-04,2622000,Construction Materials,10,INR
INV-2026-02650,CMP0550,CMP0376,2026-07-15,2026-08-14,3104000,Construction Materials,50,INR
INV-2026-02651,CMP0691,CMP0768,2026-09-09,2026-11-08,4818000,Food Products,48,INR
INV-2026-02652,CMP0613,CMP0309,2026-07-17,2026-08-16,4046000,Pharmaceuticals,27,INR
INV-2026-02653,CMP0413,CMP0046,2026-09-09,2026-11-08,1322000,Pharmaceuticals,41,INR
INV-2026-02654,CMP0121,CMP0796,2026-07-23,2026-09-06,1634000,Raw Materials,14,INR
INV-2026-02655,CMP0760,CMP0754,2026-07-27,2026-08-26,2523000,Textiles,2,INR
INV-2026-02656,CMP0477,CMP0105,2026-07-22,2026-10-20,2111000,Pharmaceuticals,46,INR
INV-2026-02657,CMP0099,CMP0261,2026-08-25,2026-11-23,4086000,Pharmaceuticals,45,INR
INV-2026-02658,CMP0252,CMP0998,2026-06-16,2026-08-15,2432000,Pharmaceuticals,21,INR
INV-2026-02659,CMP0586,CMP0349,2026-08-06,2026-09-20,391000,Food Products,19,INR
INV-2026-02660,CMP0382,CMP0732,2026-06-05,2026-07-05,3346000,Food Products,2,INR
INV-2026-02661,CMP0196,CMP0624,2026-06-13,2026-07-13,3230000,Machinery,30,INR
INV-2026-02662,CMP0357,CMP0631,2026-08-24,2026-09-23,305000,Construction Materials,7,INR
INV-2026-02663,CMP0449,CMP0768,2026-09-29,2026-12-28,338000,Food Products,37,INR
INV-2026-02664,CMP0810,CMP0662,2026-08-13,2026-09-12,2259000,Food Products,35,INR
INV-2026-02665,CMP0443,CMP0718,2026-06-23,2026-08-22,4943000,Textiles,44,INR
INV-2026-02666,CMP0101,CMP0408,2026-06-15,2026-08-14,1328000,Electronics,50,INR
INV-2026-02667,CMP0243,CMP0681,2026-09-07,2026-12-06,4552000,Food Products,26,INR
INV-2026-02668,CMP0694,CMP0256,2026-06-26,2026-09-24,2941000,Food Products,16,INR
INV-2026-02669,CMP0377,CMP0901,2026-08-30,2026-11-28,2966000,Machinery,32,INR
INV-2026-02670,CMP0060,CMP0466,2026-06-18,2026-08-02,1099000,Textiles,50,INR
INV-2026-02671,CMP0088,CMP0991,2026-06-30,2026-08-29,1800000,Construction Materials,7,INR
INV-2026-02672,CMP0772,CMP0199,2026-06-10,2026-08-09,109000,Raw Materials,4,INR
INV-2026-02673,CMP0619,CMP0480,2026-06-22,2026-09-20,2588000,Pharmaceuticals,20,INR
INV-2026-02674,CMP0999,CMP0630,2026-07-26,2026-10-24,1907000,Construction Materials,44,INR
INV-2026-02675,CMP0946,CMP0231,2026-08-01,2026-10-30,2619000,Food Products,50,INR
INV-2026-02676,CMP0840,CMP0906,2026-08-28,2026-10-27,562000,Electronics,2,INR
INV-2026-02677,CMP0201,CMP0721,2026-08-25,2026-09-24,140000,Food Products,44,INR
INV-2026-02678,CMP0739,CMP0234,2026-09-08,2026-12-07,3033000,Construction Materials,24,INR
INV-2026-02679,CMP0575,CMP0834,2026-07-20,2026-08-19,1306000,Electronics,12,INR
INV-2026-02680,CMP0998,CMP0871,2026-06-24,2026-09-22,2857000,Raw Materials,47,INR
INV-2026-02681,CMP0483,CMP0830,2026-07-04,2026-08-03,4893000,Raw Materials,33,INR
INV-2026-02682,CMP0885,CMP0782,2026-07-20,2026-10-18,4335000,Electronics,7,INR
INV-2026-02683,CMP0091,CMP0830,2026-08-26,2026-10-10,1084000,Raw Materials,11,INR
INV-2026-02684,CMP0078,CMP0271,2026-07-12,2026-08-26,1413000,Construction Materials,25,INR
INV-2026-02685,CMP0085,CMP0946,2026-08-14,2026-11-12,936000,Construction Materials,42,INR
INV-2026-02686,CMP0560,CMP0582,2026-09-16,2026-11-15,1252000,Construction Materials,40,INR
INV-2026-02687,CMP0886,CMP0314,2026-09-06,2026-11-05,3280000,Food Products,17,INR
INV-2026-02688,CMP0645,CMP0280,2026-09-26,2026-11-25,3142000,Pharmaceuticals,14,INR
INV-2026-02689,CMP0186,CMP0384,2026-07-06,2026-09-04,2647000,Machinery,8,INR
INV-2026-02690,CMP0534,CMP0100,2026-08-25,2026-10-24,4410000,Machinery,14,INR
INV-2026-02691,CMP0392,CMP0944,2026-06-25,2026-07-25,3737000,Pharmaceuticals,22,INR
INV-2026-02692,CMP0148,CMP0060,2026-08-10,2026-09-09,1738000,Pharmaceuticals,38,INR
INV-2026-02693,CMP0222,CMP0456,2026-08-05,2026-10-04,3563000,Construction Materials,7,INR
INV-2026-02694,CMP0550,CMP0798,2026-09-19,2026-12-18,2339000,Machinery,17,INR
INV-2026-02695,CMP0392,CMP0687,2026-06-22,2026-07-22,1152000,Machinery,17,INR
INV-2026-02696,CMP0678,CMP0535,2026-06-26,2026-08-10,2047000,Textiles,18,INR
INV-2026-02697,CMP0999,CMP0062,2026-06-15,2026-07-30,848000,Food Products,11,INR
INV-2026-02698,CMP0555,CMP0213,2026-06-02,2026-07-17,3238000,Machinery,33,INR
INV-2026-02699,CMP0494,CMP0900,2026-09-26,2026-11-25,3284000,Food Products,31,INR
INV-2026-02700,CMP0048,CMP0750,2026-06-02,2026-08-31,4744000,Pharmaceuticals,43,INR
INV-2026-02701,CMP0495,CMP0446,2026-08-09,2026-09-23,938000,Construction Materials,30,INR
INV-2026-02702,CMP0387,CMP0148,2026-07-18,2026-08-17,4995000,Food Products,27,INR
INV-2026-02703,CMP0670,CMP0495,2026-08-21,2026-11-19,588000,Raw Materials,7,INR
INV-2026-02704,CMP0511,CMP0151,2026-07-07,2026-10-05,392000,Electronics,4,INR
INV-2026-02705,CMP0673,CMP0307,2026-08-04,2026-11-02,893000,Construction Materials,37,INR
INV-2026-02706,CMP0228,CMP0046,2026-09-22,2026-11-06,1902000,Food Products,20,INR
INV-2026-02707,CMP0671,CMP0337,2026-07-03,2026-10-01,3331000,Food Products,20,INR
INV-2026-02708,CMP0112,CMP0603,2026-07-22,2026-08-21,732000,Textiles,46,INR
INV-2026-02709,CMP0928,CMP0702,2026-08-17,2026-09-16,1939000,Food Products,17,INR
INV-2026-02710,CMP0816,CMP0817,2026-06-05,2026-09-03,4712000,Pharmaceuticals,1,INR
INV-2026-02711,CMP0235,CMP0306,2026-07-14,2026-08-13,1120000,Pharmaceuticals,39,INR
INV-2026-02712,CMP0462,CMP0700,2026-06-16,2026-07-16,484000,Pharmaceuticals,24,INR
INV-2026-02713,CMP0573,CMP0588,2026-06-25,2026-09-23,867000,Electronics,10,INR
INV-2026-02714,CMP0594,CMP0401,2026-06-02,2026-08-31,3855000,Textiles,12,INR
INV-2026-02715,CMP0121,CMP0984,2026-09-27,2026-11-11,2770000,Machinery,39,INR
INV-2026-02716,CMP0255,CMP0653,2026-09-02,2026-10-17,3310000,Construction Materials,22,INR
INV-2026-02717,CMP0976,CMP0176,2026-09-10,2026-10-10,3339000,Raw Materials,12,INR
INV-2026-02718,CMP0116,CMP0434,2026-09-03,2026-10-03,4730000,Electronics,46,INR
INV-2026-02719,CMP0523,CMP0467,2026-09-10,2026-11-09,3055000,Electronics,1,INR
INV-2026-02720,CMP0145,CMP0886,2026-06-30,2026-08-14,4993000,Construction Materials,24,INR
INV-2026-02721,CMP0559,CMP0237,2026-09-14,2026-11-13,4174000,Raw Materials,44,INR
INV-2026-02722,CMP0860,CMP0637,2026-06-01,2026-08-30,727000,Textiles,29,INR
INV-2026-02723,CMP0246,CMP0907,2026-09-17,2026-10-17,2722000,Food Products,20,INR
INV-2026-02724,CMP0347,CMP0941,2026-07-19,2026-09-02,2128000,Construction Materials,45,INR
INV-2026-02725,CMP0723,CMP0354,2026-06-04,2026-07-19,1050000,Pharmaceuticals,6,INR
INV-2026-02726,CMP0312,CMP0049,2026-06-20,2026-08-04,774000,Raw Materials,6,INR
INV-2026-02727,CMP0586,CMP0339,2026-08-05,2026-11-03,3061000,Electronics,38,INR
INV-2026-02728,CMP0013,CMP0955,2026-07-14,2026-10-12,1856000,Machinery,32,INR
INV-2026-02729,CMP0952,CMP0505,2026-09-18,2026-12-17,717000,Pharmaceuticals,2,INR
INV-2026-02730,CMP0197,CMP0034,2026-07-23,2026-10-21,2879000,Machinery,37,INR
INV-2026-02731,CMP0311,CMP0076,2026-07-03,2026-10-01,1111000,Machinery,22,INR
INV-2026-02732,CMP0096,CMP0987,2026-07-03,2026-08-17,3262000,Construction Materials,41,INR
INV-2026-02733,CMP0647,CMP0569,2026-07-12,2026-08-26,4888000,Raw Materials,29,INR
INV-2026-02734,CMP0395,CMP0573,2026-06-15,2026-09-13,2170000,Construction Materials,26,INR
INV-2026-02735,CMP0469,CMP0476,2026-09-18,2026-10-18,3618000,Machinery,25,INR
INV-2026-02736,CMP0287,CMP0230,2026-07-12,2026-10-10,2590000,Pharmaceuticals,41,INR
INV-2026-02737,CMP0685,CMP0863,2026-09-16,2026-10-16,1960000,Pharmaceuticals,49,INR
INV-2026-02738,CMP0484,CMP0779,2026-06-06,2026-07-21,1986000,Raw Materials,12,INR
INV-2026-02739,CMP0271,CMP0595,2026-09-04,2026-12-03,3492000,Textiles,49,INR
INV-2026-02740,CMP0512,CMP0918,2026-09-20,2026-11-19,2212000,Machinery,50,INR
INV-2026-02741,CMP0001,CMP0310,2026-07-06,2026-08-05,4496000,Electronics,20,INR
INV-2026-02742,CMP0718,CMP0895,2026-09-01,2026-10-16,3644000,Construction Materials,8,INR
INV-2026-02743,CMP0555,CMP0095,2026-07-20,2026-08-19,2871000,Construction Materials,22,INR
INV-2026-02744,CMP0866,CMP0297,2026-08-01,2026-08-31,1378000,Food Products,39,INR
INV-2026-02745,CMP0799,CMP0870,2026-09-23,2026-11-22,4831000,Construction Materials,38,INR
INV-2026-02746,CMP0736,CMP0912,2026-09-11,2026-12-10,2498000,Food Products,8,INR
INV-2026-02747,CMP0108,CMP0111,2026-08-01,2026-10-30,469000,Food Products,20,INR
INV-2026-02748,CMP0903,CMP0461,2026-07-08,2026-09-06,3015000,Food Products,22,INR
INV-2026-02749,CMP0473,CMP0154,2026-08-12,2026-11-10,4242000,Raw Materials,11,INR
INV-2026-02750,CMP0397,CMP0700,2026-06-27,2026-08-26,4773000,Electronics,22,INR
INV-2026-02751,CMP0275,CMP0966,2026-09-06,2026-10-21,252000,Electronics,1,INR
INV-2026-02752,CMP0624,CMP0520,2026-08-27,2026-11-25,2162000,Electronics,23,INR
INV-2026-02753,CMP0760,CMP0427,2026-09-16,2026-12-15,143000,Food Products,47,INR
INV-2026-02754,CMP0605,CMP0747,2026-06-24,2026-09-22,4944000,Machinery,14,INR
INV-2026-02755,CMP0532,CMP0136,2026-09-09,2026-12-08,3406000,Machinery,40,INR
INV-2026-02756,CMP0786,CMP0883,2026-09-22,2026-12-21,3677000,Food Products,29,INR
INV-2026-02757,CMP0611,CMP0384,2026-06-06,2026-07-21,3887000,Electronics,37,INR
INV-2026-02758,CMP0915,CMP0846,2026-06-19,2026-09-17,3378000,Raw Materials,32,INR
INV-2026-02759,CMP0480,CMP0604,2026-09-21,2026-12-20,1555000,Machinery,43,INR
INV-2026-02760,CMP0805,CMP0088,2026-07-27,2026-09-10,501000,Textiles,8,INR
INV-2026-02761,CMP0134,CMP0568,2026-07-24,2026-09-07,4941000,Raw Materials,43,INR
INV-2026-02762,CMP0813,CMP0034,2026-08-09,2026-09-23,3383000,Textiles,13,INR
INV-2026-02763,CMP0168,CMP0238,2026-08-27,2026-10-11,1627000,Machinery,10,INR
INV-2026-02764,CMP0221,CMP0632,2026-09-27,2026-11-11,4878000,Textiles,18,INR
INV-2026-02765,CMP0389,CMP0024,2026-09-13,2026-10-13,3336000,Construction Materials,25,INR
INV-2026-02766,CMP0580,CMP0998,2026-08-30,2026-10-14,2168000,Pharmaceuticals,1,INR
INV-2026-02767,CMP0409,CMP0627,2026-08-23,2026-10-07,2866000,Raw Materials,22,INR
INV-2026-02768,CMP0449,CMP0551,2026-07-12,2026-08-26,3259000,Electronics,20,INR
INV-2026-02769,CMP0093,CMP0140,2026-07-14,2026-08-28,4193000,Food Products,46,INR
INV-2026-02770,CMP0855,CMP0050,2026-09-09,2026-12-08,320000,Construction Materials,17,INR
INV-2026-02771,CMP0260,CMP0544,2026-07-14,2026-09-12,4602000,Electronics,31,INR
INV-2026-02772,CMP0799,CMP0970,2026-07-02,2026-08-01,2840000,Machinery,38,INR
INV-2026-02773,CMP0647,CMP0772,2026-09-09,2026-10-09,4312000,Textiles,11,INR
INV-2026-02774,CMP0371,CMP0359,2026-09-24,2026-11-08,2597000,Electronics,1,INR
INV-2026-02775,CMP0332,CMP0254,2026-07-23,2026-09-21,3687000,Raw Materials,24,INR
INV-2026-02776,CMP0342,CMP0820,2026-08-01,2026-10-30,294000,Electronics,34,INR
INV-2026-02777,CMP0653,CMP0984,2026-08-09,2026-11-07,3708000,Machinery,44,INR
INV-2026-02778,CMP0185,CMP0044,2026-09-01,2026-10-16,1923000,Raw Materials,8,INR
INV-2026-02779,CMP0256,CMP0910,2026-09-26,2026-12-25,665000,Machinery,6,INR
INV-2026-02780,CMP0637,CMP0993,2026-08-11,2026-11-09,2720000,Food Products,14,INR
INV-2026-02781,CMP0975,CMP0607,2026-08-24,2026-10-08,4774000,Electronics,31,INR
INV-2026-02782,CMP0580,CMP0538,2026-06-21,2026-09-19,4015000,Raw Materials,45,INR
INV-2026-02783,CMP0079,CMP0258,2026-09-12,2026-11-11,1340000,Electronics,24,INR
INV-2026-02784,CMP0817,CMP0419,2026-08-13,2026-09-12,1472000,Food Products,43,INR
INV-2026-02785,CMP0592,CMP0402,2026-07-09,2026-08-08,2587000,Food Products,1,INR
INV-2026-02786,CMP0241,CMP0200,2026-08-09,2026-09-08,1547000,Food Products,1,INR
INV-2026-02787,CMP0020,CMP0332,2026-08-29,2026-09-28,693000,Raw Materials,34,INR
INV-2026-02788,CMP0500,CMP0320,2026-08-27,2026-09-26,2822000,Raw Materials,2,INR
INV-2026-02789,CMP0151,CMP0698,2026-09-02,2026-10-02,1354000,Machinery,47,INR
INV-2026-02790,CMP0909,CMP0501,2026-07-09,2026-09-07,3006000,Textiles,5,INR
INV-2026-02791,CMP0408,CMP0283,2026-08-03,2026-09-17,4390000,Pharmaceuticals,45,INR
INV-2026-02792,CMP0070,CMP0057,2026-07-22,2026-10-20,2254000,Raw Materials,30,INR
INV-2026-02793,CMP0328,CMP0666,2026-09-08,2026-10-08,196000,Textiles,11,INR
INV-2026-02794,CMP0416,CMP0698,2026-07-28,2026-09-26,4728000,Textiles,11,INR
INV-2026-02795,CMP0846,CMP0053,2026-09-20,2026-12-19,1932000,Machinery,31,INR
INV-2026-02796,CMP0548,CMP0931,2026-07-08,2026-08-22,2848000,Raw Materials,1,INR
INV-2026-02797,CMP0587,CMP0991,2026-08-04,2026-11-02,3101000,Raw Materials,16,INR
INV-2026-02798,CMP0706,CMP0569,2026-07-21,2026-08-20,1820000,Food Products,4,INR
INV-2026-02799,CMP0815,CMP0091,2026-07-13,2026-10-11,2176000,Electronics,10,INR
INV-2026-02800,CMP0235,CMP0138,2026-08-02,2026-09-01,3337000,Textiles,48,INR
INV-2026-02801,CMP0680,CMP0545,2026-08-04,2026-09-03,2853000,Electronics,41,INR
INV-2026-02802,CMP0472,CMP0008,2026-07-17,2026-08-16,833000,Pharmaceuticals,7,INR
INV-2026-02803,CMP0580,CMP0443,2026-08-17,2026-11-15,4116000,Pharmaceuticals,9,INR
INV-2026-02804,CMP0029,CMP0633,2026-07-15,2026-08-14,1107000,Electronics,9,INR
INV-2026-02805,CMP0048,CMP0123,2026-06-20,2026-08-19,4656000,Raw Materials,16,INR
INV-2026-02806,CMP0233,CMP0722,2026-08-12,2026-11-10,1273000,Construction Materials,1,INR
INV-2026-02807,CMP0852,CMP0276,2026-08-22,2026-10-06,4763000,Construction Materials,31,INR
INV-2026-02808,CMP0600,CMP0349,2026-06-21,2026-07-21,4191000,Textiles,35,INR
INV-2026-02809,CMP0988,CMP0961,2026-09-26,2026-11-25,3097000,Construction Materials,8,INR
INV-2026-02810,CMP0080,CMP0440,2026-09-11,2026-12-10,1778000,Machinery,19,INR
INV-2026-02811,CMP0616,CMP0169,2026-09-24,2026-12-23,208000,Textiles,30,INR
INV-2026-02812,CMP0310,CMP0713,2026-09-10,2026-11-09,956000,Raw Materials,20,INR
INV-2026-02813,CMP0575,CMP0831,2026-09-14,2026-10-29,3881000,Electronics,27,INR
INV-2026-02814,CMP0163,CMP0395,2026-07-15,2026-08-14,1117000,Electronics,35,INR
INV-2026-02815,CMP0244,CMP0710,2026-06-23,2026-08-22,624000,Pharmaceuticals,37,INR
INV-2026-02816,CMP0976,CMP0992,2026-09-02,2026-12-01,3898000,Raw Materials,49,INR
INV-2026-02817,CMP0947,CMP0662,2026-08-30,2026-11-28,3607000,Food Products,11,INR
INV-2026-02818,CMP0904,CMP0770,2026-07-09,2026-08-23,2162000,Pharmaceuticals,20,INR
INV-2026-02819,CMP0203,CMP0645,2026-09-19,2026-11-18,2856000,Electronics,30,INR
INV-2026-02820,CMP0532,CMP0508,2026-08-17,2026-11-15,1399000,Textiles,31,INR
INV-2026-02821,CMP0113,CMP0346,2026-09-05,2026-11-04,3376000,Raw Materials,34,INR
INV-2026-02822,CMP0888,CMP0693,2026-09-15,2026-10-30,402000,Electronics,37,INR
INV-2026-02823,CMP0049,CMP0782,2026-07-05,2026-08-04,1904000,Pharmaceuticals,19,INR
INV-2026-02824,CMP0129,CMP0301,2026-08-14,2026-11-12,3907000,Machinery,41,INR
INV-2026-02825,CMP0032,CMP0739,2026-08-12,2026-10-11,458000,Machinery,39,INR
INV-2026-02826,CMP0068,CMP0430,2026-08-01,2026-09-15,2952000,Food Products,27,INR
INV-2026-02827,CMP0131,CMP0295,2026-07-22,2026-10-20,1424000,Pharmaceuticals,50,INR
INV-2026-02828,CMP0993,CMP0711,2026-06-17,2026-08-16,1183000,Textiles,39,INR
INV-2026-02829,CMP0158,CMP0945,2026-06-29,2026-09-27,320000,Construction Materials,39,INR
INV-2026-02830,CMP0237,CMP0055,2026-09-06,2026-10-06,4927000,Pharmaceuticals,18,INR
INV-2026-02831,CMP0946,CMP0851,2026-09-25,2026-10-25,530000,Pharmaceuticals,22,INR
INV-2026-02832,CMP0152,CMP0478,2026-06-14,2026-07-14,2030000,Construction Materials,30,INR
INV-2026-02833,CMP0189,CMP0840,2026-07-21,2026-09-19,1543000,Machinery,17,INR
INV-2026-02834,CMP0504,CMP0984,2026-07-24,2026-08-23,2739000,Machinery,41,INR
INV-2026-02835,CMP0068,CMP0535,2026-06-17,2026-08-01,2228000,Raw Materials,22,INR
INV-2026-02836,CMP0626,CMP0541,2026-07-28,2026-09-26,2285000,Raw Materials,11,INR
INV-2026-02837,CMP0590,CMP0552,2026-09-15,2026-11-14,2035000,Electronics,27,INR
INV-2026-02838,CMP0701,CMP0426,2026-09-09,2026-12-08,3992000,Construction Materials,6,INR
INV-2026-02839,CMP0362,CMP0256,2026-06-03,2026-07-18,4925000,Raw Materials,28,INR
INV-2026-02840,CMP0788,CMP0935,2026-09-03,2026-11-02,1389000,Food Products,47,INR
INV-2026-02841,CMP0799,CMP0242,2026-07-12,2026-08-11,3348000,Machinery,47,INR
INV-2026-02842,CMP0208,CMP0147,2026-06-03,2026-07-03,4660000,Pharmaceuticals,41,INR
INV-2026-02843,CMP0057,CMP0443,2026-09-16,2026-12-15,2512000,Food Products,5,INR
INV-2026-02844,CMP0886,CMP0861,2026-07-09,2026-08-23,2603000,Food Products,33,INR
INV-2026-02845,CMP0501,CMP0256,2026-07-11,2026-09-09,2711000,Pharmaceuticals,4,INR
INV-2026-02846,CMP0732,CMP0944,2026-06-23,2026-08-07,2377000,Machinery,26,INR
INV-2026-02847,CMP0635,CMP0505,2026-06-19,2026-07-19,4954000,Pharmaceuticals,28,INR
INV-2026-02848,CMP0454,CMP0974,2026-09-12,2026-11-11,3029000,Electronics,15,INR
INV-2026-02849,CMP0637,CMP0202,2026-06-30,2026-09-28,2554000,Electronics,2,INR
INV-2026-02850,CMP0284,CMP0328,2026-09-03,2026-10-18,1786000,Construction Materials,45,INR
INV-2026-02851,CMP0356,CMP0179,2026-07-31,2026-09-14,4255000,Textiles,30,INR
INV-2026-02852,CMP0203,CMP0255,2026-06-13,2026-07-28,4235000,Raw Materials,2,INR
INV-2026-02853,CMP0957,CMP0493,2026-07-06,2026-09-04,1954000,Raw Materials,41,INR
INV-2026-02854,CMP0920,CMP0859,2026-06-07,2026-07-22,1755000,Raw Materials,28,INR
INV-2026-02855,CMP0318,CMP0104,2026-06-20,2026-08-19,1514000,Construction Materials,31,INR
INV-2026-02856,CMP0956,CMP0260,2026-08-21,2026-10-20,227000,Raw Materials,46,INR
INV-2026-02857,CMP0839,CMP0470,2026-06-08,2026-07-23,1338000,Raw Materials,23,INR
INV-2026-02858,CMP0046,CMP0332,2026-07-22,2026-08-21,644000,Raw Materials,16,INR
INV-2026-02859,CMP0842,CMP0136,2026-06-13,2026-07-13,2725000,Food Products,46,INR
INV-2026-02860,CMP0092,CMP0375,2026-07-12,2026-10-10,2970000,Machinery,38,INR
INV-2026-02861,CMP0979,CMP0990,2026-08-21,2026-09-20,2235000,Textiles,10,INR
INV-2026-02862,CMP0156,CMP0917,2026-07-14,2026-10-12,2500000,Textiles,5,INR
INV-2026-02863,CMP0081,CMP0608,2026-07-18,2026-09-16,1330000,Construction Materials,6,INR
INV-2026-02864,CMP0135,CMP0329,2026-08-05,2026-09-04,1955000,Food Products,50,INR
INV-2026-02865,CMP0530,CMP0078,2026-06-12,2026-07-27,4853000,Construction Materials,47,INR
INV-2026-02866,CMP0998,CMP0908,2026-09-24,2026-10-24,2878000,Textiles,46,INR
INV-2026-02867,CMP0761,CMP0229,2026-08-18,2026-10-17,2590000,Construction Materials,5,INR
INV-2026-02868,CMP0632,CMP0731,2026-06-15,2026-08-14,3903000,Pharmaceuticals,32,INR
INV-2026-02869,CMP0879,CMP0775,2026-07-16,2026-10-14,2622000,Machinery,26,INR
INV-2026-02870,CMP0443,CMP0817,2026-06-23,2026-08-07,1939000,Textiles,27,INR
INV-2026-02871,CMP0252,CMP0018,2026-06-16,2026-09-14,3577000,Raw Materials,5,INR
INV-2026-02872,CMP0688,CMP0686,2026-08-24,2026-10-23,4444000,Pharmaceuticals,28,INR
INV-2026-02873,CMP0244,CMP0324,2026-06-02,2026-07-02,1126000,Food Products,28,INR
INV-2026-02874,CMP0963,CMP0075,2026-06-06,2026-08-05,2611000,Raw Materials,4,INR
INV-2026-02875,CMP0322,CMP0622,2026-08-24,2026-11-22,4656000,Electronics,23,INR
INV-2026-02876,CMP0684,CMP0668,2026-08-16,2026-11-14,3490000,Food Products,5,INR
INV-2026-02877,CMP0314,CMP0195,2026-08-28,2026-11-26,1817000,Machinery,33,INR
INV-2026-02878,CMP0044,CMP0764,2026-06-05,2026-07-05,4906000,Machinery,6,INR
INV-2026-02879,CMP0939,CMP0292,2026-09-02,2026-10-02,3470000,Construction Materials,4,INR
INV-2026-02880,CMP0751,CMP0222,2026-06-20,2026-09-18,4964000,Construction Materials,33,INR
INV-2026-02881,CMP0538,CMP0513,2026-06-13,2026-07-28,4615000,Machinery,18,INR
INV-2026-02882,CMP0819,CMP0998,2026-08-24,2026-09-23,3250000,Food Products,16,INR
INV-2026-02883,CMP0569,CMP0536,2026-07-23,2026-10-21,982000,Pharmaceuticals,35,INR
INV-2026-02884,CMP0752,CMP0361,2026-08-07,2026-10-06,775000,Food Products,39,INR
INV-2026-02885,CMP0047,CMP0359,2026-08-24,2026-11-22,338000,Textiles,26,INR
INV-2026-02886,CMP0777,CMP0571,2026-09-06,2026-10-21,4443000,Food Products,31,INR
INV-2026-02887,CMP0181,CMP0537,2026-06-02,2026-08-31,330000,Raw Materials,46,INR
INV-2026-02888,CMP0500,CMP0161,2026-09-01,2026-10-01,64000,Pharmaceuticals,43,INR
INV-2026-02889,CMP0967,CMP0886,2026-07-28,2026-09-11,2428000,Pharmaceuticals,13,INR
INV-2026-02890,CMP0470,CMP0216,2026-07-24,2026-09-22,2931000,Machinery,30,INR
INV-2026-02891,CMP0529,CMP0229,2026-08-08,2026-09-22,285000,Machinery,50,INR
INV-2026-02892,CMP0410,CMP0619,2026-09-22,2026-11-21,3682000,Machinery,42,INR
INV-2026-02893,CMP0262,CMP0355,2026-08-17,2026-10-01,2376000,Food Products,30,INR
INV-2026-02894,CMP0914,CMP0082,2026-07-20,2026-10-18,2181000,Textiles,37,INR
INV-2026-02895,CMP0037,CMP0967,2026-07-19,2026-10-17,3611000,Food Products,24,INR
INV-2026-02896,CMP0071,CMP0890,2026-07-14,2026-10-12,4647000,Machinery,6,INR
INV-2026-02897,CMP0436,CMP0312,2026-07-26,2026-08-25,2952000,Textiles,43,INR
INV-2026-02898,CMP0623,CMP0815,2026-09-14,2026-12-13,3043000,Raw Materials,20,INR
INV-2026-02899,CMP0255,CMP0949,2026-08-04,2026-09-03,782000,Pharmaceuticals,42,INR
INV-2026-02900,CMP0450,CMP0215,2026-09-28,2026-11-12,4871000,Machinery,47,INR
INV-2026-02901,CMP0034,CMP0138,2026-08-07,2026-10-06,2913000,Food Products,22,INR
INV-2026-02902,CMP0777,CMP0810,2026-07-01,2026-09-29,1802000,Pharmaceuticals,31,INR
INV-2026-02903,CMP0494,CMP0814,2026-06-03,2026-07-18,2032000,Machinery,25,INR
INV-2026-02904,CMP0508,CMP0705,2026-08-01,2026-08-31,4614000,Electronics,11,INR
INV-2026-02905,CMP0860,CMP0426,2026-07-18,2026-09-16,932000,Electronics,31,INR
INV-2026-02906,CMP0690,CMP0158,2026-09-18,2026-10-18,153000,Raw Materials,17,INR
INV-2026-02907,CMP0681,CMP0059,2026-07-18,2026-09-16,1184000,Textiles,21,INR
INV-2026-02908,CMP0025,CMP0674,2026-07-14,2026-09-12,523000,Electronics,3,INR
INV-2026-02909,CMP0520,CMP0763,2026-08-25,2026-10-09,348000,Electronics,32,INR
INV-2026-02910,CMP0412,CMP0647,2026-07-01,2026-09-29,3803000,Raw Materials,20,INR
INV-2026-02911,CMP0387,CMP0100,2026-06-28,2026-07-28,3259000,Raw Materials,50,INR
INV-2026-02912,CMP0289,CMP0255,2026-06-29,2026-07-29,4360000,Machinery,2,INR
INV-2026-02913,CMP0595,CMP0082,2026-06-29,2026-08-28,2434000,Raw Materials,40,INR
INV-2026-02914,CMP0315,CMP0634,2026-06-03,2026-09-01,1901000,Pharmaceuticals,46,INR
INV-2026-02915,CMP0285,CMP0109,2026-08-12,2026-11-10,3635000,Textiles,18,INR
INV-2026-02916,CMP0424,CMP0773,2026-06-20,2026-09-18,3224000,Pharmaceuticals,13,INR
INV-2026-02917,CMP0368,CMP0103,2026-08-17,2026-11-15,4325000,Raw Materials,10,INR
INV-2026-02918,CMP0345,CMP0159,2026-09-08,2026-11-07,3755000,Pharmaceuticals,26,INR
INV-2026-02919,CMP0058,CMP0005,2026-06-17,2026-08-01,1409000,Machinery,9,INR
INV-2026-02920,CMP0230,CMP0919,2026-06-05,2026-08-04,2400000,Food Products,48,INR
INV-2026-02921,CMP0480,CMP0463,2026-06-24,2026-08-23,886000,Machinery,43,INR
INV-2026-02922,CMP0378,CMP0532,2026-09-03,2026-10-03,4669000,Construction Materials,17,INR
INV-2026-02923,CMP0105,CMP0946,2026-09-17,2026-11-01,4281000,Construction Materials,33,INR
INV-2026-02924,CMP0904,CMP0931,2026-07-14,2026-08-13,148000,Food Products,26,INR
INV-2026-02925,CMP0442,CMP0045,2026-09-11,2026-10-11,4492000,Construction Materials,12,INR
INV-2026-02926,CMP0223,CMP0594,2026-08-02,2026-10-01,1091000,Construction Materials,18,INR
INV-2026-02927,CMP0498,CMP0651,2026-08-14,2026-11-12,325000,Construction Materials,13,INR
INV-2026-02928,CMP0427,CMP0085,2026-06-18,2026-09-16,2723000,Food Products,40,INR
INV-2026-02929,CMP0331,CMP0850,2026-09-12,2026-11-11,4569000,Textiles,20,INR
INV-2026-02930,CMP0160,CMP0016,2026-06-21,2026-08-20,1235000,Pharmaceuticals,36,INR
INV-2026-02931,CMP0153,CMP0258,2026-08-09,2026-11-07,4446000,Raw Materials,47,INR
INV-2026-02932,CMP0073,CMP0251,2026-07-01,2026-09-29,3830000,Machinery,20,INR
INV-2026-02933,CMP0376,CMP0043,2026-09-29,2026-10-29,1904000,Construction Materials,8,INR
INV-2026-02934,CMP0936,CMP0546,2026-08-29,2026-10-13,308000,Food Products,44,INR
INV-2026-02935,CMP0390,CMP0647,2026-09-12,2026-10-12,4860000,Textiles,8,INR
INV-2026-02936,CMP0619,CMP0781,2026-08-25,2026-11-23,2086000,Machinery,25,INR
INV-2026-02937,CMP0088,CMP0026,2026-07-29,2026-08-28,2210000,Construction Materials,33,INR
INV-2026-02938,CMP0582,CMP0854,2026-09-15,2026-10-15,1066000,Construction Materials,38,INR
INV-2026-02939,CMP0824,CMP0819,2026-09-02,2026-11-01,1075000,Construction Materials,25,INR
INV-2026-02940,CMP0980,CMP0674,2026-06-19,2026-08-18,4959000,Pharmaceuticals,32,INR
INV-2026-02941,CMP0420,CMP0574,2026-08-25,2026-10-09,4573000,Textiles,5,INR
INV-2026-02942,CMP0993,CMP0047,2026-07-04,2026-08-03,1855000,Textiles,6,INR
INV-2026-02943,CMP0203,CMP0774,2026-08-06,2026-09-05,621000,Machinery,36,INR
INV-2026-02944,CMP0649,CMP0107,2026-06-02,2026-08-01,2606000,Machinery,45,INR
INV-2026-02945,CMP0721,CMP0238,2026-07-11,2026-08-10,1332000,Food Products,38,INR
INV-2026-02946,CMP0685,CMP0003,2026-07-10,2026-10-08,2587000,Machinery,33,INR
INV-2026-02947,CMP0370,CMP0425,2026-08-13,2026-10-12,61000,Construction Materials,4,INR
INV-2026-02948,CMP0827,CMP0925,2026-07-29,2026-08-28,3215000,Textiles,43,INR
INV-2026-02949,CMP0838,CMP0516,2026-08-07,2026-09-21,3808000,Machinery,2,INR
INV-2026-02950,CMP0203,CMP0108,2026-09-12,2026-11-11,2201000,Construction Materials,25,INR
INV-2026-02951,CMP0279,CMP0323,2026-06-17,2026-08-01,3931000,Food Products,21,INR
INV-2026-02952,CMP0678,CMP0484,2026-07-05,2026-08-04,4962000,Food Products,47,INR
INV-2026-02953,CMP0275,CMP0028,2026-06-28,2026-09-26,1872000,Textiles,17,INR
INV-2026-02954,CMP0634,CMP0643,2026-08-18,2026-11-16,4806000,Machinery,39,INR
INV-2026-02955,CMP0966,CMP0236,2026-08-17,2026-09-16,2072000,Pharmaceuticals,15,INR
INV-2026-02956,CMP0403,CMP0766,2026-06-12,2026-07-27,2416000,Construction Materials,41,INR
INV-2026-02957,CMP0415,CMP0987,2026-06-10,2026-07-10,2511000,Construction Materials,25,INR
INV-2026-02958,CMP0018,CMP0230,2026-07-25,2026-10-23,1424000,Textiles,15,INR
INV-2026-02959,CMP0963,CMP0067,2026-06-06,2026-08-05,4609000,Food Products,26,INR
INV-2026-02960,CMP0248,CMP0090,2026-06-11,2026-07-11,346000,Electronics,39,INR
INV-2026-02961,CMP0416,CMP0660,2026-07-08,2026-10-06,2772000,Construction Materials,7,INR
INV-2026-02962,CMP0170,CMP0330,2026-07-21,2026-08-20,1900000,Food Products,19,INR
INV-2026-02963,CMP0022,CMP0063,2026-07-27,2026-09-25,2351000,Electronics,26,INR
INV-2026-02964,CMP0476,CMP0614,2026-09-21,2026-12-20,2510000,Construction Materials,41,INR
INV-2026-02965,CMP0652,CMP0598,2026-08-15,2026-10-14,4300000,Electronics,17,INR
INV-2026-02966,CMP0530,CMP0072,2026-06-02,2026-07-17,3878000,Food Products,7,INR
INV-2026-02967,CMP0026,CMP0055,2026-09-11,2026-12-10,3785000,Machinery,49,INR
INV-2026-02968,CMP0074,CMP0456,2026-09-06,2026-10-21,4033000,Pharmaceuticals,31,INR
INV-2026-02969,CMP0321,CMP0588,2026-08-16,2026-09-30,2589000,Construction Materials,13,INR
INV-2026-02970,CMP0836,CMP0957,2026-07-27,2026-08-26,352000,Machinery,5,INR
INV-2026-02971,CMP0453,CMP0110,2026-08-30,2026-11-28,4750000,Construction Materials,4,INR
INV-2026-02972,CMP0038,CMP0285,2026-06-22,2026-07-22,243000,Textiles,19,INR
INV-2026-02973,CMP0301,CMP0089,2026-07-13,2026-10-11,2971000,Food Products,18,INR
INV-2026-02974,CMP0233,CMP0238,2026-08-25,2026-10-24,1961000,Pharmaceuticals,37,INR
INV-2026-02975,CMP0748,CMP0417,2026-07-18,2026-09-01,2855000,Raw Materials,37,INR
INV-2026-02976,CMP0112,CMP0492,2026-09-13,2026-10-28,267000,Pharmaceuticals,15,INR
INV-2026-02977,CMP0369,CMP0250,2026-09-21,2026-10-21,60000,Textiles,40,INR
INV-2026-02978,CMP0712,CMP0817,2026-08-14,2026-09-28,4847000,Food Products,41,INR
INV-2026-02979,CMP0414,CMP0357,2026-09-01,2026-11-30,1806000,Pharmaceuticals,8,INR
INV-2026-02980,CMP0981,CMP0758,2026-08-22,2026-11-20,3962000,Raw Materials,7,INR
INV-2026-02981,CMP0466,CMP0222,2026-09-20,2026-11-19,4702000,Construction Materials,28,INR
INV-2026-02982,CMP0712,CMP0935,2026-07-05,2026-10-03,1317000,Pharmaceuticals,47,INR
INV-2026-02983,CMP0156,CMP0952,2026-09-10,2026-11-09,1656000,Construction Materials,34,INR
INV-2026-02984,CMP0386,CMP0879,2026-08-24,2026-10-08,2749000,Construction Materials,40,INR
INV-2026-02985,CMP0158,CMP0887,2026-08-24,2026-11-22,3975000,Electronics,30,INR
INV-2026-02986,CMP0680,CMP0095,2026-08-29,2026-09-28,2186000,Raw Materials,18,INR
INV-2026-02987,CMP0591,CMP0206,2026-09-23,2026-12-22,1068000,Electronics,25,INR
INV-2026-02988,CMP0451,CMP0960,2026-07-26,2026-08-25,323000,Textiles,24,INR
INV-2026-02989,CMP0573,CMP0657,2026-08-01,2026-09-15,879000,Construction Materials,21,INR
INV-2026-02990,CMP0474,CMP0623,2026-06-16,2026-07-16,1076000,Food Products,9,INR
INV-2026-02991,CMP0348,CMP0026,2026-08-29,2026-10-13,3271000,Textiles,49,INR
INV-2026-02992,CMP0270,CMP0403,2026-07-22,2026-09-05,2526000,Construction Materials,38,INR
INV-2026-02993,CMP0548,CMP0711,2026-07-28,2026-08-27,4932000,Machinery,19,INR
INV-2026-02994,CMP0679,CMP0644,2026-07-17,2026-10-15,2734000,Machinery,15,INR
INV-2026-02995,CMP0614,CMP0735,2026-07-03,2026-08-17,1994000,Food Products,45,INR
INV-2026-02996,CMP0861,CMP0102,2026-07-21,2026-10-19,4481000,Pharmaceuticals,38,INR
INV-2026-02997,CMP0989,CMP0155,2026-07-12,2026-08-26,3016000,Electronics,42,INR
INV-2026-02998,CMP0057,CMP0338,2026-08-19,2026-10-03,245000,Food Products,4,INR
INV-2026-02999,CMP0008,CMP0050,2026-09-09,2026-10-09,707000,Pharmaceuticals,50,INR
INV-2026-03000,CMP0768,CMP0057,2026-09-13,2026-11-12,731000,Food Products,5,INR
INV-2026-03001,CMP0426,CMP0073,2026-07-29,2026-09-12,4845000,Electronics,17,INR
INV-2026-03002,CMP0807,CMP0259,2026-06-11,2026-07-26,4262000,Machinery,15,INR
INV-2026-03003,CMP0002,CMP0049,2026-08-05,2026-09-19,4605000,Pharmaceuticals,49,INR
INV-2026-03004,CMP0198,CMP0544,2026-08-25,2026-11-23,2531000,Construction Materials,37,INR
INV-2026-03005,CMP0640,CMP0053,2026-09-18,2026-12-17,4643000,Food Products,9,INR
INV-2026-03006,CMP0202,CMP0691,2026-06-10,2026-07-10,1836000,Textiles,43,INR
INV-2026-03007,CMP0269,CMP0542,2026-08-03,2026-11-01,1072000,Pharmaceuticals,16,INR
INV-2026-03008,CMP0644,CMP0423,2026-07-11,2026-10-09,3022000,Machinery,39,INR
INV-2026-03009,CMP0142,CMP0130,2026-09-07,2026-10-22,638000,Raw Materials,2,INR
INV-2026-03010,CMP0421,CMP0219,2026-08-07,2026-11-05,718000,Construction Materials,19,INR
INV-2026-03011,CMP0125,CMP0493,2026-06-09,2026-07-24,3199000,Construction Materials,2,INR
INV-2026-03012,CMP0160,CMP0195,2026-07-04,2026-08-03,3437000,Pharmaceuticals,41,INR
INV-2026-03013,CMP0447,CMP0623,2026-07-25,2026-09-08,2005000,Textiles,41,INR
INV-2026-03014,CMP0625,CMP0606,2026-07-23,2026-10-21,591000,Food Products,18,INR
INV-2026-03015,CMP0016,CMP0857,2026-06-19,2026-08-03,2047000,Construction Materials,37,INR
INV-2026-03016,CMP0683,CMP0070,2026-09-02,2026-10-17,4732000,Pharmaceuticals,12,INR
INV-2026-03017,CMP0352,CMP0144,2026-06-20,2026-09-18,4421000,Construction Materials,30,INR
INV-2026-03018,CMP0934,CMP0105,2026-07-19,2026-09-02,1482000,Food Products,38,INR
INV-2026-03019,CMP0267,CMP0620,2026-07-12,2026-08-26,4700000,Raw Materials,21,INR
INV-2026-03020,CMP0190,CMP0929,2026-09-06,2026-11-05,3445000,Textiles,20,INR
INV-2026-03021,CMP0701,CMP0533,2026-09-06,2026-10-21,2330000,Construction Materials,48,INR
INV-2026-03022,CMP0645,CMP0440,2026-07-26,2026-08-25,4491000,Construction Materials,8,INR
INV-2026-03023,CMP0077,CMP0317,2026-06-29,2026-07-29,1873000,Food Products,17,INR
INV-2026-03024,CMP0025,CMP0620,2026-06-04,2026-08-03,4307000,Electronics,32,INR
INV-2026-03025,CMP0491,CMP0088,2026-07-11,2026-09-09,2785000,Electronics,44,INR
INV-2026-03026,CMP0676,CMP0801,2026-09-07,2026-12-06,507000,Pharmaceuticals,11,INR
INV-2026-03027,CMP0799,CMP0494,2026-08-01,2026-08-31,4397000,Raw Materials,23,INR
INV-2026-03028,CMP0591,CMP0101,2026-06-03,2026-08-02,1294000,Food Products,16,INR
INV-2026-03029,CMP0480,CMP0173,2026-07-23,2026-09-06,1002000,Pharmaceuticals,26,INR
INV-2026-03030,CMP0405,CMP0743,2026-06-28,2026-08-12,234000,Raw Materials,21,INR
INV-2026-03031,CMP0521,CMP0305,2026-08-08,2026-09-07,643000,Raw Materials,40,INR
INV-2026-03032,CMP0328,CMP0353,2026-08-12,2026-11-10,4878000,Food Products,50,INR
INV-2026-03033,CMP0233,CMP0739,2026-09-26,2026-11-10,3780000,Electronics,23,INR
INV-2026-03034,CMP0501,CMP0874,2026-07-11,2026-09-09,4792000,Machinery,37,INR
INV-2026-03035,CMP0985,CMP0659,2026-07-03,2026-10-01,1246000,Textiles,44,INR
INV-2026-03036,CMP0088,CMP0076,2026-08-01,2026-09-15,577000,Food Products,30,INR
INV-2026-03037,CMP0013,CMP0224,2026-07-25,2026-09-08,4372000,Textiles,26,INR
INV-2026-03038,CMP0981,CMP0669,2026-09-19,2026-12-18,3843000,Machinery,7,INR
INV-2026-03039,CMP0165,CMP0374,2026-07-08,2026-08-22,4601000,Raw Materials,14,INR
INV-2026-03040,CMP0032,CMP0816,2026-08-09,2026-09-08,168000,Textiles,26,INR
INV-2026-03041,CMP0980,CMP0256,2026-09-04,2026-10-19,312000,Electronics,11,INR
INV-2026-03042,CMP0644,CMP0259,2026-06-18,2026-09-16,4626000,Raw Materials,11,INR
INV-2026-03043,CMP0819,CMP0114,2026-09-22,2026-12-21,372000,Pharmaceuticals,46,INR
INV-2026-03044,CMP0535,CMP0538,2026-06-11,2026-07-26,1710000,Pharmaceuticals,29,INR
INV-2026-03045,CMP0236,CMP0734,2026-07-16,2026-09-14,3546000,Electronics,23,INR
INV-2026-03046,CMP0153,CMP0189,2026-07-31,2026-09-14,71000,Machinery,5,INR
INV-2026-03047,CMP0632,CMP0460,2026-08-10,2026-10-09,234000,Raw Materials,35,INR
INV-2026-03048,CMP0482,CMP0260,2026-07-26,2026-09-09,618000,Food Products,40,INR
INV-2026-03049,CMP0715,CMP0441,2026-08-20,2026-11-18,1764000,Textiles,5,INR
INV-2026-03050,CMP0161,CMP0640,2026-07-16,2026-09-14,2730000,Machinery,44,INR
INV-2026-03051,CMP0727,CMP0020,2026-07-17,2026-08-16,200000,Machinery,33,INR
INV-2026-03052,CMP0118,CMP0634,2026-08-28,2026-10-27,2536000,Pharmaceuticals,9,INR
INV-2026-03053,CMP0132,CMP0440,2026-06-27,2026-07-27,1466000,Machinery,14,INR
INV-2026-03054,CMP0429,CMP0011,2026-06-18,2026-08-02,3751000,Raw Materials,21,INR
INV-2026-03055,CMP0040,CMP0158,2026-06-30,2026-07-30,4383000,Pharmaceuticals,13,INR
INV-2026-03056,CMP0686,CMP0279,2026-09-21,2026-11-20,1216000,Raw Materials,30,INR
INV-2026-03057,CMP0339,CMP0827,2026-08-13,2026-09-12,1726000,Food Products,50,INR
INV-2026-03058,CMP0587,CMP0145,2026-06-04,2026-07-04,4639000,Construction Materials,27,INR
INV-2026-03059,CMP0727,CMP0406,2026-06-16,2026-09-14,1861000,Construction Materials,28,INR
INV-2026-03060,CMP0627,CMP0395,2026-07-31,2026-09-29,4622000,Machinery,16,INR
INV-2026-03061,CMP0212,CMP0879,2026-07-03,2026-09-01,61000,Textiles,17,INR
INV-2026-03062,CMP0066,CMP0966,2026-07-20,2026-08-19,204000,Food Products,26,INR
INV-2026-03063,CMP0271,CMP0595,2026-06-01,2026-07-01,3853000,Pharmaceuticals,35,INR
INV-2026-03064,CMP0295,CMP0298,2026-08-10,2026-09-09,2763000,Machinery,22,INR
INV-2026-03065,CMP0747,CMP0672,2026-08-02,2026-10-31,828000,Textiles,10,INR
INV-2026-03066,CMP0595,CMP0969,2026-09-15,2026-10-30,3432000,Electronics,1,INR
INV-2026-03067,CMP0601,CMP0133,2026-06-13,2026-07-13,2472000,Textiles,1,INR
INV-2026-03068,CMP0326,CMP0838,2026-08-23,2026-11-21,198000,Electronics,37,INR
INV-2026-03069,CMP0723,CMP0426,2026-09-02,2026-10-17,858000,Machinery,22,INR
INV-2026-03070,CMP0857,CMP0167,2026-07-18,2026-09-01,2764000,Pharmaceuticals,16,INR
INV-2026-03071,CMP0714,CMP0167,2026-08-24,2026-09-23,1140000,Textiles,33,INR
INV-2026-03072,CMP0858,CMP0562,2026-07-29,2026-10-27,1631000,Pharmaceuticals,20,INR
INV-2026-03073,CMP0241,CMP0359,2026-09-03,2026-10-03,2270000,Pharmaceuticals,46,INR
INV-2026-03074,CMP0314,CMP0509,2026-06-23,2026-08-22,3364000,Pharmaceuticals,44,INR
INV-2026-03075,CMP0204,CMP0611,2026-06-06,2026-07-06,3032000,Machinery,8,INR
INV-2026-03076,CMP0937,CMP0338,2026-09-13,2026-11-12,1353000,Textiles,33,INR
INV-2026-03077,CMP0703,CMP0446,2026-07-30,2026-10-28,1537000,Pharmaceuticals,35,INR
INV-2026-03078,CMP0566,CMP0552,2026-07-22,2026-08-21,1501000,Raw Materials,6,INR
INV-2026-03079,CMP0456,CMP0283,2026-08-15,2026-09-14,4404000,Raw Materials,2,INR
INV-2026-03080,CMP0261,CMP0931,2026-09-11,2026-10-11,2988000,Pharmaceuticals,49,INR
INV-2026-03081,CMP0608,CMP0483,2026-09-16,2026-12-15,1014000,Machinery,20,INR
INV-2026-03082,CMP0847,CMP0923,2026-06-23,2026-08-07,1125000,Textiles,45,INR
INV-2026-03083,CMP0337,CMP0983,2026-08-24,2026-10-23,2466000,Electronics,12,INR
INV-2026-03084,CMP0047,CMP0334,2026-08-12,2026-11-10,2938000,Food Products,21,INR
INV-2026-03085,CMP0456,CMP0508,2026-08-17,2026-09-16,4961000,Machinery,44,INR
INV-2026-03086,CMP0193,CMP0805,2026-08-15,2026-09-29,3729000,Machinery,46,INR
INV-2026-03087,CMP0313,CMP0777,2026-07-30,2026-10-28,2764000,Raw Materials,29,INR
INV-2026-03088,CMP0896,CMP0257,2026-09-07,2026-10-07,2713000,Machinery,25,INR
INV-2026-03089,CMP0001,CMP0563,2026-09-23,2026-11-22,4719000,Electronics,37,INR
INV-2026-03090,CMP0476,CMP0934,2026-09-11,2026-10-11,369000,Textiles,43,INR
INV-2026-03091,CMP0951,CMP0988,2026-06-24,2026-07-24,1425000,Construction Materials,14,INR
INV-2026-03092,CMP0207,CMP0389,2026-08-16,2026-11-14,4323000,Machinery,1,INR
INV-2026-03093,CMP0938,CMP0527,2026-07-05,2026-10-03,1653000,Food Products,44,INR
INV-2026-03094,CMP0767,CMP0073,2026-08-25,2026-10-09,1114000,Machinery,44,INR
INV-2026-03095,CMP0943,CMP0508,2026-07-20,2026-08-19,2350000,Pharmaceuticals,8,INR
INV-2026-03096,CMP0766,CMP0253,2026-08-17,2026-11-15,4737000,Electronics,39,INR
INV-2026-03097,CMP0130,CMP0478,2026-08-21,2026-10-20,911000,Pharmaceuticals,26,INR
INV-2026-03098,CMP0958,CMP0050,2026-06-28,2026-09-26,1854000,Pharmaceuticals,35,INR
INV-2026-03099,CMP0904,CMP0532,2026-09-21,2026-11-05,2939000,Electronics,24,INR
INV-2026-03100,CMP0752,CMP0659,2026-09-19,2026-12-18,4644000,Electronics,42,INR
INV-2026-03101,CMP0108,CMP0560,2026-09-08,2026-10-23,2165000,Electronics,30,INR
INV-2026-03102,CMP0406,CMP0714,2026-06-07,2026-07-07,2038000,Pharmaceuticals,1,INR
INV-2026-03103,CMP0482,CMP0243,2026-08-15,2026-10-14,4116000,Electronics,38,INR
INV-2026-03104,CMP0627,CMP0871,2026-09-09,2026-11-08,2484000,Textiles,30,INR
INV-2026-03105,CMP0701,CMP0923,2026-09-20,2026-11-19,2119000,Textiles,8,INR
INV-2026-03106,CMP0871,CMP0987,2026-07-28,2026-10-26,404000,Electronics,11,INR
INV-2026-03107,CMP0762,CMP0437,2026-07-20,2026-09-18,1159000,Textiles,42,INR
INV-2026-03108,CMP0238,CMP0305,2026-09-15,2026-11-14,3752000,Electronics,7,INR
INV-2026-03109,CMP0706,CMP0401,2026-09-28,2026-11-27,303000,Raw Materials,22,INR
INV-2026-03110,CMP0594,CMP0668,2026-06-27,2026-08-26,4272000,Pharmaceuticals,41,INR
INV-2026-03111,CMP0728,CMP0883,2026-09-03,2026-10-03,4700000,Food Products,39,INR
INV-2026-03112,CMP0721,CMP0802,2026-07-25,2026-09-23,4738000,Electronics,21,INR
INV-2026-03113,CMP0462,CMP0520,2026-09-27,2026-12-26,1876000,Textiles,27,INR
INV-2026-03114,CMP0682,CMP0817,2026-06-10,2026-09-08,4573000,Food Products,34,INR
INV-2026-03115,CMP0317,CMP0844,2026-07-10,2026-08-09,1836000,Food Products,45,INR
INV-2026-03116,CMP0216,CMP0059,2026-08-23,2026-09-22,3677000,Construction Materials,44,INR
INV-2026-03117,CMP0861,CMP0478,2026-07-20,2026-08-19,3864000,Pharmaceuticals,41,INR
INV-2026-03118,CMP0881,CMP0198,2026-08-24,2026-09-23,2641000,Pharmaceuticals,41,INR
INV-2026-03119,CMP0003,CMP0504,2026-08-08,2026-09-22,4210000,Food Products,38,INR
INV-2026-03120,CMP0161,CMP0153,2026-06-26,2026-08-25,1612000,Textiles,1,INR
INV-2026-03121,CMP0242,CMP0926,2026-07-23,2026-09-21,1599000,Raw Materials,36,INR
INV-2026-03122,CMP0342,CMP0699,2026-09-02,2026-10-17,404000,Raw Materials,6,INR
INV-2026-03123,CMP0784,CMP0986,2026-09-28,2026-12-27,1182000,Textiles,13,INR
INV-2026-03124,CMP0163,CMP0470,2026-07-11,2026-09-09,1998000,Construction Materials,8,INR
INV-2026-03125,CMP0292,CMP0639,2026-06-20,2026-08-19,3740000,Electronics,45,INR
INV-2026-03126,CMP0055,CMP0193,2026-06-17,2026-08-01,1194000,Textiles,31,INR
INV-2026-03127,CMP0499,CMP0077,2026-07-25,2026-09-23,2442000,Machinery,38,INR
INV-2026-03128,CMP0249,CMP0728,2026-07-11,2026-09-09,2974000,Textiles,45,INR
INV-2026-03129,CMP0463,CMP0043,2026-06-05,2026-07-05,1268000,Food Products,8,INR
INV-2026-03130,CMP0482,CMP0258,2026-06-25,2026-09-23,653000,Textiles,17,INR
INV-2026-03131,CMP0960,CMP0956,2026-08-12,2026-10-11,3002000,Construction Materials,31,INR
INV-2026-03132,CMP0819,CMP0402,2026-09-07,2026-10-22,960000,Machinery,36,INR
INV-2026-03133,CMP0578,CMP0256,2026-06-12,2026-07-27,4941000,Food Products,44,INR
INV-2026-03134,CMP0750,CMP0774,2026-09-16,2026-12-15,166000,Textiles,2,INR
INV-2026-03135,CMP0449,CMP0753,2026-06-14,2026-07-29,3369000,Raw Materials,10,INR
INV-2026-03136,CMP0929,CMP0555,2026-08-23,2026-09-22,1990000,Textiles,25,INR
INV-2026-03137,CMP0304,CMP0291,2026-08-11,2026-10-10,3484000,Raw Materials,43,INR
INV-2026-03138,CMP0005,CMP0960,2026-07-18,2026-09-16,2152000,Textiles,22,INR
INV-2026-03139,CMP0595,CMP0341,2026-06-17,2026-09-15,468000,Raw Materials,46,INR
INV-2026-03140,CMP0341,CMP0439,2026-08-03,2026-11-01,104000,Food Products,50,INR
INV-2026-03141,CMP0552,CMP0621,2026-09-27,2026-11-11,2602000,Raw Materials,42,INR
INV-2026-03142,CMP0141,CMP0500,2026-09-18,2026-11-02,3408000,Electronics,47,INR
INV-2026-03143,CMP0616,CMP0064,2026-08-26,2026-11-24,2203000,Machinery,2,INR
INV-2026-03144,CMP0533,CMP0183,2026-07-22,2026-10-20,2050000,Pharmaceuticals,43,INR
INV-2026-03145,CMP0840,CMP0856,2026-07-25,2026-08-24,1214000,Raw Materials,44,INR
INV-2026-03146,CMP0189,CMP0154,2026-08-12,2026-11-10,558000,Textiles,22,INR
INV-2026-03147,CMP0693,CMP0024,2026-06-14,2026-09-12,3330000,Construction Materials,39,INR
INV-2026-03148,CMP0039,CMP0443,2026-06-04,2026-07-04,3836000,Textiles,44,INR
INV-2026-03149,CMP0111,CMP0177,2026-06-08,2026-07-23,366000,Electronics,14,INR
INV-2026-03150,CMP0259,CMP0317,2026-07-29,2026-10-27,321000,Electronics,31,INR
INV-2026-03151,CMP0916,CMP0168,2026-07-19,2026-09-02,988000,Pharmaceuticals,5,INR
INV-2026-03152,CMP0565,CMP0665,2026-08-27,2026-10-11,1636000,Construction Materials,44,INR
INV-2026-03153,CMP0838,CMP0237,2026-09-03,2026-10-03,4868000,Pharmaceuticals,39,INR
INV-2026-03154,CMP0162,CMP0592,2026-09-09,2026-10-24,3145000,Machinery,1,INR
INV-2026-03155,CMP0871,CMP0346,2026-06-04,2026-09-02,1887000,Machinery,11,INR
INV-2026-03156,CMP0178,CMP0942,2026-06-06,2026-07-06,3473000,Electronics,9,INR
INV-2026-03157,CMP0906,CMP0149,2026-06-30,2026-09-28,4235000,Food Products,48,INR
INV-2026-03158,CMP0287,CMP0187,2026-09-08,2026-10-08,3769000,Textiles,19,INR
INV-2026-03159,CMP0636,CMP0574,2026-08-02,2026-10-31,2705000,Construction Materials,11,INR
INV-2026-03160,CMP0913,CMP0561,2026-06-08,2026-09-06,1240000,Raw Materials,10,INR
INV-2026-03161,CMP0163,CMP0710,2026-09-15,2026-10-15,4297000,Machinery,11,INR
INV-2026-03162,CMP0432,CMP1000,2026-08-10,2026-09-09,4776000,Textiles,17,INR
INV-2026-03163,CMP0426,CMP0721,2026-07-17,2026-09-15,3483000,Raw Materials,48,INR
INV-2026-03164,CMP0903,CMP0278,2026-07-23,2026-08-22,4072000,Construction Materials,37,INR
INV-2026-03165,CMP0427,CMP0839,2026-08-22,2026-11-20,209000,Construction Materials,17,INR
INV-2026-03166,CMP0451,CMP0160,2026-09-26,2026-11-25,2155000,Raw Materials,24,INR
INV-2026-03167,CMP0473,CMP0223,2026-08-10,2026-11-08,3761000,Pharmaceuticals,17,INR
INV-2026-03168,CMP0481,CMP0507,2026-09-24,2026-11-23,4534000,Machinery,29,INR
INV-2026-03169,CMP0004,CMP0830,2026-07-24,2026-09-22,2283000,Food Products,30,INR
INV-2026-03170,CMP0470,CMP0795,2026-07-26,2026-08-25,483000,Raw Materials,40,INR
INV-2026-03171,CMP0527,CMP0513,2026-09-26,2026-11-10,3767000,Electronics,20,INR
INV-2026-03172,CMP0159,CMP0409,2026-06-08,2026-07-23,4329000,Electronics,10,INR
INV-2026-03173,CMP0916,CMP0411,2026-08-30,2026-11-28,633000,Textiles,8,INR
INV-2026-03174,CMP0449,CMP0028,2026-07-14,2026-08-28,60000,Construction Materials,32,INR
INV-2026-03175,CMP0077,CMP0661,2026-09-29,2026-12-28,4276000,Machinery,22,INR
INV-2026-03176,CMP0397,CMP0747,2026-08-09,2026-09-08,3308000,Construction Materials,13,INR
INV-2026-03177,CMP0077,CMP0707,2026-07-19,2026-09-17,3338000,Food Products,37,INR
INV-2026-03178,CMP0859,CMP0377,2026-06-19,2026-09-17,575000,Electronics,34,INR
INV-2026-03179,CMP0196,CMP0920,2026-09-21,2026-11-05,1059000,Construction Materials,49,INR
INV-2026-03180,CMP0269,CMP0137,2026-08-27,2026-10-26,4610000,Raw Materials,24,INR
INV-2026-03181,CMP0689,CMP0703,2026-06-11,2026-09-09,2262000,Construction Materials,2,INR
INV-2026-03182,CMP0087,CMP0591,2026-06-11,2026-08-10,4997000,Electronics,2,INR
INV-2026-03183,CMP0535,CMP0451,2026-09-28,2026-10-28,72000,Food Products,1,INR
INV-2026-03184,CMP0709,CMP0527,2026-08-02,2026-09-01,3329000,Textiles,11,INR
INV-2026-03185,CMP0041,CMP0492,2026-08-23,2026-09-22,3878000,Pharmaceuticals,4,INR
INV-2026-03186,CMP0483,CMP0847,2026-06-08,2026-08-07,2386000,Raw Materials,15,INR
INV-2026-03187,CMP0435,CMP0999,2026-08-14,2026-10-13,4538000,Pharmaceuticals,29,INR
INV-2026-03188,CMP0612,CMP0389,2026-08-29,2026-10-13,3761000,Pharmaceuticals,19,INR
INV-2026-03189,CMP0423,CMP0086,2026-07-12,2026-08-11,489000,Machinery,3,INR
INV-2026-03190,CMP0949,CMP0849,2026-09-27,2026-10-27,4724000,Machinery,44,INR
INV-2026-03191,CMP0481,CMP0053,2026-08-03,2026-10-02,919000,Machinery,47,INR
INV-2026-03192,CMP0181,CMP0013,2026-06-07,2026-07-22,3099000,Textiles,43,INR
INV-2026-03193,CMP0296,CMP0579,2026-06-21,2026-08-05,3929000,Pharmaceuticals,44,INR
INV-2026-03194,CMP0633,CMP0180,2026-06-11,2026-07-11,318000,Pharmaceuticals,12,INR
INV-2026-03195,CMP0635,CMP0923,2026-07-17,2026-10-15,3905000,Textiles,42,INR
INV-2026-03196,CMP0472,CMP0691,2026-08-21,2026-10-05,2784000,Construction Materials,39,INR
INV-2026-03197,CMP0433,CMP0330,2026-09-19,2026-12-18,4924000,Pharmaceuticals,20,INR
INV-2026-03198,CMP0261,CMP0852,2026-07-15,2026-08-29,1418000,Food Products,43,INR
INV-2026-03199,CMP0695,CMP0697,2026-08-25,2026-10-09,2162000,Machinery,19,INR
INV-2026-03200,CMP0086,CMP0415,2026-06-15,2026-08-14,2378000,Construction Materials,47,INR
INV-2026-03201,CMP0217,CMP0452,2026-06-06,2026-08-05,2439000,Machinery,13,INR
INV-2026-03202,CMP0245,CMP0470,2026-09-20,2026-12-19,1932000,Construction Materials,28,INR
INV-2026-03203,CMP0816,CMP0770,2026-09-03,2026-12-02,3289000,Food Products,35,INR
INV-2026-03204,CMP0118,CMP0762,2026-09-07,2026-10-07,3136000,Construction Materials,34,INR
INV-2026-03205,CMP0328,CMP0352,2026-09-07,2026-10-07,4116000,Construction Materials,30,INR
INV-2026-03206,CMP0309,CMP0614,2026-09-11,2026-11-10,430000,Electronics,20,INR
INV-2026-03207,CMP0631,CMP0741,2026-08-06,2026-09-05,3252000,Textiles,18,INR
INV-2026-03208,CMP0603,CMP0627,2026-08-05,2026-09-04,335000,Raw Materials,22,INR
INV-2026-03209,CMP0516,CMP0411,2026-07-07,2026-08-06,1450000,Pharmaceuticals,23,INR
INV-2026-03210,CMP0455,CMP0262,2026-07-13,2026-08-12,2225000,Electronics,40,INR
INV-2026-03211,CMP0592,CMP0572,2026-06-27,2026-08-11,3627000,Textiles,24,INR
INV-2026-03212,CMP0784,CMP0250,2026-06-19,2026-09-17,2649000,Pharmaceuticals,38,INR
INV-2026-03213,CMP0112,CMP0100,2026-06-12,2026-07-12,1004000,Pharmaceuticals,34,INR
INV-2026-03214,CMP0381,CMP0820,2026-08-08,2026-10-07,630000,Food Products,44,INR
INV-2026-03215,CMP0435,CMP0919,2026-08-18,2026-10-17,4241000,Electronics,15,INR
INV-2026-03216,CMP0839,CMP0170,2026-07-02,2026-08-31,675000,Construction Materials,37,INR
INV-2026-03217,CMP0422,CMP0121,2026-08-25,2026-10-09,4146000,Machinery,43,INR
INV-2026-03218,CMP0465,CMP0741,2026-08-23,2026-10-22,1676000,Pharmaceuticals,35,INR
INV-2026-03219,CMP0009,CMP0899,2026-09-22,2026-11-06,376000,Raw Materials,43,INR
INV-2026-03220,CMP0880,CMP0429,2026-06-20,2026-08-19,2218000,Electronics,32,INR
INV-2026-03221,CMP0679,CMP0955,2026-06-02,2026-08-01,1149000,Construction Materials,22,INR
INV-2026-03222,CMP0304,CMP0560,2026-09-14,2026-12-13,1393000,Construction Materials,36,INR
INV-2026-03223,CMP0886,CMP0105,2026-06-09,2026-08-08,1204000,Food Products,44,INR
INV-2026-03224,CMP0262,CMP0624,2026-07-06,2026-10-04,4472000,Textiles,25,INR
INV-2026-03225,CMP0006,CMP0302,2026-08-14,2026-09-28,1479000,Food Products,7,INR
INV-2026-03226,CMP0494,CMP0739,2026-09-26,2026-11-25,4536000,Pharmaceuticals,31,INR
INV-2026-03227,CMP0814,CMP0901,2026-06-11,2026-08-10,1526000,Food Products,6,INR
INV-2026-03228,CMP0470,CMP0188,2026-07-14,2026-08-13,4138000,Construction Materials,18,INR
INV-2026-03229,CMP0353,CMP0820,2026-08-19,2026-10-03,1230000,Food Products,29,INR
INV-2026-03230,CMP0886,CMP0966,2026-08-19,2026-11-17,3555000,Electronics,35,INR
INV-2026-03231,CMP0538,CMP0473,2026-07-13,2026-09-11,3905000,Textiles,22,INR
INV-2026-03232,CMP0526,CMP0265,2026-09-06,2026-11-05,3752000,Machinery,16,INR
INV-2026-03233,CMP0285,CMP0005,2026-09-26,2026-11-10,996000,Pharmaceuticals,38,INR
INV-2026-03234,CMP0709,CMP0219,2026-09-22,2026-10-22,3457000,Pharmaceuticals,22,INR
INV-2026-03235,CMP0986,CMP0617,2026-06-24,2026-09-22,3613000,Textiles,43,INR
INV-2026-03236,CMP0066,CMP0716,2026-06-27,2026-08-26,4813000,Food Products,16,INR
INV-2026-03237,CMP0529,CMP0618,2026-06-15,2026-07-30,272000,Construction Materials,18,INR
INV-2026-03238,CMP0862,CMP0541,2026-09-09,2026-11-08,2395000,Food Products,39,INR
INV-2026-03239,CMP0249,CMP0433,2026-07-23,2026-08-22,2912000,Machinery,24,INR
INV-2026-03240,CMP0420,CMP0568,2026-06-18,2026-08-02,3343000,Pharmaceuticals,16,INR
INV-2026-03241,CMP0889,CMP0918,2026-09-29,2026-12-28,558000,Machinery,43,INR
INV-2026-03242,CMP0429,CMP0344,2026-08-06,2026-09-05,2117000,Construction Materials,21,INR
INV-2026-03243,CMP0992,CMP0238,2026-07-19,2026-08-18,886000,Raw Materials,46,INR
INV-2026-03244,CMP0134,CMP0461,2026-07-01,2026-08-15,2503000,Machinery,14,INR
INV-2026-03245,CMP0858,CMP0451,2026-09-12,2026-12-11,1493000,Machinery,35,INR
INV-2026-03246,CMP0424,CMP0651,2026-07-07,2026-09-05,1376000,Food Products,23,INR
INV-2026-03247,CMP0429,CMP0193,2026-09-11,2026-10-11,563000,Raw Materials,41,INR
INV-2026-03248,CMP0079,CMP0215,2026-08-29,2026-09-28,4503000,Food Products,35,INR
INV-2026-03249,CMP0868,CMP0191,2026-09-24,2026-12-23,4617000,Electronics,49,INR
INV-2026-03250,CMP0818,CMP0049,2026-07-24,2026-08-23,3286000,Textiles,45,INR
INV-2026-03251,CMP0904,CMP0306,2026-08-19,2026-10-18,2890000,Electronics,26,INR
INV-2026-03252,CMP0386,CMP0238,2026-07-26,2026-09-24,2947000,Pharmaceuticals,19,INR
INV-2026-03253,CMP0082,CMP0536,2026-06-22,2026-08-06,285000,Textiles,9,INR
INV-2026-03254,CMP0078,CMP0961,2026-09-26,2026-12-25,1453000,Food Products,38,INR
INV-2026-03255,CMP0043,CMP0934,2026-09-15,2026-11-14,2639000,Food Products,38,INR
INV-2026-03256,CMP0945,CMP0732,2026-09-06,2026-11-05,4358000,Raw Materials,35,INR
INV-2026-03257,CMP0514,CMP0912,2026-08-28,2026-10-27,1330000,Food Products,3,INR
INV-2026-03258,CMP0337,CMP0158,2026-07-02,2026-08-01,414000,Pharmaceuticals,15,INR
INV-2026-03259,CMP0860,CMP0691,2026-09-13,2026-12-12,1422000,Machinery,47,INR
INV-2026-03260,CMP0773,CMP0886,2026-06-27,2026-08-11,1422000,Machinery,14,INR
INV-2026-03261,CMP0889,CMP0443,2026-08-06,2026-11-04,3176000,Textiles,9,INR
INV-2026-03262,CMP0807,CMP0454,2026-08-09,2026-11-07,3986000,Raw Materials,28,INR
INV-2026-03263,CMP0968,CMP0555,2026-06-24,2026-09-22,2818000,Raw Materials,34,INR
INV-2026-03264,CMP0474,CMP0757,2026-06-04,2026-07-19,3152000,Raw Materials,1,INR
INV-2026-03265,CMP0518,CMP0935,2026-07-28,2026-09-11,4007000,Construction Materials,18,INR
INV-2026-03266,CMP0449,CMP0994,2026-09-04,2026-10-04,705000,Food Products,12,INR
INV-2026-03267,CMP0682,CMP0550,2026-09-14,2026-10-29,1914000,Textiles,41,INR
INV-2026-03268,CMP0649,CMP0356,2026-08-01,2026-09-15,3066000,Textiles,28,INR
INV-2026-03269,CMP0178,CMP0198,2026-09-18,2026-12-17,1107000,Food Products,42,INR
INV-2026-03270,CMP0731,CMP0786,2026-06-08,2026-08-07,349000,Textiles,14,INR
INV-2026-03271,CMP0348,CMP0544,2026-08-30,2026-11-28,2970000,Raw Materials,4,INR
INV-2026-03272,CMP0965,CMP0129,2026-06-29,2026-08-13,3837000,Raw Materials,36,INR
INV-2026-03273,CMP0353,CMP0836,2026-09-27,2026-10-27,3721000,Textiles,46,INR
INV-2026-03274,CMP0168,CMP0808,2026-06-06,2026-07-21,2135000,Textiles,22,INR
INV-2026-03275,CMP0346,CMP0298,2026-08-06,2026-09-20,3413000,Electronics,29,INR
INV-2026-03276,CMP0914,CMP0938,2026-08-23,2026-09-22,3803000,Textiles,7,INR
INV-2026-03277,CMP0107,CMP0426,2026-08-11,2026-09-10,3954000,Textiles,38,INR
INV-2026-03278,CMP0432,CMP0653,2026-07-22,2026-10-20,2388000,Raw Materials,34,INR
INV-2026-03279,CMP0401,CMP0862,2026-07-19,2026-08-18,2862000,Textiles,18,INR
INV-2026-03280,CMP0528,CMP0688,2026-09-04,2026-12-03,2217000,Food Products,48,INR
INV-2026-03281,CMP0234,CMP0213,2026-08-31,2026-10-15,1585000,Electronics,5,INR
INV-2026-03282,CMP0988,CMP0707,2026-07-07,2026-09-05,1385000,Textiles,35,INR
INV-2026-03283,CMP0477,CMP0941,2026-06-04,2026-07-04,3635000,Pharmaceuticals,28,INR
INV-2026-03284,CMP0913,CMP0166,2026-08-26,2026-10-25,2009000,Textiles,38,INR
INV-2026-03285,CMP0861,CMP0608,2026-06-21,2026-09-19,2335000,Textiles,3,INR
INV-2026-03286,CMP0500,CMP0423,2026-08-21,2026-10-20,246000,Raw Materials,4,INR
INV-2026-03287,CMP0088,CMP0132,2026-06-29,2026-08-13,436000,Electronics,33,INR
INV-2026-03288,CMP0030,CMP0711,2026-07-01,2026-09-29,1011000,Machinery,49,INR
INV-2026-03289,CMP0385,CMP0148,2026-06-29,2026-08-13,4508000,Textiles,28,INR
INV-2026-03290,CMP0563,CMP0640,2026-07-12,2026-08-11,486000,Machinery,35,INR
INV-2026-03291,CMP0690,CMP0018,2026-07-17,2026-08-31,1008000,Raw Materials,30,INR
INV-2026-03292,CMP0287,CMP0858,2026-07-12,2026-10-10,1669000,Food Products,2,INR
INV-2026-03293,CMP0133,CMP0652,2026-08-02,2026-09-16,3735000,Electronics,50,INR
INV-2026-03294,CMP0472,CMP0073,2026-09-27,2026-12-26,2661000,Textiles,39,INR
INV-2026-03295,CMP0442,CMP0676,2026-07-30,2026-09-28,3065000,Textiles,32,INR
INV-2026-03296,CMP0349,CMP0582,2026-08-18,2026-10-17,2861000,Textiles,2,INR
INV-2026-03297,CMP0913,CMP0351,2026-09-23,2026-11-07,2705000,Pharmaceuticals,41,INR
INV-2026-03298,CMP0397,CMP0138,2026-08-30,2026-09-29,4663000,Food Products,8,INR
INV-2026-03299,CMP0308,CMP0527,2026-09-21,2026-11-20,3036000,Machinery,36,INR
INV-2026-03300,CMP0230,CMP0640,2026-09-29,2026-11-13,2876000,Pharmaceuticals,21,INR
INV-2026-03301,CMP0135,CMP0757,2026-06-19,2026-07-19,3056000,Food Products,43,INR
INV-2026-03302,CMP0793,CMP0543,2026-06-21,2026-07-21,4151000,Food Products,42,INR
INV-2026-03303,CMP0321,CMP0099,2026-08-18,2026-10-02,599000,Machinery,20,INR
INV-2026-03304,CMP0853,CMP0930,2026-08-02,2026-10-01,3115000,Pharmaceuticals,19,INR
INV-2026-03305,CMP0328,CMP0153,2026-09-11,2026-10-26,541000,Machinery,43,INR
INV-2026-03306,CMP0139,CMP0485,2026-09-06,2026-11-05,3209000,Food Products,13,INR
INV-2026-03307,CMP0027,CMP0526,2026-06-19,2026-08-18,4530000,Machinery,13,INR
INV-2026-03308,CMP0843,CMP0747,2026-08-27,2026-10-11,3018000,Raw Materials,47,INR
INV-2026-03309,CMP0960,CMP0094,2026-09-03,2026-11-02,1430000,Textiles,1,INR
INV-2026-03310,CMP0755,CMP0720,2026-08-14,2026-09-28,1466000,Construction Materials,28,INR
INV-2026-03311,CMP0240,CMP0297,2026-08-13,2026-10-12,230000,Machinery,12,INR
INV-2026-03312,CMP0817,CMP0734,2026-09-14,2026-10-14,775000,Textiles,46,INR
INV-2026-03313,CMP0851,CMP0676,2026-07-16,2026-10-14,1399000,Electronics,21,INR
INV-2026-03314,CMP0597,CMP0582,2026-08-30,2026-09-29,550000,Textiles,31,INR
INV-2026-03315,CMP0623,CMP0936,2026-06-12,2026-07-27,2121000,Construction Materials,42,INR
INV-2026-03316,CMP0243,CMP0926,2026-07-12,2026-09-10,1310000,Food Products,1,INR
INV-2026-03317,CMP0089,CMP0567,2026-06-12,2026-07-12,4918000,Raw Materials,20,INR
INV-2026-03318,CMP0759,CMP0987,2026-07-04,2026-09-02,1960000,Food Products,5,INR
INV-2026-03319,CMP0207,CMP0220,2026-09-07,2026-12-06,4971000,Pharmaceuticals,12,INR
INV-2026-03320,CMP0914,CMP0473,2026-08-09,2026-11-07,3552000,Machinery,12,INR
INV-2026-03321,CMP0506,CMP0245,2026-09-13,2026-10-28,2428000,Machinery,50,INR
INV-2026-03322,CMP0120,CMP0155,2026-09-07,2026-10-22,262000,Electronics,6,INR
INV-2026-03323,CMP0905,CMP0713,2026-08-04,2026-09-03,1719000,Raw Materials,3,INR
INV-2026-03324,CMP0095,CMP0297,2026-09-18,2026-11-17,4900000,Electronics,3,INR
INV-2026-03325,CMP0167,CMP0633,2026-08-17,2026-09-16,4356000,Electronics,35,INR
INV-2026-03326,CMP0661,CMP0541,2026-08-14,2026-11-12,625000,Pharmaceuticals,27,INR
INV-2026-03327,CMP0310,CMP0829,2026-06-21,2026-08-05,3002000,Machinery,37,INR
INV-2026-03328,CMP0111,CMP0693,2026-09-20,2026-10-20,4766000,Electronics,10,INR
INV-2026-03329,CMP0072,CMP0687,2026-06-25,2026-08-24,1827000,Food Products,36,INR
INV-2026-03330,CMP0745,CMP0837,2026-06-13,2026-09-11,1744000,Raw Materials,15,INR
INV-2026-03331,CMP0779,CMP0442,2026-08-02,2026-09-01,3316000,Textiles,46,INR
INV-2026-03332,CMP0902,CMP0713,2026-09-25,2026-12-24,616000,Machinery,1,INR
INV-2026-03333,CMP0879,CMP0671,2026-08-28,2026-09-27,1833000,Electronics,8,INR
INV-2026-03334,CMP0910,CMP0519,2026-07-08,2026-08-07,3975000,Textiles,2,INR
INV-2026-03335,CMP0115,CMP0245,2026-09-09,2026-10-24,1737000,Machinery,49,INR
INV-2026-03336,CMP0909,CMP0255,2026-09-11,2026-11-10,2281000,Electronics,24,INR
INV-2026-03337,CMP0441,CMP0029,2026-06-10,2026-08-09,4089000,Electronics,31,INR
INV-2026-03338,CMP0789,CMP0401,2026-06-08,2026-09-06,2875000,Food Products,23,INR
INV-2026-03339,CMP0770,CMP0721,2026-07-16,2026-10-14,1307000,Raw Materials,15,INR
INV-2026-03340,CMP0078,CMP0846,2026-09-05,2026-10-20,3141000,Machinery,26,INR
INV-2026-03341,CMP0027,CMP0856,2026-08-24,2026-11-22,1654000,Pharmaceuticals,33,INR
INV-2026-03342,CMP0746,CMP0079,2026-08-23,2026-09-22,810000,Textiles,50,INR
INV-2026-03343,CMP0911,CMP0707,2026-09-17,2026-10-17,3650000,Raw Materials,49,INR
INV-2026-03344,CMP0878,CMP0588,2026-09-19,2026-11-03,3155000,Machinery,28,INR
INV-2026-03345,CMP0409,CMP0891,2026-06-03,2026-07-03,3831000,Textiles,39,INR
INV-2026-03346,CMP0623,CMP0288,2026-09-25,2026-12-24,3348000,Food Products,44,INR
INV-2026-03347,CMP0620,CMP0252,2026-09-07,2026-10-22,1171000,Raw Materials,45,INR
INV-2026-03348,CMP0473,CMP0061,2026-08-03,2026-09-02,289000,Pharmaceuticals,44,INR
INV-2026-03349,CMP0326,CMP0536,2026-09-09,2026-10-09,122000,Electronics,32,INR
INV-2026-03350,CMP0888,CMP0935,2026-07-06,2026-08-05,588000,Electronics,27,INR
INV-2026-03351,CMP0203,CMP0256,2026-06-28,2026-08-27,1545000,Raw Materials,2,INR
INV-2026-03352,CMP0819,CMP0771,2026-07-14,2026-10-12,3377000,Textiles,19,INR
INV-2026-03353,CMP0903,CMP0713,2026-08-28,2026-10-12,4487000,Electronics,42,INR
INV-2026-03354,CMP0176,CMP0250,2026-07-13,2026-08-12,3884000,Construction Materials,37,INR
INV-2026-03355,CMP0505,CMP0191,2026-08-07,2026-10-06,1214000,Electronics,45,INR
INV-2026-03356,CMP0145,CMP0703,2026-08-10,2026-10-09,3112000,Pharmaceuticals,18,INR
INV-2026-03357,CMP0365,CMP0324,2026-06-28,2026-07-28,972000,Electronics,27,INR
INV-2026-03358,CMP0801,CMP0025,2026-09-26,2026-11-25,1809000,Electronics,11,INR
INV-2026-03359,CMP0797,CMP0770,2026-07-25,2026-10-23,1976000,Electronics,36,INR
INV-2026-03360,CMP0931,CMP0212,2026-08-30,2026-11-28,4537000,Raw Materials,26,INR
INV-2026-03361,CMP0900,CMP0577,2026-06-19,2026-08-03,1627000,Electronics,2,INR
INV-2026-03362,CMP0034,CMP0265,2026-07-23,2026-09-21,1978000,Food Products,24,INR
INV-2026-03363,CMP0532,CMP0319,2026-07-24,2026-09-22,3435000,Electronics,28,INR
INV-2026-03364,CMP0756,CMP0492,2026-06-13,2026-09-11,2227000,Raw Materials,32,INR
INV-2026-03365,CMP0786,CMP0091,2026-06-05,2026-09-03,1117000,Raw Materials,7,INR
INV-2026-03366,CMP0469,CMP0341,2026-09-22,2026-11-06,2877000,Electronics,29,INR
INV-2026-03367,CMP0493,CMP0410,2026-06-16,2026-08-15,355000,Textiles,33,INR
INV-2026-03368,CMP0310,CMP0005,2026-06-14,2026-07-14,4251000,Pharmaceuticals,50,INR
INV-2026-03369,CMP0276,CMP0260,2026-07-18,2026-10-16,701000,Raw Materials,35,INR
INV-2026-03370,CMP0116,CMP0724,2026-08-31,2026-10-15,2602000,Pharmaceuticals,25,INR
INV-2026-03371,CMP0914,CMP0071,2026-07-24,2026-10-22,645000,Machinery,7,INR
INV-2026-03372,CMP0315,CMP0396,2026-09-19,2026-11-03,304000,Food Products,5,INR
INV-2026-03373,CMP0092,CMP0529,2026-07-22,2026-08-21,1413000,Construction Materials,22,INR
INV-2026-03374,CMP0350,CMP0348,2026-07-19,2026-09-17,2258000,Textiles,12,INR
INV-2026-03375,CMP0760,CMP0408,2026-07-02,2026-09-30,4152000,Electronics,49,INR
INV-2026-03376,CMP0262,CMP0948,2026-08-03,2026-11-01,1946000,Machinery,18,INR
INV-2026-03377,CMP0827,CMP0028,2026-07-08,2026-09-06,1675000,Pharmaceuticals,44,INR
INV-2026-03378,CMP0323,CMP0288,2026-09-17,2026-11-16,2818000,Pharmaceuticals,27,INR
INV-2026-03379,CMP0807,CMP0435,2026-06-02,2026-07-17,284000,Machinery,6,INR
INV-2026-03380,CMP0095,CMP0616,2026-08-22,2026-10-06,3438000,Raw Materials,32,INR
INV-2026-03381,CMP0795,CMP0154,2026-08-06,2026-11-04,1856000,Construction Materials,38,INR
INV-2026-03382,CMP0483,CMP0929,2026-08-27,2026-10-11,2237000,Pharmaceuticals,7,INR
INV-2026-03383,CMP0668,CMP0878,2026-09-04,2026-10-19,3695000,Food Products,34,INR
INV-2026-03384,CMP0238,CMP0548,2026-08-24,2026-09-23,3061000,Electronics,21,INR
INV-2026-03385,CMP0858,CMP0696,2026-06-03,2026-07-18,3744000,Textiles,2,INR
INV-2026-03386,CMP0800,CMP0734,2026-06-11,2026-09-09,4748000,Pharmaceuticals,24,INR
INV-2026-03387,CMP0034,CMP0557,2026-06-09,2026-07-24,979000,Food Products,45,INR
INV-2026-03388,CMP0810,CMP0266,2026-07-01,2026-08-30,207000,Construction Materials,34,INR
INV-2026-03389,CMP0644,CMP0258,2026-07-05,2026-08-19,4653000,Construction Materials,48,INR
INV-2026-03390,CMP0985,CMP0486,2026-06-05,2026-07-05,3846000,Pharmaceuticals,27,INR
INV-2026-03391,CMP0177,CMP0830,2026-09-27,2026-11-26,4039000,Pharmaceuticals,43,INR
INV-2026-03392,CMP0591,CMP0344,2026-07-10,2026-08-24,1066000,Electronics,23,INR
INV-2026-03393,CMP0262,CMP0292,2026-07-25,2026-09-23,3221000,Textiles,9,INR
INV-2026-03394,CMP0856,CMP0087,2026-09-16,2026-11-15,3949000,Construction Materials,28,INR
INV-2026-03395,CMP0134,CMP0487,2026-06-22,2026-07-22,2858000,Machinery,8,INR
INV-2026-03396,CMP0425,CMP0991,2026-08-22,2026-11-20,597000,Raw Materials,18,INR
INV-2026-03397,CMP0314,CMP0473,2026-08-24,2026-10-23,4801000,Pharmaceuticals,49,INR
INV-2026-03398,CMP0327,CMP0600,2026-06-30,2026-08-29,1558000,Pharmaceuticals,8,INR
INV-2026-03399,CMP0836,CMP0420,2026-08-10,2026-09-24,1793000,Construction Materials,11,INR
INV-2026-03400,CMP0433,CMP0286,2026-08-17,2026-11-15,4263000,Pharmaceuticals,6,INR
INV-2026-03401,CMP0704,CMP0979,2026-06-07,2026-07-07,428000,Food Products,1,INR
INV-2026-03402,CMP0477,CMP0570,2026-06-17,2026-08-16,897000,Pharmaceuticals,42,INR
INV-2026-03403,CMP0346,CMP0460,2026-06-10,2026-07-25,3368000,Machinery,18,INR
INV-2026-03404,CMP0895,CMP0797,2026-07-09,2026-09-07,4688000,Machinery,45,INR
INV-2026-03405,CMP0944,CMP0874,2026-06-23,2026-08-07,2412000,Textiles,46,INR
INV-2026-03406,CMP0360,CMP0793,2026-09-09,2026-10-24,1276000,Pharmaceuticals,14,INR
INV-2026-03407,CMP0495,CMP0174,2026-09-12,2026-12-11,4431000,Pharmaceuticals,23,INR
INV-2026-03408,CMP0881,CMP0416,2026-08-13,2026-09-12,4079000,Pharmaceuticals,14,INR
INV-2026-03409,CMP0050,CMP0941,2026-07-24,2026-09-22,1184000,Food Products,18,INR
INV-2026-03410,CMP0653,CMP0468,2026-06-13,2026-07-13,3919000,Textiles,34,INR
INV-2026-03411,CMP0574,CMP0134,2026-09-15,2026-12-14,580000,Machinery,44,INR
INV-2026-03412,CMP0912,CMP0535,2026-07-06,2026-08-05,4920000,Pharmaceuticals,1,INR
INV-2026-03413,CMP0500,CMP0746,2026-06-16,2026-07-16,4775000,Food Products,8,INR
INV-2026-03414,CMP0078,CMP0308,2026-07-03,2026-09-01,3337000,Food Products,46,INR
INV-2026-03415,CMP0666,CMP0084,2026-08-14,2026-09-28,894000,Machinery,49,INR
INV-2026-03416,CMP0591,CMP0469,2026-09-11,2026-11-10,3025000,Raw Materials,47,INR
INV-2026-03417,CMP0786,CMP0310,2026-06-28,2026-08-27,4059000,Pharmaceuticals,12,INR
INV-2026-03418,CMP0247,CMP0509,2026-07-08,2026-10-06,4005000,Food Products,1,INR
INV-2026-03419,CMP0058,CMP0481,2026-08-11,2026-09-10,4640000,Pharmaceuticals,10,INR
INV-2026-03420,CMP0349,CMP0249,2026-07-13,2026-08-12,1463000,Raw Materials,6,INR
INV-2026-03421,CMP0769,CMP0666,2026-09-15,2026-10-15,4595000,Electronics,11,INR
INV-2026-03422,CMP0774,CMP0170,2026-08-01,2026-08-31,3377000,Electronics,27,INR
INV-2026-03423,CMP0682,CMP0416,2026-09-02,2026-10-02,3424000,Raw Materials,35,INR
INV-2026-03424,CMP0441,CMP0370,2026-08-10,2026-09-24,1715000,Construction Materials,37,INR
INV-2026-03425,CMP0663,CMP0370,2026-06-09,2026-09-07,3813000,Textiles,26,INR
INV-2026-03426,CMP0777,CMP0846,2026-06-18,2026-07-18,4388000,Construction Materials,46,INR
INV-2026-03427,CMP0002,CMP0850,2026-06-25,2026-09-23,163000,Machinery,49,INR
INV-2026-03428,CMP0768,CMP0608,2026-07-28,2026-08-27,223000,Construction Materials,16,INR
INV-2026-03429,CMP0500,CMP0533,2026-08-07,2026-11-05,547000,Pharmaceuticals,46,INR
INV-2026-03430,CMP0783,CMP0446,2026-06-29,2026-08-13,4801000,Machinery,32,INR
INV-2026-03431,CMP0820,CMP0861,2026-08-13,2026-09-27,337000,Textiles,33,INR
INV-2026-03432,CMP0278,CMP0609,2026-08-26,2026-11-24,1316000,Food Products,47,INR
INV-2026-03433,CMP0312,CMP0554,2026-09-19,2026-12-18,3656000,Pharmaceuticals,12,INR
INV-2026-03434,CMP0631,CMP0420,2026-06-08,2026-09-06,2897000,Construction Materials,19,INR
INV-2026-03435,CMP0690,CMP0885,2026-09-12,2026-11-11,2253000,Food Products,21,INR
INV-2026-03436,CMP0453,CMP0137,2026-07-31,2026-10-29,3548000,Textiles,44,INR
INV-2026-03437,CMP0283,CMP0092,2026-08-05,2026-09-19,4949000,Electronics,7,INR
INV-2026-03438,CMP0458,CMP0601,2026-08-03,2026-11-01,2273000,Electronics,23,INR
INV-2026-03439,CMP0004,CMP0880,2026-06-25,2026-08-24,380000,Textiles,49,INR
INV-2026-03440,CMP0136,CMP0773,2026-06-08,2026-07-23,1271000,Food Products,12,INR
INV-2026-03441,CMP0407,CMP0627,2026-06-08,2026-07-23,1899000,Raw Materials,48,INR
INV-2026-03442,CMP0399,CMP0680,2026-07-15,2026-08-29,2144000,Textiles,29,INR
INV-2026-03443,CMP0229,CMP0248,2026-08-18,2026-09-17,132000,Food Products,49,INR
INV-2026-03444,CMP0794,CMP0840,2026-09-08,2026-10-08,2162000,Pharmaceuticals,25,INR
INV-2026-03445,CMP0233,CMP0344,2026-07-26,2026-09-24,758000,Raw Materials,42,INR
INV-2026-03446,CMP0153,CMP0279,2026-07-22,2026-10-20,3859000,Textiles,8,INR
INV-2026-03447,CMP0129,CMP0351,2026-06-26,2026-09-24,4620000,Construction Materials,41,INR
INV-2026-03448,CMP0589,CMP0608,2026-06-08,2026-08-07,252000,Construction Materials,14,INR
INV-2026-03449,CMP0410,CMP0741,2026-08-16,2026-09-30,3393000,Raw Materials,9,INR
INV-2026-03450,CMP0505,CMP0445,2026-06-28,2026-08-27,1938000,Raw Materials,10,INR
INV-2026-03451,CMP0546,CMP0967,2026-08-29,2026-11-27,2957000,Raw Materials,50,INR
INV-2026-03452,CMP0970,CMP0790,2026-06-30,2026-09-28,4306000,Raw Materials,15,INR
INV-2026-03453,CMP0510,CMP0691,2026-06-24,2026-08-23,1497000,Construction Materials,38,INR
INV-2026-03454,CMP0213,CMP0105,2026-06-30,2026-08-14,339000,Pharmaceuticals,31,INR
INV-2026-03455,CMP0845,CMP0786,2026-06-01,2026-07-31,485000,Raw Materials,42,INR
INV-2026-03456,CMP0213,CMP0258,2026-06-27,2026-09-25,328000,Machinery,18,INR
INV-2026-03457,CMP0203,CMP0196,2026-09-22,2026-11-06,1960000,Pharmaceuticals,8,INR
INV-2026-03458,CMP0648,CMP0642,2026-09-22,2026-11-06,4452000,Electronics,18,INR
INV-2026-03459,CMP0376,CMP0409,2026-06-17,2026-08-16,725000,Pharmaceuticals,32,INR
INV-2026-03460,CMP0913,CMP0561,2026-07-05,2026-10-03,153000,Raw Materials,29,INR
INV-2026-03461,CMP0104,CMP0607,2026-09-11,2026-11-10,4340000,Construction Materials,44,INR
INV-2026-03462,CMP0694,CMP0117,2026-07-24,2026-10-22,3961000,Electronics,2,INR
INV-2026-03463,CMP0916,CMP0669,2026-07-08,2026-09-06,3213000,Construction Materials,46,INR
INV-2026-03464,CMP0366,CMP0315,2026-09-02,2026-10-17,2527000,Machinery,24,INR
INV-2026-03465,CMP0502,CMP0682,2026-09-10,2026-10-25,4468000,Food Products,40,INR
INV-2026-03466,CMP0685,CMP0162,2026-07-08,2026-08-07,3614000,Textiles,14,INR
INV-2026-03467,CMP0731,CMP0149,2026-06-26,2026-09-24,3738000,Electronics,34,INR
INV-2026-03468,CMP0372,CMP0632,2026-07-04,2026-08-18,1722000,Electronics,36,INR
INV-2026-03469,CMP0219,CMP0651,2026-06-05,2026-07-20,4737000,Electronics,30,INR
INV-2026-03470,CMP0629,CMP0933,2026-09-25,2026-11-09,3889000,Pharmaceuticals,14,INR
INV-2026-03471,CMP0083,CMP0711,2026-06-03,2026-07-18,3099000,Raw Materials,7,INR
INV-2026-03472,CMP0609,CMP0523,2026-09-05,2026-12-04,3114000,Textiles,24,INR
INV-2026-03473,CMP0799,CMP0083,2026-06-17,2026-08-16,294000,Machinery,26,INR
INV-2026-03474,CMP0447,CMP0445,2026-07-22,2026-08-21,4342000,Food Products,42,INR
INV-2026-03475,CMP0469,CMP0229,2026-08-03,2026-11-01,2488000,Food Products,6,INR
INV-2026-03476,CMP0892,CMP0305,2026-08-13,2026-11-11,4705000,Raw Materials,10,INR
INV-2026-03477,CMP0573,CMP0598,2026-09-01,2026-10-01,2985000,Pharmaceuticals,1,INR
INV-2026-03478,CMP0237,CMP0541,2026-06-24,2026-08-23,2793000,Raw Materials,31,INR
INV-2026-03479,CMP0391,CMP0173,2026-06-14,2026-08-13,1300000,Textiles,37,INR
INV-2026-03480,CMP0778,CMP0411,2026-09-25,2026-12-24,2032000,Textiles,14,INR
INV-2026-03481,CMP0587,CMP0693,2026-06-30,2026-08-29,3446000,Electronics,22,INR
INV-2026-03482,CMP0939,CMP0611,2026-06-01,2026-07-16,2417000,Electronics,37,INR
INV-2026-03483,CMP0357,CMP0329,2026-07-24,2026-09-22,2392000,Food Products,50,INR
INV-2026-03484,CMP0679,CMP0669,2026-06-26,2026-07-26,3064000,Food Products,4,INR
INV-2026-03485,CMP0526,CMP0503,2026-06-05,2026-07-05,1829000,Raw Materials,48,INR
INV-2026-03486,CMP0873,CMP0094,2026-08-24,2026-10-08,178000,Pharmaceuticals,30,INR
INV-2026-03487,CMP0963,CMP0209,2026-08-25,2026-11-23,3164000,Raw Materials,44,INR
INV-2026-03488,CMP0761,CMP0997,2026-07-15,2026-10-13,1424000,Pharmaceuticals,30,INR
INV-2026-03489,CMP0210,CMP0738,2026-06-22,2026-08-06,1572000,Textiles,33,INR
INV-2026-03490,CMP0463,CMP0275,2026-06-28,2026-07-28,4672000,Food Products,43,INR
INV-2026-03491,CMP0401,CMP0006,2026-08-14,2026-09-13,836000,Machinery,39,INR
INV-2026-03492,CMP0011,CMP0310,2026-08-06,2026-11-04,4545000,Food Products,47,INR
INV-2026-03493,CMP0994,CMP0745,2026-09-04,2026-12-03,237000,Raw Materials,48,INR
INV-2026-03494,CMP0158,CMP0424,2026-07-09,2026-10-07,2585000,Construction Materials,50,INR
INV-2026-03495,CMP0572,CMP0908,2026-08-20,2026-10-04,4727000,Pharmaceuticals,31,INR
INV-2026-03496,CMP0527,CMP0366,2026-08-20,2026-10-19,3024000,Machinery,31,INR
INV-2026-03497,CMP0442,CMP0815,2026-09-09,2026-10-09,527000,Electronics,13,INR
INV-2026-03498,CMP0508,CMP0100,2026-07-08,2026-09-06,3448000,Pharmaceuticals,36,INR
INV-2026-03499,CMP0111,CMP0015,2026-07-15,2026-10-13,2389000,Construction Materials,16,INR
INV-2026-03500,CMP0733,CMP0279,2026-07-26,2026-09-24,3478000,Textiles,32,INR
INV-2026-03501,CMP0812,CMP0219,2026-08-09,2026-11-07,1965000,Construction Materials,36,INR
INV-2026-03502,CMP0904,CMP0059,2026-06-17,2026-07-17,2717000,Pharmaceuticals,22,INR
INV-2026-03503,CMP0399,CMP0448,2026-09-26,2026-10-26,2874000,Electronics,13,INR
INV-2026-03504,CMP0454,CMP0556,2026-09-03,2026-12-02,2531000,Food Products,6,INR
INV-2026-03505,CMP0608,CMP0542,2026-08-04,2026-09-18,4471000,Food Products,18,INR
INV-2026-03506,CMP0252,CMP0835,2026-07-16,2026-08-15,2212000,Electronics,26,INR
INV-2026-03507,CMP0521,CMP0327,2026-08-04,2026-09-03,1805000,Food Products,11,INR
INV-2026-03508,CMP0765,CMP0332,2026-06-20,2026-08-04,523000,Machinery,33,INR
INV-2026-03509,CMP0882,CMP0585,2026-09-15,2026-12-14,4897000,Textiles,26,INR
INV-2026-03510,CMP0822,CMP0623,2026-07-04,2026-08-18,1404000,Textiles,50,INR
INV-2026-03511,CMP0896,CMP0238,2026-07-03,2026-10-01,2985000,Electronics,22,INR
INV-2026-03512,CMP0182,CMP0115,2026-09-13,2026-10-13,1579000,Pharmaceuticals,23,INR
INV-2026-03513,CMP0399,CMP0033,2026-08-04,2026-11-02,1976000,Machinery,1,INR
INV-2026-03514,CMP0534,CMP0560,2026-06-27,2026-08-26,418000,Construction Materials,20,INR
INV-2026-03515,CMP0430,CMP0637,2026-07-19,2026-10-17,2431000,Machinery,20,INR
INV-2026-03516,CMP0602,CMP0822,2026-06-28,2026-09-26,530000,Food Products,17,INR
INV-2026-03517,CMP0452,CMP0283,2026-07-26,2026-08-25,3814000,Pharmaceuticals,48,INR
INV-2026-03518,CMP0903,CMP0084,2026-06-11,2026-07-26,3540000,Raw Materials,8,INR
INV-2026-03519,CMP0832,CMP0347,2026-09-05,2026-10-20,412000,Pharmaceuticals,37,INR
INV-2026-03520,CMP0836,CMP0697,2026-08-29,2026-10-28,3368000,Textiles,36,INR
INV-2026-03521,CMP0808,CMP0419,2026-08-31,2026-09-30,4168000,Pharmaceuticals,37,INR
INV-2026-03522,CMP0925,CMP0655,2026-06-06,2026-08-05,413000,Machinery,21,INR
INV-2026-03523,CMP0534,CMP0617,2026-06-28,2026-08-12,1865000,Textiles,9,INR
INV-2026-03524,CMP0866,CMP0557,2026-08-31,2026-11-29,3457000,Machinery,7,INR
INV-2026-03525,CMP0835,CMP0229,2026-07-11,2026-09-09,4273000,Pharmaceuticals,1,INR
INV-2026-03526,CMP0785,CMP0884,2026-06-22,2026-08-21,262000,Construction Materials,31,INR
INV-2026-03527,CMP0198,CMP0809,2026-06-02,2026-07-02,4298000,Machinery,5,INR
INV-2026-03528,CMP0189,CMP0877,2026-09-12,2026-11-11,2460000,Construction Materials,30,INR
INV-2026-03529,CMP0097,CMP0987,2026-06-12,2026-08-11,4489000,Electronics,4,INR
INV-2026-03530,CMP0395,CMP0766,2026-08-16,2026-10-15,792000,Electronics,37,INR
INV-2026-03531,CMP0790,CMP0593,2026-06-25,2026-09-23,999000,Pharmaceuticals,47,INR
INV-2026-03532,CMP0383,CMP0038,2026-07-14,2026-08-13,2968000,Electronics,7,INR
INV-2026-03533,CMP0688,CMP0833,2026-06-29,2026-09-27,4908000,Electronics,29,INR
INV-2026-03534,CMP0084,CMP0514,2026-09-10,2026-12-09,3597000,Machinery,31,INR
INV-2026-03535,CMP0008,CMP0550,2026-08-22,2026-10-21,143000,Electronics,10,INR
INV-2026-03536,CMP0612,CMP0872,2026-08-30,2026-10-14,1721000,Construction Materials,36,INR
INV-2026-03537,CMP0929,CMP0733,2026-06-03,2026-09-01,3045000,Pharmaceuticals,7,INR
INV-2026-03538,CMP0615,CMP0433,2026-06-20,2026-08-04,735000,Raw Materials,9,INR
INV-2026-03539,CMP0077,CMP0781,2026-07-06,2026-09-04,1645000,Raw Materials,9,INR
INV-2026-03540,CMP0044,CMP0577,2026-06-06,2026-07-06,2222000,Construction Materials,14,INR
INV-2026-03541,CMP0490,CMP0894,2026-09-28,2026-12-27,648000,Food Products,24,INR
INV-2026-03542,CMP0535,CMP0570,2026-07-20,2026-09-03,2907000,Pharmaceuticals,29,INR
INV-2026-03543,CMP0262,CMP0554,2026-07-20,2026-10-18,106000,Machinery,5,INR
INV-2026-03544,CMP0708,CMP0941,2026-09-24,2026-12-23,1535000,Construction Materials,48,INR
INV-2026-03545,CMP0135,CMP0739,2026-08-23,2026-10-07,318000,Machinery,25,INR
INV-2026-03546,CMP0607,CMP0851,2026-09-29,2026-10-29,3085000,Food Products,21,INR
INV-2026-03547,CMP0503,CMP0690,2026-06-22,2026-07-22,814000,Machinery,36,INR
INV-2026-03548,CMP0442,CMP0050,2026-08-09,2026-09-08,569000,Machinery,43,INR
INV-2026-03549,CMP0748,CMP0135,2026-09-20,2026-11-04,1934000,Raw Materials,4,INR
INV-2026-03550,CMP0187,CMP0333,2026-08-14,2026-11-12,2975000,Electronics,47,INR
INV-2026-03551,CMP0938,CMP0139,2026-07-25,2026-09-08,537000,Raw Materials,8,INR
INV-2026-03552,CMP0810,CMP0292,2026-08-16,2026-11-14,2842000,Electronics,43,INR
INV-2026-03553,CMP0705,CMP0518,2026-09-17,2026-10-17,913000,Electronics,46,INR
INV-2026-03554,CMP0397,CMP0649,2026-08-13,2026-11-11,932000,Construction Materials,36,INR
INV-2026-03555,CMP0050,CMP0991,2026-07-16,2026-08-15,2410000,Textiles,11,INR
INV-2026-03556,CMP0092,CMP0067,2026-09-05,2026-10-05,1204000,Construction Materials,14,INR
INV-2026-03557,CMP0812,CMP0433,2026-08-06,2026-09-05,98000,Food Products,18,INR
INV-2026-03558,CMP0795,CMP0106,2026-09-07,2026-10-07,4611000,Textiles,17,INR
INV-2026-03559,CMP0766,CMP0816,2026-09-16,2026-10-16,3384000,Electronics,45,INR
INV-2026-03560,CMP0078,CMP0709,2026-09-25,2026-10-25,4142000,Textiles,3,INR
INV-2026-03561,CMP0824,CMP0794,2026-09-16,2026-10-31,4570000,Textiles,28,INR
INV-2026-03562,CMP0578,CMP0334,2026-07-06,2026-09-04,2209000,Machinery,26,INR
INV-2026-03563,CMP0012,CMP0605,2026-09-15,2026-10-15,2773000,Food Products,9,INR
INV-2026-03564,CMP0709,CMP0968,2026-07-04,2026-09-02,3791000,Food Products,28,INR
INV-2026-03565,CMP0609,CMP0571,2026-08-27,2026-10-26,1855000,Electronics,42,INR
INV-2026-03566,CMP0042,CMP0499,2026-06-19,2026-08-18,2162000,Machinery,20,INR
INV-2026-03567,CMP0147,CMP0682,2026-07-08,2026-09-06,181000,Food Products,42,INR
INV-2026-03568,CMP0454,CMP0930,2026-06-23,2026-08-22,3581000,Construction Materials,13,INR
INV-2026-03569,CMP0691,CMP0780,2026-07-07,2026-10-05,4421000,Food Products,49,INR
INV-2026-03570,CMP0400,CMP0620,2026-09-21,2026-11-20,751000,Raw Materials,3,INR
INV-2026-03571,CMP0099,CMP0401,2026-08-03,2026-09-17,2390000,Electronics,41,INR
INV-2026-03572,CMP0411,CMP0127,2026-07-08,2026-10-06,3895000,Electronics,21,INR
INV-2026-03573,CMP0597,CMP0929,2026-06-18,2026-09-16,167000,Raw Materials,39,INR
INV-2026-03574,CMP0826,CMP0457,2026-06-11,2026-07-11,3229000,Construction Materials,25,INR
INV-2026-03575,CMP0397,CMP0141,2026-07-22,2026-10-20,4474000,Machinery,50,INR
INV-2026-03576,CMP0195,CMP0316,2026-08-06,2026-09-20,4938000,Textiles,26,INR
INV-2026-03577,CMP0898,CMP0562,2026-09-26,2026-12-25,4920000,Food Products,42,INR
INV-2026-03578,CMP0048,CMP0128,2026-07-18,2026-10-16,3292000,Raw Materials,32,INR
INV-2026-03579,CMP0764,CMP0503,2026-06-06,2026-07-21,2469000,Machinery,24,INR
INV-2026-03580,CMP0842,CMP0958,2026-06-17,2026-08-01,4123000,Machinery,46,INR
INV-2026-03581,CMP0961,CMP0152,2026-06-19,2026-08-18,2690000,Raw Materials,13,INR
INV-2026-03582,CMP0349,CMP0156,2026-09-14,2026-12-13,2848000,Construction Materials,3,INR
INV-2026-03583,CMP0001,CMP0534,2026-09-04,2026-11-03,2679000,Electronics,25,INR
INV-2026-03584,CMP0900,CMP0065,2026-06-24,2026-07-24,3757000,Textiles,4,INR
INV-2026-03585,CMP0348,CMP0792,2026-06-02,2026-08-01,1280000,Pharmaceuticals,15,INR
INV-2026-03586,CMP0339,CMP0204,2026-06-25,2026-07-25,768000,Electronics,18,INR
INV-2026-03587,CMP0381,CMP0941,2026-06-03,2026-08-02,3439000,Electronics,40,INR
INV-2026-03588,CMP0236,CMP0296,2026-07-02,2026-08-16,1273000,Raw Materials,47,INR
INV-2026-03589,CMP0736,CMP0729,2026-06-01,2026-07-01,1062000,Raw Materials,38,INR
INV-2026-03590,CMP0278,CMP0939,2026-09-22,2026-11-06,2164000,Pharmaceuticals,7,INR
INV-2026-03591,CMP0812,CMP0834,2026-09-25,2026-10-25,2320000,Textiles,2,INR
INV-2026-03592,CMP0827,CMP0926,2026-09-27,2026-12-26,4459000,Electronics,15,INR
INV-2026-03593,CMP0272,CMP0712,2026-08-27,2026-11-25,1662000,Construction Materials,31,INR
INV-2026-03594,CMP0606,CMP0781,2026-06-20,2026-08-19,4506000,Machinery,49,INR
INV-2026-03595,CMP0153,CMP0099,2026-07-25,2026-09-08,990000,Raw Materials,6,INR
INV-2026-03596,CMP0223,CMP0504,2026-09-19,2026-10-19,4685000,Electronics,7,INR
INV-2026-03597,CMP0669,CMP0016,2026-09-11,2026-12-10,399000,Raw Materials,20,INR
INV-2026-03598,CMP0167,CMP0997,2026-07-15,2026-10-13,3395000,Electronics,50,INR
INV-2026-03599,CMP0632,CMP0773,2026-09-12,2026-10-27,3615000,Pharmaceuticals,22,INR
INV-2026-03600,CMP0371,CMP0517,2026-07-28,2026-09-26,3928000,Construction Materials,23,INR
INV-2026-03601,CMP0888,CMP0131,2026-06-28,2026-08-27,3466000,Electronics,34,INR
INV-2026-03602,CMP0974,CMP0546,2026-06-26,2026-09-24,1227000,Construction Materials,41,INR
INV-2026-03603,CMP0153,CMP0323,2026-07-08,2026-08-22,2596000,Raw Materials,41,INR
INV-2026-03604,CMP0330,CMP0208,2026-06-15,2026-07-15,2728000,Food Products,34,INR
INV-2026-03605,CMP0696,CMP0571,2026-08-10,2026-09-09,1578000,Textiles,3,INR
INV-2026-03606,CMP0256,CMP0258,2026-07-17,2026-08-31,2805000,Electronics,48,INR
INV-2026-03607,CMP0540,CMP0192,2026-07-31,2026-09-14,4234000,Machinery,17,INR
INV-2026-03608,CMP0452,CMP0407,2026-07-26,2026-10-24,3923000,Food Products,46,INR
INV-2026-03609,CMP0046,CMP0546,2026-08-09,2026-11-07,1102000,Textiles,21,INR
INV-2026-03610,CMP0724,CMP0714,2026-07-28,2026-08-27,4150000,Pharmaceuticals,43,INR
INV-2026-03611,CMP0133,CMP0057,2026-07-11,2026-08-25,3921000,Machinery,44,INR
INV-2026-03612,CMP0863,CMP0842,2026-08-31,2026-11-29,1812000,Electronics,24,INR
INV-2026-03613,CMP0619,CMP0195,2026-07-18,2026-09-01,891000,Food Products,9,INR
INV-2026-03614,CMP0098,CMP0673,2026-08-01,2026-09-30,332000,Pharmaceuticals,6,INR
INV-2026-03615,CMP0264,CMP0810,2026-06-29,2026-07-29,2207000,Pharmaceuticals,8,INR
INV-2026-03616,CMP0016,CMP0825,2026-06-11,2026-08-10,3225000,Textiles,23,INR
INV-2026-03617,CMP0146,CMP0606,2026-07-19,2026-09-17,4944000,Textiles,46,INR
INV-2026-03618,CMP0473,CMP0320,2026-09-28,2026-11-12,2271000,Raw Materials,5,INR
INV-2026-03619,CMP0610,CMP0815,2026-06-13,2026-07-13,3972000,Pharmaceuticals,24,INR
INV-2026-03620,CMP0233,CMP0839,2026-09-22,2026-11-21,2040000,Construction Materials,38,INR
INV-2026-03621,CMP0956,CMP0462,2026-08-19,2026-11-17,1398000,Construction Materials,40,INR
INV-2026-03622,CMP0479,CMP0030,2026-06-04,2026-07-04,805000,Pharmaceuticals,14,INR
INV-2026-03623,CMP0811,CMP0649,2026-06-29,2026-08-28,2528000,Textiles,39,INR
INV-2026-03624,CMP0615,CMP0509,2026-09-03,2026-11-02,3034000,Construction Materials,36,INR
INV-2026-03625,CMP0735,CMP0424,2026-09-02,2026-10-02,613000,Construction Materials,31,INR
INV-2026-03626,CMP0525,CMP0414,2026-08-30,2026-10-14,489000,Machinery,24,INR
INV-2026-03627,CMP0587,CMP0605,2026-08-03,2026-10-02,1307000,Raw Materials,30,INR
INV-2026-03628,CMP0448,CMP0941,2026-08-05,2026-09-19,1848000,Food Products,19,INR
INV-2026-03629,CMP0598,CMP0889,2026-09-26,2026-11-10,418000,Raw Materials,8,INR
INV-2026-03630,CMP0165,CMP0172,2026-06-30,2026-08-29,1575000,Textiles,36,INR
INV-2026-03631,CMP0042,CMP0952,2026-06-02,2026-08-01,3646000,Food Products,14,INR
INV-2026-03632,CMP0703,CMP0121,2026-09-02,2026-10-17,2607000,Construction Materials,26,INR
INV-2026-03633,CMP0569,CMP0475,2026-07-29,2026-10-27,2586000,Pharmaceuticals,32,INR
INV-2026-03634,CMP0262,CMP0007,2026-06-03,2026-07-18,3810000,Food Products,25,INR
INV-2026-03635,CMP0421,CMP0881,2026-07-22,2026-08-21,2943000,Machinery,44,INR
INV-2026-03636,CMP0991,CMP0461,2026-08-31,2026-10-15,3143000,Raw Materials,36,INR
INV-2026-03637,CMP0873,CMP0159,2026-09-19,2026-11-03,1034000,Construction Materials,44,INR
INV-2026-03638,CMP0661,CMP0552,2026-06-16,2026-07-31,1090000,Construction Materials,33,INR
INV-2026-03639,CMP0426,CMP0886,2026-06-22,2026-09-20,4450000,Electronics,17,INR
INV-2026-03640,CMP0781,CMP0451,2026-07-25,2026-09-23,1144000,Pharmaceuticals,14,INR
INV-2026-03641,CMP0614,CMP0211,2026-09-17,2026-10-17,1668000,Textiles,47,INR
INV-2026-03642,CMP0798,CMP0369,2026-09-16,2026-12-15,4852000,Electronics,11,INR
INV-2026-03643,CMP0679,CMP0779,2026-09-24,2026-12-23,350000,Food Products,43,INR
INV-2026-03644,CMP0990,CMP0407,2026-09-22,2026-11-21,315000,Electronics,23,INR
INV-2026-03645,CMP0238,CMP0097,2026-06-26,2026-08-25,1538000,Pharmaceuticals,17,INR
INV-2026-03646,CMP0211,CMP0349,2026-09-12,2026-11-11,4318000,Electronics,36,INR
INV-2026-03647,CMP0094,CMP0116,2026-08-24,2026-10-23,4316000,Construction Materials,28,INR
INV-2026-03648,CMP0360,CMP0101,2026-07-04,2026-08-18,1311000,Machinery,2,INR
INV-2026-03649,CMP0894,CMP0399,2026-07-30,2026-08-29,1975000,Food Products,49,INR
INV-2026-03650,CMP0725,CMP0020,2026-08-11,2026-09-25,2564000,Construction Materials,25,INR
INV-2026-03651,CMP0259,CMP0641,2026-06-13,2026-07-13,4383000,Pharmaceuticals,27,INR
INV-2026-03652,CMP0745,CMP0347,2026-07-15,2026-09-13,4796000,Pharmaceuticals,36,INR
INV-2026-03653,CMP0826,CMP0641,2026-08-13,2026-10-12,3099000,Raw Materials,5,INR
INV-2026-03654,CMP0638,CMP0253,2026-08-13,2026-09-27,4143000,Machinery,14,INR
INV-2026-03655,CMP0782,CMP0874,2026-06-25,2026-09-23,3409000,Textiles,37,INR
INV-2026-03656,CMP0509,CMP0182,2026-07-22,2026-10-20,4054000,Food Products,34,INR
INV-2026-03657,CMP0505,CMP0488,2026-07-17,2026-08-31,4048000,Textiles,36,INR
INV-2026-03658,CMP0436,CMP0074,2026-09-15,2026-11-14,1759000,Machinery,32,INR
INV-2026-03659,CMP0264,CMP0610,2026-08-14,2026-10-13,647000,Raw Materials,50,INR
INV-2026-03660,CMP0834,CMP0569,2026-08-10,2026-10-09,242000,Raw Materials,28,INR
INV-2026-03661,CMP0806,CMP0504,2026-06-25,2026-08-09,1117000,Electronics,39,INR
INV-2026-03662,CMP0014,CMP0696,2026-09-17,2026-12-16,4064000,Machinery,24,INR
INV-2026-03663,CMP0887,CMP0029,2026-06-13,2026-07-13,321000,Machinery,15,INR
INV-2026-03664,CMP0625,CMP0109,2026-07-10,2026-08-09,2788000,Textiles,19,INR
INV-2026-03665,CMP0188,CMP0768,2026-07-23,2026-09-21,1678000,Food Products,40,INR
INV-2026-03666,CMP0161,CMP0777,2026-07-04,2026-08-03,661000,Machinery,1,INR
INV-2026-03667,CMP0885,CMP0744,2026-07-21,2026-08-20,4347000,Construction Materials,25,INR
INV-2026-03668,CMP0796,CMP0839,2026-09-14,2026-12-13,2098000,Pharmaceuticals,39,INR
INV-2026-03669,CMP0019,CMP0320,2026-08-13,2026-09-12,4988000,Textiles,31,INR
INV-2026-03670,CMP0230,CMP0544,2026-07-19,2026-10-17,269000,Electronics,37,INR
INV-2026-03671,CMP0391,CMP0473,2026-07-20,2026-10-18,1943000,Raw Materials,3,INR
INV-2026-03672,CMP0599,CMP0692,2026-06-16,2026-07-16,3280000,Construction Materials,12,INR
INV-2026-03673,CMP0780,CMP0199,2026-06-24,2026-09-22,3802000,Textiles,15,INR
INV-2026-03674,CMP0691,CMP0178,2026-07-17,2026-10-15,518000,Electronics,37,INR
INV-2026-03675,CMP0450,CMP0163,2026-09-25,2026-11-24,2236000,Electronics,31,INR
INV-2026-03676,CMP0107,CMP0681,2026-07-17,2026-10-15,3032000,Electronics,13,INR
INV-2026-03677,CMP0161,CMP0787,2026-07-30,2026-08-29,4055000,Machinery,8,INR
INV-2026-03678,CMP0698,CMP0344,2026-08-26,2026-09-25,2575000,Construction Materials,30,INR
INV-2026-03679,CMP0693,CMP0512,2026-08-20,2026-10-04,1734000,Pharmaceuticals,27,INR
INV-2026-03680,CMP0005,CMP0837,2026-07-25,2026-09-23,4852000,Food Products,33,INR
INV-2026-03681,CMP0566,CMP0705,2026-09-20,2026-12-19,4441000,Construction Materials,5,INR
INV-2026-03682,CMP0036,CMP0951,2026-07-14,2026-10-12,4340000,Raw Materials,23,INR
INV-2026-03683,CMP0513,CMP0388,2026-09-19,2026-11-18,3972000,Construction Materials,14,INR
INV-2026-03684,CMP0972,CMP0714,2026-09-18,2026-12-17,1643000,Textiles,18,INR
INV-2026-03685,CMP0905,CMP0509,2026-06-22,2026-09-20,468000,Raw Materials,10,INR
INV-2026-03686,CMP0502,CMP0406,2026-08-24,2026-11-22,4086000,Construction Materials,49,INR
INV-2026-03687,CMP0896,CMP0360,2026-07-21,2026-09-19,4920000,Pharmaceuticals,22,INR
INV-2026-03688,CMP0531,CMP0456,2026-07-20,2026-09-18,3222000,Construction Materials,38,INR
INV-2026-03689,CMP0649,CMP0272,2026-09-04,2026-10-04,3675000,Textiles,23,INR
INV-2026-03690,CMP0863,CMP0644,2026-07-06,2026-10-04,2004000,Textiles,21,INR
INV-2026-03691,CMP0664,CMP0037,2026-07-03,2026-08-02,1112000,Construction Materials,24,INR
INV-2026-03692,CMP0248,CMP0454,2026-06-22,2026-07-22,4106000,Electronics,47,INR
INV-2026-03693,CMP0280,CMP0696,2026-08-18,2026-11-16,4344000,Textiles,15,INR
INV-2026-03694,CMP0658,CMP0639,2026-07-13,2026-08-12,2169000,Raw Materials,29,INR
INV-2026-03695,CMP0825,CMP0835,2026-07-06,2026-08-05,2912000,Construction Materials,31,INR
INV-2026-03696,CMP0538,CMP0008,2026-06-30,2026-08-14,3118000,Raw Materials,47,INR
INV-2026-03697,CMP0547,CMP0381,2026-08-14,2026-09-28,3350000,Raw Materials,47,INR
INV-2026-03698,CMP0622,CMP0124,2026-07-23,2026-10-21,2078000,Textiles,48,INR
INV-2026-03699,CMP0538,CMP0044,2026-09-12,2026-10-12,2316000,Food Products,15,INR
INV-2026-03700,CMP0470,CMP0215,2026-09-11,2026-11-10,503000,Machinery,23,INR
INV-2026-03701,CMP0002,CMP0740,2026-06-28,2026-08-12,3214000,Construction Materials,46,INR
INV-2026-03702,CMP0264,CMP0859,2026-07-11,2026-08-10,290000,Machinery,48,INR
INV-2026-03703,CMP0901,CMP0145,2026-07-17,2026-08-31,3389000,Construction Materials,35,INR
INV-2026-03704,CMP0463,CMP0647,2026-07-26,2026-09-09,4813000,Raw Materials,19,INR
INV-2026-03705,CMP0947,CMP0405,2026-07-06,2026-10-04,3877000,Textiles,45,INR
INV-2026-03706,CMP0808,CMP0977,2026-09-19,2026-12-18,3278000,Pharmaceuticals,3,INR
INV-2026-03707,CMP0254,CMP0224,2026-09-24,2026-12-23,1168000,Raw Materials,37,INR
INV-2026-03708,CMP0635,CMP0486,2026-06-15,2026-08-14,2216000,Electronics,10,INR
INV-2026-03709,CMP0802,CMP0055,2026-07-07,2026-08-06,4765000,Machinery,6,INR
INV-2026-03710,CMP0022,CMP0184,2026-07-26,2026-08-25,4057000,Food Products,35,INR
INV-2026-03711,CMP0113,CMP0699,2026-07-12,2026-08-11,4935000,Food Products,20,INR
INV-2026-03712,CMP0531,CMP0269,2026-09-21,2026-12-20,4898000,Food Products,37,INR
INV-2026-03713,CMP0650,CMP0481,2026-08-06,2026-09-20,1706000,Raw Materials,2,INR
INV-2026-03714,CMP0438,CMP0090,2026-07-03,2026-08-17,2209000,Textiles,29,INR
INV-2026-03715,CMP0883,CMP0672,2026-07-05,2026-10-03,3090000,Electronics,38,INR
INV-2026-03716,CMP0216,CMP0876,2026-06-03,2026-08-02,2846000,Pharmaceuticals,49,INR
INV-2026-03717,CMP0787,CMP0657,2026-07-23,2026-08-22,1552000,Raw Materials,49,INR
INV-2026-03718,CMP0479,CMP0030,2026-09-19,2026-12-18,3355000,Textiles,28,INR
INV-2026-03719,CMP0775,CMP0482,2026-08-01,2026-08-31,545000,Pharmaceuticals,45,INR
INV-2026-03720,CMP0555,CMP0697,2026-09-29,2026-11-13,1030000,Electronics,12,INR
INV-2026-03721,CMP0245,CMP0905,2026-09-27,2026-10-27,3319000,Construction Materials,14,INR
INV-2026-03722,CMP0584,CMP0113,2026-06-25,2026-09-23,1093000,Food Products,17,INR
INV-2026-03723,CMP0373,CMP0613,2026-08-06,2026-10-05,4868000,Pharmaceuticals,7,INR
INV-2026-03724,CMP0717,CMP0755,2026-09-25,2026-11-09,1746000,Food Products,27,INR
INV-2026-03725,CMP0958,CMP0513,2026-06-02,2026-08-01,3702000,Pharmaceuticals,33,INR
INV-2026-03726,CMP0798,CMP0012,2026-08-14,2026-09-13,4058000,Construction Materials,3,INR
INV-2026-03727,CMP0644,CMP0822,2026-09-17,2026-11-16,3363000,Machinery,2,INR
INV-2026-03728,CMP0839,CMP0438,2026-06-06,2026-09-04,2239000,Machinery,30,INR
INV-2026-03729,CMP0541,CMP0210,2026-08-27,2026-10-26,4456000,Food Products,34,INR
INV-2026-03730,CMP0749,CMP0276,2026-06-26,2026-07-26,4246000,Raw Materials,17,INR
INV-2026-03731,CMP0530,CMP0862,2026-07-30,2026-09-13,2927000,Food Products,22,INR
INV-2026-03732,CMP0676,CMP0292,2026-09-20,2026-11-19,109000,Textiles,40,INR
INV-2026-03733,CMP0133,CMP0491,2026-08-05,2026-09-04,1563000,Electronics,1,INR
INV-2026-03734,CMP0194,CMP0121,2026-08-10,2026-09-24,3750000,Construction Materials,43,INR
INV-2026-03735,CMP0805,CMP0400,2026-07-02,2026-08-01,2149000,Food Products,32,INR
INV-2026-03736,CMP0763,CMP0532,2026-09-04,2026-11-03,2717000,Textiles,18,INR
INV-2026-03737,CMP0911,CMP0043,2026-08-11,2026-10-10,4562000,Pharmaceuticals,38,INR
INV-2026-03738,CMP0221,CMP0025,2026-06-24,2026-07-24,1687000,Food Products,41,INR
INV-2026-03739,CMP0909,CMP0381,2026-06-01,2026-07-31,3619000,Raw Materials,28,INR
INV-2026-03740,CMP0635,CMP0640,2026-06-16,2026-08-15,493000,Raw Materials,14,INR
INV-2026-03741,CMP0854,CMP0934,2026-09-24,2026-11-08,359000,Electronics,39,INR
INV-2026-03742,CMP0675,CMP0638,2026-07-19,2026-09-02,3344000,Raw Materials,2,INR
INV-2026-03743,CMP0983,CMP0615,2026-09-25,2026-11-09,1402000,Textiles,26,INR
INV-2026-03744,CMP0362,CMP0272,2026-07-02,2026-08-01,76000,Food Products,39,INR
INV-2026-03745,CMP0659,CMP0608,2026-09-11,2026-11-10,1011000,Textiles,4,INR
INV-2026-03746,CMP0824,CMP0185,2026-06-27,2026-08-11,3842000,Machinery,8,INR
INV-2026-03747,CMP0150,CMP0888,2026-06-28,2026-07-28,2976000,Electronics,21,INR
INV-2026-03748,CMP0005,CMP0023,2026-06-17,2026-08-01,2443000,Machinery,43,INR
INV-2026-03749,CMP0971,CMP0545,2026-08-29,2026-09-28,1197000,Construction Materials,45,INR
INV-2026-03750,CMP0875,CMP0394,2026-06-17,2026-07-17,4286000,Textiles,34,INR
INV-2026-03751,CMP0896,CMP0128,2026-08-12,2026-09-26,316000,Machinery,23,INR
INV-2026-03752,CMP0305,CMP0544,2026-08-30,2026-11-28,2408000,Raw Materials,34,INR
INV-2026-03753,CMP0368,CMP0455,2026-08-16,2026-11-14,4026000,Raw Materials,38,INR
INV-2026-03754,CMP0831,CMP0539,2026-07-05,2026-09-03,1281000,Pharmaceuticals,44,INR
INV-2026-03755,CMP0336,CMP0243,2026-09-15,2026-10-15,4361000,Textiles,6,INR
INV-2026-03756,CMP0549,CMP0161,2026-06-19,2026-08-03,4031000,Construction Materials,33,INR
INV-2026-03757,CMP0892,CMP0142,2026-09-28,2026-11-27,3626000,Construction Materials,9,INR
INV-2026-03758,CMP0601,CMP0364,2026-08-04,2026-10-03,856000,Raw Materials,24,INR
INV-2026-03759,CMP0374,CMP0663,2026-08-27,2026-11-25,3875000,Construction Materials,34,INR
INV-2026-03760,CMP0803,CMP0539,2026-07-14,2026-09-12,699000,Electronics,3,INR
INV-2026-03761,CMP0250,CMP0055,2026-06-16,2026-09-14,4254000,Pharmaceuticals,47,INR
INV-2026-03762,CMP0873,CMP0851,2026-09-17,2026-11-16,2739000,Textiles,48,INR
INV-2026-03763,CMP0514,CMP0465,2026-06-14,2026-08-13,3225000,Machinery,46,INR
INV-2026-03764,CMP0781,CMP0302,2026-08-10,2026-10-09,4248000,Electronics,48,INR
INV-2026-03765,CMP0118,CMP0907,2026-09-03,2026-10-03,2715000,Electronics,37,INR
INV-2026-03766,CMP0140,CMP0671,2026-07-07,2026-10-05,2141000,Pharmaceuticals,19,INR
INV-2026-03767,CMP0043,CMP0244,2026-06-04,2026-09-02,2773000,Construction Materials,27,INR
INV-2026-03768,CMP0610,CMP0953,2026-07-15,2026-09-13,3008000,Electronics,45,INR
INV-2026-03769,CMP0820,CMP0793,2026-07-18,2026-09-16,1773000,Electronics,33,INR
INV-2026-03770,CMP0080,CMP0880,2026-08-04,2026-09-18,557000,Pharmaceuticals,10,INR
INV-2026-03771,CMP0458,CMP0450,2026-07-09,2026-10-07,2751000,Construction Materials,29,INR
INV-2026-03772,CMP0643,CMP0509,2026-07-05,2026-09-03,4089000,Electronics,12,INR
INV-2026-03773,CMP0379,CMP0291,2026-06-17,2026-08-01,1012000,Electronics,29,INR
INV-2026-03774,CMP0152,CMP0872,2026-09-03,2026-10-18,2413000,Food Products,39,INR
INV-2026-03775,CMP0482,CMP0631,2026-06-03,2026-09-01,365000,Machinery,46,INR
INV-2026-03776,CMP0292,CMP0896,2026-09-23,2026-11-22,2761000,Electronics,19,INR
INV-2026-03777,CMP0561,CMP0853,2026-08-12,2026-11-10,2593000,Food Products,17,INR
INV-2026-03778,CMP0945,CMP0737,2026-07-26,2026-10-24,914000,Raw Materials,13,INR
INV-2026-03779,CMP0695,CMP0578,2026-09-09,2026-12-08,2842000,Pharmaceuticals,32,INR
INV-2026-03780,CMP0121,CMP0158,2026-07-17,2026-08-31,2752000,Textiles,2,INR
INV-2026-03781,CMP0953,CMP0173,2026-07-26,2026-10-24,3739000,Textiles,40,INR
INV-2026-03782,CMP0752,CMP0811,2026-07-19,2026-09-17,220000,Machinery,10,INR
INV-2026-03783,CMP0934,CMP0795,2026-08-02,2026-09-16,1303000,Pharmaceuticals,31,INR
INV-2026-03784,CMP0407,CMP0370,2026-09-12,2026-10-12,1666000,Textiles,24,INR
INV-2026-03785,CMP0972,CMP0116,2026-07-06,2026-08-05,1704000,Food Products,41,INR
INV-2026-03786,CMP0839,CMP0051,2026-07-14,2026-09-12,507000,Textiles,22,INR
INV-2026-03787,CMP0570,CMP0247,2026-07-16,2026-09-14,2423000,Electronics,22,INR
INV-2026-03788,CMP0910,CMP0851,2026-09-27,2026-12-26,3028000,Construction Materials,12,INR
INV-2026-03789,CMP0982,CMP0126,2026-08-11,2026-09-25,3523000,Raw Materials,24,INR
INV-2026-03790,CMP0814,CMP0994,2026-08-29,2026-11-27,4012000,Food Products,33,INR
INV-2026-03791,CMP0056,CMP0574,2026-09-06,2026-10-06,2967000,Textiles,48,INR
INV-2026-03792,CMP0595,CMP0094,2026-08-04,2026-11-02,295000,Construction Materials,46,INR
INV-2026-03793,CMP0053,CMP0301,2026-06-11,2026-09-09,1695000,Machinery,24,INR
INV-2026-03794,CMP0933,CMP0338,2026-08-11,2026-10-10,3912000,Construction Materials,11,INR
INV-2026-03795,CMP0096,CMP0641,2026-07-29,2026-09-12,4793000,Raw Materials,26,INR
INV-2026-03796,CMP0570,CMP0393,2026-09-08,2026-10-23,428000,Construction Materials,5,INR
INV-2026-03797,CMP0685,CMP0697,2026-06-05,2026-08-04,3492000,Pharmaceuticals,44,INR
INV-2026-03798,CMP0026,CMP0091,2026-07-18,2026-09-16,323000,Construction Materials,49,INR
INV-2026-03799,CMP0566,CMP0202,2026-06-11,2026-07-11,4942000,Machinery,24,INR
INV-2026-03800,CMP0862,CMP0210,2026-06-06,2026-07-21,1468000,Food Products,19,INR
INV-2026-03801,CMP0050,CMP0034,2026-08-27,2026-10-11,1605000,Pharmaceuticals,14,INR
INV-2026-03802,CMP0964,CMP0585,2026-07-02,2026-09-30,3600000,Electronics,3,INR
INV-2026-03803,CMP0190,CMP0932,2026-08-25,2026-10-09,69000,Electronics,36,INR
INV-2026-03804,CMP0652,CMP0459,2026-06-22,2026-07-22,4299000,Electronics,35,INR
INV-2026-03805,CMP0630,CMP0217,2026-07-09,2026-09-07,4377000,Food Products,34,INR
INV-2026-03806,CMP0102,CMP0771,2026-09-07,2026-12-06,3426000,Food Products,26,INR
INV-2026-03807,CMP0255,CMP0766,2026-09-21,2026-11-05,2286000,Pharmaceuticals,1,INR
INV-2026-03808,CMP0557,CMP0239,2026-08-05,2026-09-04,2499000,Raw Materials,19,INR
INV-2026-03809,CMP0191,CMP0761,2026-07-26,2026-09-24,3365000,Food Products,18,INR
INV-2026-03810,CMP0153,CMP0746,2026-07-10,2026-09-08,3433000,Construction Materials,2,INR
INV-2026-03811,CMP0264,CMP0475,2026-06-25,2026-08-09,4627000,Construction Materials,32,INR
INV-2026-03812,CMP0614,CMP0841,2026-07-23,2026-09-06,3606000,Food Products,39,INR
INV-2026-03813,CMP0804,CMP0667,2026-08-06,2026-09-05,2730000,Pharmaceuticals,45,INR
INV-2026-03814,CMP0563,CMP0486,2026-09-14,2026-11-13,3684000,Textiles,40,INR
INV-2026-03815,CMP0581,CMP0173,2026-07-20,2026-10-18,2598000,Pharmaceuticals,6,INR
INV-2026-03816,CMP0314,CMP0955,2026-07-20,2026-09-03,2157000,Construction Materials,37,INR
INV-2026-03817,CMP0632,CMP0721,2026-07-02,2026-08-01,2793000,Construction Materials,21,INR
INV-2026-03818,CMP0339,CMP0828,2026-07-22,2026-09-20,3631000,Pharmaceuticals,10,INR
INV-2026-03819,CMP0201,CMP0630,2026-06-02,2026-07-17,2336000,Pharmaceuticals,25,INR
INV-2026-03820,CMP0812,CMP0813,2026-09-06,2026-10-06,4828000,Construction Materials,36,INR
INV-2026-03821,CMP0962,CMP0579,2026-07-05,2026-10-03,3122000,Food Products,27,INR
INV-2026-03822,CMP0684,CMP0828,2026-06-09,2026-07-09,4304000,Pharmaceuticals,35,INR
INV-2026-03823,CMP0187,CMP0860,2026-08-13,2026-09-27,1189000,Raw Materials,43,INR
INV-2026-03824,CMP0791,CMP0666,2026-07-05,2026-10-03,1167000,Electronics,32,INR
INV-2026-03825,CMP0141,CMP0191,2026-06-29,2026-09-27,479000,Raw Materials,15,INR
INV-2026-03826,CMP0498,CMP0724,2026-09-08,2026-11-07,4621000,Machinery,25,INR
INV-2026-03827,CMP0692,CMP0730,2026-06-27,2026-09-25,576000,Food Products,20,INR
INV-2026-03828,CMP0724,CMP0905,2026-07-12,2026-10-10,4316000,Electronics,16,INR
INV-2026-03829,CMP0053,CMP0951,2026-09-09,2026-11-08,2224000,Textiles,38,INR
INV-2026-03830,CMP0395,CMP0703,2026-08-26,2026-11-24,2716000,Pharmaceuticals,26,INR
INV-2026-03831,CMP0668,CMP0840,2026-09-14,2026-12-13,3096000,Electronics,25,INR
INV-2026-03832,CMP0576,CMP0694,2026-06-07,2026-08-06,67000,Textiles,5,INR
INV-2026-03833,CMP0871,CMP0753,2026-09-26,2026-12-25,1129000,Pharmaceuticals,48,INR
INV-2026-03834,CMP0491,CMP0668,2026-07-04,2026-09-02,3526000,Electronics,17,INR
INV-2026-03835,CMP0220,CMP0992,2026-09-26,2026-11-10,3443000,Raw Materials,30,INR
INV-2026-03836,CMP0038,CMP0377,2026-06-14,2026-08-13,3417000,Food Products,23,INR
INV-2026-03837,CMP0198,CMP0904,2026-09-11,2026-11-10,2108000,Raw Materials,3,INR
INV-2026-03838,CMP0063,CMP0299,2026-06-12,2026-09-10,1286000,Food Products,17,INR
INV-2026-03839,CMP0467,CMP0733,2026-09-19,2026-11-18,867000,Raw Materials,4,INR
INV-2026-03840,CMP0256,CMP0334,2026-08-20,2026-09-19,728000,Electronics,34,INR
INV-2026-03841,CMP0356,CMP0687,2026-09-11,2026-11-10,227000,Food Products,24,INR
INV-2026-03842,CMP0643,CMP0104,2026-06-29,2026-08-28,1978000,Construction Materials,36,INR
INV-2026-03843,CMP0328,CMP0051,2026-06-12,2026-08-11,4501000,Raw Materials,12,INR
INV-2026-03844,CMP0853,CMP0191,2026-08-04,2026-11-02,4659000,Food Products,27,INR
INV-2026-03845,CMP0728,CMP0210,2026-09-18,2026-12-17,1575000,Pharmaceuticals,38,INR
INV-2026-03846,CMP0709,CMP0734,2026-09-08,2026-11-07,440000,Raw Materials,14,INR
INV-2026-03847,CMP0210,CMP0562,2026-06-01,2026-08-30,834000,Machinery,48,INR
INV-2026-03848,CMP0820,CMP0518,2026-09-03,2026-12-02,684000,Machinery,3,INR
INV-2026-03849,CMP0373,CMP0155,2026-08-17,2026-09-16,1089000,Electronics,18,INR
INV-2026-03850,CMP0358,CMP0471,2026-08-14,2026-11-12,2470000,Textiles,40,INR
INV-2026-03851,CMP0613,CMP0022,2026-09-17,2026-11-01,2784000,Food Products,2,INR
INV-2026-03852,CMP0721,CMP0185,2026-08-18,2026-11-16,2928000,Machinery,8,INR
INV-2026-03853,CMP0822,CMP0297,2026-07-11,2026-08-25,1815000,Machinery,20,INR
INV-2026-03854,CMP0965,CMP0889,2026-08-20,2026-11-18,101000,Food Products,47,INR
INV-2026-03855,CMP0919,CMP0760,2026-06-16,2026-07-31,3050000,Machinery,28,INR
INV-2026-03856,CMP0079,CMP0012,2026-09-05,2026-10-20,4927000,Raw Materials,7,INR
INV-2026-03857,CMP0412,CMP0563,2026-07-29,2026-09-27,4864000,Textiles,13,INR
INV-2026-03858,CMP0843,CMP0471,2026-07-07,2026-10-05,953000,Raw Materials,10,INR
INV-2026-03859,CMP0045,CMP0291,2026-06-11,2026-07-26,2063000,Food Products,19,INR
INV-2026-03860,CMP0255,CMP0820,2026-06-23,2026-09-21,762000,Food Products,27,INR
INV-2026-03861,CMP0360,CMP0408,2026-06-23,2026-08-07,404000,Raw Materials,26,INR
INV-2026-03862,CMP0089,CMP0927,2026-07-16,2026-09-14,3440000,Electronics,2,INR
INV-2026-03863,CMP0429,CMP0782,2026-07-03,2026-10-01,1242000,Textiles,22,INR
INV-2026-03864,CMP0347,CMP0154,2026-07-29,2026-09-12,3498000,Machinery,44,INR
INV-2026-03865,CMP0248,CMP0415,2026-09-04,2026-10-04,3925000,Raw Materials,30,INR
INV-2026-03866,CMP0742,CMP0322,2026-06-01,2026-07-01,973000,Textiles,48,INR
INV-2026-03867,CMP0866,CMP0863,2026-08-10,2026-11-08,3626000,Machinery,28,INR
INV-2026-03868,CMP0593,CMP0003,2026-07-30,2026-08-29,2664000,Construction Materials,5,INR
INV-2026-03869,CMP0995,CMP0183,2026-08-29,2026-09-28,731000,Construction Materials,25,INR
INV-2026-03870,CMP0465,CMP0891,2026-06-26,2026-08-10,4955000,Raw Materials,24,INR
INV-2026-03871,CMP0819,CMP0815,2026-08-13,2026-09-27,1587000,Construction Materials,45,INR
INV-2026-03872,CMP0942,CMP0237,2026-08-20,2026-10-19,186000,Textiles,34,INR
INV-2026-03873,CMP0289,CMP0752,2026-08-29,2026-10-28,4823000,Machinery,27,INR
INV-2026-03874,CMP0339,CMP0485,2026-09-23,2026-12-22,509000,Electronics,19,INR
INV-2026-03875,CMP0193,CMP0149,2026-08-30,2026-10-14,936000,Machinery,10,INR
INV-2026-03876,CMP0278,CMP0181,2026-08-27,2026-10-26,3293000,Food Products,48,INR
INV-2026-03877,CMP0542,CMP0803,2026-08-20,2026-10-19,2788000,Pharmaceuticals,8,INR
INV-2026-03878,CMP0588,CMP0026,2026-09-01,2026-10-01,1218000,Textiles,5,INR
INV-2026-03879,CMP0877,CMP0794,2026-07-12,2026-09-10,580000,Electronics,33,INR
INV-2026-03880,CMP0034,CMP0798,2026-06-13,2026-07-13,2639000,Electronics,15,INR
INV-2026-03881,CMP0195,CMP0292,2026-09-08,2026-11-07,3255000,Pharmaceuticals,16,INR
INV-2026-03882,CMP0230,CMP0427,2026-09-06,2026-10-21,1713000,Machinery,21,INR
INV-2026-03883,CMP0494,CMP0726,2026-08-29,2026-10-28,3067000,Raw Materials,30,INR
INV-2026-03884,CMP0718,CMP0892,2026-06-01,2026-07-31,483000,Machinery,26,INR
INV-2026-03885,CMP0790,CMP0270,2026-07-28,2026-10-26,1961000,Machinery,41,INR
INV-2026-03886,CMP0663,CMP0151,2026-09-09,2026-12-08,835000,Machinery,48,INR
INV-2026-03887,CMP0277,CMP0452,2026-06-15,2026-07-30,553000,Textiles,46,INR
INV-2026-03888,CMP0717,CMP0895,2026-08-10,2026-09-24,1439000,Construction Materials,14,INR
INV-2026-03889,CMP0943,CMP0934,2026-09-04,2026-12-03,4681000,Machinery,29,INR
INV-2026-03890,CMP0658,CMP0861,2026-07-18,2026-10-16,4466000,Electronics,7,INR
INV-2026-03891,CMP0465,CMP0388,2026-07-18,2026-08-17,3690000,Textiles,39,INR
INV-2026-03892,CMP0097,CMP0506,2026-08-28,2026-10-12,1989000,Machinery,49,INR
INV-2026-03893,CMP0719,CMP0071,2026-08-27,2026-10-26,518000,Pharmaceuticals,24,INR
INV-2026-03894,CMP0914,CMP0846,2026-06-11,2026-09-09,4880000,Electronics,50,INR
INV-2026-03895,CMP0562,CMP0194,2026-08-31,2026-09-30,2076000,Food Products,38,INR
INV-2026-03896,CMP0217,CMP0911,2026-07-07,2026-10-05,3128000,Machinery,34,INR
INV-2026-03897,CMP0617,CMP0731,2026-09-01,2026-10-31,2161000,Machinery,25,INR
INV-2026-03898,CMP0359,CMP0722,2026-09-27,2026-11-26,2474000,Construction Materials,10,INR
INV-2026-03899,CMP0758,CMP0343,2026-06-26,2026-08-25,4727000,Food Products,2,INR
INV-2026-03900,CMP0680,CMP0510,2026-09-19,2026-11-18,3180000,Machinery,37,INR
INV-2026-03901,CMP0268,CMP0402,2026-09-20,2026-10-20,1523000,Food Products,35,INR
INV-2026-03902,CMP0902,CMP0664,2026-07-25,2026-09-08,2674000,Pharmaceuticals,47,INR
INV-2026-03903,CMP0187,CMP0461,2026-08-14,2026-09-28,956000,Food Products,2,INR
INV-2026-03904,CMP0779,CMP0132,2026-09-09,2026-10-09,3187000,Machinery,36,INR
INV-2026-03905,CMP0447,CMP0525,2026-09-03,2026-10-03,213000,Machinery,39,INR
INV-2026-03906,CMP0908,CMP0962,2026-07-26,2026-08-25,1854000,Electronics,42,INR
INV-2026-03907,CMP0070,CMP0604,2026-09-17,2026-10-17,2330000,Construction Materials,36,INR
INV-2026-03908,CMP0069,CMP0670,2026-06-07,2026-07-07,3878000,Construction Materials,13,INR
INV-2026-03909,CMP0140,CMP0512,2026-08-25,2026-10-09,3377000,Electronics,2,INR
INV-2026-03910,CMP0353,CMP0952,2026-07-30,2026-10-28,4341000,Construction Materials,32,INR
INV-2026-03911,CMP0872,CMP0508,2026-06-11,2026-08-10,457000,Pharmaceuticals,38,INR
INV-2026-03912,CMP0476,CMP0138,2026-08-04,2026-09-18,3209000,Machinery,7,INR
INV-2026-03913,CMP0577,CMP0344,2026-08-22,2026-11-20,3546000,Textiles,28,INR
INV-2026-03914,CMP0029,CMP0988,2026-07-28,2026-09-11,4071000,Pharmaceuticals,21,INR
INV-2026-03915,CMP0985,CMP0609,2026-07-20,2026-08-19,3015000,Electronics,11,INR
INV-2026-03916,CMP0153,CMP0038,2026-09-19,2026-10-19,2950000,Raw Materials,24,INR
INV-2026-03917,CMP0411,CMP0246,2026-09-28,2026-12-27,4710000,Construction Materials,19,INR
INV-2026-03918,CMP0749,CMP0544,2026-07-16,2026-08-15,1481000,Machinery,32,INR
INV-2026-03919,CMP0366,CMP0109,2026-07-30,2026-09-28,3526000,Construction Materials,47,INR
INV-2026-03920,CMP0538,CMP0427,2026-06-25,2026-08-24,3923000,Electronics,8,INR
INV-2026-03921,CMP0565,CMP0134,2026-08-02,2026-10-31,975000,Textiles,33,INR
INV-2026-03922,CMP0461,CMP0967,2026-08-03,2026-11-01,2361000,Electronics,16,INR
INV-2026-03923,CMP0383,CMP0885,2026-08-23,2026-10-22,2778000,Raw Materials,35,INR
INV-2026-03924,CMP0241,CMP0382,2026-08-17,2026-11-15,3217000,Construction Materials,8,INR
INV-2026-03925,CMP0182,CMP0360,2026-09-07,2026-10-07,1234000,Construction Materials,6,INR
INV-2026-03926,CMP0627,CMP0205,2026-08-29,2026-11-27,554000,Textiles,28,INR
INV-2026-03927,CMP0656,CMP0592,2026-06-20,2026-09-18,1058000,Construction Materials,32,INR
INV-2026-03928,CMP0115,CMP0592,2026-08-12,2026-11-10,779000,Electronics,37,INR
INV-2026-03929,CMP0194,CMP0216,2026-07-01,2026-07-31,3077000,Raw Materials,41,INR
INV-2026-03930,CMP0079,CMP0252,2026-08-01,2026-09-15,4597000,Machinery,21,INR
INV-2026-03931,CMP0657,CMP0403,2026-06-17,2026-09-15,4394000,Textiles,15,INR
INV-2026-03932,CMP0242,CMP0338,2026-06-23,2026-09-21,2765000,Pharmaceuticals,11,INR
INV-2026-03933,CMP0055,CMP0140,2026-08-26,2026-10-25,4950000,Construction Materials,36,INR
INV-2026-03934,CMP0980,CMP0503,2026-08-01,2026-08-31,2127000,Machinery,12,INR
INV-2026-03935,CMP0572,CMP0162,2026-08-15,2026-09-29,3353000,Textiles,48,INR
INV-2026-03936,CMP0378,CMP0126,2026-06-30,2026-08-14,3753000,Construction Materials,9,INR
INV-2026-03937,CMP0141,CMP0593,2026-06-11,2026-09-09,1860000,Pharmaceuticals,30,INR
INV-2026-03938,CMP0523,CMP0442,2026-09-24,2026-10-24,2799000,Construction Materials,16,INR
INV-2026-03939,CMP0582,CMP0667,2026-08-27,2026-11-25,2318000,Textiles,49,INR
INV-2026-03940,CMP0660,CMP0664,2026-07-11,2026-09-09,504000,Food Products,45,INR
INV-2026-03941,CMP0677,CMP0507,2026-09-08,2026-10-08,4002000,Food Products,20,INR
INV-2026-03942,CMP0209,CMP0076,2026-08-25,2026-10-24,1078000,Raw Materials,20,INR
INV-2026-03943,CMP0657,CMP0327,2026-07-15,2026-08-29,1740000,Electronics,45,INR
INV-2026-03944,CMP0079,CMP0071,2026-08-03,2026-10-02,2756000,Machinery,38,INR
INV-2026-03945,CMP0145,CMP0922,2026-06-21,2026-07-21,3813000,Electronics,18,INR
INV-2026-03946,CMP0528,CMP0036,2026-07-19,2026-09-17,1590000,Food Products,42,INR
INV-2026-03947,CMP0361,CMP0428,2026-09-21,2026-11-20,1577000,Raw Materials,13,INR
INV-2026-03948,CMP0591,CMP0103,2026-08-08,2026-11-06,3383000,Construction Materials,30,INR
INV-2026-03949,CMP1000,CMP0005,2026-08-08,2026-10-07,4316000,Textiles,2,INR
INV-2026-03950,CMP0410,CMP0587,2026-06-30,2026-08-29,2280000,Textiles,7,INR
INV-2026-03951,CMP0062,CMP0805,2026-06-03,2026-08-02,602000,Raw Materials,32,INR
INV-2026-03952,CMP0799,CMP0767,2026-07-31,2026-09-29,4907000,Electronics,13,INR
INV-2026-03953,CMP0358,CMP0286,2026-06-20,2026-07-20,4838000,Machinery,7,INR
INV-2026-03954,CMP0872,CMP0538,2026-08-04,2026-11-02,631000,Electronics,40,INR
INV-2026-03955,CMP0657,CMP0117,2026-06-20,2026-08-04,1804000,Textiles,29,INR
INV-2026-03956,CMP0995,CMP0977,2026-06-27,2026-08-26,2679000,Construction Materials,33,INR
INV-2026-03957,CMP0910,CMP0650,2026-06-13,2026-07-13,685000,Textiles,46,INR
INV-2026-03958,CMP0512,CMP0039,2026-07-09,2026-10-07,1595000,Textiles,26,INR
INV-2026-03959,CMP0055,CMP0659,2026-09-20,2026-12-19,807000,Textiles,44,INR
INV-2026-03960,CMP0166,CMP0394,2026-07-09,2026-09-07,1584000,Textiles,19,INR
INV-2026-03961,CMP0427,CMP0167,2026-09-25,2026-11-09,76000,Machinery,15,INR
INV-2026-03962,CMP0350,CMP0727,2026-09-10,2026-12-09,2103000,Electronics,46,INR
INV-2026-03963,CMP0713,CMP0174,2026-08-24,2026-10-08,1230000,Electronics,19,INR
INV-2026-03964,CMP0005,CMP0502,2026-09-05,2026-12-04,732000,Raw Materials,43,INR
INV-2026-03965,CMP0303,CMP0235,2026-07-20,2026-10-18,2312000,Machinery,40,INR
INV-2026-03966,CMP0949,CMP0349,2026-07-31,2026-08-30,2173000,Pharmaceuticals,43,INR
INV-2026-03967,CMP0052,CMP0428,2026-09-10,2026-10-25,465000,Electronics,34,INR
INV-2026-03968,CMP0874,CMP0079,2026-07-27,2026-09-25,471000,Machinery,26,INR
INV-2026-03969,CMP0195,CMP0346,2026-06-10,2026-08-09,1143000,Pharmaceuticals,49,INR
INV-2026-03970,CMP0756,CMP0088,2026-06-01,2026-07-16,1502000,Raw Materials,19,INR
INV-2026-03971,CMP0649,CMP0110,2026-07-14,2026-10-12,4044000,Machinery,25,INR
INV-2026-03972,CMP0527,CMP0043,2026-07-26,2026-09-24,2814000,Pharmaceuticals,6,INR
INV-2026-03973,CMP0542,CMP0750,2026-07-05,2026-08-04,2800000,Raw Materials,14,INR
INV-2026-03974,CMP0691,CMP0202,2026-07-21,2026-09-19,3611000,Pharmaceuticals,1,INR
INV-2026-03975,CMP0144,CMP0531,2026-09-29,2026-10-29,2839000,Textiles,28,INR
INV-2026-03976,CMP0714,CMP0778,2026-08-10,2026-09-09,2667000,Food Products,42,INR
INV-2026-03977,CMP0628,CMP0102,2026-09-02,2026-12-01,3107000,Electronics,11,INR
INV-2026-03978,CMP0580,CMP0061,2026-06-23,2026-08-22,2746000,Electronics,12,INR
INV-2026-03979,CMP0175,CMP0088,2026-09-19,2026-10-19,4841000,Pharmaceuticals,44,INR
INV-2026-03980,CMP0106,CMP0667,2026-06-21,2026-08-20,2369000,Electronics,8,INR
INV-2026-03981,CMP0298,CMP0113,2026-06-01,2026-07-01,2378000,Raw Materials,33,INR
INV-2026-03982,CMP0985,CMP0371,2026-09-24,2026-11-08,3300000,Electronics,8,INR
INV-2026-03983,CMP0292,CMP0876,2026-07-23,2026-09-21,1429000,Raw Materials,1,INR
INV-2026-03984,CMP0928,CMP0124,2026-09-14,2026-10-14,1379000,Machinery,29,INR
INV-2026-03985,CMP0310,CMP0912,2026-06-20,2026-07-20,401000,Electronics,33,INR
INV-2026-03986,CMP0663,CMP0310,2026-07-26,2026-10-24,2566000,Food Products,24,INR
INV-2026-03987,CMP0640,CMP0305,2026-06-10,2026-07-25,4504000,Food Products,12,INR
INV-2026-03988,CMP0963,CMP0819,2026-06-16,2026-07-31,4964000,Pharmaceuticals,25,INR
INV-2026-03989,CMP0469,CMP0909,2026-08-17,2026-09-16,2728000,Food Products,20,INR
INV-2026-03990,CMP0980,CMP0280,2026-06-16,2026-08-15,4774000,Raw Materials,10,INR
INV-2026-03991,CMP0737,CMP0117,2026-08-23,2026-09-22,4635000,Machinery,7,INR
INV-2026-03992,CMP0196,CMP0064,2026-07-11,2026-08-25,4288000,Raw Materials,7,INR
INV-2026-03993,CMP0368,CMP0413,2026-09-07,2026-10-22,4421000,Raw Materials,19,INR
INV-2026-03994,CMP0188,CMP0557,2026-09-28,2026-10-28,2103000,Pharmaceuticals,9,INR
INV-2026-03995,CMP0152,CMP0903,2026-07-21,2026-09-04,2112000,Food Products,31,INR
INV-2026-03996,CMP0854,CMP0084,2026-09-08,2026-10-23,2038000,Machinery,9,INR
INV-2026-03997,CMP0321,CMP0253,2026-06-21,2026-08-05,2123000,Electronics,28,INR
INV-2026-03998,CMP0452,CMP0820,2026-09-13,2026-12-12,372000,Food Products,25,INR
INV-2026-03999,CMP0031,CMP0319,2026-08-19,2026-10-03,1152000,Pharmaceuticals,41,INR
INV-2026-04000,CMP0957,CMP0677,2026-09-05,2026-12-04,4883000,Pharmaceuticals,46,INR
INV-2026-04001,CMP0932,CMP0922,2026-08-30,2026-11-28,3544000,Food Products,20,INR
INV-2026-04002,CMP0054,CMP0995,2026-08-29,2026-11-27,4466000,Food Products,9,INR
INV-2026-04003,CMP0077,CMP0041,2026-08-23,2026-10-22,3726000,Raw Materials,19,INR
INV-2026-04004,CMP0864,CMP0705,2026-06-03,2026-07-18,474000,Construction Materials,14,INR
INV-2026-04005,CMP0716,CMP0037,2026-09-18,2026-10-18,3084000,Machinery,45,INR
INV-2026-04006,CMP0690,CMP0834,2026-08-31,2026-11-29,4951000,Raw Materials,19,INR
INV-2026-04007,CMP0818,CMP0474,2026-07-15,2026-09-13,1176000,Raw Materials,28,INR
INV-2026-04008,CMP0355,CMP0297,2026-07-26,2026-09-09,580000,Electronics,12,INR
INV-2026-04009,CMP0498,CMP0865,2026-09-05,2026-10-20,3608000,Electronics,36,INR
INV-2026-04010,CMP0327,CMP0717,2026-06-29,2026-07-29,1567000,Construction Materials,36,INR
INV-2026-04011,CMP0174,CMP0815,2026-08-13,2026-09-27,4238000,Food Products,42,INR
INV-2026-04012,CMP0197,CMP0994,2026-09-08,2026-12-07,1413000,Electronics,42,INR
INV-2026-04013,CMP0437,CMP0529,2026-08-01,2026-08-31,224000,Textiles,12,INR
INV-2026-04014,CMP0667,CMP0898,2026-07-16,2026-10-14,1952000,Construction Materials,42,INR
INV-2026-04015,CMP0237,CMP0081,2026-08-18,2026-10-17,4318000,Electronics,16,INR
INV-2026-04016,CMP0073,CMP0841,2026-09-01,2026-11-30,710000,Pharmaceuticals,38,INR
INV-2026-04017,CMP0608,CMP0192,2026-08-23,2026-10-07,712000,Textiles,16,INR
INV-2026-04018,CMP0320,CMP0725,2026-09-01,2026-10-01,3880000,Textiles,1,INR
INV-2026-04019,CMP0835,CMP0481,2026-08-03,2026-11-01,77000,Textiles,1,INR
INV-2026-04020,CMP0741,CMP0572,2026-09-26,2026-11-25,4568000,Electronics,19,INR
INV-2026-04021,CMP0675,CMP0592,2026-06-26,2026-08-25,3322000,Food Products,25,INR
INV-2026-04022,CMP0517,CMP0427,2026-06-17,2026-07-17,3446000,Raw Materials,35,INR
INV-2026-04023,CMP0957,CMP0012,2026-09-25,2026-11-24,2715000,Machinery,40,INR
INV-2026-04024,CMP0800,CMP0843,2026-08-10,2026-10-09,2157000,Pharmaceuticals,23,INR
INV-2026-04025,CMP0285,CMP0767,2026-06-21,2026-08-20,1453000,Electronics,22,INR
INV-2026-04026,CMP0345,CMP0104,2026-09-13,2026-10-28,1656000,Pharmaceuticals,3,INR
INV-2026-04027,CMP0761,CMP0336,2026-07-15,2026-09-13,601000,Machinery,38,INR
INV-2026-04028,CMP0424,CMP0214,2026-06-15,2026-07-15,2953000,Machinery,39,INR
INV-2026-04029,CMP0421,CMP0510,2026-07-14,2026-08-13,2578000,Pharmaceuticals,15,INR
INV-2026-04030,CMP0882,CMP0827,2026-06-30,2026-09-28,3563000,Construction Materials,23,INR
INV-2026-04031,CMP0752,CMP0620,2026-09-29,2026-11-28,130000,Pharmaceuticals,2,INR
INV-2026-04032,CMP0258,CMP0067,2026-07-01,2026-09-29,4074000,Raw Materials,10,INR
INV-2026-04033,CMP0243,CMP0268,2026-07-24,2026-10-22,1150000,Construction Materials,33,INR
INV-2026-04034,CMP0806,CMP0830,2026-09-20,2026-10-20,3868000,Pharmaceuticals,13,INR
INV-2026-04035,CMP0905,CMP0979,2026-06-28,2026-07-28,1463000,Raw Materials,34,INR
INV-2026-04036,CMP0083,CMP0452,2026-09-22,2026-11-06,567000,Textiles,20,INR
INV-2026-04037,CMP0691,CMP0454,2026-09-21,2026-11-05,2672000,Construction Materials,8,INR
INV-2026-04038,CMP0073,CMP0925,2026-07-27,2026-09-25,1370000,Electronics,28,INR
INV-2026-04039,CMP0251,CMP0776,2026-09-23,2026-11-07,4129000,Machinery,6,INR
INV-2026-04040,CMP0314,CMP0621,2026-07-01,2026-07-31,1736000,Machinery,35,INR
INV-2026-04041,CMP0516,CMP0413,2026-07-01,2026-07-31,1376000,Construction Materials,28,INR
INV-2026-04042,CMP0750,CMP0786,2026-09-09,2026-11-08,2788000,Pharmaceuticals,2,INR
INV-2026-04043,CMP0028,CMP0241,2026-06-13,2026-07-13,4412000,Raw Materials,46,INR
INV-2026-04044,CMP0428,CMP0305,2026-07-18,2026-08-17,4532000,Pharmaceuticals,3,INR
INV-2026-04045,CMP0940,CMP0046,2026-06-09,2026-07-24,1106000,Textiles,5,INR
INV-2026-04046,CMP0724,CMP0259,2026-08-09,2026-09-08,244000,Food Products,3,INR
INV-2026-04047,CMP0138,CMP0531,2026-07-25,2026-08-24,2194000,Food Products,41,INR
INV-2026-04048,CMP0564,CMP0482,2026-07-28,2026-09-11,4415000,Raw Materials,49,INR
INV-2026-04049,CMP0066,CMP0289,2026-08-17,2026-11-15,4702000,Construction Materials,1,INR
INV-2026-04050,CMP0215,CMP0681,2026-06-03,2026-08-02,1101000,Raw Materials,42,INR
INV-2026-04051,CMP0319,CMP0681,2026-07-03,2026-08-17,4109000,Pharmaceuticals,14,INR
INV-2026-04052,CMP0315,CMP0313,2026-06-14,2026-07-14,1112000,Food Products,24,INR
INV-2026-04053,CMP0068,CMP0892,2026-09-12,2026-10-12,418000,Textiles,26,INR
INV-2026-04054,CMP0002,CMP0068,2026-08-20,2026-10-19,148000,Machinery,13,INR
INV-2026-04055,CMP0125,CMP0241,2026-07-17,2026-09-15,2804000,Pharmaceuticals,30,INR
INV-2026-04056,CMP0585,CMP0311,2026-06-07,2026-09-05,1140000,Construction Materials,10,INR
INV-2026-04057,CMP0702,CMP0698,2026-08-26,2026-10-10,1097000,Electronics,23,INR
INV-2026-04058,CMP0434,CMP0774,2026-06-17,2026-07-17,3853000,Food Products,25,INR
INV-2026-04059,CMP0814,CMP0800,2026-08-30,2026-11-28,678000,Pharmaceuticals,36,INR
INV-2026-04060,CMP0928,CMP0870,2026-08-02,2026-10-31,3768000,Food Products,48,INR
INV-2026-04061,CMP0449,CMP0940,2026-09-19,2026-10-19,3089000,Raw Materials,33,INR
INV-2026-04062,CMP0492,CMP0476,2026-06-17,2026-08-01,676000,Electronics,35,INR
INV-2026-04063,CMP0087,CMP0546,2026-06-29,2026-09-27,4750000,Pharmaceuticals,41,INR
INV-2026-04064,CMP0820,CMP0165,2026-07-06,2026-10-04,391000,Raw Materials,3,INR
INV-2026-04065,CMP0282,CMP0370,2026-08-15,2026-10-14,1007000,Textiles,22,INR
INV-2026-04066,CMP0758,CMP0514,2026-09-27,2026-10-27,3407000,Pharmaceuticals,48,INR
INV-2026-04067,CMP0810,CMP0468,2026-07-06,2026-08-05,1879000,Electronics,36,INR
INV-2026-04068,CMP0921,CMP0703,2026-08-03,2026-11-01,300000,Construction Materials,20,INR
INV-2026-04069,CMP0746,CMP0694,2026-07-02,2026-08-01,378000,Textiles,32,INR
INV-2026-04070,CMP0825,CMP0327,2026-07-13,2026-08-27,4227000,Electronics,7,INR
INV-2026-04071,CMP0786,CMP0553,2026-07-01,2026-09-29,2714000,Pharmaceuticals,9,INR
INV-2026-04072,CMP0034,CMP0371,2026-09-14,2026-11-13,2334000,Electronics,13,INR
INV-2026-04073,CMP0786,CMP0242,2026-06-24,2026-09-22,4830000,Machinery,44,INR
INV-2026-04074,CMP0578,CMP0324,2026-06-04,2026-09-02,2111000,Raw Materials,34,INR
INV-2026-04075,CMP0322,CMP0868,2026-09-23,2026-12-22,3494000,Machinery,9,INR
INV-2026-04076,CMP0056,CMP0757,2026-08-21,2026-09-20,3885000,Construction Materials,23,INR
INV-2026-04077,CMP0202,CMP0470,2026-08-24,2026-10-23,4628000,Raw Materials,4,INR
INV-2026-04078,CMP0704,CMP0917,2026-07-16,2026-09-14,2887000,Pharmaceuticals,22,INR
INV-2026-04079,CMP0774,CMP0225,2026-07-05,2026-09-03,2668000,Construction Materials,3,INR
INV-2026-04080,CMP0461,CMP0778,2026-08-30,2026-11-28,4278000,Food Products,30,INR
INV-2026-04081,CMP0716,CMP0991,2026-09-20,2026-11-04,4173000,Pharmaceuticals,46,INR
INV-2026-04082,CMP0920,CMP0748,2026-09-11,2026-10-11,1159000,Construction Materials,3,INR
INV-2026-04083,CMP0759,CMP0040,2026-09-08,2026-10-23,3781000,Pharmaceuticals,43,INR
INV-2026-04084,CMP0010,CMP0948,2026-06-03,2026-08-02,2321000,Food Products,49,INR
INV-2026-04085,CMP0994,CMP0070,2026-09-09,2026-10-24,1072000,Textiles,26,INR
INV-2026-04086,CMP0109,CMP0705,2026-07-17,2026-10-15,3683000,Electronics,45,INR
INV-2026-04087,CMP0016,CMP0914,2026-06-13,2026-07-13,2339000,Pharmaceuticals,20,INR
INV-2026-04088,CMP0566,CMP0438,2026-08-01,2026-08-31,3399000,Electronics,27,INR
INV-2026-04089,CMP0264,CMP0974,2026-06-20,2026-09-18,2289000,Raw Materials,50,INR
INV-2026-04090,CMP0300,CMP0308,2026-06-08,2026-08-07,4126000,Electronics,36,INR
INV-2026-04091,CMP0425,CMP0482,2026-06-15,2026-07-15,723000,Machinery,33,INR
INV-2026-04092,CMP0475,CMP0478,2026-06-30,2026-08-14,162000,Raw Materials,21,INR
INV-2026-04093,CMP0475,CMP0796,2026-08-28,2026-10-27,435000,Pharmaceuticals,19,INR
INV-2026-04094,CMP0230,CMP0805,2026-07-30,2026-09-13,288000,Raw Materials,20,INR
INV-2026-04095,CMP0861,CMP0386,2026-09-07,2026-12-06,3516000,Pharmaceuticals,17,INR
INV-2026-04096,CMP0616,CMP0831,2026-09-05,2026-10-20,540000,Pharmaceuticals,50,INR
INV-2026-04097,CMP0059,CMP0268,2026-08-05,2026-09-04,1914000,Construction Materials,30,INR
INV-2026-04098,CMP0453,CMP0640,2026-09-21,2026-11-05,4922000,Textiles,26,INR
INV-2026-04099,CMP0862,CMP0588,2026-07-07,2026-10-05,1367000,Machinery,19,INR
INV-2026-04100,CMP0876,CMP0541,2026-06-14,2026-07-29,1042000,Machinery,6,INR
INV-2026-04101,CMP0524,CMP0437,2026-07-02,2026-08-16,2412000,Raw Materials,6,INR
INV-2026-04102,CMP0834,CMP0271,2026-08-28,2026-11-26,2976000,Construction Materials,24,INR
INV-2026-04103,CMP0100,CMP0523,2026-06-22,2026-09-20,1071000,Textiles,39,INR
INV-2026-04104,CMP0083,CMP0920,2026-06-08,2026-07-08,3938000,Raw Materials,18,INR
INV-2026-04105,CMP0248,CMP0926,2026-07-05,2026-08-19,3820000,Pharmaceuticals,10,INR
INV-2026-04106,CMP0363,CMP0910,2026-09-12,2026-12-11,3173000,Textiles,2,INR
INV-2026-04107,CMP0996,CMP0833,2026-06-27,2026-09-25,2758000,Raw Materials,21,INR
INV-2026-04108,CMP0094,CMP0897,2026-06-27,2026-07-27,1318000,Machinery,22,INR
INV-2026-04109,CMP0265,CMP0112,2026-06-15,2026-07-15,594000,Pharmaceuticals,9,INR
INV-2026-04110,CMP0029,CMP0389,2026-08-02,2026-09-01,144000,Raw Materials,48,INR
INV-2026-04111,CMP0412,CMP0666,2026-06-27,2026-07-27,4826000,Construction Materials,3,INR
INV-2026-04112,CMP0370,CMP0893,2026-06-23,2026-07-23,1103000,Pharmaceuticals,20,INR
INV-2026-04113,CMP0272,CMP0168,2026-09-09,2026-12-08,3522000,Pharmaceuticals,16,INR
INV-2026-04114,CMP0767,CMP0773,2026-09-13,2026-10-28,3044000,Electronics,17,INR
INV-2026-04115,CMP0686,CMP0140,2026-09-08,2026-12-07,2638000,Machinery,8,INR
INV-2026-04116,CMP0853,CMP0420,2026-08-27,2026-10-26,940000,Pharmaceuticals,49,INR
INV-2026-04117,CMP0637,CMP0585,2026-07-05,2026-08-19,2598000,Food Products,45,INR
INV-2026-04118,CMP0088,CMP0547,2026-09-17,2026-11-16,2304000,Textiles,14,INR
INV-2026-04119,CMP0450,CMP0782,2026-08-08,2026-09-22,2644000,Food Products,34,INR
INV-2026-04120,CMP0131,CMP0738,2026-06-08,2026-07-08,3070000,Textiles,40,INR
INV-2026-04121,CMP0595,CMP0837,2026-06-05,2026-07-20,2597000,Construction Materials,13,INR
INV-2026-04122,CMP0137,CMP0200,2026-08-11,2026-10-10,2895000,Electronics,15,INR
INV-2026-04123,CMP0846,CMP0357,2026-06-08,2026-07-23,4237000,Pharmaceuticals,48,INR
INV-2026-04124,CMP0956,CMP0644,2026-09-21,2026-11-05,2780000,Electronics,34,INR
INV-2026-04125,CMP0031,CMP0345,2026-09-27,2026-12-26,279000,Textiles,3,INR
INV-2026-04126,CMP0894,CMP0510,2026-06-12,2026-09-10,4215000,Construction Materials,14,INR
INV-2026-04127,CMP0370,CMP0266,2026-09-25,2026-11-09,2464000,Textiles,12,INR
INV-2026-04128,CMP0288,CMP0721,2026-08-03,2026-11-01,3927000,Food Products,17,INR
INV-2026-04129,CMP0293,CMP0798,2026-08-12,2026-11-10,2290000,Textiles,38,INR
INV-2026-04130,CMP0252,CMP0035,2026-07-25,2026-09-23,2557000,Construction Materials,4,INR
INV-2026-04131,CMP0050,CMP0446,2026-07-20,2026-09-03,121000,Food Products,20,INR
INV-2026-04132,CMP0560,CMP0445,2026-09-03,2026-12-02,1081000,Textiles,24,INR
INV-2026-04133,CMP0822,CMP0213,2026-07-30,2026-09-13,4120000,Construction Materials,36,INR
INV-2026-04134,CMP0361,CMP0925,2026-08-23,2026-11-21,2427000,Machinery,38,INR
INV-2026-04135,CMP0104,CMP0144,2026-06-03,2026-08-02,1043000,Machinery,30,INR
INV-2026-04136,CMP0161,CMP0881,2026-07-03,2026-09-01,3002000,Pharmaceuticals,13,INR
INV-2026-04137,CMP0618,CMP0446,2026-06-12,2026-09-10,406000,Machinery,37,INR
INV-2026-04138,CMP0854,CMP0630,2026-06-19,2026-08-18,1873000,Food Products,2,INR
INV-2026-04139,CMP0451,CMP0578,2026-07-21,2026-09-04,1224000,Textiles,43,INR
INV-2026-04140,CMP0961,CMP0915,2026-08-30,2026-11-28,903000,Textiles,13,INR
INV-2026-04141,CMP0128,CMP0703,2026-09-08,2026-10-08,3279000,Raw Materials,9,INR
INV-2026-04142,CMP0381,CMP0061,2026-09-04,2026-11-03,1943000,Raw Materials,44,INR
INV-2026-04143,CMP0650,CMP0612,2026-09-28,2026-11-27,4215000,Textiles,10,INR
INV-2026-04144,CMP0471,CMP0571,2026-07-16,2026-08-30,4745000,Pharmaceuticals,16,INR
INV-2026-04145,CMP0438,CMP0093,2026-08-15,2026-10-14,4140000,Electronics,27,INR
INV-2026-04146,CMP0744,CMP0269,2026-09-27,2026-11-26,2803000,Electronics,45,INR
INV-2026-04147,CMP0767,CMP0918,2026-08-31,2026-10-30,2952000,Construction Materials,30,INR
INV-2026-04148,CMP0751,CMP0520,2026-06-23,2026-09-21,1000000,Pharmaceuticals,13,INR
INV-2026-04149,CMP0744,CMP0112,2026-08-30,2026-10-29,4088000,Pharmaceuticals,47,INR
INV-2026-04150,CMP0884,CMP0675,2026-07-27,2026-08-26,1227000,Electronics,15,INR
INV-2026-04151,CMP0136,CMP0871,2026-09-28,2026-11-27,1238000,Machinery,11,INR
INV-2026-04152,CMP0219,CMP0615,2026-07-21,2026-09-04,1759000,Food Products,25,INR
INV-2026-04153,CMP0105,CMP0473,2026-09-26,2026-11-25,3397000,Pharmaceuticals,2,INR
INV-2026-04154,CMP0785,CMP0683,2026-06-06,2026-08-05,2317000,Pharmaceuticals,25,INR
INV-2026-04155,CMP0345,CMP0680,2026-06-13,2026-07-13,3053000,Raw Materials,36,INR
INV-2026-04156,CMP0387,CMP0237,2026-06-11,2026-07-11,4184000,Machinery,23,INR
INV-2026-04157,CMP0007,CMP0961,2026-08-30,2026-10-14,1162000,Electronics,46,INR
INV-2026-04158,CMP0618,CMP0166,2026-08-01,2026-09-30,360000,Pharmaceuticals,41,INR
INV-2026-04159,CMP0347,CMP0602,2026-06-22,2026-08-06,2970000,Food Products,50,INR
INV-2026-04160,CMP0954,CMP0922,2026-08-02,2026-10-31,3490000,Construction Materials,18,INR
INV-2026-04161,CMP0187,CMP0212,2026-07-11,2026-09-09,1771000,Raw Materials,49,INR
INV-2026-04162,CMP0235,CMP0840,2026-06-25,2026-08-09,3792000,Pharmaceuticals,29,INR
INV-2026-04163,CMP0533,CMP0987,2026-08-17,2026-11-15,1819000,Construction Materials,48,INR
INV-2026-04164,CMP0593,CMP0192,2026-09-14,2026-11-13,703000,Machinery,3,INR
INV-2026-04165,CMP0013,CMP0142,2026-06-01,2026-08-30,3157000,Food Products,49,INR
INV-2026-04166,CMP0170,CMP0070,2026-06-25,2026-08-24,2159000,Pharmaceuticals,34,INR
INV-2026-04167,CMP0395,CMP0980,2026-08-25,2026-11-23,4713000,Construction Materials,22,INR
INV-2026-04168,CMP0222,CMP0896,2026-06-09,2026-08-08,4119000,Textiles,31,INR
INV-2026-04169,CMP0255,CMP0115,2026-07-16,2026-08-30,265000,Machinery,36,INR
INV-2026-04170,CMP0582,CMP0573,2026-06-09,2026-09-07,1643000,Raw Materials,2,INR
INV-2026-04171,CMP0682,CMP0830,2026-07-17,2026-08-16,4705000,Food Products,40,INR
INV-2026-04172,CMP0215,CMP0862,2026-07-30,2026-10-28,1958000,Construction Materials,15,INR
INV-2026-04173,CMP0108,CMP0134,2026-06-25,2026-08-24,3952000,Machinery,48,INR
INV-2026-04174,CMP0319,CMP0530,2026-06-07,2026-07-22,2834000,Pharmaceuticals,45,INR
INV-2026-04175,CMP0465,CMP0686,2026-08-17,2026-09-16,3106000,Electronics,10,INR
INV-2026-04176,CMP0422,CMP0558,2026-06-01,2026-07-01,201000,Food Products,10,INR
INV-2026-04177,CMP0177,CMP0029,2026-08-23,2026-11-21,4643000,Machinery,11,INR
INV-2026-04178,CMP0967,CMP0772,2026-08-06,2026-10-05,1043000,Textiles,12,INR
INV-2026-04179,CMP0252,CMP0611,2026-08-12,2026-11-10,2698000,Construction Materials,3,INR
INV-2026-04180,CMP0135,CMP0241,2026-06-10,2026-08-09,1767000,Construction Materials,40,INR
INV-2026-04181,CMP0929,CMP0799,2026-09-01,2026-11-30,4277000,Textiles,8,INR
INV-2026-04182,CMP0472,CMP0370,2026-09-10,2026-10-10,3699000,Raw Materials,11,INR
INV-2026-04183,CMP0202,CMP0015,2026-08-07,2026-09-06,4562000,Construction Materials,28,INR
INV-2026-04184,CMP0885,CMP0004,2026-09-29,2026-10-29,2368000,Food Products,22,INR
INV-2026-04185,CMP0013,CMP0174,2026-06-16,2026-07-31,2341000,Machinery,4,INR
INV-2026-04186,CMP0455,CMP0526,2026-07-25,2026-10-23,4524000,Pharmaceuticals,23,INR
INV-2026-04187,CMP0529,CMP0718,2026-07-12,2026-09-10,4019000,Pharmaceuticals,35,INR
INV-2026-04188,CMP0347,CMP0973,2026-08-15,2026-10-14,90000,Electronics,49,INR
INV-2026-04189,CMP0100,CMP0311,2026-06-06,2026-08-05,2796000,Electronics,29,INR
INV-2026-04190,CMP0181,CMP0923,2026-07-21,2026-10-19,2082000,Electronics,19,INR
INV-2026-04191,CMP0694,CMP0403,2026-07-28,2026-09-11,1098000,Electronics,28,INR
INV-2026-04192,CMP0979,CMP0348,2026-08-09,2026-09-08,905000,Textiles,50,INR
INV-2026-04193,CMP0707,CMP0138,2026-07-10,2026-08-24,372000,Pharmaceuticals,36,INR
INV-2026-04194,CMP0277,CMP0784,2026-09-25,2026-10-25,2703000,Pharmaceuticals,45,INR
INV-2026-04195,CMP0266,CMP0929,2026-06-19,2026-07-19,3337000,Food Products,25,INR
INV-2026-04196,CMP0268,CMP0679,2026-09-27,2026-11-26,1634000,Electronics,13,INR
INV-2026-04197,CMP0879,CMP0588,2026-06-14,2026-09-12,2397000,Construction Materials,46,INR
INV-2026-04198,CMP0771,CMP0908,2026-07-28,2026-09-26,3143000,Machinery,29,INR
INV-2026-04199,CMP0570,CMP0916,2026-08-26,2026-11-24,4635000,Electronics,33,INR
INV-2026-04200,CMP0754,CMP0854,2026-08-08,2026-10-07,2998000,Food Products,18,INR
INV-2026-04201,CMP0636,CMP0078,2026-06-07,2026-09-05,754000,Pharmaceuticals,28,INR
INV-2026-04202,CMP0469,CMP0657,2026-07-25,2026-09-23,1288000,Machinery,33,INR
INV-2026-04203,CMP0459,CMP0640,2026-08-23,2026-11-21,1984000,Electronics,40,INR
INV-2026-04204,CMP0915,CMP0325,2026-07-29,2026-10-27,1824000,Machinery,5,INR
INV-2026-04205,CMP0991,CMP0164,2026-08-13,2026-09-27,2333000,Construction Materials,8,INR
INV-2026-04206,CMP0442,CMP0759,2026-07-16,2026-08-30,2228000,Textiles,16,INR
INV-2026-04207,CMP0959,CMP0450,2026-06-02,2026-08-01,4527000,Food Products,1,INR
INV-2026-04208,CMP0300,CMP0041,2026-08-20,2026-10-04,4002000,Food Products,23,INR
INV-2026-04209,CMP0070,CMP0822,2026-09-16,2026-12-15,4219000,Textiles,26,INR
INV-2026-04210,CMP0806,CMP0594,2026-07-26,2026-09-09,1511000,Construction Materials,4,INR
INV-2026-04211,CMP0854,CMP0995,2026-08-25,2026-10-09,1856000,Food Products,14,INR
INV-2026-04212,CMP0988,CMP0351,2026-06-16,2026-07-31,4115000,Textiles,25,INR
INV-2026-04213,CMP0913,CMP0496,2026-06-10,2026-07-25,1562000,Construction Materials,16,INR
INV-2026-04214,CMP0005,CMP0028,2026-09-08,2026-11-07,4576000,Food Products,43,INR
INV-2026-04215,CMP0519,CMP0884,2026-07-15,2026-08-14,4769000,Textiles,15,INR
INV-2026-04216,CMP0146,CMP0723,2026-06-24,2026-08-23,2548000,Construction Materials,25,INR
INV-2026-04217,CMP0390,CMP0021,2026-08-14,2026-09-13,106000,Construction Materials,22,INR
INV-2026-04218,CMP0939,CMP0503,2026-06-28,2026-09-26,4454000,Pharmaceuticals,39,INR
INV-2026-04219,CMP0048,CMP0715,2026-06-04,2026-07-19,1733000,Textiles,5,INR
INV-2026-04220,CMP0841,CMP0933,2026-09-14,2026-12-13,2064000,Textiles,42,INR
INV-2026-04221,CMP0194,CMP0129,2026-08-05,2026-10-04,4869000,Food Products,47,INR
INV-2026-04222,CMP0959,CMP0549,2026-08-18,2026-11-16,2236000,Construction Materials,47,INR
INV-2026-04223,CMP0822,CMP0452,2026-09-03,2026-12-02,276000,Construction Materials,3,INR
INV-2026-04224,CMP0437,CMP0046,2026-08-03,2026-10-02,253000,Food Products,7,INR
INV-2026-04225,CMP0852,CMP0285,2026-07-02,2026-09-30,2012000,Machinery,4,INR
INV-2026-04226,CMP0803,CMP0285,2026-06-11,2026-09-09,4893000,Textiles,19,INR
INV-2026-04227,CMP0202,CMP0397,2026-07-27,2026-08-26,4636000,Pharmaceuticals,47,INR
INV-2026-04228,CMP0653,CMP0846,2026-07-01,2026-09-29,3175000,Food Products,12,INR
INV-2026-04229,CMP0896,CMP0082,2026-09-23,2026-12-22,2980000,Pharmaceuticals,32,INR
INV-2026-04230,CMP0820,CMP0309,2026-09-03,2026-11-02,100000,Textiles,24,INR
INV-2026-04231,CMP0854,CMP0514,2026-07-25,2026-08-24,3630000,Electronics,10,INR
INV-2026-04232,CMP0298,CMP0779,2026-09-01,2026-11-30,4467000,Textiles,5,INR
INV-2026-04233,CMP0281,CMP0175,2026-08-04,2026-10-03,4056000,Raw Materials,41,INR
INV-2026-04234,CMP0066,CMP0257,2026-09-01,2026-11-30,941000,Raw Materials,27,INR
INV-2026-04235,CMP0213,CMP0726,2026-08-27,2026-10-11,2165000,Machinery,41,INR
INV-2026-04236,CMP0165,CMP0140,2026-08-31,2026-10-15,1728000,Electronics,38,INR
INV-2026-04237,CMP0855,CMP0821,2026-09-23,2026-11-07,4343000,Machinery,21,INR
INV-2026-04238,CMP0577,CMP0805,2026-06-02,2026-08-31,245000,Pharmaceuticals,8,INR
INV-2026-04239,CMP0217,CMP0882,2026-08-24,2026-09-23,1185000,Textiles,46,INR
INV-2026-04240,CMP0280,CMP0971,2026-07-04,2026-09-02,4239000,Food Products,30,INR
INV-2026-04241,CMP0946,CMP0815,2026-06-10,2026-08-09,4006000,Construction Materials,43,INR
INV-2026-04242,CMP0273,CMP0114,2026-08-23,2026-11-21,3856000,Food Products,1,INR
INV-2026-04243,CMP0304,CMP0324,2026-08-10,2026-09-24,3471000,Electronics,6,INR
INV-2026-04244,CMP0914,CMP0102,2026-08-27,2026-10-26,3342000,Textiles,29,INR
INV-2026-04245,CMP0669,CMP0411,2026-09-26,2026-12-25,4076000,Construction Materials,26,INR
INV-2026-04246,CMP0955,CMP0382,2026-09-01,2026-11-30,3931000,Food Products,26,INR
INV-2026-04247,CMP0882,CMP0258,2026-07-21,2026-08-20,3987000,Electronics,23,INR
INV-2026-04248,CMP0129,CMP0009,2026-08-25,2026-10-24,4147000,Construction Materials,42,INR
INV-2026-04249,CMP0144,CMP0601,2026-07-10,2026-09-08,3619000,Textiles,12,INR
INV-2026-04250,CMP0073,CMP0503,2026-06-08,2026-08-07,3029000,Electronics,40,INR
INV-2026-04251,CMP0551,CMP0532,2026-08-07,2026-09-21,4105000,Electronics,36,INR
INV-2026-04252,CMP0514,CMP0500,2026-07-30,2026-09-28,1226000,Textiles,48,INR
INV-2026-04253,CMP0283,CMP0146,2026-06-01,2026-08-30,1414000,Machinery,44,INR
INV-2026-04254,CMP0717,CMP0568,2026-08-28,2026-09-27,3013000,Food Products,39,INR
INV-2026-04255,CMP0175,CMP0610,2026-07-30,2026-09-13,4442000,Pharmaceuticals,34,INR
INV-2026-04256,CMP0443,CMP0804,2026-06-05,2026-07-05,2307000,Food Products,31,INR
INV-2026-04257,CMP0144,CMP0313,2026-09-19,2026-12-18,3448000,Raw Materials,38,INR
INV-2026-04258,CMP0039,CMP0252,2026-09-11,2026-10-11,1378000,Textiles,16,INR
INV-2026-04259,CMP0057,CMP0199,2026-08-09,2026-09-23,778000,Electronics,16,INR
INV-2026-04260,CMP0248,CMP0841,2026-09-23,2026-10-23,212000,Machinery,8,INR
INV-2026-04261,CMP0821,CMP0890,2026-07-04,2026-08-03,4214000,Food Products,23,INR
INV-2026-04262,CMP0258,CMP0514,2026-07-12,2026-09-10,4406000,Electronics,32,INR
INV-2026-04263,CMP0328,CMP0381,2026-08-29,2026-10-28,1143000,Textiles,10,INR
INV-2026-04264,CMP0584,CMP0403,2026-07-14,2026-08-13,904000,Textiles,13,INR
INV-2026-04265,CMP0422,CMP0624,2026-09-28,2026-11-27,3797000,Textiles,30,INR
INV-2026-04266,CMP0725,CMP0977,2026-06-28,2026-08-27,4336000,Machinery,29,INR
INV-2026-04267,CMP0981,CMP0586,2026-06-26,2026-09-24,4524000,Pharmaceuticals,6,INR
INV-2026-04268,CMP0673,CMP0248,2026-07-15,2026-10-13,2738000,Food Products,40,INR
INV-2026-04269,CMP0443,CMP0997,2026-08-24,2026-10-08,2077000,Construction Materials,35,INR
INV-2026-04270,CMP0730,CMP0825,2026-07-16,2026-10-14,4761000,Pharmaceuticals,17,INR
INV-2026-04271,CMP0070,CMP0476,2026-09-27,2026-11-11,4423000,Textiles,44,INR
INV-2026-04272,CMP0397,CMP0926,2026-08-28,2026-09-27,426000,Electronics,40,INR
INV-2026-04273,CMP0768,CMP0598,2026-09-08,2026-12-07,958000,Raw Materials,17,INR
INV-2026-04274,CMP0882,CMP0435,2026-07-10,2026-10-08,4987000,Food Products,46,INR
INV-2026-04275,CMP0972,CMP0173,2026-06-26,2026-09-24,4898000,Construction Materials,44,INR
INV-2026-04276,CMP0959,CMP0550,2026-06-18,2026-09-16,2376000,Electronics,24,INR
INV-2026-04277,CMP0857,CMP0120,2026-08-15,2026-11-13,4025000,Raw Materials,28,INR
INV-2026-04278,CMP0493,CMP0579,2026-06-12,2026-07-12,448000,Raw Materials,42,INR
INV-2026-04279,CMP0953,CMP0837,2026-09-13,2026-10-13,4100000,Electronics,49,INR
INV-2026-04280,CMP0060,CMP0696,2026-09-18,2026-11-02,2612000,Construction Materials,1,INR
INV-2026-04281,CMP0193,CMP0553,2026-06-21,2026-07-21,3770000,Raw Materials,8,INR
INV-2026-04282,CMP0795,CMP0882,2026-08-21,2026-09-20,3042000,Electronics,3,INR
INV-2026-04283,CMP0650,CMP0281,2026-09-02,2026-12-01,2932000,Raw Materials,20,INR
INV-2026-04284,CMP0836,CMP0741,2026-07-24,2026-09-07,2267000,Raw Materials,3,INR
INV-2026-04285,CMP0097,CMP0401,2026-07-25,2026-10-23,2807000,Raw Materials,41,INR
INV-2026-04286,CMP0811,CMP0242,2026-06-28,2026-08-27,4978000,Machinery,34,INR
INV-2026-04287,CMP0160,CMP0295,2026-09-02,2026-10-17,1595000,Food Products,9,INR
INV-2026-04288,CMP0331,CMP0247,2026-06-12,2026-08-11,4461000,Machinery,16,INR
INV-2026-04289,CMP0055,CMP0659,2026-07-11,2026-09-09,4101000,Construction Materials,39,INR
INV-2026-04290,CMP0775,CMP0540,2026-06-09,2026-08-08,2375000,Raw Materials,4,INR
INV-2026-04291,CMP0145,CMP0906,2026-08-07,2026-10-06,2369000,Raw Materials,49,INR
INV-2026-04292,CMP0971,CMP0355,2026-08-02,2026-10-01,453000,Textiles,1,INR
INV-2026-04293,CMP0779,CMP0978,2026-06-28,2026-08-12,4967000,Raw Materials,33,INR
INV-2026-04294,CMP0056,CMP0876,2026-08-21,2026-11-19,4836000,Machinery,9,INR
INV-2026-04295,CMP0272,CMP0277,2026-07-09,2026-08-23,82000,Machinery,2,INR
INV-2026-04296,CMP0930,CMP0635,2026-07-30,2026-10-28,148000,Machinery,43,INR
INV-2026-04297,CMP0571,CMP0179,2026-08-26,2026-10-25,1980000,Pharmaceuticals,45,INR
INV-2026-04298,CMP0248,CMP0962,2026-09-05,2026-12-04,1108000,Food Products,41,INR
INV-2026-04299,CMP0659,CMP0226,2026-07-26,2026-09-24,4060000,Textiles,17,INR
INV-2026-04300,CMP0452,CMP0408,2026-07-27,2026-09-10,581000,Food Products,23,INR
INV-2026-04301,CMP0488,CMP0970,2026-07-14,2026-09-12,1895000,Textiles,36,INR
INV-2026-04302,CMP0949,CMP0110,2026-07-30,2026-08-29,2410000,Raw Materials,25,INR
INV-2026-04303,CMP0417,CMP0439,2026-07-14,2026-08-28,916000,Electronics,14,INR
INV-2026-04304,CMP0818,CMP0791,2026-09-04,2026-10-19,4777000,Electronics,18,INR
INV-2026-04305,CMP0184,CMP0474,2026-09-15,2026-10-30,467000,Machinery,23,INR
INV-2026-04306,CMP0061,CMP0957,2026-06-27,2026-08-26,854000,Construction Materials,15,INR
INV-2026-04307,CMP0652,CMP0256,2026-06-07,2026-09-05,4714000,Raw Materials,31,INR
INV-2026-04308,CMP0634,CMP0876,2026-08-18,2026-10-17,4470000,Electronics,12,INR
INV-2026-04309,CMP0914,CMP0295,2026-07-31,2026-09-14,3707000,Raw Materials,46,INR
INV-2026-04310,CMP0906,CMP0853,2026-06-09,2026-07-24,4678000,Electronics,39,INR
INV-2026-04311,CMP0886,CMP0045,2026-07-28,2026-08-27,1860000,Pharmaceuticals,39,INR
INV-2026-04312,CMP0113,CMP0152,2026-07-15,2026-08-29,3667000,Electronics,45,INR
INV-2026-04313,CMP0807,CMP0372,2026-07-30,2026-08-29,2630000,Textiles,12,INR
INV-2026-04314,CMP0087,CMP0809,2026-07-24,2026-09-07,783000,Raw Materials,3,INR
INV-2026-04315,CMP0854,CMP0949,2026-09-18,2026-11-17,3257000,Electronics,6,INR
INV-2026-04316,CMP0047,CMP0004,2026-09-15,2026-11-14,2311000,Raw Materials,26,INR
INV-2026-04317,CMP0258,CMP0898,2026-07-21,2026-09-19,1816000,Textiles,17,INR
INV-2026-04318,CMP0216,CMP0844,2026-09-04,2026-12-03,1363000,Electronics,6,INR
INV-2026-04319,CMP0259,CMP0151,2026-08-28,2026-09-27,1330000,Pharmaceuticals,4,INR
INV-2026-04320,CMP0475,CMP0645,2026-06-22,2026-09-20,1280000,Food Products,46,INR
INV-2026-04321,CMP0513,CMP0245,2026-06-21,2026-09-19,2664000,Electronics,4,INR
INV-2026-04322,CMP0868,CMP0643,2026-09-24,2026-12-23,4205000,Electronics,21,INR
INV-2026-04323,CMP0685,CMP0494,2026-06-08,2026-07-23,921000,Raw Materials,35,INR
INV-2026-04324,CMP0769,CMP0382,2026-06-06,2026-07-06,1836000,Machinery,38,INR
INV-2026-04325,CMP0045,CMP0922,2026-08-25,2026-11-23,541000,Raw Materials,41,INR
INV-2026-04326,CMP0999,CMP0144,2026-08-05,2026-11-03,2852000,Pharmaceuticals,31,INR
INV-2026-04327,CMP0955,CMP0457,2026-07-07,2026-10-05,2759000,Textiles,36,INR
INV-2026-04328,CMP0424,CMP0124,2026-06-22,2026-08-21,3977000,Food Products,42,INR
INV-2026-04329,CMP0029,CMP0248,2026-07-06,2026-10-04,2419000,Pharmaceuticals,14,INR
INV-2026-04330,CMP0226,CMP0189,2026-09-13,2026-12-12,2401000,Textiles,42,INR
INV-2026-04331,CMP0808,CMP0996,2026-09-18,2026-11-17,3434000,Construction Materials,50,INR
INV-2026-04332,CMP0067,CMP0343,2026-09-04,2026-12-03,2480000,Pharmaceuticals,13,INR
INV-2026-04333,CMP0341,CMP0124,2026-07-11,2026-10-09,3863000,Raw Materials,21,INR
INV-2026-04334,CMP0997,CMP0775,2026-09-13,2026-11-12,606000,Machinery,47,INR
INV-2026-04335,CMP0864,CMP0512,2026-08-12,2026-11-10,3293000,Textiles,46,INR
INV-2026-04336,CMP0837,CMP0580,2026-09-25,2026-12-24,3006000,Textiles,27,INR
INV-2026-04337,CMP0013,CMP0043,2026-08-30,2026-10-14,1923000,Food Products,48,INR
INV-2026-04338,CMP0323,CMP0158,2026-08-12,2026-11-10,1543000,Pharmaceuticals,18,INR
INV-2026-04339,CMP0529,CMP0263,2026-06-12,2026-07-12,1194000,Electronics,11,INR
INV-2026-04340,CMP0189,CMP0995,2026-07-12,2026-08-11,1097000,Pharmaceuticals,17,INR
INV-2026-04341,CMP0347,CMP0362,2026-09-26,2026-11-25,3981000,Construction Materials,47,INR
INV-2026-04342,CMP0203,CMP0465,2026-06-30,2026-09-28,1118000,Food Products,27,INR
INV-2026-04343,CMP0047,CMP0280,2026-07-07,2026-08-21,624000,Food Products,20,INR
INV-2026-04344,CMP0220,CMP0059,2026-08-19,2026-11-17,1564000,Machinery,35,INR
INV-2026-04345,CMP0080,CMP0226,2026-06-20,2026-08-04,4036000,Electronics,36,INR
INV-2026-04346,CMP0147,CMP0125,2026-08-19,2026-10-03,182000,Textiles,41,INR
INV-2026-04347,CMP0776,CMP0153,2026-09-23,2026-11-07,2600000,Electronics,10,INR
INV-2026-04348,CMP0171,CMP0622,2026-06-05,2026-07-05,3075000,Pharmaceuticals,44,INR
INV-2026-04349,CMP0684,CMP0967,2026-08-12,2026-11-10,2553000,Raw Materials,36,INR
INV-2026-04350,CMP0267,CMP0027,2026-09-12,2026-12-11,3825000,Pharmaceuticals,42,INR
INV-2026-04351,CMP0684,CMP0606,2026-06-26,2026-07-26,2740000,Electronics,30,INR
INV-2026-04352,CMP0552,CMP0957,2026-08-24,2026-10-23,1790000,Construction Materials,32,INR
INV-2026-04353,CMP0413,CMP0469,2026-06-07,2026-09-05,246000,Electronics,10,INR
INV-2026-04354,CMP0319,CMP0311,2026-07-26,2026-10-24,3320000,Food Products,39,INR
INV-2026-04355,CMP0317,CMP0705,2026-06-29,2026-09-27,4653000,Pharmaceuticals,1,INR
INV-2026-04356,CMP0697,CMP0991,2026-08-21,2026-10-20,4679000,Raw Materials,34,INR
INV-2026-04357,CMP0419,CMP0518,2026-09-21,2026-11-20,1350000,Pharmaceuticals,2,INR
INV-2026-04358,CMP0543,CMP0335,2026-08-14,2026-09-28,2797000,Textiles,41,INR
INV-2026-04359,CMP0438,CMP0170,2026-08-01,2026-09-15,4726000,Food Products,25,INR
INV-2026-04360,CMP0580,CMP0769,2026-06-27,2026-08-11,1248000,Textiles,29,INR
INV-2026-04361,CMP0753,CMP0835,2026-08-02,2026-09-16,1351000,Pharmaceuticals,20,INR
INV-2026-04362,CMP0736,CMP0848,2026-09-26,2026-11-10,3432000,Food Products,4,INR
INV-2026-04363,CMP0746,CMP0699,2026-07-30,2026-09-13,2265000,Raw Materials,50,INR
INV-2026-04364,CMP0689,CMP0697,2026-07-03,2026-09-01,2023000,Food Products,27,INR
INV-2026-04365,CMP0408,CMP0108,2026-07-16,2026-08-15,426000,Textiles,39,INR
INV-2026-04366,CMP0747,CMP0762,2026-06-12,2026-07-12,3214000,Food Products,33,INR
INV-2026-04367,CMP0406,CMP0173,2026-09-13,2026-12-12,4163000,Construction Materials,48,INR
INV-2026-04368,CMP0765,CMP0533,2026-07-31,2026-09-14,4324000,Textiles,17,INR
INV-2026-04369,CMP0619,CMP0916,2026-09-22,2026-10-22,2137000,Construction Materials,16,INR
INV-2026-04370,CMP0697,CMP0958,2026-06-11,2026-09-09,3000000,Electronics,46,INR
INV-2026-04371,CMP0332,CMP0428,2026-06-30,2026-08-29,760000,Textiles,4,INR
INV-2026-04372,CMP0871,CMP0575,2026-06-30,2026-08-14,4475000,Construction Materials,7,INR
INV-2026-04373,CMP0558,CMP0254,2026-06-04,2026-07-04,4510000,Food Products,38,INR
INV-2026-04374,CMP0759,CMP0196,2026-07-31,2026-10-29,2244000,Electronics,5,INR
INV-2026-04375,CMP0824,CMP0139,2026-08-03,2026-11-01,1716000,Electronics,16,INR
INV-2026-04376,CMP0647,CMP0994,2026-09-12,2026-10-12,4564000,Machinery,50,INR
INV-2026-04377,CMP0690,CMP0898,2026-06-21,2026-07-21,1342000,Machinery,25,INR
INV-2026-04378,CMP0221,CMP0099,2026-09-06,2026-11-05,4155000,Raw Materials,2,INR
INV-2026-04379,CMP0007,CMP0643,2026-07-01,2026-07-31,1305000,Textiles,10,INR
INV-2026-04380,CMP0222,CMP0075,2026-07-02,2026-09-30,1646000,Pharmaceuticals,49,INR
INV-2026-04381,CMP0703,CMP0223,2026-07-08,2026-08-07,595000,Electronics,36,INR
INV-2026-04382,CMP0182,CMP0082,2026-08-02,2026-09-01,1425000,Raw Materials,16,INR
INV-2026-04383,CMP0126,CMP0563,2026-09-26,2026-12-25,4922000,Food Products,12,INR
INV-2026-04384,CMP0036,CMP0854,2026-06-24,2026-08-23,970000,Electronics,2,INR
INV-2026-04385,CMP0920,CMP0869,2026-06-13,2026-09-11,2056000,Food Products,41,INR
INV-2026-04386,CMP0328,CMP0409,2026-08-29,2026-09-28,4762000,Machinery,45,INR
INV-2026-04387,CMP0006,CMP0707,2026-08-23,2026-09-22,911000,Food Products,25,INR
INV-2026-04388,CMP0890,CMP0351,2026-09-14,2026-10-29,1791000,Textiles,20,INR
INV-2026-04389,CMP0543,CMP0245,2026-06-28,2026-09-26,2156000,Machinery,24,INR
INV-2026-04390,CMP0936,CMP0075,2026-07-07,2026-10-05,2610000,Textiles,28,INR
INV-2026-04391,CMP0634,CMP0119,2026-07-30,2026-08-29,980000,Pharmaceuticals,45,INR
INV-2026-04392,CMP0566,CMP0464,2026-06-18,2026-09-16,138000,Raw Materials,35,INR
INV-2026-04393,CMP0991,CMP0191,2026-09-17,2026-11-16,321000,Machinery,3,INR
INV-2026-04394,CMP0639,CMP0244,2026-06-02,2026-07-17,4307000,Textiles,41,INR
INV-2026-04395,CMP0731,CMP0582,2026-06-23,2026-08-07,984000,Raw Materials,8,INR
INV-2026-04396,CMP0390,CMP0683,2026-06-04,2026-08-03,153000,Construction Materials,39,INR
INV-2026-04397,CMP0892,CMP0728,2026-06-23,2026-08-22,1808000,Pharmaceuticals,5,INR
INV-2026-04398,CMP0560,CMP0240,2026-08-27,2026-10-26,1187000,Raw Materials,46,INR
INV-2026-04399,CMP0462,CMP0394,2026-07-17,2026-08-31,1362000,Pharmaceuticals,3,INR
INV-2026-04400,CMP0906,CMP0168,2026-06-29,2026-07-29,773000,Machinery,28,INR
INV-2026-04401,CMP0479,CMP0578,2026-09-01,2026-10-31,2887000,Raw Materials,34,INR
INV-2026-04402,CMP0978,CMP0928,2026-06-22,2026-09-20,1812000,Food Products,44,INR
INV-2026-04403,CMP0028,CMP0104,2026-07-22,2026-10-20,733000,Electronics,8,INR
INV-2026-04404,CMP0116,CMP0823,2026-09-27,2026-12-26,3597000,Construction Materials,48,INR
INV-2026-04405,CMP0550,CMP0422,2026-08-16,2026-09-15,1161000,Raw Materials,21,INR
INV-2026-04406,CMP0099,CMP0342,2026-08-04,2026-11-02,1596000,Construction Materials,17,INR
INV-2026-04407,CMP0773,CMP0174,2026-07-27,2026-09-10,3591000,Construction Materials,2,INR
INV-2026-04408,CMP0175,CMP0176,2026-08-18,2026-10-17,384000,Machinery,31,INR
INV-2026-04409,CMP0703,CMP0827,2026-06-27,2026-07-27,2818000,Textiles,44,INR
INV-2026-04410,CMP0013,CMP0370,2026-06-10,2026-08-09,1666000,Construction Materials,5,INR
INV-2026-04411,CMP0063,CMP0681,2026-06-04,2026-09-02,2857000,Textiles,21,INR
INV-2026-04412,CMP0003,CMP0541,2026-08-04,2026-10-03,2175000,Raw Materials,36,INR
INV-2026-04413,CMP0299,CMP0423,2026-07-28,2026-08-27,4059000,Raw Materials,32,INR
INV-2026-04414,CMP0517,CMP0257,2026-07-28,2026-10-26,3623000,Machinery,47,INR
INV-2026-04415,CMP0008,CMP0573,2026-06-04,2026-09-02,1911000,Food Products,18,INR
INV-2026-04416,CMP0676,CMP0302,2026-07-14,2026-08-28,380000,Textiles,21,INR
INV-2026-04417,CMP0736,CMP0918,2026-06-11,2026-09-09,113000,Raw Materials,29,INR
INV-2026-04418,CMP0172,CMP0466,2026-07-27,2026-09-10,4923000,Pharmaceuticals,9,INR
INV-2026-04419,CMP0562,CMP0192,2026-06-04,2026-07-04,4676000,Construction Materials,45,INR
INV-2026-04420,CMP0561,CMP0930,2026-06-17,2026-07-17,1985000,Textiles,7,INR
INV-2026-04421,CMP0093,CMP0770,2026-06-09,2026-07-24,1341000,Textiles,2,INR
INV-2026-04422,CMP0438,CMP0917,2026-09-17,2026-12-16,1651000,Electronics,2,INR
INV-2026-04423,CMP0075,CMP0908,2026-06-06,2026-08-05,4936000,Machinery,12,INR
INV-2026-04424,CMP0311,CMP0043,2026-07-11,2026-08-10,3336000,Machinery,44,INR
INV-2026-04425,CMP0481,CMP0654,2026-09-18,2026-12-17,2287000,Construction Materials,5,INR
INV-2026-04426,CMP0737,CMP0091,2026-06-07,2026-09-05,3825000,Textiles,35,INR
INV-2026-04427,CMP0361,CMP0962,2026-08-12,2026-11-10,3653000,Electronics,36,INR
INV-2026-04428,CMP0416,CMP0975,2026-08-20,2026-09-19,1649000,Raw Materials,17,INR
INV-2026-04429,CMP0850,CMP0058,2026-09-03,2026-10-03,3718000,Textiles,41,INR
INV-2026-04430,CMP0305,CMP0557,2026-09-29,2026-11-13,707000,Electronics,43,INR
INV-2026-04431,CMP0534,CMP0124,2026-06-08,2026-07-08,4781000,Machinery,49,INR
INV-2026-04432,CMP0972,CMP0865,2026-09-14,2026-11-13,2297000,Pharmaceuticals,27,INR
INV-2026-04433,CMP0512,CMP0815,2026-07-30,2026-10-28,3344000,Food Products,5,INR
INV-2026-04434,CMP0599,CMP0882,2026-06-17,2026-08-16,2821000,Electronics,26,INR
INV-2026-04435,CMP0756,CMP0030,2026-08-01,2026-08-31,839000,Electronics,10,INR
INV-2026-04436,CMP0810,CMP0097,2026-07-25,2026-09-23,3735000,Textiles,5,INR
INV-2026-04437,CMP0955,CMP0922,2026-09-20,2026-12-19,4008000,Construction Materials,3,INR
INV-2026-04438,CMP0133,CMP0906,2026-08-25,2026-10-09,1299000,Electronics,1,INR
INV-2026-04439,CMP0258,CMP0721,2026-06-30,2026-08-29,2917000,Food Products,33,INR
INV-2026-04440,CMP0895,CMP0167,2026-07-29,2026-09-12,3657000,Textiles,13,INR
INV-2026-04441,CMP0747,CMP0153,2026-08-19,2026-10-18,535000,Pharmaceuticals,38,INR
INV-2026-04442,CMP0660,CMP0707,2026-08-08,2026-10-07,1545000,Electronics,37,INR
INV-2026-04443,CMP0569,CMP0486,2026-07-17,2026-10-15,1981000,Raw Materials,30,INR
INV-2026-04444,CMP0981,CMP0176,2026-06-28,2026-08-27,1607000,Pharmaceuticals,31,INR
INV-2026-04445,CMP0914,CMP0701,2026-06-21,2026-08-20,180000,Machinery,40,INR
INV-2026-04446,CMP0249,CMP0590,2026-07-22,2026-10-20,4170000,Raw Materials,46,INR
INV-2026-04447,CMP0621,CMP0820,2026-07-10,2026-10-08,4379000,Textiles,35,INR
INV-2026-04448,CMP0293,CMP0273,2026-08-26,2026-11-24,1158000,Raw Materials,38,INR
INV-2026-04449,CMP0571,CMP0239,2026-09-01,2026-11-30,2664000,Construction Materials,44,INR
INV-2026-04450,CMP0356,CMP0135,2026-08-17,2026-09-16,2014000,Electronics,47,INR
INV-2026-04451,CMP0567,CMP0427,2026-07-22,2026-09-05,3768000,Construction Materials,10,INR
INV-2026-04452,CMP0485,CMP0255,2026-09-19,2026-11-03,2781000,Construction Materials,16,INR
INV-2026-04453,CMP0878,CMP0320,2026-09-29,2026-12-28,74000,Pharmaceuticals,11,INR
INV-2026-04454,CMP0058,CMP0873,2026-07-23,2026-10-21,904000,Raw Materials,16,INR
INV-2026-04455,CMP0277,CMP0799,2026-06-15,2026-08-14,534000,Pharmaceuticals,9,INR
INV-2026-04456,CMP0095,CMP0384,2026-08-28,2026-10-12,3313000,Textiles,45,INR
INV-2026-04457,CMP0352,CMP0182,2026-06-28,2026-09-26,3454000,Raw Materials,34,INR
INV-2026-04458,CMP0570,CMP0430,2026-09-22,2026-11-06,1540000,Raw Materials,24,INR
INV-2026-04459,CMP0471,CMP0033,2026-07-06,2026-09-04,2370000,Textiles,24,INR
INV-2026-04460,CMP0819,CMP0734,2026-09-03,2026-11-02,1010000,Raw Materials,18,INR
INV-2026-04461,CMP0893,CMP0298,2026-06-11,2026-07-11,1256000,Machinery,30,INR
INV-2026-04462,CMP0348,CMP0272,2026-07-04,2026-09-02,4767000,Electronics,22,INR
INV-2026-04463,CMP0490,CMP0657,2026-06-22,2026-07-22,2416000,Pharmaceuticals,36,INR
INV-2026-04464,CMP0545,CMP0736,2026-06-23,2026-08-22,2501000,Food Products,16,INR
INV-2026-04465,CMP0518,CMP0113,2026-06-10,2026-07-25,3057000,Electronics,8,INR
INV-2026-04466,CMP0126,CMP0932,2026-07-05,2026-10-03,3391000,Pharmaceuticals,40,INR
INV-2026-04467,CMP0178,CMP0924,2026-08-24,2026-11-22,2111000,Textiles,12,INR
INV-2026-04468,CMP0601,CMP0611,2026-07-27,2026-09-10,4155000,Textiles,29,INR
INV-2026-04469,CMP0746,CMP0210,2026-06-28,2026-09-26,2697000,Textiles,49,INR
INV-2026-04470,CMP0661,CMP0584,2026-07-17,2026-08-31,1018000,Construction Materials,1,INR
INV-2026-04471,CMP0063,CMP0476,2026-09-12,2026-10-12,2639000,Textiles,24,INR
INV-2026-04472,CMP0967,CMP0667,2026-09-11,2026-10-26,666000,Construction Materials,18,INR
INV-2026-04473,CMP0492,CMP0905,2026-06-23,2026-08-07,4709000,Machinery,22,INR
INV-2026-04474,CMP0981,CMP0477,2026-06-22,2026-08-21,4618000,Textiles,48,INR
INV-2026-04475,CMP0202,CMP0079,2026-09-01,2026-10-01,260000,Raw Materials,17,INR
INV-2026-04476,CMP0415,CMP0308,2026-09-04,2026-12-03,2004000,Electronics,41,INR
INV-2026-04477,CMP0697,CMP0846,2026-09-29,2026-11-13,3195000,Textiles,14,INR
INV-2026-04478,CMP0763,CMP0049,2026-09-26,2026-11-25,631000,Pharmaceuticals,27,INR
INV-2026-04479,CMP0014,CMP0436,2026-09-03,2026-12-02,3496000,Machinery,47,INR
INV-2026-04480,CMP0028,CMP0387,2026-08-20,2026-11-18,4923000,Raw Materials,48,INR
INV-2026-04481,CMP0457,CMP0936,2026-08-17,2026-09-16,2585000,Construction Materials,10,INR
INV-2026-04482,CMP0819,CMP0879,2026-08-06,2026-11-04,573000,Electronics,45,INR
INV-2026-04483,CMP0644,CMP0038,2026-07-14,2026-08-13,3210000,Food Products,5,INR
INV-2026-04484,CMP0870,CMP0792,2026-07-27,2026-08-26,2231000,Textiles,38,INR
INV-2026-04485,CMP0010,CMP0105,2026-09-24,2026-11-08,930000,Textiles,1,INR
INV-2026-04486,CMP0143,CMP0745,2026-06-11,2026-09-09,1614000,Machinery,1,INR
INV-2026-04487,CMP0932,CMP0261,2026-06-24,2026-09-22,481000,Raw Materials,36,INR
INV-2026-04488,CMP0951,CMP0831,2026-07-24,2026-09-07,4482000,Pharmaceuticals,9,INR
INV-2026-04489,CMP0116,CMP0948,2026-06-08,2026-09-06,1464000,Machinery,17,INR
INV-2026-04490,CMP0766,CMP0719,2026-07-08,2026-08-22,4539000,Textiles,3,INR
INV-2026-04491,CMP0871,CMP0474,2026-09-06,2026-12-05,3286000,Electronics,39,INR
INV-2026-04492,CMP0834,CMP0652,2026-08-04,2026-10-03,3758000,Raw Materials,3,INR
INV-2026-04493,CMP0954,CMP0064,2026-07-07,2026-08-06,602000,Textiles,18,INR
INV-2026-04494,CMP0140,CMP0264,2026-06-02,2026-08-31,3263000,Raw Materials,32,INR
INV-2026-04495,CMP0174,CMP0253,2026-09-26,2026-12-25,4418000,Machinery,46,INR
INV-2026-04496,CMP0363,CMP0593,2026-06-22,2026-08-21,3066000,Pharmaceuticals,39,INR
INV-2026-04497,CMP0726,CMP0888,2026-07-05,2026-10-03,4962000,Textiles,43,INR
INV-2026-04498,CMP0482,CMP0715,2026-06-28,2026-09-26,3628000,Pharmaceuticals,49,INR
INV-2026-04499,CMP0624,CMP0516,2026-08-15,2026-09-29,1446000,Machinery,22,INR
INV-2026-04500,CMP0322,CMP0511,2026-08-13,2026-11-11,3964000,Pharmaceuticals,39,INR
INV-2026-04501,CMP0657,CMP0548,2026-07-20,2026-10-18,1761000,Food Products,2,INR
INV-2026-04502,CMP0481,CMP0320,2026-06-06,2026-08-05,866000,Electronics,14,INR
INV-2026-04503,CMP0620,CMP0280,2026-06-14,2026-08-13,4436000,Machinery,50,INR
INV-2026-04504,CMP0288,CMP0837,2026-08-12,2026-09-11,1933000,Raw Materials,22,INR
INV-2026-04505,CMP0997,CMP0828,2026-09-03,2026-10-03,3602000,Construction Materials,9,INR
INV-2026-04506,CMP0544,CMP0365,2026-08-20,2026-11-18,4568000,Electronics,41,INR
INV-2026-04507,CMP0987,CMP0393,2026-08-31,2026-09-30,3535000,Construction Materials,40,INR
INV-2026-04508,CMP0430,CMP0217,2026-07-10,2026-10-08,2976000,Food Products,2,INR
INV-2026-04509,CMP0929,CMP0498,2026-09-17,2026-10-17,2725000,Construction Materials,11,INR
INV-2026-04510,CMP0090,CMP0059,2026-08-04,2026-10-03,775000,Raw Materials,25,INR
INV-2026-04511,CMP0170,CMP0680,2026-07-19,2026-09-17,1170000,Construction Materials,42,INR
INV-2026-04512,CMP0293,CMP0937,2026-08-07,2026-09-06,900000,Construction Materials,9,INR
INV-2026-04513,CMP0876,CMP0285,2026-08-14,2026-10-13,2878000,Machinery,33,INR
INV-2026-04514,CMP0358,CMP0806,2026-07-12,2026-10-10,1968000,Textiles,16,INR
INV-2026-04515,CMP0345,CMP0162,2026-08-22,2026-10-06,2314000,Food Products,50,INR
INV-2026-04516,CMP0465,CMP0783,2026-07-13,2026-08-12,4889000,Construction Materials,29,INR
INV-2026-04517,CMP0741,CMP0916,2026-09-26,2026-11-25,3468000,Construction Materials,50,INR
INV-2026-04518,CMP0331,CMP0470,2026-08-02,2026-10-01,1880000,Electronics,48,INR
INV-2026-04519,CMP0819,CMP0745,2026-09-02,2026-10-17,2938000,Textiles,5,INR
INV-2026-04520,CMP0175,CMP0966,2026-09-29,2026-11-28,2761000,Food Products,30,INR
INV-2026-04521,CMP0813,CMP0607,2026-06-11,2026-09-09,470000,Construction Materials,21,INR
INV-2026-04522,CMP0792,CMP0174,2026-09-18,2026-12-17,1342000,Electronics,49,INR
INV-2026-04523,CMP0650,CMP0930,2026-08-19,2026-10-18,1484000,Electronics,44,INR
INV-2026-04524,CMP0780,CMP0868,2026-07-12,2026-08-26,3557000,Raw Materials,40,INR
INV-2026-04525,CMP0407,CMP0509,2026-08-26,2026-09-25,2137000,Raw Materials,4,INR
INV-2026-04526,CMP0840,CMP0230,2026-07-14,2026-09-12,4285000,Machinery,29,INR
INV-2026-04527,CMP0001,CMP0061,2026-07-04,2026-08-03,4639000,Textiles,37,INR
INV-2026-04528,CMP0732,CMP0085,2026-07-07,2026-08-21,1105000,Food Products,37,INR
INV-2026-04529,CMP0758,CMP0328,2026-09-22,2026-11-21,3898000,Raw Materials,45,INR
INV-2026-04530,CMP0557,CMP0349,2026-08-30,2026-10-14,616000,Pharmaceuticals,39,INR
INV-2026-04531,CMP0892,CMP0494,2026-08-30,2026-10-14,3122000,Textiles,11,INR
INV-2026-04532,CMP0630,CMP0292,2026-06-10,2026-08-09,3467000,Raw Materials,47,INR
INV-2026-04533,CMP0445,CMP0766,2026-06-03,2026-08-02,1422000,Machinery,33,INR
INV-2026-04534,CMP0363,CMP0145,2026-07-21,2026-09-04,233000,Raw Materials,17,INR
INV-2026-04535,CMP0907,CMP0418,2026-06-09,2026-09-07,674000,Electronics,32,INR
INV-2026-04536,CMP0194,CMP0460,2026-08-06,2026-09-20,1229000,Pharmaceuticals,25,INR
INV-2026-04537,CMP0924,CMP0358,2026-09-23,2026-11-07,4991000,Pharmaceuticals,14,INR
INV-2026-04538,CMP0709,CMP0520,2026-07-07,2026-08-06,386000,Pharmaceuticals,40,INR
INV-2026-04539,CMP0068,CMP0493,2026-09-11,2026-12-10,746000,Machinery,16,INR
INV-2026-04540,CMP0208,CMP0849,2026-06-08,2026-08-07,1945000,Textiles,19,INR
INV-2026-04541,CMP0089,CMP0542,2026-07-02,2026-09-30,2518000,Pharmaceuticals,28,INR
INV-2026-04542,CMP0056,CMP0681,2026-08-26,2026-09-25,1530000,Pharmaceuticals,39,INR
INV-2026-04543,CMP0941,CMP0204,2026-06-29,2026-09-27,764000,Electronics,35,INR
INV-2026-04544,CMP0050,CMP0749,2026-08-27,2026-09-26,1347000,Machinery,38,INR
INV-2026-04545,CMP0247,CMP0953,2026-08-02,2026-10-31,3453000,Food Products,30,INR
INV-2026-04546,CMP0802,CMP0475,2026-07-01,2026-09-29,3776000,Textiles,49,INR
INV-2026-04547,CMP0978,CMP0468,2026-07-10,2026-09-08,3142000,Textiles,20,INR
INV-2026-04548,CMP0339,CMP0633,2026-06-27,2026-08-26,526000,Electronics,8,INR
INV-2026-04549,CMP0629,CMP0339,2026-06-26,2026-08-25,2098000,Construction Materials,48,INR
INV-2026-04550,CMP0740,CMP0114,2026-09-24,2026-10-24,933000,Raw Materials,25,INR
INV-2026-04551,CMP0640,CMP0210,2026-07-11,2026-09-09,4753000,Raw Materials,16,INR
INV-2026-04552,CMP0843,CMP0051,2026-08-19,2026-10-03,4452000,Raw Materials,45,INR
INV-2026-04553,CMP0256,CMP0194,2026-06-27,2026-08-26,723000,Pharmaceuticals,48,INR
INV-2026-04554,CMP0072,CMP0319,2026-07-11,2026-09-09,4310000,Pharmaceuticals,2,INR
INV-2026-04555,CMP0476,CMP0024,2026-07-19,2026-09-17,1223000,Machinery,28,INR
INV-2026-04556,CMP0142,CMP0820,2026-06-02,2026-08-31,3511000,Food Products,19,INR
INV-2026-04557,CMP0735,CMP0109,2026-08-20,2026-09-19,2670000,Pharmaceuticals,20,INR
INV-2026-04558,CMP0314,CMP0835,2026-08-01,2026-10-30,4203000,Raw Materials,7,INR
INV-2026-04559,CMP0955,CMP0959,2026-07-07,2026-08-21,3491000,Pharmaceuticals,17,INR
INV-2026-04560,CMP0677,CMP0140,2026-08-29,2026-11-27,3762000,Raw Materials,4,INR
INV-2026-04561,CMP0179,CMP0598,2026-06-07,2026-09-05,2359000,Electronics,21,INR
INV-2026-04562,CMP0845,CMP0490,2026-07-15,2026-08-29,1433000,Pharmaceuticals,3,INR
INV-2026-04563,CMP0162,CMP0235,2026-08-04,2026-09-18,3009000,Food Products,30,INR
INV-2026-04564,CMP0787,CMP0115,2026-07-18,2026-09-01,1367000,Electronics,17,INR
INV-2026-04565,CMP0544,CMP0785,2026-08-17,2026-09-16,4632000,Electronics,43,INR
INV-2026-04566,CMP0912,CMP0848,2026-07-09,2026-09-07,4878000,Machinery,25,INR
INV-2026-04567,CMP0695,CMP0743,2026-08-19,2026-09-18,2784000,Pharmaceuticals,46,INR
INV-2026-04568,CMP0718,CMP0598,2026-07-11,2026-10-09,2313000,Pharmaceuticals,19,INR
INV-2026-04569,CMP0306,CMP0443,2026-09-07,2026-11-06,2109000,Raw Materials,16,INR
INV-2026-04570,CMP0845,CMP0599,2026-06-04,2026-08-03,98000,Machinery,24,INR
INV-2026-04571,CMP0174,CMP0311,2026-09-21,2026-12-20,1329000,Food Products,35,INR
INV-2026-04572,CMP0375,CMP0339,2026-08-03,2026-09-02,2144000,Construction Materials,5,INR
INV-2026-04573,CMP0515,CMP0603,2026-09-06,2026-12-05,3899000,Electronics,44,INR
INV-2026-04574,CMP0355,CMP0783,2026-06-16,2026-08-15,419000,Food Products,29,INR
INV-2026-04575,CMP0962,CMP0045,2026-07-25,2026-10-23,1921000,Raw Materials,49,INR
INV-2026-04576,CMP0658,CMP0976,2026-09-24,2026-10-24,2865000,Pharmaceuticals,9,INR
INV-2026-04577,CMP0930,CMP0516,2026-06-08,2026-08-07,278000,Pharmaceuticals,5,INR
INV-2026-04578,CMP0473,CMP0496,2026-09-15,2026-12-14,315000,Raw Materials,18,INR
INV-2026-04579,CMP0718,CMP0872,2026-06-06,2026-07-21,3518000,Machinery,27,INR
INV-2026-04580,CMP0101,CMP0227,2026-06-02,2026-08-31,2491000,Electronics,40,INR
INV-2026-04581,CMP0131,CMP0822,2026-07-20,2026-09-18,769000,Textiles,31,INR
INV-2026-04582,CMP0332,CMP0864,2026-08-02,2026-10-01,1503000,Textiles,42,INR
INV-2026-04583,CMP0184,CMP0735,2026-08-31,2026-10-15,4169000,Construction Materials,9,INR
INV-2026-04584,CMP0779,CMP0576,2026-08-02,2026-10-01,3323000,Machinery,23,INR
INV-2026-04585,CMP0697,CMP0054,2026-09-25,2026-12-24,3514000,Electronics,33,INR
INV-2026-04586,CMP0072,CMP0356,2026-09-04,2026-12-03,2987000,Machinery,45,INR
INV-2026-04587,CMP0333,CMP0374,2026-08-26,2026-11-24,3456000,Machinery,27,INR
INV-2026-04588,CMP0425,CMP0574,2026-09-23,2026-11-22,4819000,Machinery,37,INR
INV-2026-04589,CMP0246,CMP0431,2026-07-20,2026-09-18,2007000,Food Products,41,INR
INV-2026-04590,CMP0015,CMP0350,2026-09-21,2026-11-20,4708000,Textiles,8,INR
INV-2026-04591,CMP0713,CMP0424,2026-09-19,2026-10-19,1004000,Raw Materials,14,INR
INV-2026-04592,CMP0602,CMP0343,2026-06-25,2026-08-09,3452000,Raw Materials,17,INR
INV-2026-04593,CMP0929,CMP0381,2026-08-05,2026-09-19,661000,Textiles,26,INR
INV-2026-04594,CMP0622,CMP0414,2026-08-15,2026-09-29,601000,Machinery,10,INR
INV-2026-04595,CMP0657,CMP0727,2026-09-24,2026-12-23,3569000,Construction Materials,48,INR
INV-2026-04596,CMP0914,CMP0320,2026-09-16,2026-12-15,4621000,Electronics,32,INR
INV-2026-04597,CMP0567,CMP0312,2026-08-01,2026-10-30,4355000,Pharmaceuticals,13,INR
INV-2026-04598,CMP0088,CMP0586,2026-09-28,2026-11-12,3530000,Machinery,23,INR
INV-2026-04599,CMP0166,CMP0507,2026-07-04,2026-08-18,467000,Food Products,37,INR
INV-2026-04600,CMP0897,CMP0851,2026-06-24,2026-08-23,1550000,Construction Materials,37,INR
INV-2026-04601,CMP0750,CMP0081,2026-07-03,2026-08-17,3506000,Raw Materials,1,INR
INV-2026-04602,CMP0964,CMP0124,2026-08-01,2026-09-30,1148000,Food Products,38,INR
INV-2026-04603,CMP0939,CMP0736,2026-06-15,2026-09-13,131000,Food Products,14,INR
INV-2026-04604,CMP0997,CMP0111,2026-08-13,2026-11-11,791000,Raw Materials,30,INR
INV-2026-04605,CMP0699,CMP0668,2026-09-16,2026-11-15,189000,Pharmaceuticals,23,INR
INV-2026-04606,CMP0232,CMP0832,2026-06-01,2026-08-30,3231000,Construction Materials,10,INR
INV-2026-04607,CMP0178,CMP0198,2026-07-23,2026-09-06,148000,Textiles,27,INR
INV-2026-04608,CMP0482,CMP0212,2026-08-02,2026-10-31,2940000,Textiles,26,INR
INV-2026-04609,CMP0636,CMP0749,2026-06-22,2026-08-21,2420000,Construction Materials,5,INR
INV-2026-04610,CMP0002,CMP0819,2026-09-21,2026-10-21,2490000,Construction Materials,46,INR
INV-2026-04611,CMP0037,CMP0223,2026-07-31,2026-09-14,1355000,Machinery,14,INR
INV-2026-04612,CMP0771,CMP0131,2026-09-07,2026-10-22,2577000,Pharmaceuticals,29,INR
INV-2026-04613,CMP0312,CMP0886,2026-06-27,2026-08-26,3170000,Raw Materials,44,INR
INV-2026-04614,CMP0743,CMP0235,2026-09-16,2026-12-15,2847000,Machinery,8,INR
INV-2026-04615,CMP0571,CMP0528,2026-06-02,2026-07-17,1289000,Construction Materials,35,INR
INV-2026-04616,CMP0004,CMP0704,2026-09-18,2026-11-17,3566000,Electronics,43,INR
INV-2026-04617,CMP0423,CMP0990,2026-08-24,2026-09-23,1186000,Electronics,22,INR
INV-2026-04618,CMP0205,CMP0941,2026-08-30,2026-09-29,574000,Machinery,42,INR
INV-2026-04619,CMP0953,CMP0168,2026-09-06,2026-10-06,4166000,Food Products,32,INR
INV-2026-04620,CMP0815,CMP0618,2026-09-12,2026-10-27,295000,Pharmaceuticals,26,INR
INV-2026-04621,CMP0435,CMP0395,2026-06-30,2026-09-28,3271000,Pharmaceuticals,47,INR
INV-2026-04622,CMP0962,CMP0632,2026-08-01,2026-09-15,2538000,Electronics,5,INR
INV-2026-04623,CMP0666,CMP0253,2026-07-24,2026-09-22,1347000,Electronics,33,INR
INV-2026-04624,CMP0287,CMP0345,2026-06-25,2026-08-09,133000,Pharmaceuticals,32,INR
INV-2026-04625,CMP0626,CMP0051,2026-08-25,2026-10-24,1467000,Machinery,15,INR
INV-2026-04626,CMP0503,CMP0370,2026-07-15,2026-08-29,1841000,Pharmaceuticals,48,INR
INV-2026-04627,CMP0111,CMP0676,2026-06-20,2026-08-19,1695000,Pharmaceuticals,22,INR
INV-2026-04628,CMP0130,CMP0866,2026-08-28,2026-10-27,3721000,Food Products,29,INR
INV-2026-04629,CMP0851,CMP0101,2026-08-20,2026-10-19,4818000,Machinery,47,INR
INV-2026-04630,CMP0256,CMP0056,2026-07-22,2026-10-20,3074000,Electronics,4,INR
INV-2026-04631,CMP0468,CMP0809,2026-06-17,2026-09-15,599000,Textiles,10,INR
INV-2026-04632,CMP0291,CMP0870,2026-09-10,2026-10-10,2442000,Electronics,23,INR
INV-2026-04633,CMP0164,CMP0819,2026-08-04,2026-09-18,4960000,Electronics,33,INR
INV-2026-04634,CMP0922,CMP0174,2026-09-25,2026-10-25,82000,Textiles,8,INR
INV-2026-04635,CMP0284,CMP0602,2026-07-27,2026-10-25,3874000,Food Products,18,INR
INV-2026-04636,CMP0589,CMP0092,2026-07-22,2026-08-21,2065000,Food Products,23,INR
INV-2026-04637,CMP0452,CMP0424,2026-06-18,2026-08-02,2887000,Raw Materials,46,INR
INV-2026-04638,CMP0970,CMP0825,2026-06-14,2026-08-13,3218000,Pharmaceuticals,18,INR
INV-2026-04639,CMP0726,CMP0952,2026-08-25,2026-09-24,4666000,Construction Materials,9,INR
INV-2026-04640,CMP0577,CMP0313,2026-09-18,2026-11-17,4653000,Electronics,50,INR
INV-2026-04641,CMP0304,CMP0195,2026-09-03,2026-11-02,2147000,Food Products,31,INR
INV-2026-04642,CMP0854,CMP0829,2026-09-19,2026-12-18,3402000,Machinery,47,INR
INV-2026-04643,CMP0903,CMP0244,2026-08-08,2026-11-06,4492000,Textiles,41,INR
INV-2026-04644,CMP0349,CMP0017,2026-08-30,2026-09-29,328000,Pharmaceuticals,24,INR
INV-2026-04645,CMP0609,CMP0355,2026-09-04,2026-12-03,3329000,Electronics,13,INR
INV-2026-04646,CMP0146,CMP0969,2026-08-12,2026-10-11,1756000,Construction Materials,38,INR
INV-2026-04647,CMP0775,CMP0193,2026-09-12,2026-10-12,3192000,Machinery,38,INR
INV-2026-04648,CMP0799,CMP0292,2026-06-20,2026-09-18,762000,Machinery,27,INR
INV-2026-04649,CMP0393,CMP0109,2026-09-08,2026-11-07,4653000,Pharmaceuticals,15,INR
INV-2026-04650,CMP0420,CMP0036,2026-08-03,2026-09-02,4400000,Food Products,9,INR
INV-2026-04651,CMP0001,CMP0685,2026-06-04,2026-07-19,1195000,Pharmaceuticals,46,INR
INV-2026-04652,CMP0220,CMP0564,2026-06-13,2026-07-13,4548000,Raw Materials,1,INR
INV-2026-04653,CMP0777,CMP0935,2026-08-19,2026-11-17,4783000,Food Products,31,INR
INV-2026-04654,CMP0439,CMP0226,2026-06-21,2026-07-21,3678000,Raw Materials,42,INR
INV-2026-04655,CMP0455,CMP0229,2026-09-08,2026-11-07,2468000,Electronics,15,INR
INV-2026-04656,CMP0918,CMP0385,2026-07-24,2026-10-22,3012000,Machinery,30,INR
INV-2026-04657,CMP0656,CMP0104,2026-08-20,2026-09-19,4795000,Textiles,26,INR
INV-2026-04658,CMP0676,CMP0878,2026-08-02,2026-10-01,2720000,Construction Materials,13,INR
INV-2026-04659,CMP0604,CMP0418,2026-08-01,2026-08-31,4056000,Textiles,17,INR
INV-2026-04660,CMP0401,CMP0839,2026-06-26,2026-08-10,3741000,Machinery,26,INR
INV-2026-04661,CMP0258,CMP0744,2026-06-01,2026-07-31,4940000,Textiles,28,INR
INV-2026-04662,CMP0916,CMP0563,2026-08-03,2026-09-17,4413000,Pharmaceuticals,43,INR
INV-2026-04663,CMP0052,CMP0774,2026-08-06,2026-11-04,2948000,Electronics,8,INR
INV-2026-04664,CMP0060,CMP0871,2026-07-13,2026-08-27,1367000,Machinery,9,INR
INV-2026-04665,CMP0991,CMP0604,2026-07-25,2026-10-23,1492000,Raw Materials,21,INR
INV-2026-04666,CMP0279,CMP0508,2026-09-23,2026-10-23,4214000,Pharmaceuticals,3,INR
INV-2026-04667,CMP0578,CMP0336,2026-06-07,2026-08-06,4274000,Machinery,6,INR
INV-2026-04668,CMP0799,CMP0301,2026-06-16,2026-08-15,3212000,Electronics,30,INR
INV-2026-04669,CMP0788,CMP0751,2026-06-06,2026-07-06,156000,Machinery,38,INR
INV-2026-04670,CMP0688,CMP0057,2026-07-28,2026-09-11,336000,Electronics,33,INR
INV-2026-04671,CMP0961,CMP0328,2026-07-21,2026-10-19,2160000,Construction Materials,46,INR
INV-2026-04672,CMP0238,CMP0646,2026-09-02,2026-12-01,2581000,Textiles,16,INR
INV-2026-04673,CMP0865,CMP0412,2026-06-30,2026-07-30,4739000,Electronics,39,INR
INV-2026-04674,CMP0283,CMP0108,2026-06-14,2026-08-13,1775000,Electronics,25,INR
INV-2026-04675,CMP0510,CMP0070,2026-06-29,2026-08-13,4339000,Machinery,13,INR
INV-2026-04676,CMP0983,CMP0014,2026-07-08,2026-08-22,2918000,Pharmaceuticals,35,INR
INV-2026-04677,CMP0653,CMP0260,2026-07-16,2026-08-15,1484000,Machinery,6,INR
INV-2026-04678,CMP0990,CMP0925,2026-08-23,2026-09-22,4825000,Raw Materials,49,INR
INV-2026-04679,CMP0362,CMP0616,2026-09-19,2026-10-19,2509000,Electronics,19,INR
INV-2026-04680,CMP0171,CMP0678,2026-07-07,2026-08-06,4780000,Construction Materials,12,INR
INV-2026-04681,CMP0322,CMP0579,2026-08-19,2026-09-18,3723000,Pharmaceuticals,44,INR
INV-2026-04682,CMP0234,CMP0779,2026-07-02,2026-09-30,1192000,Pharmaceuticals,27,INR
INV-2026-04683,CMP0480,CMP0399,2026-06-05,2026-09-03,3574000,Construction Materials,11,INR
INV-2026-04684,CMP0862,CMP0746,2026-08-13,2026-10-12,4339000,Construction Materials,5,INR
INV-2026-04685,CMP0916,CMP0207,2026-06-03,2026-07-18,2587000,Electronics,40,INR
INV-2026-04686,CMP0838,CMP0998,2026-08-10,2026-09-24,3903000,Electronics,30,INR
INV-2026-04687,CMP0294,CMP0298,2026-06-03,2026-07-03,1642000,Electronics,13,INR
INV-2026-04688,CMP0418,CMP0245,2026-08-28,2026-10-12,1369000,Pharmaceuticals,40,INR
INV-2026-04689,CMP0894,CMP0701,2026-08-30,2026-09-29,3717000,Raw Materials,25,INR
INV-2026-04690,CMP0771,CMP0392,2026-08-05,2026-09-19,2035000,Machinery,31,INR
INV-2026-04691,CMP0126,CMP0357,2026-08-11,2026-09-10,2580000,Electronics,21,INR
INV-2026-04692,CMP0121,CMP0228,2026-09-14,2026-10-14,1878000,Machinery,31,INR
INV-2026-04693,CMP0522,CMP0425,2026-07-14,2026-10-12,512000,Construction Materials,29,INR
INV-2026-04694,CMP0416,CMP0863,2026-08-03,2026-09-02,3755000,Electronics,9,INR
INV-2026-04695,CMP0722,CMP0802,2026-08-10,2026-09-24,4626000,Construction Materials,3,INR
INV-2026-04696,CMP0896,CMP0234,2026-09-26,2026-11-10,533000,Electronics,29,INR
INV-2026-04697,CMP0328,CMP0824,2026-07-05,2026-08-04,3636000,Textiles,33,INR
INV-2026-04698,CMP0640,CMP0771,2026-07-01,2026-07-31,1571000,Raw Materials,27,INR
INV-2026-04699,CMP0014,CMP0388,2026-08-02,2026-10-31,3637000,Machinery,39,INR
INV-2026-04700,CMP0893,CMP0659,2026-07-05,2026-10-03,1440000,Pharmaceuticals,12,INR
INV-2026-04701,CMP0388,CMP0332,2026-09-05,2026-12-04,2848000,Machinery,13,INR
INV-2026-04702,CMP0946,CMP0415,2026-08-13,2026-11-11,2358000,Food Products,17,INR
INV-2026-04703,CMP0715,CMP0373,2026-08-28,2026-10-27,826000,Textiles,15,INR
INV-2026-04704,CMP0464,CMP0365,2026-07-16,2026-10-14,1505000,Pharmaceuticals,20,INR
INV-2026-04705,CMP0996,CMP0827,2026-08-26,2026-10-10,2484000,Construction Materials,21,INR
INV-2026-04706,CMP0143,CMP0738,2026-08-23,2026-09-22,3484000,Pharmaceuticals,8,INR
INV-2026-04707,CMP0836,CMP0534,2026-06-14,2026-07-14,3042000,Construction Materials,8,INR
INV-2026-04708,CMP0323,CMP0754,2026-07-31,2026-09-14,3595000,Construction Materials,15,INR
INV-2026-04709,CMP0557,CMP0886,2026-06-10,2026-08-09,2870000,Food Products,28,INR
INV-2026-04710,CMP0294,CMP0754,2026-08-03,2026-09-02,3494000,Pharmaceuticals,24,INR
INV-2026-04711,CMP0062,CMP0677,2026-09-05,2026-10-05,3439000,Electronics,35,INR
INV-2026-04712,CMP0208,CMP0517,2026-06-09,2026-07-24,1766000,Textiles,28,INR
INV-2026-04713,CMP0332,CMP0720,2026-06-23,2026-09-21,545000,Textiles,33,INR
INV-2026-04714,CMP0976,CMP0439,2026-07-02,2026-08-31,472000,Pharmaceuticals,48,INR
INV-2026-04715,CMP0922,CMP0353,2026-06-26,2026-08-10,3136000,Construction Materials,14,INR
INV-2026-04716,CMP0797,CMP0554,2026-06-20,2026-08-04,4785000,Textiles,40,INR
INV-2026-04717,CMP0995,CMP0907,2026-06-18,2026-08-17,2995000,Construction Materials,21,INR
INV-2026-04718,CMP0463,CMP0055,2026-06-10,2026-08-09,2827000,Construction Materials,22,INR
INV-2026-04719,CMP0740,CMP0482,2026-09-29,2026-11-13,4395000,Food Products,13,INR
INV-2026-04720,CMP0549,CMP0557,2026-09-14,2026-10-29,111000,Construction Materials,11,INR
INV-2026-04721,CMP0985,CMP0276,2026-07-30,2026-08-29,1240000,Food Products,8,INR
INV-2026-04722,CMP0682,CMP0538,2026-09-07,2026-10-22,3242000,Pharmaceuticals,45,INR
INV-2026-04723,CMP0524,CMP0932,2026-08-14,2026-11-12,3145000,Pharmaceuticals,17,INR
INV-2026-04724,CMP0493,CMP0428,2026-09-23,2026-11-07,1523000,Pharmaceuticals,31,INR
INV-2026-04725,CMP0026,CMP0215,2026-07-15,2026-09-13,4608000,Food Products,36,INR
INV-2026-04726,CMP0776,CMP0455,2026-07-23,2026-08-22,1568000,Electronics,13,INR
INV-2026-04727,CMP0941,CMP0126,2026-06-23,2026-08-22,1319000,Machinery,50,INR
INV-2026-04728,CMP0814,CMP0730,2026-09-28,2026-11-12,1489000,Raw Materials,33,INR
INV-2026-04729,CMP0772,CMP0714,2026-09-19,2026-12-18,57000,Raw Materials,23,INR
INV-2026-04730,CMP0247,CMP0702,2026-07-03,2026-08-02,4799000,Electronics,24,INR
INV-2026-04731,CMP0282,CMP0350,2026-07-06,2026-08-05,3065000,Construction Materials,35,INR
INV-2026-04732,CMP0628,CMP0169,2026-08-08,2026-09-22,2657000,Machinery,17,INR
INV-2026-04733,CMP0785,CMP0004,2026-09-22,2026-11-06,469000,Textiles,26,INR
INV-2026-04734,CMP0231,CMP0029,2026-09-24,2026-11-08,1713000,Electronics,10,INR
INV-2026-04735,CMP0442,CMP0487,2026-07-12,2026-09-10,1612000,Construction Materials,40,INR
INV-2026-04736,CMP0010,CMP0316,2026-08-14,2026-11-12,3709000,Textiles,29,INR
INV-2026-04737,CMP0103,CMP0437,2026-08-14,2026-11-12,4176000,Pharmaceuticals,9,INR
INV-2026-04738,CMP0095,CMP0200,2026-09-08,2026-11-07,1260000,Machinery,34,INR
INV-2026-04739,CMP0428,CMP0177,2026-07-23,2026-09-21,4472000,Food Products,19,INR
INV-2026-04740,CMP0984,CMP0641,2026-07-09,2026-10-07,1772000,Food Products,4,INR
INV-2026-04741,CMP0702,CMP0697,2026-09-14,2026-10-29,4341000,Raw Materials,2,INR
INV-2026-04742,CMP0591,CMP0175,2026-08-09,2026-11-07,3011000,Raw Materials,34,INR
INV-2026-04743,CMP0613,CMP0811,2026-07-21,2026-10-19,2421000,Pharmaceuticals,14,INR
INV-2026-04744,CMP0403,CMP0215,2026-07-21,2026-09-04,689000,Raw Materials,2,INR
INV-2026-04745,CMP0873,CMP0568,2026-07-20,2026-08-19,2454000,Machinery,31,INR
INV-2026-04746,CMP0162,CMP0763,2026-09-23,2026-11-07,3278000,Electronics,50,INR
INV-2026-04747,CMP0015,CMP0242,2026-08-29,2026-11-27,1749000,Textiles,39,INR
INV-2026-04748,CMP0051,CMP0528,2026-09-09,2026-12-08,2376000,Textiles,37,INR
INV-2026-04749,CMP0083,CMP0647,2026-07-26,2026-09-09,789000,Textiles,42,INR
INV-2026-04750,CMP0725,CMP0228,2026-06-30,2026-07-30,333000,Machinery,46,INR
INV-2026-04751,CMP0974,CMP0707,2026-07-20,2026-10-18,852000,Raw Materials,50,INR
INV-2026-04752,CMP0385,CMP0442,2026-09-05,2026-10-20,1515000,Electronics,18,INR
INV-2026-04753,CMP0372,CMP0858,2026-07-10,2026-08-09,2656000,Textiles,49,INR
INV-2026-04754,CMP0003,CMP0547,2026-07-29,2026-10-27,2763000,Raw Materials,11,INR
INV-2026-04755,CMP0917,CMP0589,2026-06-10,2026-07-10,2933000,Pharmaceuticals,1,INR
INV-2026-04756,CMP0524,CMP0320,2026-07-25,2026-08-24,4367000,Machinery,25,INR
INV-2026-04757,CMP0749,CMP0793,2026-09-04,2026-10-04,3446000,Pharmaceuticals,43,INR
INV-2026-04758,CMP0810,CMP0062,2026-09-19,2026-12-18,1546000,Machinery,19,INR
INV-2026-04759,CMP0429,CMP0606,2026-08-21,2026-09-20,194000,Food Products,17,INR
INV-2026-04760,CMP0628,CMP0676,2026-06-26,2026-07-26,2798000,Construction Materials,47,INR
INV-2026-04761,CMP0389,CMP0913,2026-09-24,2026-11-23,1148000,Textiles,5,INR
INV-2026-04762,CMP0988,CMP0025,2026-07-20,2026-10-18,3461000,Electronics,35,INR
INV-2026-04763,CMP0295,CMP0328,2026-09-20,2026-11-04,3905000,Construction Materials,10,INR
INV-2026-04764,CMP0931,CMP0078,2026-07-15,2026-08-14,3577000,Construction Materials,12,INR
INV-2026-04765,CMP0934,CMP0700,2026-06-20,2026-08-04,2293000,Construction Materials,34,INR
INV-2026-04766,CMP0586,CMP0200,2026-07-05,2026-09-03,2888000,Construction Materials,1,INR
INV-2026-04767,CMP0472,CMP0079,2026-08-22,2026-09-21,604000,Pharmaceuticals,30,INR
INV-2026-04768,CMP0775,CMP0176,2026-07-18,2026-08-17,4275000,Raw Materials,16,INR
INV-2026-04769,CMP0678,CMP0675,2026-07-15,2026-08-14,259000,Construction Materials,28,INR
INV-2026-04770,CMP0445,CMP0456,2026-07-03,2026-09-01,822000,Raw Materials,15,INR
INV-2026-04771,CMP0673,CMP0204,2026-08-03,2026-09-02,1049000,Textiles,30,INR
INV-2026-04772,CMP0589,CMP0779,2026-07-16,2026-09-14,2645000,Pharmaceuticals,5,INR
INV-2026-04773,CMP0175,CMP0577,2026-08-28,2026-10-12,4575000,Textiles,49,INR
INV-2026-04774,CMP0777,CMP0593,2026-06-21,2026-07-21,1506000,Construction Materials,12,INR
INV-2026-04775,CMP0520,CMP0982,2026-06-10,2026-08-09,4546000,Construction Materials,42,INR
INV-2026-04776,CMP0186,CMP0049,2026-08-15,2026-10-14,4219000,Raw Materials,8,INR
INV-2026-04777,CMP0866,CMP0452,2026-08-10,2026-09-09,3265000,Machinery,11,INR
INV-2026-04778,CMP0428,CMP0622,2026-06-22,2026-08-21,3573000,Machinery,21,INR
INV-2026-04779,CMP0778,CMP0059,2026-09-03,2026-10-18,3959000,Pharmaceuticals,9,INR
INV-2026-04780,CMP0286,CMP0768,2026-06-09,2026-07-24,4966000,Electronics,19,INR
INV-2026-04781,CMP0245,CMP0056,2026-09-13,2026-10-28,2073000,Textiles,3,INR
INV-2026-04782,CMP0760,CMP0774,2026-08-02,2026-10-01,1429000,Electronics,26,INR
INV-2026-04783,CMP0834,CMP0156,2026-08-11,2026-09-25,2013000,Electronics,19,INR
INV-2026-04784,CMP0303,CMP0049,2026-08-01,2026-10-30,1950000,Textiles,17,INR
INV-2026-04785,CMP0216,CMP0611,2026-08-15,2026-10-14,4834000,Raw Materials,47,INR
INV-2026-04786,CMP0576,CMP0776,2026-09-03,2026-10-03,2969000,Raw Materials,15,INR
INV-2026-04787,CMP0027,CMP0536,2026-08-21,2026-10-20,3415000,Construction Materials,7,INR
INV-2026-04788,CMP0295,CMP0570,2026-08-23,2026-10-07,3420000,Construction Materials,9,INR
INV-2026-04789,CMP0605,CMP0665,2026-08-05,2026-10-04,433000,Construction Materials,2,INR
INV-2026-04790,CMP0341,CMP0998,2026-09-05,2026-11-04,518000,Pharmaceuticals,33,INR
INV-2026-04791,CMP0876,CMP0508,2026-07-13,2026-08-12,916000,Construction Materials,21,INR
INV-2026-04792,CMP0121,CMP0571,2026-09-25,2026-11-09,1076000,Food Products,32,INR
INV-2026-04793,CMP0175,CMP0108,2026-08-18,2026-09-17,536000,Food Products,17,INR
INV-2026-04794,CMP0296,CMP0264,2026-08-13,2026-09-27,3904000,Electronics,7,INR
INV-2026-04795,CMP0709,CMP0074,2026-06-16,2026-09-14,3913000,Textiles,46,INR
INV-2026-04796,CMP0011,CMP0031,2026-08-30,2026-10-29,1691000,Textiles,26,INR
INV-2026-04797,CMP0541,CMP0696,2026-08-28,2026-10-27,4179000,Electronics,26,INR
INV-2026-04798,CMP0338,CMP0691,2026-09-05,2026-10-20,4037000,Food Products,19,INR
INV-2026-04799,CMP0800,CMP0285,2026-07-19,2026-10-17,4955000,Food Products,1,INR
INV-2026-04800,CMP0454,CMP0139,2026-07-21,2026-10-19,1845000,Pharmaceuticals,4,INR
INV-2026-04801,CMP0786,CMP0300,2026-07-04,2026-08-03,3899000,Raw Materials,1,INR
INV-2026-04802,CMP0572,CMP0109,2026-06-01,2026-07-16,4500000,Food Products,34,INR
INV-2026-04803,CMP0609,CMP0216,2026-08-21,2026-10-05,4154000,Textiles,9,INR
INV-2026-04804,CMP0810,CMP0547,2026-08-20,2026-10-19,4847000,Machinery,20,INR
INV-2026-04805,CMP0222,CMP0595,2026-09-08,2026-11-07,2073000,Machinery,26,INR
INV-2026-04806,CMP0019,CMP0141,2026-08-17,2026-10-16,3293000,Food Products,29,INR
INV-2026-04807,CMP0383,CMP0136,2026-07-24,2026-09-22,3577000,Electronics,4,INR
INV-2026-04808,CMP0223,CMP0683,2026-07-25,2026-09-08,858000,Food Products,31,INR
INV-2026-04809,CMP0536,CMP0072,2026-07-11,2026-08-25,3817000,Textiles,42,INR
INV-2026-04810,CMP0567,CMP0069,2026-07-14,2026-08-28,2085000,Food Products,25,INR
INV-2026-04811,CMP0908,CMP0275,2026-08-18,2026-10-02,1333000,Construction Materials,40,INR
INV-2026-04812,CMP0226,CMP0012,2026-08-19,2026-10-18,1763000,Raw Materials,39,INR
INV-2026-04813,CMP0376,CMP0139,2026-06-06,2026-08-05,3303000,Raw Materials,12,INR
INV-2026-04814,CMP0615,CMP0826,2026-09-16,2026-12-15,4628000,Raw Materials,19,INR
INV-2026-04815,CMP0722,CMP0886,2026-06-12,2026-07-12,297000,Textiles,40,INR
INV-2026-04816,CMP0830,CMP0617,2026-09-15,2026-11-14,4054000,Food Products,22,INR
INV-2026-04817,CMP0279,CMP0745,2026-06-26,2026-09-24,4059000,Construction Materials,30,INR
INV-2026-04818,CMP0038,CMP0283,2026-08-18,2026-09-17,4870000,Electronics,27,INR
INV-2026-04819,CMP0470,CMP0547,2026-08-17,2026-10-16,605000,Textiles,25,INR
INV-2026-04820,CMP0881,CMP0345,2026-08-01,2026-10-30,4760000,Raw Materials,40,INR
INV-2026-04821,CMP0395,CMP0097,2026-08-24,2026-10-08,306000,Construction Materials,44,INR
INV-2026-04822,CMP0257,CMP0022,2026-07-31,2026-09-14,2860000,Food Products,35,INR
INV-2026-04823,CMP0926,CMP0870,2026-06-13,2026-07-13,4805000,Electronics,48,INR
INV-2026-04824,CMP0021,CMP0301,2026-08-30,2026-11-28,947000,Textiles,28,INR
INV-2026-04825,CMP0640,CMP0655,2026-09-22,2026-11-06,2326000,Machinery,31,INR
INV-2026-04826,CMP0877,CMP0731,2026-09-12,2026-10-12,1373000,Pharmaceuticals,33,INR
INV-2026-04827,CMP0677,CMP0813,2026-07-29,2026-10-27,4197000,Construction Materials,5,INR
INV-2026-04828,CMP0694,CMP0737,2026-09-27,2026-10-27,3526000,Food Products,21,INR
INV-2026-04829,CMP0519,CMP0474,2026-06-30,2026-09-28,1533000,Raw Materials,20,INR
INV-2026-04830,CMP0782,CMP0072,2026-06-05,2026-08-04,1022000,Electronics,22,INR
INV-2026-04831,CMP0451,CMP0570,2026-07-28,2026-08-27,3487000,Raw Materials,25,INR
INV-2026-04832,CMP0336,CMP0829,2026-08-28,2026-10-12,3958000,Electronics,5,INR
INV-2026-04833,CMP0567,CMP0993,2026-09-16,2026-10-16,1226000,Raw Materials,32,INR
INV-2026-04834,CMP0777,CMP0576,2026-08-05,2026-10-04,4424000,Pharmaceuticals,11,INR
INV-2026-04835,CMP0265,CMP0592,2026-06-09,2026-09-07,4821000,Machinery,41,INR
INV-2026-04836,CMP0543,CMP0300,2026-09-01,2026-10-31,868000,Pharmaceuticals,36,INR
INV-2026-04837,CMP0798,CMP0343,2026-06-25,2026-09-23,3063000,Pharmaceuticals,15,INR
INV-2026-04838,CMP0064,CMP0724,2026-06-28,2026-09-26,2328000,Food Products,14,INR
INV-2026-04839,CMP0127,CMP0543,2026-07-18,2026-10-16,2678000,Food Products,2,INR
INV-2026-04840,CMP0505,CMP0842,2026-07-26,2026-09-24,1059000,Textiles,36,INR
INV-2026-04841,CMP0728,CMP0945,2026-07-05,2026-09-03,832000,Machinery,1,INR
INV-2026-04842,CMP0061,CMP0765,2026-06-05,2026-09-03,2276000,Textiles,27,INR
INV-2026-04843,CMP0047,CMP0153,2026-09-08,2026-10-08,2003000,Machinery,47,INR
INV-2026-04844,CMP0433,CMP0320,2026-07-27,2026-10-25,380000,Raw Materials,38,INR
INV-2026-04845,CMP0421,CMP0537,2026-06-23,2026-08-22,1371000,Pharmaceuticals,20,INR
INV-2026-04846,CMP0158,CMP0465,2026-09-04,2026-11-03,1738000,Textiles,38,INR
INV-2026-04847,CMP0729,CMP0498,2026-09-14,2026-10-29,4766000,Construction Materials,24,INR
INV-2026-04848,CMP0118,CMP0817,2026-08-01,2026-09-15,4937000,Construction Materials,27,INR
INV-2026-04849,CMP0418,CMP0647,2026-07-06,2026-10-04,2685000,Pharmaceuticals,24,INR
INV-2026-04850,CMP0521,CMP0923,2026-09-16,2026-10-31,3830000,Pharmaceuticals,31,INR
INV-2026-04851,CMP0932,CMP0069,2026-09-16,2026-11-15,540000,Raw Materials,38,INR
INV-2026-04852,CMP0763,CMP0713,2026-07-16,2026-08-15,1220000,Construction Materials,28,INR
INV-2026-04853,CMP0710,CMP0826,2026-07-29,2026-08-28,4109000,Electronics,21,INR
INV-2026-04854,CMP0200,CMP0732,2026-06-01,2026-07-01,3337000,Food Products,19,INR
INV-2026-04855,CMP0951,CMP0230,2026-07-03,2026-08-02,214000,Raw Materials,23,INR
INV-2026-04856,CMP0387,CMP0977,2026-06-06,2026-08-05,532000,Machinery,13,INR
INV-2026-04857,CMP0922,CMP0102,2026-08-27,2026-11-25,3400000,Construction Materials,32,INR
INV-2026-04858,CMP0477,CMP0361,2026-08-01,2026-08-31,1259000,Food Products,8,INR
INV-2026-04859,CMP0160,CMP0903,2026-08-13,2026-11-11,3719000,Machinery,29,INR
INV-2026-04860,CMP0441,CMP0219,2026-06-02,2026-08-31,2718000,Construction Materials,49,INR
INV-2026-04861,CMP0303,CMP0183,2026-06-21,2026-07-21,3806000,Pharmaceuticals,19,INR
INV-2026-04862,CMP0216,CMP0525,2026-08-20,2026-09-19,4537000,Food Products,47,INR
INV-2026-04863,CMP0417,CMP0473,2026-06-18,2026-08-02,3307000,Construction Materials,29,INR
INV-2026-04864,CMP0036,CMP0148,2026-07-10,2026-08-24,2898000,Machinery,26,INR
INV-2026-04865,CMP0656,CMP0238,2026-06-09,2026-08-08,4756000,Electronics,20,INR
INV-2026-04866,CMP0432,CMP0280,2026-06-17,2026-08-16,4002000,Food Products,4,INR
INV-2026-04867,CMP0846,CMP0290,2026-09-12,2026-12-11,3195000,Electronics,11,INR
INV-2026-04868,CMP0670,CMP0046,2026-07-26,2026-08-25,1722000,Food Products,45,INR
INV-2026-04869,CMP0930,CMP0111,2026-08-30,2026-10-29,2673000,Machinery,43,INR
INV-2026-04870,CMP0833,CMP0190,2026-09-25,2026-10-25,3268000,Raw Materials,17,INR
INV-2026-04871,CMP0031,CMP0719,2026-06-29,2026-07-29,3910000,Construction Materials,9,INR
INV-2026-04872,CMP0159,CMP0812,2026-09-13,2026-12-12,504000,Food Products,29,INR
INV-2026-04873,CMP0446,CMP0416,2026-07-07,2026-08-06,2695000,Textiles,15,INR
INV-2026-04874,CMP0754,CMP0651,2026-07-06,2026-08-20,1514000,Pharmaceuticals,42,INR
INV-2026-04875,CMP0117,CMP0709,2026-08-12,2026-10-11,3424000,Raw Materials,22,INR
INV-2026-04876,CMP0230,CMP0719,2026-09-29,2026-12-28,1415000,Machinery,30,INR
INV-2026-04877,CMP0564,CMP0682,2026-07-17,2026-08-16,148000,Raw Materials,34,INR
INV-2026-04878,CMP0033,CMP0977,2026-07-28,2026-09-11,2777000,Raw Materials,8,INR
INV-2026-04879,CMP0229,CMP0388,2026-09-18,2026-12-17,3683000,Textiles,23,INR
INV-2026-04880,CMP0341,CMP0853,2026-06-18,2026-09-16,3099000,Machinery,21,INR
INV-2026-04881,CMP0123,CMP0031,2026-06-02,2026-08-01,3658000,Pharmaceuticals,24,INR
INV-2026-04882,CMP0510,CMP0009,2026-06-21,2026-08-20,3033000,Machinery,36,INR
INV-2026-04883,CMP0409,CMP0545,2026-09-22,2026-11-21,4086000,Textiles,6,INR
INV-2026-04884,CMP0130,CMP0791,2026-07-14,2026-10-12,1614000,Pharmaceuticals,12,INR
INV-2026-04885,CMP0956,CMP0957,2026-08-11,2026-11-09,2654000,Electronics,10,INR
INV-2026-04886,CMP0896,CMP0409,2026-07-11,2026-10-09,2069000,Machinery,3,INR
INV-2026-04887,CMP0393,CMP0664,2026-07-13,2026-09-11,1582000,Machinery,24,INR
INV-2026-04888,CMP0090,CMP0495,2026-09-20,2026-12-19,4861000,Pharmaceuticals,24,INR
INV-2026-04889,CMP0078,CMP0887,2026-06-26,2026-09-24,4842000,Electronics,17,INR
INV-2026-04890,CMP0603,CMP0343,2026-06-09,2026-07-24,1834000,Food Products,13,INR
INV-2026-04891,CMP0274,CMP0784,2026-09-12,2026-11-11,2107000,Electronics,42,INR
INV-2026-04892,CMP0021,CMP0686,2026-08-19,2026-11-17,591000,Food Products,45,INR
INV-2026-04893,CMP0164,CMP0115,2026-09-29,2026-11-28,1666000,Food Products,49,INR
INV-2026-04894,CMP0092,CMP0407,2026-08-27,2026-11-25,2321000,Machinery,21,INR
INV-2026-04895,CMP0153,CMP0962,2026-09-07,2026-11-06,3585000,Raw Materials,10,INR
INV-2026-04896,CMP0832,CMP0145,2026-09-17,2026-11-16,1094000,Construction Materials,29,INR
INV-2026-04897,CMP0041,CMP0760,2026-06-13,2026-07-13,4228000,Machinery,18,INR
INV-2026-04898,CMP0541,CMP0708,2026-06-22,2026-09-20,935000,Machinery,40,INR
INV-2026-04899,CMP0572,CMP0549,2026-06-06,2026-08-05,2282000,Raw Materials,29,INR
INV-2026-04900,CMP0787,CMP0810,2026-08-10,2026-09-09,2524000,Construction Materials,9,INR
INV-2026-04901,CMP0916,CMP0412,2026-06-15,2026-09-13,4271000,Construction Materials,39,INR
INV-2026-04902,CMP0256,CMP0009,2026-08-06,2026-09-05,166000,Textiles,33,INR
INV-2026-04903,CMP0555,CMP0826,2026-08-17,2026-09-16,4905000,Textiles,42,INR
INV-2026-04904,CMP0931,CMP0521,2026-08-09,2026-09-08,392000,Textiles,2,INR
INV-2026-04905,CMP0198,CMP0222,2026-08-31,2026-09-30,2365000,Textiles,3,INR
INV-2026-04906,CMP0567,CMP0859,2026-08-28,2026-09-27,970000,Textiles,25,INR
INV-2026-04907,CMP0972,CMP0728,2026-07-14,2026-10-12,1863000,Construction Materials,38,INR
INV-2026-04908,CMP0605,CMP0039,2026-06-14,2026-07-29,1560000,Machinery,7,INR
INV-2026-04909,CMP0421,CMP0719,2026-08-12,2026-10-11,3448000,Food Products,2,INR
INV-2026-04910,CMP0912,CMP0141,2026-06-21,2026-08-20,665000,Food Products,29,INR
INV-2026-04911,CMP0850,CMP0433,2026-06-19,2026-07-19,2165000,Raw Materials,46,INR
INV-2026-04912,CMP0702,CMP0742,2026-08-12,2026-09-26,2890000,Food Products,50,INR
INV-2026-04913,CMP0163,CMP0053,2026-09-13,2026-11-12,3794000,Electronics,33,INR
INV-2026-04914,CMP0844,CMP0574,2026-08-14,2026-10-13,2208000,Electronics,5,INR
INV-2026-04915,CMP0868,CMP0177,2026-06-01,2026-07-16,3234000,Machinery,16,INR
INV-2026-04916,CMP0230,CMP0081,2026-09-04,2026-12-03,2177000,Textiles,27,INR
INV-2026-04917,CMP0992,CMP0704,2026-08-03,2026-09-02,2949000,Construction Materials,27,INR
INV-2026-04918,CMP0401,CMP0363,2026-09-17,2026-10-17,4072000,Raw Materials,2,INR
INV-2026-04919,CMP0293,CMP0589,2026-09-17,2026-10-17,2879000,Textiles,16,INR
INV-2026-04920,CMP0950,CMP0514,2026-08-26,2026-11-24,4717000,Textiles,42,INR
INV-2026-04921,CMP0103,CMP0408,2026-07-16,2026-08-15,2267000,Electronics,25,INR
INV-2026-04922,CMP0148,CMP0897,2026-09-21,2026-11-20,4666000,Raw Materials,9,INR
INV-2026-04923,CMP0788,CMP0131,2026-06-03,2026-09-01,1902000,Raw Materials,18,INR
INV-2026-04924,CMP0915,CMP0745,2026-09-26,2026-12-25,4576000,Food Products,17,INR
INV-2026-04925,CMP0097,CMP0939,2026-07-23,2026-08-22,1576000,Raw Materials,43,INR
INV-2026-04926,CMP0888,CMP0583,2026-09-13,2026-11-12,3032000,Food Products,17,INR
INV-2026-04927,CMP0329,CMP0558,2026-06-16,2026-07-16,3301000,Pharmaceuticals,21,INR
INV-2026-04928,CMP0876,CMP0517,2026-08-13,2026-09-27,1689000,Textiles,3,INR
INV-2026-04929,CMP0531,CMP0225,2026-07-05,2026-09-03,3072000,Construction Materials,10,INR
INV-2026-04930,CMP0692,CMP0655,2026-08-05,2026-10-04,3931000,Electronics,35,INR
INV-2026-04931,CMP0951,CMP0523,2026-08-15,2026-09-29,1073000,Machinery,28,INR
INV-2026-04932,CMP0627,CMP0393,2026-07-19,2026-09-02,3104000,Raw Materials,24,INR
INV-2026-04933,CMP0681,CMP0938,2026-07-24,2026-09-07,4948000,Food Products,28,INR
INV-2026-04934,CMP0705,CMP0168,2026-07-01,2026-09-29,1187000,Electronics,16,INR
INV-2026-04935,CMP0085,CMP0826,2026-07-31,2026-09-29,1475000,Raw Materials,17,INR
INV-2026-04936,CMP0126,CMP0546,2026-08-18,2026-10-17,1736000,Textiles,41,INR
INV-2026-04937,CMP0482,CMP0856,2026-09-14,2026-10-14,4645000,Raw Materials,9,INR
INV-2026-04938,CMP0916,CMP0527,2026-06-12,2026-09-10,195000,Food Products,6,INR
INV-2026-04939,CMP0695,CMP0997,2026-07-24,2026-09-07,269000,Electronics,19,INR
INV-2026-04940,CMP0372,CMP0889,2026-06-18,2026-09-16,195000,Pharmaceuticals,49,INR
INV-2026-04941,CMP0586,CMP0294,2026-07-29,2026-09-12,2241000,Construction Materials,24,INR
INV-2026-04942,CMP0683,CMP0219,2026-06-13,2026-08-12,2323000,Pharmaceuticals,16,INR
INV-2026-04943,CMP0637,CMP0075,2026-09-04,2026-10-19,301000,Raw Materials,16,INR
INV-2026-04944,CMP0754,CMP0718,2026-09-14,2026-12-13,1063000,Construction Materials,43,INR
INV-2026-04945,CMP0767,CMP0438,2026-09-18,2026-10-18,3889000,Food Products,28,INR
INV-2026-04946,CMP0656,CMP0499,2026-07-31,2026-10-29,2155000,Pharmaceuticals,41,INR
INV-2026-04947,CMP0140,CMP0770,2026-08-31,2026-09-30,473000,Machinery,43,INR
INV-2026-04948,CMP0894,CMP0063,2026-06-01,2026-07-16,2468000,Electronics,17,INR
INV-2026-04949,CMP0253,CMP0760,2026-09-17,2026-11-01,3886000,Food Products,2,INR
INV-2026-04950,CMP0812,CMP0087,2026-07-28,2026-10-26,4524000,Pharmaceuticals,31,INR
INV-2026-04951,CMP0805,CMP0636,2026-08-22,2026-10-06,2882000,Raw Materials,48,INR
INV-2026-04952,CMP0955,CMP0290,2026-06-18,2026-08-17,1217000,Raw Materials,38,INR
INV-2026-04953,CMP0232,CMP0964,2026-06-18,2026-08-17,1112000,Raw Materials,24,INR
INV-2026-04954,CMP0907,CMP0783,2026-08-01,2026-10-30,4084000,Construction Materials,12,INR
INV-2026-04955,CMP0467,CMP0468,2026-07-17,2026-10-15,2116000,Pharmaceuticals,22,INR
INV-2026-04956,CMP0050,CMP0169,2026-08-24,2026-10-23,923000,Raw Materials,6,INR
INV-2026-04957,CMP0103,CMP0959,2026-08-07,2026-10-06,2359000,Food Products,3,INR
INV-2026-04958,CMP0233,CMP0729,2026-06-25,2026-08-09,3150000,Electronics,26,INR
INV-2026-04959,CMP0729,CMP0785,2026-08-02,2026-10-01,4426000,Raw Materials,2,INR
INV-2026-04960,CMP0777,CMP0767,2026-07-30,2026-09-28,2387000,Pharmaceuticals,41,INR
INV-2026-04961,CMP0709,CMP0906,2026-09-07,2026-10-22,4865000,Textiles,43,INR
INV-2026-04962,CMP0516,CMP0811,2026-07-10,2026-10-08,4916000,Construction Materials,31,INR
INV-2026-04963,CMP0058,CMP0902,2026-08-13,2026-09-27,3190000,Pharmaceuticals,38,INR
INV-2026-04964,CMP0182,CMP0539,2026-07-01,2026-08-15,2838000,Pharmaceuticals,41,INR
INV-2026-04965,CMP0056,CMP0154,2026-07-10,2026-10-08,2648000,Machinery,27,INR
INV-2026-04966,CMP0730,CMP0682,2026-08-15,2026-10-14,3934000,Food Products,48,INR
INV-2026-04967,CMP0456,CMP0661,2026-08-07,2026-09-06,3754000,Electronics,49,INR
INV-2026-04968,CMP0584,CMP0530,2026-06-28,2026-09-26,3609000,Pharmaceuticals,6,INR
INV-2026-04969,CMP0895,CMP0231,2026-07-12,2026-09-10,4753000,Construction Materials,41,INR
INV-2026-04970,CMP0336,CMP0805,2026-06-18,2026-07-18,4848000,Machinery,46,INR
INV-2026-04971,CMP0574,CMP0344,2026-06-23,2026-08-07,3639000,Pharmaceuticals,22,INR
INV-2026-04972,CMP0985,CMP0646,2026-06-12,2026-08-11,473000,Food Products,14,INR
INV-2026-04973,CMP0507,CMP0500,2026-07-25,2026-09-08,4727000,Food Products,44,INR
INV-2026-04974,CMP0202,CMP0518,2026-07-19,2026-09-17,4829000,Textiles,50,INR
INV-2026-04975,CMP0983,CMP0577,2026-08-26,2026-11-24,4092000,Electronics,6,INR
INV-2026-04976,CMP0725,CMP0491,2026-08-20,2026-10-04,4588000,Construction Materials,9,INR
INV-2026-04977,CMP0021,CMP0046,2026-08-31,2026-09-30,4556000,Machinery,2,INR
INV-2026-04978,CMP0100,CMP0761,2026-06-23,2026-09-21,2143000,Pharmaceuticals,27,INR
INV-2026-04979,CMP0611,CMP0060,2026-06-24,2026-08-23,3286000,Machinery,21,INR
INV-2026-04980,CMP0501,CMP0332,2026-07-14,2026-08-13,4851000,Textiles,38,INR
INV-2026-04981,CMP0786,CMP0773,2026-08-12,2026-11-10,400000,Food Products,7,INR
INV-2026-04982,CMP0648,CMP0715,2026-08-24,2026-09-23,164000,Machinery,46,INR
INV-2026-04983,CMP0272,CMP0647,2026-08-05,2026-11-03,2942000,Raw Materials,18,INR
INV-2026-04984,CMP0161,CMP0675,2026-08-01,2026-09-30,1479000,Pharmaceuticals,45,INR
INV-2026-04985,CMP0604,CMP0982,2026-07-25,2026-09-23,3278000,Pharmaceuticals,43,INR
INV-2026-04986,CMP0132,CMP0635,2026-09-13,2026-10-28,2486000,Construction Materials,3,INR
INV-2026-04987,CMP0973,CMP0354,2026-07-29,2026-08-28,991000,Electronics,30,INR
INV-2026-04988,CMP0160,CMP0761,2026-06-09,2026-07-24,2768000,Pharmaceuticals,14,INR
INV-2026-04989,CMP0886,CMP0932,2026-06-27,2026-08-11,2147000,Textiles,15,INR
INV-2026-04990,CMP0968,CMP0443,2026-07-18,2026-10-16,3845000,Pharmaceuticals,31,INR
INV-2026-04991,CMP0510,CMP0455,2026-07-03,2026-08-17,1792000,Food Products,50,INR
INV-2026-04992,CMP0343,CMP0545,2026-07-12,2026-08-11,3999000,Raw Materials,43,INR
INV-2026-04993,CMP0072,CMP0010,2026-08-30,2026-11-28,2503000,Electronics,6,INR
INV-2026-04994,CMP0263,CMP0002,2026-09-25,2026-12-24,3902000,Machinery,41,INR
INV-2026-04995,CMP0917,CMP0703,2026-09-20,2026-10-20,1543000,Construction Materials,27,INR
INV-2026-04996,CMP0088,CMP0963,2026-08-16,2026-09-15,4772000,Food Products,17,INR
INV-2026-04997,CMP0404,CMP0403,2026-08-17,2026-11-15,3427000,Construction Materials,43,INR
INV-2026-04998,CMP0280,CMP0486,2026-09-10,2026-10-10,1291000,Food Products,8,INR
INV-2026-04999,CMP0769,CMP0959,2026-07-08,2026-08-22,1444000,Textiles,25,INR
INV-2026-05000,CMP0434,CMP0513,2026-09-09,2026-10-09,2056000,Raw Materials,10,INR
