payment_id,invoice_id,payment_date,paid_amount,payment_status
PAY-0000001,INV-2026-00001,2027-01-26,3199000,PAID
PAY-0000002,INV-2026-00002,2027-01-16,1730000,PAID
PAY-0000003,INV-2026-00003,2026-11-26,219000,PAID
PAY-0000004,INV-2026-00004,2026-07-21,0,PENDING
PAY-0000005,INV-2026-00005,2026-12-28,1429000,PAID
PAY-0000006,INV-2026-00006,2026-09-27,0,PENDING
PAY-0000007,INV-2026-00007,2026-11-21,2105858,PARTIAL
PAY-0000008,INV-2026-00008,2026-10-07,2049000,PAID
PAY-0000009,INV-2026-00009,2026-10-15,3235000,PAID
PAY-0000010,INV-2026-00010,2026-12-23,3624000,PAID
PAY-0000011,INV-2026-00011,2026-09-11,2902000,PAID
PAY-0000012,INV-2026-00012,2026-09-01,1430000,PAID
PAY-0000013,INV-2026-00013,2026-11-22,0,PENDING
PAY-0000014,INV-2026-00014,2026-09-14,0,PENDING
PAY-0000015,INV-2026-00015,2026-10-09,2140000,PAID
PAY-0000016,INV-2026-00016,2026-11-02,0,OVERDUE
PAY-0000017,INV-2026-00017,2026-08-11,4314000,PAID
PAY-0000018,INV-2026-00018,2026-10-26,1678350,PARTIAL
PAY-0000019,INV-2026-00019,2026-12-11,3517000,PAID
PAY-0000020,INV-2026-00020,2026-10-15,1650000,PAID
PAY-0000021,INV-2026-00021,2026-09-27,1514000,PAID
PAY-0000022,INV-2026-00022,2026-10-29,0,PENDING
PAY-0000023,INV-2026-00023,2026-10-23,1345042,PARTIAL
PAY-0000024,INV-2026-00024,2026-11-08,4254000,PAID
PAY-0000025,INV-2026-00025,2026-09-13,3276000,PAID
PAY-0000026,INV-2026-00026,2026-09-25,1133000,PAID
PAY-0000027,INV-2026-00027,2026-07-24,0,PENDING
PAY-0000028,INV-2026-00028,2026-09-03,396000,PAID
PAY-0000029,INV-2026-00029,2026-12-11,0,PENDING
PAY-0000030,INV-2026-00030,2026-12-20,0,PENDING
PAY-0000031,INV-2026-00031,2026-11-23,0,PENDING
PAY-0000032,INV-2026-00032,2026-10-21,3389000,PAID
PAY-0000033,INV-2026-00033,2026-10-03,4963000,PAID
PAY-0000034,INV-2026-00034,2026-09-26,0,OVERDUE
PAY-0000035,INV-2026-00035,2026-11-17,1677000,PAID
PAY-0000036,INV-2026-00036,2026-09-17,0,OVERDUE
PAY-0000037,INV-2026-00037,2026-08-09,0,PENDING
PAY-0000038,INV-2026-00038,2026-12-20,3870000,PAID
PAY-0000039,INV-2026-00039,2026-07-15,3456000,PAID
PAY-0000040,INV-2026-00040,2026-09-18,0,OVERDUE
PAY-0000041,INV-2026-00041,2026-09-01,3600000,PAID
PAY-0000042,INV-2026-00042,2027-01-19,0,OVERDUE
PAY-0000043,INV-2026-00043,2026-11-12,0,PENDING
PAY-0000044,INV-2026-00044,2026-08-07,3070288,PARTIAL
PAY-0000045,INV-2026-00045,2026-09-09,4318000,PAID
PAY-0000046,INV-2026-00046,2026-10-11,0,PENDING
PAY-0000047,INV-2026-00047,2026-09-22,0,OVERDUE
PAY-0000048,INV-2026-00048,2026-07-05,3374562,PARTIAL
PAY-0000049,INV-2026-00049,2026-11-06,0,PENDING
PAY-0000050,INV-2026-00050,2026-09-06,1658000,PAID
PAY-0000051,INV-2026-00051,2026-08-07,410000,PAID
PAY-0000052,INV-2026-00052,2026-10-18,0,PENDING
PAY-0000053,INV-2026-00053,2026-07-23,0,OVERDUE
PAY-0000054,INV-2026-00054,2026-11-15,0,PENDING
PAY-0000055,INV-2026-00055,2026-08-26,0,PENDING
PAY-0000056,INV-2026-00056,2026-11-30,0,PENDING
PAY-0000057,INV-2026-00057,2026-11-20,2164000,PAID
PAY-0000058,INV-2026-00058,2026-11-26,1324000,PAID
PAY-0000059,INV-2026-00059,2026-07-20,2059000,PAID
PAY-0000060,INV-2026-00060,2026-11-19,0,OVERDUE
PAY-0000061,INV-2026-00061,2026-09-30,2568825,PARTIAL
PAY-0000062,INV-2026-00062,2026-10-31,1843000,PAID
PAY-0000063,INV-2026-00063,2026-09-27,0,OVERDUE
PAY-0000064,INV-2026-00064,2026-10-18,0,PENDING
PAY-0000065,INV-2026-00065,2026-12-11,0,PENDING
PAY-0000066,INV-2026-00066,2026-11-05,0,OVERDUE
PAY-0000067,INV-2026-00067,2026-08-07,3926000,PAID
PAY-0000068,INV-2026-00068,2026-12-18,0,PENDING
PAY-0000069,INV-2026-00069,2026-12-04,0,OVERDUE
PAY-0000070,INV-2026-00070,2026-09-07,922221,PARTIAL
PAY-0000071,INV-2026-00071,2026-07-13,728000,PAID
PAY-0000072,INV-2026-00072,2026-11-15,4476000,PAID
PAY-0000073,INV-2026-00073,2026-10-11,470000,PAID
PAY-0000074,INV-2026-00074,2026-10-23,3054000,PAID
PAY-0000075,INV-2026-00075,2026-11-21,1403000,PAID
PAY-0000076,INV-2026-00076,2026-08-10,379907,PARTIAL
PAY-0000077,INV-2026-00077,2027-01-11,0,PENDING
PAY-0000078,INV-2026-00078,2026-08-16,4359000,PAID
PAY-0000079,INV-2026-00079,2026-08-04,1480302,PARTIAL
PAY-0000080,INV-2026-00080,2026-10-07,2374000,PAID
PAY-0000081,INV-2026-00081,2027-01-03,0,PENDING
PAY-0000082,INV-2026-00082,2026-09-15,2210300,PARTIAL
PAY-0000083,INV-2026-00083,2026-10-21,0,PENDING
PAY-0000084,INV-2026-00084,2026-07-07,320482,PARTIAL
PAY-0000085,INV-2026-00085,2026-10-18,1273000,PAID
PAY-0000086,INV-2026-00086,2026-11-01,2671000,PAID
PAY-0000087,INV-2026-00087,2026-11-19,1054000,PAID
PAY-0000088,INV-2026-00088,2026-09-12,327000,PAID
PAY-0000089,INV-2026-00089,2026-09-12,450000,PAID
PAY-0000090,INV-2026-00090,2026-11-27,2309646,PARTIAL
PAY-0000091,INV-2026-00091,2026-08-19,2278761,PARTIAL
PAY-0000092,INV-2026-00092,2026-11-22,1559469,PARTIAL
PAY-0000093,INV-2026-00093,2026-09-10,0,OVERDUE
PAY-0000094,INV-2026-00094,2026-09-20,0,PENDING
PAY-0000095,INV-2026-00095,2026-07-03,1821804,PARTIAL
PAY-0000096,INV-2026-00096,2026-09-20,0,PENDING
PAY-0000097,INV-2026-00097,2026-09-09,4154000,PAID
PAY-0000098,INV-2026-00098,2026-10-17,4186000,PAID
PAY-0000099,INV-2026-00099,2026-09-25,1661000,PAID
PAY-0000100,INV-2026-00100,2026-11-14,1174618,PARTIAL
PAY-0000101,INV-2026-00101,2026-10-23,0,PENDING
PAY-0000102,INV-2026-00102,2026-09-30,0,PENDING
PAY-0000103,INV-2026-00103,2026-08-03,525234,PARTIAL
PAY-0000104,INV-2026-00104,2026-10-31,4797000,PAID
PAY-0000105,INV-2026-00105,2026-11-05,0,OVERDUE
PAY-0000106,INV-2026-00106,2026-08-04,441000,PAID
PAY-0000107,INV-2026-00107,2026-10-10,183000,PAID
PAY-0000108,INV-2026-00108,2026-09-27,4118000,PAID
PAY-0000109,INV-2026-00109,2026-12-15,999000,PAID
PAY-0000110,INV-2026-00110,2026-10-11,1501000,PAID
PAY-0000111,INV-2026-00111,2026-11-14,2743000,PAID
PAY-0000112,INV-2026-00112,2026-09-28,0,PENDING
PAY-0000113,INV-2026-00113,2026-08-06,0,OVERDUE
PAY-0000114,INV-2026-00114,2026-08-08,871807,PARTIAL
PAY-0000115,INV-2026-00115,2026-08-11,77000,PAID
PAY-0000116,INV-2026-00116,2026-07-28,0,OVERDUE
PAY-0000117,INV-2026-00117,2027-01-12,4149000,PAID
PAY-0000118,INV-2026-00118,2026-10-31,0,PENDING
PAY-0000119,INV-2026-00119,2026-12-08,3227000,PAID
PAY-0000120,INV-2026-00120,2026-08-12,318378,PARTIAL
PAY-0000121,INV-2026-00121,2026-10-19,4431000,PAID
PAY-0000122,INV-2026-00122,2026-12-30,2836000,PAID
PAY-0000123,INV-2026-00123,2027-01-03,0,PENDING
PAY-0000124,INV-2026-00124,2026-10-01,1015670,PARTIAL
PAY-0000125,INV-2026-00125,2026-12-18,0,PENDING
PAY-0000126,INV-2026-00126,2026-10-30,674363,PARTIAL
PAY-0000127,INV-2026-00127,2026-08-24,0,PENDING
PAY-0000128,INV-2026-00128,2026-10-30,2194349,PARTIAL
PAY-0000129,INV-2026-00129,2026-10-13,0,PENDING
PAY-0000130,INV-2026-00130,2026-10-28,4584000,PAID
PAY-0000131,INV-2026-00131,2026-10-13,0,OVERDUE
PAY-0000132,INV-2026-00132,2026-09-04,0,OVERDUE
PAY-0000133,INV-2026-00133,2026-09-30,0,PENDING
PAY-0000134,INV-2026-00134,2026-08-17,0,OVERDUE
PAY-0000135,INV-2026-00135,2026-07-28,0,PENDING
PAY-0000136,INV-2026-00136,2026-11-11,812000,PAID
PAY-0000137,INV-2026-00137,2026-09-18,0,OVERDUE
PAY-0000138,INV-2026-00138,2026-12-03,2657000,PAID
PAY-0000139,INV-2026-00139,2026-08-09,695000,PAID
PAY-0000140,INV-2026-00140,2026-10-05,0,OVERDUE
PAY-0000141,INV-2026-00141,2026-12-23,4779000,PAID
PAY-0000142,INV-2026-00142,2026-11-10,0,OVERDUE
PAY-0000143,INV-2026-00143,2026-09-03,0,OVERDUE
PAY-0000144,INV-2026-00144,2026-07-10,4869000,PAID
PAY-0000145,INV-2026-00145,2026-08-12,3008000,PAID
PAY-0000146,INV-2026-00146,2026-11-11,3550147,PARTIAL
PAY-0000147,INV-2026-00147,2026-11-10,0,OVERDUE
PAY-0000148,INV-2026-00148,2026-08-25,0,PENDING
PAY-0000149,INV-2026-00149,2026-11-03,2288000,PAID
PAY-0000150,INV-2026-00150,2026-10-14,3570000,PAID
PAY-0000151,INV-2026-00151,2026-11-30,1165000,PAID
PAY-0000152,INV-2026-00152,2026-12-13,504535,PARTIAL
PAY-0000153,INV-2026-00153,2026-10-21,0,PENDING
PAY-0000154,INV-2026-00154,2026-09-21,1100000,PAID
PAY-0000155,INV-2026-00155,2026-08-24,0,OVERDUE
PAY-0000156,INV-2026-00156,2026-11-24,0,OVERDUE
PAY-0000157,INV-2026-00157,2026-10-21,0,OVERDUE
PAY-0000158,INV-2026-00158,2026-09-01,0,OVERDUE
PAY-0000159,INV-2026-00159,2026-11-14,817629,PARTIAL
PAY-0000160,INV-2026-00160,2026-12-03,3152000,PAID
PAY-0000161,INV-2026-00161,2026-09-23,0,PENDING
PAY-0000162,INV-2026-00162,2026-11-23,995138,PARTIAL
PAY-0000163,INV-2026-00163,2026-11-19,75000,PAID
PAY-0000164,INV-2026-00164,2026-12-23,0,PENDING
PAY-0000165,INV-2026-00165,2026-11-17,364997,PARTIAL
PAY-0000166,INV-2026-00166,2026-10-04,3541000,PAID
PAY-0000167,INV-2026-00167,2026-09-27,4854000,PAID
PAY-0000168,INV-2026-00168,2026-11-04,1695000,PAID
PAY-0000169,INV-2026-00169,2026-09-25,2258000,PAID
PAY-0000170,INV-2026-00170,2026-11-12,0,PENDING
PAY-0000171,INV-2026-00171,2026-10-02,0,OVERDUE
PAY-0000172,INV-2026-00172,2026-08-30,4326000,PAID
PAY-0000173,INV-2026-00173,2026-12-14,2591000,PAID
PAY-0000174,INV-2026-00174,2026-08-27,927000,PAID
PAY-0000175,INV-2026-00175,2026-11-16,0,OVERDUE
PAY-0000176,INV-2026-00176,2026-07-30,0,PENDING
PAY-0000177,INV-2026-00177,2026-11-03,3488000,PAID
PAY-0000178,INV-2026-00178,2026-11-02,596896,PARTIAL
PAY-0000179,INV-2026-00179,2026-11-13,0,PENDING
PAY-0000180,INV-2026-00180,2026-10-07,0,PENDING
PAY-0000181,INV-2026-00181,2026-11-16,1657000,PAID
PAY-0000182,INV-2026-00182,2026-09-14,0,PENDING
PAY-0000183,INV-2026-00183,2026-08-31,1749953,PARTIAL
PAY-0000184,INV-2026-00184,2026-11-06,1172000,PAID
PAY-0000185,INV-2026-00185,2026-10-18,3428000,PAID
PAY-0000186,INV-2026-00186,2026-10-07,0,OVERDUE
PAY-0000187,INV-2026-00187,2026-07-31,3088000,PAID
PAY-0000188,INV-2026-00188,2026-09-11,0,OVERDUE
PAY-0000189,INV-2026-00189,2026-09-14,1762000,PAID
PAY-0000190,INV-2026-00190,2026-11-10,2100000,PAID
PAY-0000191,INV-2026-00191,2026-08-16,4482000,PAID
PAY-0000192,INV-2026-00192,2026-11-21,3423000,PAID
PAY-0000193,INV-2026-00193,2027-01-05,1928000,PAID
PAY-0000194,INV-2026-00194,2027-01-10,0,PENDING
PAY-0000195,INV-2026-00195,2026-10-31,0,PENDING
PAY-0000196,INV-2026-00196,2026-08-24,914294,PARTIAL
PAY-0000197,INV-2026-00197,2026-09-17,0,PENDING
PAY-0000198,INV-2026-00198,2026-09-27,996444,PARTIAL
PAY-0000199,INV-2026-00199,2026-09-29,924909,PARTIAL
PAY-0000200,INV-2026-00200,2026-11-17,0,PENDING
PAY-0000201,INV-2026-00201,2026-08-20,3118000,PAID
PAY-0000202,INV-2026-00202,2026-08-20,795228,PARTIAL
PAY-0000203,INV-2026-00203,2026-10-31,0,PENDING
PAY-0000204,INV-2026-00204,2026-12-07,0,PENDING
PAY-0000205,INV-2026-00205,2026-10-22,0,PENDING
PAY-0000206,INV-2026-00206,2026-09-04,3696000,PAID
PAY-0000207,INV-2026-00207,2026-10-09,0,PENDING
PAY-0000208,INV-2026-00208,2026-11-17,3858000,PAID
PAY-0000209,INV-2026-00209,2026-11-04,1088000,PAID
PAY-0000210,INV-2026-00210,2026-11-06,0,PENDING
PAY-0000211,INV-2026-00211,2026-07-14,1157000,PAID
PAY-0000212,INV-2026-00212,2026-10-20,0,PENDING
PAY-0000213,INV-2026-00213,2026-08-13,260701,PARTIAL
PAY-0000214,INV-2026-00214,2026-09-20,2177000,PAID
PAY-0000215,INV-2026-00215,2026-11-17,410000,PAID
PAY-0000216,INV-2026-00216,2026-10-13,1856000,PAID
PAY-0000217,INV-2026-00217,2026-09-21,0,PENDING
PAY-0000218,INV-2026-00218,2026-11-12,1398000,PAID
PAY-0000219,INV-2026-00219,2026-10-16,144000,PAID
PAY-0000220,INV-2026-00220,2026-09-10,61831,PARTIAL
PAY-0000221,INV-2026-00221,2026-08-01,1347993,PARTIAL
PAY-0000222,INV-2026-00222,2026-10-08,854000,PAID
PAY-0000223,INV-2026-00223,2026-10-15,0,OVERDUE
PAY-0000224,INV-2026-00224,2026-10-30,0,OVERDUE
PAY-0000225,INV-2026-00225,2026-09-25,746000,PAID
PAY-0000226,INV-2026-00226,2026-10-06,2545502,PARTIAL
PAY-0000227,INV-2026-00227,2026-11-26,1489000,PAID
PAY-0000228,INV-2026-00228,2026-11-13,0,OVERDUE
PAY-0000229,INV-2026-00229,2026-07-03,265000,PAID
PAY-0000230,INV-2026-00230,2026-09-29,0,OVERDUE
PAY-0000231,INV-2026-00231,2026-08-13,0,PENDING
PAY-0000232,INV-2026-00232,2026-09-12,561594,PARTIAL
PAY-0000233,INV-2026-00233,2026-09-22,2684000,PAID
PAY-0000234,INV-2026-00234,2026-09-11,4775000,PAID
PAY-0000235,INV-2026-00235,2026-09-25,3898000,PAID
PAY-0000236,INV-2026-00236,2026-10-31,3048057,PARTIAL
PAY-0000237,INV-2026-00237,2026-08-02,4357000,PAID
PAY-0000238,INV-2026-00238,2026-12-07,121056,PARTIAL
PAY-0000239,INV-2026-00239,2026-08-29,2589449,PARTIAL
PAY-0000240,INV-2026-00240,2026-12-23,1503000,PAID
PAY-0000241,INV-2026-00241,2026-11-07,915632,PARTIAL
PAY-0000242,INV-2026-00242,2026-09-16,954492,PARTIAL
PAY-0000243,INV-2026-00243,2026-11-24,3327000,PAID
PAY-0000244,INV-2026-00244,2026-10-13,0,PENDING
PAY-0000245,INV-2026-00245,2026-10-21,1235270,PARTIAL
PAY-0000246,INV-2026-00246,2026-09-17,0,OVERDUE
PAY-0000247,INV-2026-00247,2026-09-11,1677626,PARTIAL
PAY-0000248,INV-2026-00248,2026-12-15,2438000,PAID
PAY-0000249,INV-2026-00249,2026-11-08,3111000,PAID
PAY-0000250,INV-2026-00250,2026-10-29,1926000,PAID
PAY-0000251,INV-2026-00251,2026-09-03,901820,PARTIAL
PAY-0000252,INV-2026-00252,2026-09-20,0,PENDING
PAY-0000253,INV-2026-00253,2026-10-12,2613404,PARTIAL
PAY-0000254,INV-2026-00254,2026-09-06,0,PENDING
PAY-0000255,INV-2026-00255,2026-09-29,620577,PARTIAL
PAY-0000256,INV-2026-00256,2026-09-21,2423000,PAID
PAY-0000257,INV-2026-00257,2026-09-13,1451751,PARTIAL
PAY-0000258,INV-2026-00258,2026-10-26,2631000,PAID
PAY-0000259,INV-2026-00259,2026-10-19,1208000,PAID
PAY-0000260,INV-2026-00260,2026-12-06,2214021,PARTIAL
PAY-0000261,INV-2026-00261,2026-09-02,0,PENDING
PAY-0000262,INV-2026-00262,2026-10-01,0,PENDING
PAY-0000263,INV-2026-00263,2026-10-26,0,OVERDUE
PAY-0000264,INV-2026-00264,2026-10-13,4186000,PAID
PAY-0000265,INV-2026-00265,2026-12-09,4151000,PAID
PAY-0000266,INV-2026-00266,2026-11-14,4346000,PAID
PAY-0000267,INV-2026-00267,2026-10-24,267000,PAID
PAY-0000268,INV-2026-00268,2026-09-09,3449000,PAID
PAY-0000269,INV-2026-00269,2026-10-27,57871,PARTIAL
PAY-0000270,INV-2026-00270,2026-08-27,4124000,PAID
PAY-0000271,INV-2026-00271,2026-12-07,3453000,PAID
PAY-0000272,INV-2026-00272,2026-10-28,2435500,PARTIAL
PAY-0000273,INV-2026-00273,2026-07-18,1257659,PARTIAL
PAY-0000274,INV-2026-00274,2026-07-30,4760000,PAID
PAY-0000275,INV-2026-00275,2026-11-20,0,PENDING
PAY-0000276,INV-2026-00276,2026-08-12,0,PENDING
PAY-0000277,INV-2026-00277,2026-11-10,1816000,PAID
PAY-0000278,INV-2026-00278,2026-10-12,2795000,PAID
PAY-0000279,INV-2026-00279,2026-10-31,0,OVERDUE
PAY-0000280,INV-2026-00280,2026-12-15,0,OVERDUE
PAY-0000281,INV-2026-00281,2026-10-14,2814000,PAID
PAY-0000282,INV-2026-00282,2026-10-11,250397,PARTIAL
PAY-0000283,INV-2026-00283,2026-11-15,0,OVERDUE
PAY-0000284,INV-2026-00284,2026-10-20,0,PENDING
PAY-0000285,INV-2026-00285,2026-09-01,273000,PAID
PAY-0000286,INV-2026-00286,2026-08-25,1793000,PAID
PAY-0000287,INV-2026-00287,2026-08-21,2839000,PAID
PAY-0000288,INV-2026-00288,2026-08-27,1552000,PAID
PAY-0000289,INV-2026-00289,2026-10-17,2187613,PARTIAL
PAY-0000290,INV-2026-00290,2026-09-17,0,PENDING
PAY-0000291,INV-2026-00291,2026-08-21,4592000,PAID
PAY-0000292,INV-2026-00292,2026-09-07,922084,PARTIAL
PAY-0000293,INV-2026-00293,2026-10-13,0,OVERDUE
PAY-0000294,INV-2026-00294,2026-10-17,3748000,PAID
PAY-0000295,INV-2026-00295,2026-09-18,2726041,PARTIAL
PAY-0000296,INV-2026-00296,2026-11-22,1539000,PAID
PAY-0000297,INV-2026-00297,2026-11-18,1406000,PAID
PAY-0000298,INV-2026-00298,2026-12-13,3129000,PAID
PAY-0000299,INV-2026-00299,2026-12-17,3853453,PARTIAL
PAY-0000300,INV-2026-00300,2026-12-10,4434000,PAID
PAY-0000301,INV-2026-00301,2026-09-03,4709000,PAID
PAY-0000302,INV-2026-00302,2026-10-29,108334,PARTIAL
PAY-0000303,INV-2026-00303,2026-08-16,0,OVERDUE
PAY-0000304,INV-2026-00304,2026-10-02,0,PENDING
PAY-0000305,INV-2026-00305,2026-10-27,4636000,PAID
PAY-0000306,INV-2026-00306,2026-09-21,4620000,PAID
PAY-0000307,INV-2026-00307,2026-11-13,0,PENDING
PAY-0000308,INV-2026-00308,2026-08-28,1818000,PAID
PAY-0000309,INV-2026-00309,2026-12-04,4984000,PAID
PAY-0000310,INV-2026-00310,2026-07-23,3239682,PARTIAL
PAY-0000311,INV-2026-00311,2026-08-31,0,PENDING
PAY-0000312,INV-2026-00312,2026-09-22,0,OVERDUE
PAY-0000313,INV-2026-00313,2026-10-05,0,OVERDUE
PAY-0000314,INV-2026-00314,2026-10-30,4560000,PAID
PAY-0000315,INV-2026-00315,2026-09-05,0,PENDING
PAY-0000316,INV-2026-00316,2026-12-04,754063,PARTIAL
PAY-0000317,INV-2026-00317,2026-10-25,0,OVERDUE
PAY-0000318,INV-2026-00318,2026-10-18,3315000,PAID
PAY-0000319,INV-2026-00319,2026-12-09,2595000,PAID
PAY-0000320,INV-2026-00320,2026-09-17,1395000,PAID
PAY-0000321,INV-2026-00321,2026-11-08,2470796,PARTIAL
PAY-0000322,INV-2026-00322,2026-10-16,3221000,PAID
PAY-0000323,INV-2026-00323,2026-10-06,2793000,PAID
PAY-0000324,INV-2026-00324,2026-11-15,276156,PARTIAL
PAY-0000325,INV-2026-00325,2026-12-10,0,PENDING
PAY-0000326,INV-2026-00326,2026-11-01,0,PENDING
PAY-0000327,INV-2026-00327,2026-09-27,3418000,PAID
PAY-0000328,INV-2026-00328,2026-08-18,2342000,PAID
PAY-0000329,INV-2026-00329,2026-09-16,2356000,PAID
PAY-0000330,INV-2026-00330,2026-12-08,1194000,PAID
PAY-0000331,INV-2026-00331,2026-09-28,4934000,PAID
PAY-0000332,INV-2026-00332,2027-01-01,4081000,PAID
PAY-0000333,INV-2026-00333,2026-09-18,0,PENDING
PAY-0000334,INV-2026-00334,2026-09-05,4420000,PAID
PAY-0000335,INV-2026-00335,2026-07-31,1951000,PAID
PAY-0000336,INV-2026-00336,2026-08-18,587930,PARTIAL
PAY-0000337,INV-2026-00337,2026-09-23,698000,PAID
PAY-0000338,INV-2026-00338,2026-11-11,693000,PAID
PAY-0000339,INV-2026-00339,2026-09-01,0,OVERDUE
PAY-0000340,INV-2026-00340,2026-10-23,4747000,PAID
PAY-0000341,INV-2026-00341,2026-12-07,310726,PARTIAL
PAY-0000342,INV-2026-00342,2026-11-23,303818,PARTIAL
PAY-0000343,INV-2026-00343,2026-09-18,2458000,PAID
PAY-0000344,INV-2026-00344,2026-08-25,1338579,PARTIAL
PAY-0000345,INV-2026-00345,2026-11-12,882000,PAID
PAY-0000346,INV-2026-00346,2027-01-01,3844000,PAID
PAY-0000347,INV-2026-00347,2026-08-13,528273,PARTIAL
PAY-0000348,INV-2026-00348,2026-11-08,2011706,PARTIAL
PAY-0000349,INV-2026-00349,2027-01-10,2180933,PARTIAL
PAY-0000350,INV-2026-00350,2026-12-07,0,OVERDUE
PAY-0000351,INV-2026-00351,2026-11-13,1947000,PAID
PAY-0000352,INV-2026-00352,2026-10-01,1991775,PARTIAL
PAY-0000353,INV-2026-00353,2026-10-26,3733000,PAID
PAY-0000354,INV-2026-00354,2026-08-11,3561000,PAID
PAY-0000355,INV-2026-00355,2027-01-15,3348000,PAID
PAY-0000356,INV-2026-00356,2026-11-02,411223,PARTIAL
PAY-0000357,INV-2026-00357,2026-07-15,0,OVERDUE
PAY-0000358,INV-2026-00358,2026-08-29,2245583,PARTIAL
PAY-0000359,INV-2026-00359,2026-08-13,3048000,PAID
PAY-0000360,INV-2026-00360,2026-08-26,0,OVERDUE
PAY-0000361,INV-2026-00361,2026-07-25,1477000,PAID
PAY-0000362,INV-2026-00362,2026-11-18,1039076,PARTIAL
PAY-0000363,INV-2026-00363,2026-09-24,0,PENDING
PAY-0000364,INV-2026-00364,2026-10-28,4528000,PAID
PAY-0000365,INV-2026-00365,2026-12-10,359000,PAID
PAY-0000366,INV-2026-00366,2027-01-05,1932000,PAID
PAY-0000367,INV-2026-00367,2026-10-01,2104000,PAID
PAY-0000368,INV-2026-00368,2026-10-14,0,PENDING
PAY-0000369,INV-2026-00369,2026-12-24,0,OVERDUE
PAY-0000370,INV-2026-00370,2026-08-10,3665000,PAID
PAY-0000371,INV-2026-00371,2026-10-31,3340000,PAID
PAY-0000372,INV-2026-00372,2026-10-07,1579000,PAID
PAY-0000373,INV-2026-00373,2026-12-21,0,OVERDUE
PAY-0000374,INV-2026-00374,2026-10-07,1254862,PARTIAL
PAY-0000375,INV-2026-00375,2026-11-27,3625000,PAID
PAY-0000376,INV-2026-00376,2026-08-16,0,PENDING
PAY-0000377,INV-2026-00377,2026-09-14,4409000,PAID
PAY-0000378,INV-2026-00378,2026-09-02,0,PENDING
PAY-0000379,INV-2026-00379,2027-01-05,0,PENDING
PAY-0000380,INV-2026-00380,2026-09-26,2633460,PARTIAL
PAY-0000381,INV-2026-00381,2026-12-07,937149,PARTIAL
PAY-0000382,INV-2026-00382,2026-08-26,3118000,PAID
PAY-0000383,INV-2026-00383,2026-09-24,0,PENDING
PAY-0000384,INV-2026-00384,2026-09-18,0,OVERDUE
PAY-0000385,INV-2026-00385,2026-11-27,4769000,PAID
PAY-0000386,INV-2026-00386,2026-11-26,1870000,PAID
PAY-0000387,INV-2026-00387,2026-09-12,2836000,PAID
PAY-0000388,INV-2026-00388,2026-09-05,2735000,PAID
PAY-0000389,INV-2026-00389,2026-10-10,2862000,PAID
PAY-0000390,INV-2026-00390,2026-08-13,0,OVERDUE
PAY-0000391,INV-2026-00391,2026-08-24,1020034,PARTIAL
PAY-0000392,INV-2026-00392,2026-09-13,3254000,PAID
PAY-0000393,INV-2026-00393,2026-09-24,0,PENDING
PAY-0000394,INV-2026-00394,2026-11-26,2278223,PARTIAL
PAY-0000395,INV-2026-00395,2026-09-05,1640000,PAID
PAY-0000396,INV-2026-00396,2026-12-06,660000,PAID
PAY-0000397,INV-2026-00397,2026-10-03,434000,PAID
PAY-0000398,INV-2026-00398,2026-08-04,82497,PARTIAL
PAY-0000399,INV-2026-00399,2026-09-28,0,PENDING
PAY-0000400,INV-2026-00400,2026-07-24,0,PENDING
PAY-0000401,INV-2026-00401,2026-12-29,1806000,PAID
PAY-0000402,INV-2026-00402,2026-08-05,0,PENDING
PAY-0000403,INV-2026-00403,2026-07-31,0,OVERDUE
PAY-0000404,INV-2026-00404,2026-09-26,1276000,PAID
PAY-0000405,INV-2026-00405,2026-12-16,0,OVERDUE
PAY-0000406,INV-2026-00406,2026-09-07,0,PENDING
PAY-0000407,INV-2026-00407,2026-12-14,0,OVERDUE
PAY-0000408,INV-2026-00408,2026-12-08,767167,PARTIAL
PAY-0000409,INV-2026-00409,2026-11-03,0,PENDING
PAY-0000410,INV-2026-00410,2026-10-27,0,PENDING
PAY-0000411,INV-2026-00411,2026-08-26,0,PENDING
PAY-0000412,INV-2026-00412,2026-11-07,2817000,PAID
PAY-0000413,INV-2026-00413,2026-12-28,2831000,PAID
PAY-0000414,INV-2026-00414,2026-08-13,1279876,PARTIAL
PAY-0000415,INV-2026-00415,2027-01-08,390208,PARTIAL
PAY-0000416,INV-2026-00416,2026-10-12,101000,PAID
PAY-0000417,INV-2026-00417,2026-10-10,0,PENDING
PAY-0000418,INV-2026-00418,2026-09-24,645000,PAID
PAY-0000419,INV-2026-00419,2026-07-22,2649000,PAID
PAY-0000420,INV-2026-00420,2026-10-25,0,PENDING
PAY-0000421,INV-2026-00421,2026-10-24,0,OVERDUE
PAY-0000422,INV-2026-00422,2026-11-22,0,PENDING
PAY-0000423,INV-2026-00423,2026-10-04,0,PENDING
PAY-0000424,INV-2026-00424,2026-11-29,3515000,PAID
PAY-0000425,INV-2026-00425,2026-10-15,1276000,PAID
PAY-0000426,INV-2026-00426,2026-12-20,1423000,PAID
PAY-0000427,INV-2026-00427,2026-10-22,0,OVERDUE
PAY-0000428,INV-2026-00428,2026-10-08,917000,PAID
PAY-0000429,INV-2026-00429,2026-10-21,1223000,PAID
PAY-0000430,INV-2026-00430,2026-09-24,533000,PAID
PAY-0000431,INV-2026-00431,2026-10-10,0,OVERDUE
PAY-0000432,INV-2026-00432,2026-07-29,0,PENDING
PAY-0000433,INV-2026-00433,2026-12-10,763000,PAID
PAY-0000434,INV-2026-00434,2026-11-08,3982000,PAID
PAY-0000435,INV-2026-00435,2026-11-17,0,PENDING
PAY-0000436,INV-2026-00436,2026-12-04,3592872,PARTIAL
PAY-0000437,INV-2026-00437,2027-01-08,4235000,PAID
PAY-0000438,INV-2026-00438,2026-09-27,0,PENDING
PAY-0000439,INV-2026-00439,2026-11-22,1040000,PAID
PAY-0000440,INV-2026-00440,2026-10-08,1811000,PAID
PAY-0000441,INV-2026-00441,2026-10-29,0,OVERDUE
PAY-0000442,INV-2026-00442,2026-08-12,1463000,PAID
PAY-0000443,INV-2026-00443,2026-12-19,875000,PAID
PAY-0000444,INV-2026-00444,2026-08-12,4843000,PAID
PAY-0000445,INV-2026-00445,2026-11-13,1987000,PAID
PAY-0000446,INV-2026-00446,2026-10-28,0,PENDING
PAY-0000447,INV-2026-00447,2026-09-16,0,PENDING
PAY-0000448,INV-2026-00448,2026-09-09,3180367,PARTIAL
PAY-0000449,INV-2026-00449,2026-11-02,56547,PARTIAL
PAY-0000450,INV-2026-00450,2026-09-24,0,PENDING
PAY-0000451,INV-2026-00451,2026-08-29,4819000,PAID
PAY-0000452,INV-2026-00452,2026-08-11,622000,PAID
PAY-0000453,INV-2026-00453,2026-10-25,4931000,PAID
PAY-0000454,INV-2026-00454,2026-08-03,0,PENDING
PAY-0000455,INV-2026-00455,2026-08-23,0,PENDING
PAY-0000456,INV-2026-00456,2026-10-19,335569,PARTIAL
PAY-0000457,INV-2026-00457,2027-01-09,742395,PARTIAL
PAY-0000458,INV-2026-00458,2026-11-20,0,PENDING
PAY-0000459,INV-2026-00459,2026-11-30,0,OVERDUE
PAY-0000460,INV-2026-00460,2026-11-10,824665,PARTIAL
PAY-0000461,INV-2026-00461,2026-08-14,381000,PAID
PAY-0000462,INV-2026-00462,2026-09-24,1410857,PARTIAL
PAY-0000463,INV-2026-00463,2026-09-15,4750000,PAID
PAY-0000464,INV-2026-00464,2026-07-19,1385000,PAID
PAY-0000465,INV-2026-00465,2026-08-31,4778000,PAID
PAY-0000466,INV-2026-00466,2026-11-05,0,PENDING
PAY-0000467,INV-2026-00467,2026-10-23,0,OVERDUE
PAY-0000468,INV-2026-00468,2026-10-28,727000,PAID
PAY-0000469,INV-2026-00469,2026-08-15,1239000,PAID
PAY-0000470,INV-2026-00470,2026-09-17,258952,PARTIAL
PAY-0000471,INV-2026-00471,2026-10-25,0,OVERDUE
PAY-0000472,INV-2026-00472,2026-09-17,0,PENDING
PAY-0000473,INV-2026-00473,2026-09-07,906000,PAID
PAY-0000474,INV-2026-00474,2026-10-13,311000,PAID
PAY-0000475,INV-2026-00475,2026-12-25,3090614,PARTIAL
PAY-0000476,INV-2026-00476,2026-08-05,1803000,PAID
PAY-0000477,INV-2026-00477,2026-07-21,759444,PARTIAL
PAY-0000478,INV-2026-00478,2026-10-03,0,PENDING
PAY-0000479,INV-2026-00479,2026-08-25,0,OVERDUE
PAY-0000480,INV-2026-00480,2026-11-04,3284000,PAID
PAY-0000481,INV-2026-00481,2026-08-09,0,PENDING
PAY-0000482,INV-2026-00482,2026-11-22,190000,PAID
PAY-0000483,INV-2026-00483,2026-10-17,0,OVERDUE
PAY-0000484,INV-2026-00484,2026-11-03,12883,PARTIAL
PAY-0000485,INV-2026-00485,2026-09-05,2878000,PAID
PAY-0000486,INV-2026-00486,2026-09-10,0,PENDING
PAY-0000487,INV-2026-00487,2026-10-14,2991000,PAID
PAY-0000488,INV-2026-00488,2026-09-10,1117000,PAID
PAY-0000489,INV-2026-00489,2026-07-13,0,OVERDUE
PAY-0000490,INV-2026-00490,2026-10-17,0,PENDING
PAY-0000491,INV-2026-00491,2026-08-28,2326000,PAID
PAY-0000492,INV-2026-00492,2026-12-03,520466,PARTIAL
PAY-0000493,INV-2026-00493,2026-08-19,843273,PARTIAL
PAY-0000494,INV-2026-00494,2026-10-09,0,PENDING
PAY-0000495,INV-2026-00495,2026-09-26,112000,PAID
PAY-0000496,INV-2026-00496,2026-11-16,188000,PAID
PAY-0000497,INV-2026-00497,2026-11-11,3748000,PAID
PAY-0000498,INV-2026-00498,2026-10-01,1551179,PARTIAL
PAY-0000499,INV-2026-00499,2026-09-27,1462000,PAID
PAY-0000500,INV-2026-00500,2026-10-20,2107000,PAID
PAY-0000501,INV-2026-00501,2026-10-29,536000,PAID
PAY-0000502,INV-2026-00502,2026-09-19,1747000,PAID
PAY-0000503,INV-2026-00503,2026-07-27,3315000,PAID
PAY-0000504,INV-2026-00504,2026-09-29,399000,PAID
PAY-0000505,INV-2026-00505,2026-08-29,0,PENDING
PAY-0000506,INV-2026-00506,2026-09-07,0,PENDING
PAY-0000507,INV-2026-00507,2026-10-11,226710,PARTIAL
PAY-0000508,INV-2026-00508,2026-08-28,1927000,PAID
PAY-0000509,INV-2026-00509,2026-10-08,4397000,PAID
PAY-0000510,INV-2026-00510,2026-07-21,909142,PARTIAL
PAY-0000511,INV-2026-00511,2026-10-22,1538000,PAID
PAY-0000512,INV-2026-00512,2026-10-31,2888982,PARTIAL
PAY-0000513,INV-2026-00513,2026-10-01,94000,PAID
PAY-0000514,INV-2026-00514,2026-09-16,0,PENDING
PAY-0000515,INV-2026-00515,2026-11-19,2227886,PARTIAL
PAY-0000516,INV-2026-00516,2026-08-12,0,OVERDUE
PAY-0000517,INV-2026-00517,2026-11-07,0,OVERDUE
PAY-0000518,INV-2026-00518,2026-10-30,2756000,PAID
PAY-0000519,INV-2026-00519,2026-10-30,0,OVERDUE
PAY-0000520,INV-2026-00520,2026-07-25,0,PENDING
PAY-0000521,INV-2026-00521,2026-10-09,1982000,PAID
PAY-0000522,INV-2026-00522,2026-10-26,0,PENDING
PAY-0000523,INV-2026-00523,2026-08-31,588000,PAID
PAY-0000524,INV-2026-00524,2026-08-20,4161000,PAID
PAY-0000525,INV-2026-00525,2026-12-04,0,PENDING
PAY-0000526,INV-2026-00526,2026-10-22,0,PENDING
PAY-0000527,INV-2026-00527,2026-10-28,3181000,PAID
PAY-0000528,INV-2026-00528,2026-09-17,865000,PAID
PAY-0000529,INV-2026-00529,2026-10-20,0,PENDING
PAY-0000530,INV-2026-00530,2026-10-08,2690000,PAID
PAY-0000531,INV-2026-00531,2026-11-15,1929812,PARTIAL
PAY-0000532,INV-2026-00532,2026-10-14,3704000,PAID
PAY-0000533,INV-2026-00533,2026-10-02,0,OVERDUE
PAY-0000534,INV-2026-00534,2026-09-19,955667,PARTIAL
PAY-0000535,INV-2026-00535,2026-12-07,4478000,PAID
PAY-0000536,INV-2026-00536,2026-11-02,1347000,PAID
PAY-0000537,INV-2026-00537,2026-10-07,828000,PAID
PAY-0000538,INV-2026-00538,2026-11-30,4732000,PAID
PAY-0000539,INV-2026-00539,2026-08-26,0,PENDING
PAY-0000540,INV-2026-00540,2026-11-15,628000,PAID
PAY-0000541,INV-2026-00541,2026-10-28,1366000,PAID
PAY-0000542,INV-2026-00542,2026-11-04,1959000,PAID
PAY-0000543,INV-2026-00543,2026-11-06,0,OVERDUE
PAY-0000544,INV-2026-00544,2026-10-22,433000,PAID
PAY-0000545,INV-2026-00545,2026-12-10,0,PENDING
PAY-0000546,INV-2026-00546,2026-08-19,0,PENDING
PAY-0000547,INV-2026-00547,2026-11-22,1342000,PAID
PAY-0000548,INV-2026-00548,2026-11-16,1404000,PAID
PAY-0000549,INV-2026-00549,2026-11-07,2015947,PARTIAL
PAY-0000550,INV-2026-00550,2026-10-15,403000,PAID
PAY-0000551,INV-2026-00551,2027-01-15,506219,PARTIAL
PAY-0000552,INV-2026-00552,2026-11-30,4099000,PAID
PAY-0000553,INV-2026-00553,2026-10-07,0,PENDING
PAY-0000554,INV-2026-00554,2026-12-18,926000,PAID
PAY-0000555,INV-2026-00555,2026-08-26,769495,PARTIAL
PAY-0000556,INV-2026-00556,2026-10-26,1751896,PARTIAL
PAY-0000557,INV-2026-00557,2026-10-15,3110406,PARTIAL
PAY-0000558,INV-2026-00558,2026-10-07,0,PENDING
PAY-0000559,INV-2026-00559,2026-11-08,1302000,PAID
PAY-0000560,INV-2026-00560,2026-10-29,0,PENDING
PAY-0000561,INV-2026-00561,2026-10-01,0,PENDING
PAY-0000562,INV-2026-00562,2026-10-30,1868000,PAID
PAY-0000563,INV-2026-00563,2027-01-16,207273,PARTIAL
PAY-0000564,INV-2026-00564,2026-12-30,1289000,PAID
PAY-0000565,INV-2026-00565,2026-10-09,0,PENDING
PAY-0000566,INV-2026-00566,2026-09-19,0,PENDING
PAY-0000567,INV-2026-00567,2026-11-28,1387000,PAID
PAY-0000568,INV-2026-00568,2026-12-04,0,PENDING
PAY-0000569,INV-2026-00569,2027-01-02,104037,PARTIAL
PAY-0000570,INV-2026-00570,2026-08-12,0,PENDING
PAY-0000571,INV-2026-00571,2026-11-22,590743,PARTIAL
PAY-0000572,INV-2026-00572,2026-09-20,0,PENDING
PAY-0000573,INV-2026-00573,2026-07-30,551569,PARTIAL
PAY-0000574,INV-2026-00574,2026-11-01,0,OVERDUE
PAY-0000575,INV-2026-00575,2026-12-11,1088000,PAID
PAY-0000576,INV-2026-00576,2026-09-30,4527000,PAID
PAY-0000577,INV-2026-00577,2027-01-07,73000,PAID
PAY-0000578,INV-2026-00578,2026-10-20,691090,PARTIAL
PAY-0000579,INV-2026-00579,2026-11-17,476843,PARTIAL
PAY-0000580,INV-2026-00580,2026-12-12,3281000,PAID
PAY-0000581,INV-2026-00581,2026-10-01,0,PENDING
PAY-0000582,INV-2026-00582,2026-09-29,4551000,PAID
PAY-0000583,INV-2026-00583,2026-09-27,789000,PAID
PAY-0000584,INV-2026-00584,2026-08-27,453000,PAID
PAY-0000585,INV-2026-00585,2026-09-20,1018811,PARTIAL
PAY-0000586,INV-2026-00586,2026-11-06,3175000,PAID
PAY-0000587,INV-2026-00587,2026-09-01,0,PENDING
PAY-0000588,INV-2026-00588,2026-12-01,0,PENDING
PAY-0000589,INV-2026-00589,2026-11-15,3415000,PAID
PAY-0000590,INV-2026-00590,2026-08-12,859874,PARTIAL
PAY-0000591,INV-2026-00591,2026-10-30,0,OVERDUE
PAY-0000592,INV-2026-00592,2026-09-19,0,PENDING
PAY-0000593,INV-2026-00593,2026-10-21,0,PENDING
PAY-0000594,INV-2026-00594,2026-11-05,3612000,PAID
PAY-0000595,INV-2026-00595,2026-09-25,3620000,PAID
PAY-0000596,INV-2026-00596,2026-12-01,0,PENDING
PAY-0000597,INV-2026-00597,2026-10-30,1273337,PARTIAL
PAY-0000598,INV-2026-00598,2026-10-28,1625000,PAID
PAY-0000599,INV-2026-00599,2026-10-22,3077000,PAID
PAY-0000600,INV-2026-00600,2026-11-26,874508,PARTIAL
PAY-0000601,INV-2026-00601,2026-10-28,571854,PARTIAL
PAY-0000602,INV-2026-00602,2026-08-25,489000,PAID
PAY-0000603,INV-2026-00603,2026-10-05,1296000,PAID
PAY-0000604,INV-2026-00604,2027-01-06,0,PENDING
PAY-0000605,INV-2026-00605,2026-09-19,1096237,PARTIAL
PAY-0000606,INV-2026-00606,2026-08-26,1096325,PARTIAL
PAY-0000607,INV-2026-00607,2026-11-21,0,PENDING
PAY-0000608,INV-2026-00608,2026-07-13,0,PENDING
PAY-0000609,INV-2026-00609,2026-11-06,1846753,PARTIAL
PAY-0000610,INV-2026-00610,2026-09-26,0,PENDING
PAY-0000611,INV-2026-00611,2026-10-15,2288000,PAID
PAY-0000612,INV-2026-00612,2026-11-10,679664,PARTIAL
PAY-0000613,INV-2026-00613,2026-09-02,1398000,PAID
PAY-0000614,INV-2026-00614,2026-08-20,3044043,PARTIAL
PAY-0000615,INV-2026-00615,2026-10-11,3211000,PAID
PAY-0000616,INV-2026-00616,2026-09-11,499541,PARTIAL
PAY-0000617,INV-2026-00617,2026-10-03,1060000,PAID
PAY-0000618,INV-2026-00618,2026-11-16,3015000,PAID
PAY-0000619,INV-2026-00619,2026-10-01,0,PENDING
PAY-0000620,INV-2026-00620,2026-10-07,0,OVERDUE
PAY-0000621,INV-2026-00621,2026-09-07,0,PENDING
PAY-0000622,INV-2026-00622,2026-10-06,3715000,PAID
PAY-0000623,INV-2026-00623,2026-10-27,271672,PARTIAL
PAY-0000624,INV-2026-00624,2026-11-14,2039000,PAID
PAY-0000625,INV-2026-00625,2026-09-26,0,PENDING
PAY-0000626,INV-2026-00626,2026-11-06,2500921,PARTIAL
PAY-0000627,INV-2026-00627,2026-09-24,0,OVERDUE
PAY-0000628,INV-2026-00628,2026-11-10,601000,PAID
PAY-0000629,INV-2026-00629,2026-10-14,482289,PARTIAL
PAY-0000630,INV-2026-00630,2026-10-30,3216256,PARTIAL
PAY-0000631,INV-2026-00631,2026-11-21,1276966,PARTIAL
PAY-0000632,INV-2026-00632,2026-10-16,900000,PAID
PAY-0000633,INV-2026-00633,2026-08-23,4188000,PAID
PAY-0000634,INV-2026-00634,2026-09-01,1793802,PARTIAL
PAY-0000635,INV-2026-00635,2026-08-22,3552000,PAID
PAY-0000636,INV-2026-00636,2026-10-02,433886,PARTIAL
PAY-0000637,INV-2026-00637,2026-08-24,0,OVERDUE
PAY-0000638,INV-2026-00638,2026-11-16,1254000,PAID
PAY-0000639,INV-2026-00639,2027-01-01,4464000,PAID
PAY-0000640,INV-2026-00640,2026-09-27,0,PENDING
PAY-0000641,INV-2026-00641,2026-11-18,2557000,PAID
PAY-0000642,INV-2026-00642,2026-08-13,0,PENDING
PAY-0000643,INV-2026-00643,2026-10-01,2129000,PAID
PAY-0000644,INV-2026-00644,2026-12-20,3568713,PARTIAL
PAY-0000645,INV-2026-00645,2026-12-21,1132000,PAID
PAY-0000646,INV-2026-00646,2026-09-01,3824687,PARTIAL
PAY-0000647,INV-2026-00647,2026-08-02,895000,PAID
PAY-0000648,INV-2026-00648,2026-10-10,296000,PAID
PAY-0000649,INV-2026-00649,2026-10-27,2818629,PARTIAL
PAY-0000650,INV-2026-00650,2026-08-15,1787000,PAID
PAY-0000651,INV-2026-00651,2026-09-01,172000,PAID
PAY-0000652,INV-2026-00652,2026-11-14,978152,PARTIAL
PAY-0000653,INV-2026-00653,2026-12-17,294000,PAID
PAY-0000654,INV-2026-00654,2026-08-25,0,PENDING
PAY-0000655,INV-2026-00655,2026-08-03,0,PENDING
PAY-0000656,INV-2026-00656,2026-12-19,2420000,PAID
PAY-0000657,INV-2026-00657,2026-10-26,373594,PARTIAL
PAY-0000658,INV-2026-00658,2026-10-04,2038211,PARTIAL
PAY-0000659,INV-2026-00659,2026-09-17,0,OVERDUE
PAY-0000660,INV-2026-00660,2026-12-03,81494,PARTIAL
PAY-0000661,INV-2026-00661,2026-11-27,2335000,PAID
PAY-0000662,INV-2026-00662,2026-08-11,660000,PAID
PAY-0000663,INV-2026-00663,2026-10-16,0,PENDING
PAY-0000664,INV-2026-00664,2026-11-20,1067733,PARTIAL
PAY-0000665,INV-2026-00665,2026-09-19,801992,PARTIAL
PAY-0000666,INV-2026-00666,2026-10-01,0,PENDING
PAY-0000667,INV-2026-00667,2026-09-20,4332000,PAID
PAY-0000668,INV-2026-00668,2026-11-19,1644000,PAID
PAY-0000669,INV-2026-00669,2026-10-15,1203000,PAID
PAY-0000670,INV-2026-00670,2026-10-10,0,OVERDUE
PAY-0000671,INV-2026-00671,2026-11-26,4310000,PAID
PAY-0000672,INV-2026-00672,2026-10-20,4025000,PAID
PAY-0000673,INV-2026-00673,2026-08-29,0,OVERDUE
PAY-0000674,INV-2026-00674,2026-12-10,0,PENDING
PAY-0000675,INV-2026-00675,2026-07-26,723018,PARTIAL
PAY-0000676,INV-2026-00676,2026-09-03,2986000,PAID
PAY-0000677,INV-2026-00677,2026-11-06,4582000,PAID
PAY-0000678,INV-2026-00678,2026-10-26,1190000,PAID
PAY-0000679,INV-2026-00679,2026-09-21,4231000,PAID
PAY-0000680,INV-2026-00680,2026-11-22,524105,PARTIAL
PAY-0000681,INV-2026-00681,2026-10-06,1564000,PAID
PAY-0000682,INV-2026-00682,2026-08-26,4567000,PAID
PAY-0000683,INV-2026-00683,2026-11-22,0,PENDING
PAY-0000684,INV-2026-00684,2026-11-30,0,OVERDUE
PAY-0000685,INV-2026-00685,2026-07-30,3730000,PAID
PAY-0000686,INV-2026-00686,2026-08-12,1130000,PAID
PAY-0000687,INV-2026-00687,2026-10-27,421000,PAID
PAY-0000688,INV-2026-00688,2026-08-27,0,PENDING
PAY-0000689,INV-2026-00689,2026-11-02,50000,PAID
PAY-0000690,INV-2026-00690,2026-09-11,0,PENDING
PAY-0000691,INV-2026-00691,2026-09-11,0,OVERDUE
PAY-0000692,INV-2026-00692,2026-09-05,3900000,PAID
PAY-0000693,INV-2026-00693,2026-08-10,0,PENDING
PAY-0000694,INV-2026-00694,2026-09-02,1480337,PARTIAL
PAY-0000695,INV-2026-00695,2026-09-06,0,PENDING
PAY-0000696,INV-2026-00696,2026-12-07,4492000,PAID
PAY-0000697,INV-2026-00697,2026-12-06,0,OVERDUE
PAY-0000698,INV-2026-00698,2026-10-21,0,PENDING
PAY-0000699,INV-2026-00699,2026-10-15,944000,PAID
PAY-0000700,INV-2026-00700,2026-12-02,407000,PAID
PAY-0000701,INV-2026-00701,2026-08-07,4715000,PAID
PAY-0000702,INV-2026-00702,2026-10-31,0,OVERDUE
PAY-0000703,INV-2026-00703,2026-08-04,0,PENDING
PAY-0000704,INV-2026-00704,2026-11-05,4652000,PAID
PAY-0000705,INV-2026-00705,2027-01-01,0,OVERDUE
PAY-0000706,INV-2026-00706,2026-12-22,0,PENDING
PAY-0000707,INV-2026-00707,2026-10-14,0,OVERDUE
PAY-0000708,INV-2026-00708,2026-12-25,0,PENDING
PAY-0000709,INV-2026-00709,2026-08-15,1106227,PARTIAL
PAY-0000710,INV-2026-00710,2026-10-17,340000,PAID
PAY-0000711,INV-2026-00711,2026-11-18,1216518,PARTIAL
PAY-0000712,INV-2026-00712,2027-01-03,0,OVERDUE
PAY-0000713,INV-2026-00713,2026-09-30,1520383,PARTIAL
PAY-0000714,INV-2026-00714,2026-10-19,0,OVERDUE
PAY-0000715,INV-2026-00715,2026-10-05,0,OVERDUE
PAY-0000716,INV-2026-00716,2026-11-21,2109000,PAID
PAY-0000717,INV-2026-00717,2026-10-06,0,OVERDUE
PAY-0000718,INV-2026-00718,2026-09-25,0,PENDING
PAY-0000719,INV-2026-00719,2026-11-10,287707,PARTIAL
PAY-0000720,INV-2026-00720,2026-10-30,1890974,PARTIAL
PAY-0000721,INV-2026-00721,2026-08-12,0,PENDING
PAY-0000722,INV-2026-00722,2026-10-13,129000,PAID
PAY-0000723,INV-2026-00723,2026-07-12,944838,PARTIAL
PAY-0000724,INV-2026-00724,2026-09-14,275000,PAID
PAY-0000725,INV-2026-00725,2026-10-24,870000,PAID
PAY-0000726,INV-2026-00726,2026-10-05,0,OVERDUE
PAY-0000727,INV-2026-00727,2026-11-11,492000,PAID
PAY-0000728,INV-2026-00728,2026-11-19,3088000,PAID
PAY-0000729,INV-2026-00729,2026-11-13,731000,PAID
PAY-0000730,INV-2026-00730,2026-10-02,0,OVERDUE
PAY-0000731,INV-2026-00731,2026-08-01,326386,PARTIAL
PAY-0000732,INV-2026-00732,2026-08-19,132478,PARTIAL
PAY-0000733,INV-2026-00733,2026-12-31,0,PENDING
PAY-0000734,INV-2026-00734,2026-11-06,2176000,PAID
PAY-0000735,INV-2026-00735,2026-10-15,4083000,PAID
PAY-0000736,INV-2026-00736,2026-09-26,0,PENDING
PAY-0000737,INV-2026-00737,2026-10-28,3049000,PAID
PAY-0000738,INV-2026-00738,2026-08-01,588000,PAID
PAY-0000739,INV-2026-00739,2026-08-05,0,PENDING
PAY-0000740,INV-2026-00740,2026-08-30,1020000,PAID
PAY-0000741,INV-2026-00741,2026-08-21,0,PENDING
PAY-0000742,INV-2026-00742,2026-07-22,0,PENDING
PAY-0000743,INV-2026-00743,2026-09-18,818000,PAID
PAY-0000744,INV-2026-00744,2026-10-08,0,PENDING
PAY-0000745,INV-2026-00745,2026-11-25,1869597,PARTIAL
PAY-0000746,INV-2026-00746,2026-08-01,0,PENDING
PAY-0000747,INV-2026-00747,2026-06-27,4781000,PAID
PAY-0000748,INV-2026-00748,2026-07-13,4535000,PAID
PAY-0000749,INV-2026-00749,2026-09-05,3961000,PAID
PAY-0000750,INV-2026-00750,2026-10-31,3973000,PAID
PAY-0000751,INV-2026-00751,2026-11-14,1834000,PAID
PAY-0000752,INV-2026-00752,2026-11-23,3121000,PAID
PAY-0000753,INV-2026-00753,2026-09-01,0,OVERDUE
PAY-0000754,INV-2026-00754,2026-10-14,1366000,PAID
PAY-0000755,INV-2026-00755,2026-10-18,0,OVERDUE
PAY-0000756,INV-2026-00756,2026-08-03,1554000,PAID
PAY-0000757,INV-2026-00757,2026-08-12,4818000,PAID
PAY-0000758,INV-2026-00758,2026-09-09,0,PENDING
PAY-0000759,INV-2026-00759,2026-06-25,0,OVERDUE
PAY-0000760,INV-2026-00760,2026-10-20,3505000,PAID
PAY-0000761,INV-2026-00761,2026-11-29,0,PENDING
PAY-0000762,INV-2026-00762,2026-11-15,0,PENDING
PAY-0000763,INV-2026-00763,2026-10-30,0,OVERDUE
PAY-0000764,INV-2026-00764,2027-01-08,1535517,PARTIAL
PAY-0000765,INV-2026-00765,2026-12-23,4608000,PAID
PAY-0000766,INV-2026-00766,2026-10-08,0,PENDING
PAY-0000767,INV-2026-00767,2026-12-01,0,PENDING
PAY-0000768,INV-2026-00768,2026-10-02,0,OVERDUE
PAY-0000769,INV-2026-00769,2026-10-22,2947000,PAID
PAY-0000770,INV-2026-00770,2026-10-22,77279,PARTIAL
PAY-0000771,INV-2026-00771,2026-10-31,2870000,PAID
PAY-0000772,INV-2026-00772,2026-09-05,26145,PARTIAL
PAY-0000773,INV-2026-00773,2026-10-07,860000,PAID
PAY-0000774,INV-2026-00774,2026-11-01,0,PENDING
PAY-0000775,INV-2026-00775,2026-12-02,0,OVERDUE
PAY-0000776,INV-2026-00776,2026-11-05,968000,PAID
PAY-0000777,INV-2026-00777,2026-09-08,3326283,PARTIAL
PAY-0000778,INV-2026-00778,2026-12-19,0,PENDING
PAY-0000779,INV-2026-00779,2026-09-22,821000,PAID
PAY-0000780,INV-2026-00780,2026-11-12,2832000,PAID
PAY-0000781,INV-2026-00781,2026-11-29,4996000,PAID
PAY-0000782,INV-2026-00782,2026-12-16,0,PENDING
PAY-0000783,INV-2026-00783,2026-10-20,0,OVERDUE
PAY-0000784,INV-2026-00784,2026-12-21,627821,PARTIAL
PAY-0000785,INV-2026-00785,2026-09-18,2472673,PARTIAL
PAY-0000786,INV-2026-00786,2026-08-09,762381,PARTIAL
PAY-0000787,INV-2026-00787,2026-10-01,2333000,PAID
PAY-0000788,INV-2026-00788,2026-10-17,4349000,PAID
PAY-0000789,INV-2026-00789,2026-11-07,0,OVERDUE
PAY-0000790,INV-2026-00790,2026-08-19,0,OVERDUE
PAY-0000791,INV-2026-00791,2026-08-09,496534,PARTIAL
PAY-0000792,INV-2026-00792,2026-11-25,1708787,PARTIAL
PAY-0000793,INV-2026-00793,2026-07-12,0,PENDING
PAY-0000794,INV-2026-00794,2026-10-24,102387,PARTIAL
PAY-0000795,INV-2026-00795,2026-09-04,152858,PARTIAL
PAY-0000796,INV-2026-00796,2026-09-20,2965000,PAID
PAY-0000797,INV-2026-00797,2026-11-06,0,PENDING
PAY-0000798,INV-2026-00798,2026-10-26,3455000,PAID
PAY-0000799,INV-2026-00799,2026-11-20,196180,PARTIAL
PAY-0000800,INV-2026-00800,2026-08-18,0,OVERDUE
PAY-0000801,INV-2026-00801,2026-11-11,4483000,PAID
PAY-0000802,INV-2026-00802,2026-09-01,0,PENDING
PAY-0000803,INV-2026-00803,2026-09-12,3488000,PAID
PAY-0000804,INV-2026-00804,2026-11-22,0,OVERDUE
PAY-0000805,INV-2026-00805,2026-09-20,1190210,PARTIAL
PAY-0000806,INV-2026-00806,2026-09-15,1303000,PAID
PAY-0000807,INV-2026-00807,2026-10-01,0,PENDING
PAY-0000808,INV-2026-00808,2026-09-15,2114582,PARTIAL
PAY-0000809,INV-2026-00809,2026-11-12,1594000,PAID
PAY-0000810,INV-2026-00810,2026-11-23,2526000,PAID
PAY-0000811,INV-2026-00811,2026-09-27,1433000,PAID
PAY-0000812,INV-2026-00812,2026-08-12,1253000,PAID
PAY-0000813,INV-2026-00813,2027-01-11,1549689,PARTIAL
PAY-0000814,INV-2026-00814,2026-11-30,4266000,PAID
PAY-0000815,INV-2026-00815,2026-11-10,0,OVERDUE
PAY-0000816,INV-2026-00816,2026-11-18,0,PENDING
PAY-0000817,INV-2026-00817,2026-11-25,743000,PAID
PAY-0000818,INV-2026-00818,2026-12-08,567397,PARTIAL
PAY-0000819,INV-2026-00819,2026-09-29,2357000,PAID
PAY-0000820,INV-2026-00820,2026-08-17,4405000,PAID
PAY-0000821,INV-2026-00821,2026-11-18,0,PENDING
PAY-0000822,INV-2026-00822,2027-01-22,3046000,PAID
PAY-0000823,INV-2026-00823,2026-11-16,2237000,PAID
PAY-0000824,INV-2026-00824,2026-11-14,4667000,PAID
PAY-0000825,INV-2026-00825,2026-11-26,1394051,PARTIAL
PAY-0000826,INV-2026-00826,2026-08-24,2798000,PAID
PAY-0000827,INV-2026-00827,2026-11-15,3918000,PAID
PAY-0000828,INV-2026-00828,2026-12-03,4921000,PAID
PAY-0000829,INV-2026-00829,2026-08-13,2346000,PAID
PAY-0000830,INV-2026-00830,2026-09-22,0,OVERDUE
PAY-0000831,INV-2026-00831,2026-08-27,0,PENDING
PAY-0000832,INV-2026-00832,2026-09-29,3319000,PAID
PAY-0000833,INV-2026-00833,2026-10-12,0,PENDING
PAY-0000834,INV-2026-00834,2026-09-11,1278230,PARTIAL
PAY-0000835,INV-2026-00835,2026-11-10,0,PENDING
PAY-0000836,INV-2026-00836,2026-08-01,2392000,PAID
PAY-0000837,INV-2026-00837,2026-11-29,0,OVERDUE
PAY-0000838,INV-2026-00838,2026-11-15,0,PENDING
PAY-0000839,INV-2026-00839,2026-11-27,0,OVERDUE
PAY-0000840,INV-2026-00840,2026-08-03,0,PENDING
PAY-0000841,INV-2026-00841,2026-11-15,0,PENDING
PAY-0000842,INV-2026-00842,2026-11-06,700000,PAID
PAY-0000843,INV-2026-00843,2026-08-26,1331000,PAID
PAY-0000844,INV-2026-00844,2026-10-26,1493000,PAID
PAY-0000845,INV-2026-00845,2026-07-26,1536883,PARTIAL
PAY-0000846,INV-2026-00846,2026-11-14,0,PENDING
PAY-0000847,INV-2026-00847,2026-11-22,2847000,PAID
PAY-0000848,INV-2026-00848,2026-11-19,1131000,PAID
PAY-0000849,INV-2026-00849,2026-09-27,1592000,PAID
PAY-0000850,INV-2026-00850,2026-09-19,557000,PAID
PAY-0000851,INV-2026-00851,2027-01-05,1299000,PAID
PAY-0000852,INV-2026-00852,2026-09-22,3060000,PAID
PAY-0000853,INV-2026-00853,2026-12-02,1123114,PARTIAL
PAY-0000854,INV-2026-00854,2026-10-06,0,PENDING
PAY-0000855,INV-2026-00855,2026-11-21,0,PENDING
PAY-0000856,INV-2026-00856,2026-10-29,482186,PARTIAL
PAY-0000857,INV-2026-00857,2026-09-19,0,OVERDUE
PAY-0000858,INV-2026-00858,2026-11-25,0,PENDING
PAY-0000859,INV-2026-00859,2026-08-15,0,OVERDUE
PAY-0000860,INV-2026-00860,2026-11-04,0,PENDING
PAY-0000861,INV-2026-00861,2026-10-31,0,PENDING
PAY-0000862,INV-2026-00862,2026-09-08,2309648,PARTIAL
PAY-0000863,INV-2026-00863,2026-10-01,0,PENDING
PAY-0000864,INV-2026-00864,2026-11-19,0,PENDING
PAY-0000865,INV-2026-00865,2026-09-11,0,PENDING
PAY-0000866,INV-2026-00866,2026-10-30,0,OVERDUE
PAY-0000867,INV-2026-00867,2026-10-19,0,OVERDUE
PAY-0000868,INV-2026-00868,2026-09-19,824404,PARTIAL
PAY-0000869,INV-2026-00869,2026-08-20,1327000,PAID
PAY-0000870,INV-2026-00870,2026-08-10,4585000,PAID
PAY-0000871,INV-2026-00871,2026-12-01,4088000,PAID
PAY-0000872,INV-2026-00872,2027-01-07,2165000,PAID
PAY-0000873,INV-2026-00873,2026-09-01,0,PENDING
PAY-0000874,INV-2026-00874,2026-08-28,0,PENDING
PAY-0000875,INV-2026-00875,2026-09-18,0,PENDING
PAY-0000876,INV-2026-00876,2026-09-02,4687000,PAID
PAY-0000877,INV-2026-00877,2026-09-09,0,PENDING
PAY-0000878,INV-2026-00878,2026-09-15,0,OVERDUE
PAY-0000879,INV-2026-00879,2026-12-04,1830398,PARTIAL
PAY-0000880,INV-2026-00880,2026-09-30,0,PENDING
PAY-0000881,INV-2026-00881,2026-09-12,0,PENDING
PAY-0000882,INV-2026-00882,2026-08-06,0,PENDING
PAY-0000883,INV-2026-00883,2026-11-14,0,PENDING
PAY-0000884,INV-2026-00884,2026-10-08,3337000,PAID
PAY-0000885,INV-2026-00885,2026-11-24,780715,PARTIAL
PAY-0000886,INV-2026-00886,2026-12-04,0,OVERDUE
PAY-0000887,INV-2026-00887,2026-08-17,2658000,PAID
PAY-0000888,INV-2026-00888,2026-09-27,601000,PAID
PAY-0000889,INV-2026-00889,2026-11-23,0,OVERDUE
PAY-0000890,INV-2026-00890,2026-11-19,0,OVERDUE
PAY-0000891,INV-2026-00891,2026-11-24,1782000,PAID
PAY-0000892,INV-2026-00892,2026-10-14,0,OVERDUE
PAY-0000893,INV-2026-00893,2026-08-12,198000,PAID
PAY-0000894,INV-2026-00894,2026-12-27,632000,PAID
PAY-0000895,INV-2026-00895,2026-10-03,555175,PARTIAL
PAY-0000896,INV-2026-00896,2026-12-31,3572000,PAID
PAY-0000897,INV-2026-00897,2026-08-14,3768000,PAID
PAY-0000898,INV-2026-00898,2026-10-23,0,PENDING
PAY-0000899,INV-2026-00899,2026-10-23,4981000,PAID
PAY-0000900,INV-2026-00900,2026-09-29,210811,PARTIAL
PAY-0000901,INV-2026-00901,2026-11-10,1049880,PARTIAL
PAY-0000902,INV-2026-00902,2026-11-03,0,PENDING
PAY-0000903,INV-2026-00903,2026-07-19,2579000,PAID
PAY-0000904,INV-2026-00904,2026-09-05,1496184,PARTIAL
PAY-0000905,INV-2026-00905,2026-11-22,3489031,PARTIAL
PAY-0000906,INV-2026-00906,2026-08-01,424000,PAID
PAY-0000907,INV-2026-00907,2026-11-25,0,PENDING
PAY-0000908,INV-2026-00908,2026-11-26,4662000,PAID
PAY-0000909,INV-2026-00909,2026-07-11,459000,PAID
PAY-0000910,INV-2026-00910,2026-11-02,2558000,PAID
PAY-0000911,INV-2026-00911,2026-11-09,3718000,PAID
PAY-0000912,INV-2026-00912,2026-09-17,1699000,PAID
PAY-0000913,INV-2026-00913,2026-07-30,2758000,PAID
PAY-0000914,INV-2026-00914,2026-09-17,622456,PARTIAL
PAY-0000915,INV-2026-00915,2026-12-21,2281000,PAID
PAY-0000916,INV-2026-00916,2026-07-25,0,PENDING
PAY-0000917,INV-2026-00917,2026-10-31,1175000,PAID
PAY-0000918,INV-2026-00918,2026-11-09,2417570,PARTIAL
PAY-0000919,INV-2026-00919,2026-08-15,2915000,PAID
PAY-0000920,INV-2026-00920,2026-09-22,1740000,PAID
PAY-0000921,INV-2026-00921,2026-12-02,2425000,PAID
PAY-0000922,INV-2026-00922,2026-10-31,2357000,PAID
PAY-0000923,INV-2026-00923,2026-12-15,695593,PARTIAL
PAY-0000924,INV-2026-00924,2026-10-30,0,OVERDUE
PAY-0000925,INV-2026-00925,2026-10-23,675112,PARTIAL
PAY-0000926,INV-2026-00926,2026-10-21,743521,PARTIAL
PAY-0000927,INV-2026-00927,2027-01-16,782103,PARTIAL
PAY-0000928,INV-2026-00928,2026-09-02,4648000,PAID
PAY-0000929,INV-2026-00929,2026-10-11,4150000,PAID
PAY-0000930,INV-2026-00930,2026-10-08,1840000,PAID
PAY-0000931,INV-2026-00931,2027-01-25,0,PENDING
PAY-0000932,INV-2026-00932,2026-12-17,0,OVERDUE
PAY-0000933,INV-2026-00933,2026-11-21,0,PENDING
PAY-0000934,INV-2026-00934,2026-10-07,0,PENDING
PAY-0000935,INV-2026-00935,2026-08-12,0,PENDING
PAY-0000936,INV-2026-00936,2026-11-08,2064351,PARTIAL
PAY-0000937,INV-2026-00937,2026-09-25,1880000,PAID
PAY-0000938,INV-2026-00938,2026-08-22,2964000,PAID
PAY-0000939,INV-2026-00939,2026-10-11,3830000,PAID
PAY-0000940,INV-2026-00940,2026-10-02,4923000,PAID
PAY-0000941,INV-2026-00941,2026-09-07,994717,PARTIAL
PAY-0000942,INV-2026-00942,2026-10-23,0,OVERDUE
PAY-0000943,INV-2026-00943,2026-09-26,1943162,PARTIAL
PAY-0000944,INV-2026-00944,2026-07-26,1862000,PAID
PAY-0000945,INV-2026-00945,2026-11-06,0,PENDING
PAY-0000946,INV-2026-00946,2026-09-08,0,OVERDUE
PAY-0000947,INV-2026-00947,2026-08-19,3797000,PAID
PAY-0000948,INV-2026-00948,2026-08-21,932000,PAID
PAY-0000949,INV-2026-00949,2026-11-25,4796000,PAID
PAY-0000950,INV-2026-00950,2026-09-29,0,PENDING
PAY-0000951,INV-2026-00951,2026-11-29,4711000,PAID
PAY-0000952,INV-2026-00952,2026-08-01,308712,PARTIAL
PAY-0000953,INV-2026-00953,2026-11-14,3639000,PAID
PAY-0000954,INV-2026-00954,2026-08-19,357000,PAID
PAY-0000955,INV-2026-00955,2026-11-10,1920000,PAID
PAY-0000956,INV-2026-00956,2026-11-15,4630000,PAID
PAY-0000957,INV-2026-00957,2026-12-10,3723000,PAID
PAY-0000958,INV-2026-00958,2026-09-03,1356000,PAID
PAY-0000959,INV-2026-00959,2026-08-19,1965000,PAID
PAY-0000960,INV-2026-00960,2026-08-11,2802522,PARTIAL
PAY-0000961,INV-2026-00961,2026-08-27,1847000,PAID
PAY-0000962,INV-2026-00962,2026-12-10,0,OVERDUE
PAY-0000963,INV-2026-00963,2026-12-07,0,PENDING
PAY-0000964,INV-2026-00964,2026-11-26,2895000,PAID
PAY-0000965,INV-2026-00965,2026-10-26,2327000,PAID
PAY-0000966,INV-2026-00966,2026-12-19,0,PENDING
PAY-0000967,INV-2026-00967,2026-12-17,0,PENDING
PAY-0000968,INV-2026-00968,2026-11-26,2268000,PAID
PAY-0000969,INV-2026-00969,2026-08-09,3805000,PAID
PAY-0000970,INV-2026-00970,2026-11-17,0,PENDING
PAY-0000971,INV-2026-00971,2026-11-04,0,PENDING
PAY-0000972,INV-2026-00972,2026-09-29,1107217,PARTIAL
PAY-0000973,INV-2026-00973,2026-08-31,0,PENDING
PAY-0000974,INV-2026-00974,2026-11-18,0,PENDING
PAY-0000975,INV-2026-00975,2026-09-30,4486000,PAID
PAY-0000976,INV-2026-00976,2026-09-13,1265000,PAID
PAY-0000977,INV-2026-00977,2026-12-18,0,OVERDUE
PAY-0000978,INV-2026-00978,2026-10-21,0,OVERDUE
PAY-0000979,INV-2026-00979,2026-09-10,932023,PARTIAL
PAY-0000980,INV-2026-00980,2026-10-30,675000,PAID
PAY-0000981,INV-2026-00981,2026-09-15,0,OVERDUE
PAY-0000982,INV-2026-00982,2026-11-19,2889000,PAID
PAY-0000983,INV-2026-00983,2026-08-29,0,PENDING
PAY-0000984,INV-2026-00984,2026-11-01,345000,PAID
PAY-0000985,INV-2026-00985,2026-11-12,4864000,PAID
PAY-0000986,INV-2026-00986,2026-11-11,2657000,PAID
PAY-0000987,INV-2026-00987,2026-12-21,0,OVERDUE
PAY-0000988,INV-2026-00988,2026-12-10,1854000,PAID
PAY-0000989,INV-2026-00989,2026-09-10,2419000,PAID
PAY-0000990,INV-2026-00990,2026-11-01,2067029,PARTIAL
PAY-0000991,INV-2026-00991,2026-11-28,0,PENDING
PAY-0000992,INV-2026-00992,2026-12-10,0,PENDING
PAY-0000993,INV-2026-00993,2026-10-31,3677000,PAID
PAY-0000994,INV-2026-00994,2026-10-30,4138000,PAID
PAY-0000995,INV-2026-00995,2026-08-04,0,PENDING
PAY-0000996,INV-2026-00996,2026-10-30,4207000,PAID
PAY-0000997,INV-2026-00997,2026-11-06,0,OVERDUE
PAY-0000998,INV-2026-00998,2026-11-29,1032146,PARTIAL
PAY-0000999,INV-2026-00999,2026-12-14,4946000,PAID
PAY-0001000,INV-2026-01000,2027-01-15,2620867,PARTIAL
PAY-0001001,INV-2026-01001,2026-12-25,1360000,PAID
PAY-0001002,INV-2026-01002,2027-01-21,709000,PAID
PAY-0001003,INV-2026-01003,2026-08-17,1146000,PAID
PAY-0001004,INV-2026-01004,2026-11-21,973090,PARTIAL
PAY-0001005,INV-2026-01005,2026-08-31,3412000,PAID
PAY-0001006,INV-2026-01006,2026-09-03,4814000,PAID
PAY-0001007,INV-2026-01007,2026-12-12,1312000,PAID
PAY-0001008,INV-2026-01008,2026-09-19,0,OVERDUE
PAY-0001009,INV-2026-01009,2026-10-01,2173000,PAID
PAY-0001010,INV-2026-01010,2026-08-16,845000,PAID
PAY-0001011,INV-2026-01011,2026-10-27,1814201,PARTIAL
PAY-0001012,INV-2026-01012,2026-11-04,0,OVERDUE
PAY-0001013,INV-2026-01013,2026-08-11,0,OVERDUE
PAY-0001014,INV-2026-01014,2026-09-25,2475000,PAID
PAY-0001015,INV-2026-01015,2026-10-31,1266955,PARTIAL
PAY-0001016,INV-2026-01016,2026-07-27,119000,PAID
PAY-0001017,INV-2026-01017,2026-09-12,0,PENDING
PAY-0001018,INV-2026-01018,2026-10-13,57000,PAID
PAY-0001019,INV-2026-01019,2026-10-19,4128000,PAID
PAY-0001020,INV-2026-01020,2026-12-15,3226000,PAID
PAY-0001021,INV-2026-01021,2026-12-22,0,PENDING
PAY-0001022,INV-2026-01022,2026-08-16,0,PENDING
PAY-0001023,INV-2026-01023,2026-08-24,837296,PARTIAL
PAY-0001024,INV-2026-01024,2026-08-02,573000,PAID
PAY-0001025,INV-2026-01025,2026-11-19,1827000,PAID
PAY-0001026,INV-2026-01026,2026-10-20,4236000,PAID
PAY-0001027,INV-2026-01027,2026-10-21,1513759,PARTIAL
PAY-0001028,INV-2026-01028,2026-09-12,2324000,PAID
PAY-0001029,INV-2026-01029,2026-08-09,1681000,PAID
PAY-0001030,INV-2026-01030,2026-09-04,0,PENDING
PAY-0001031,INV-2026-01031,2026-07-22,0,PENDING
PAY-0001032,INV-2026-01032,2026-09-07,0,PENDING
PAY-0001033,INV-2026-01033,2026-09-10,0,PENDING
PAY-0001034,INV-2026-01034,2026-09-17,1520000,PAID
PAY-0001035,INV-2026-01035,2026-12-17,0,PENDING
PAY-0001036,INV-2026-01036,2026-10-23,3473000,PAID
PAY-0001037,INV-2026-01037,2026-09-10,0,PENDING
PAY-0001038,INV-2026-01038,2026-12-27,1072061,PARTIAL
PAY-0001039,INV-2026-01039,2026-08-21,0,OVERDUE
PAY-0001040,INV-2026-01040,2026-10-07,0,PENDING
PAY-0001041,INV-2026-01041,2026-10-03,0,OVERDUE
PAY-0001042,INV-2026-01042,2026-12-14,0,OVERDUE
PAY-0001043,INV-2026-01043,2026-09-21,2080000,PAID
PAY-0001044,INV-2026-01044,2026-09-13,659000,PAID
PAY-0001045,INV-2026-01045,2026-12-03,1052841,PARTIAL
PAY-0001046,INV-2026-01046,2026-12-12,4478000,PAID
PAY-0001047,INV-2026-01047,2026-09-22,4965000,PAID
PAY-0001048,INV-2026-01048,2026-11-02,0,PENDING
PAY-0001049,INV-2026-01049,2026-10-15,0,OVERDUE
PAY-0001050,INV-2026-01050,2026-10-04,0,PENDING
PAY-0001051,INV-2026-01051,2026-10-29,2076000,PAID
PAY-0001052,INV-2026-01052,2026-09-17,3692000,PAID
PAY-0001053,INV-2026-01053,2026-12-08,2936000,PAID
PAY-0001054,INV-2026-01054,2026-11-12,4482000,PAID
PAY-0001055,INV-2026-01055,2026-11-16,55043,PARTIAL
PAY-0001056,INV-2026-01056,2026-12-12,3320000,PAID
PAY-0001057,INV-2026-01057,2026-09-03,0,PENDING
PAY-0001058,INV-2026-01058,2026-10-19,0,PENDING
PAY-0001059,INV-2026-01059,2026-12-10,2285000,PAID
PAY-0001060,INV-2026-01060,2026-11-07,2380123,PARTIAL
PAY-0001061,INV-2026-01061,2026-10-11,0,PENDING
PAY-0001062,INV-2026-01062,2026-09-15,0,OVERDUE
PAY-0001063,INV-2026-01063,2026-09-27,3296000,PAID
PAY-0001064,INV-2026-01064,2026-11-04,4926000,PAID
PAY-0001065,INV-2026-01065,2026-10-26,0,PENDING
PAY-0001066,INV-2026-01066,2026-09-20,0,OVERDUE
PAY-0001067,INV-2026-01067,2026-12-13,517927,PARTIAL
PAY-0001068,INV-2026-01068,2026-10-24,0,OVERDUE
PAY-0001069,INV-2026-01069,2026-08-31,0,OVERDUE
PAY-0001070,INV-2026-01070,2026-11-24,0,OVERDUE
PAY-0001071,INV-2026-01071,2026-10-29,1018000,PAID
PAY-0001072,INV-2026-01072,2026-09-20,0,PENDING
PAY-0001073,INV-2026-01073,2026-08-18,0,OVERDUE
PAY-0001074,INV-2026-01074,2026-10-02,2987000,PAID
PAY-0001075,INV-2026-01075,2026-10-17,4470000,PAID
PAY-0001076,INV-2026-01076,2026-11-07,0,OVERDUE
PAY-0001077,INV-2026-01077,2026-12-01,4924000,PAID
PAY-0001078,INV-2026-01078,2026-09-13,0,OVERDUE
PAY-0001079,INV-2026-01079,2026-12-23,3712000,PAID
PAY-0001080,INV-2026-01080,2026-11-20,426000,PAID
PAY-0001081,INV-2026-01081,2026-08-08,0,OVERDUE
PAY-0001082,INV-2026-01082,2026-09-30,0,PENDING
PAY-0001083,INV-2026-01083,2026-09-21,4681000,PAID
PAY-0001084,INV-2026-01084,2026-10-16,0,OVERDUE
PAY-0001085,INV-2026-01085,2026-11-30,1592554,PARTIAL
PAY-0001086,INV-2026-01086,2026-09-18,1377000,PAID
PAY-0001087,INV-2026-01087,2026-10-17,0,PENDING
PAY-0001088,INV-2026-01088,2026-11-22,0,PENDING
PAY-0001089,INV-2026-01089,2026-10-21,3519695,PARTIAL
PAY-0001090,INV-2026-01090,2026-11-29,2859000,PAID
PAY-0001091,INV-2026-01091,2026-09-25,0,OVERDUE
PAY-0001092,INV-2026-01092,2026-12-26,2700000,PAID
PAY-0001093,INV-2026-01093,2026-08-24,3963000,PAID
PAY-0001094,INV-2026-01094,2026-07-14,1531000,PAID
PAY-0001095,INV-2026-01095,2026-08-18,2465000,PAID
PAY-0001096,INV-2026-01096,2026-10-09,0,OVERDUE
PAY-0001097,INV-2026-01097,2026-12-06,1875000,PAID
PAY-0001098,INV-2026-01098,2026-10-19,1948000,PAID
PAY-0001099,INV-2026-01099,2026-08-24,720000,PAID
PAY-0001100,INV-2026-01100,2026-09-05,603920,PARTIAL
PAY-0001101,INV-2026-01101,2026-10-29,1096000,PAID
PAY-0001102,INV-2026-01102,2026-09-17,0,PENDING
PAY-0001103,INV-2026-01103,2026-12-13,1549102,PARTIAL
PAY-0001104,INV-2026-01104,2026-11-21,2068000,PAID
PAY-0001105,INV-2026-01105,2026-10-05,2681000,PAID
PAY-0001106,INV-2026-01106,2026-09-16,1397665,PARTIAL
PAY-0001107,INV-2026-01107,2026-09-25,880000,PAID
PAY-0001108,INV-2026-01108,2026-09-01,738000,PAID
PAY-0001109,INV-2026-01109,2026-10-08,4384000,PAID
PAY-0001110,INV-2026-01110,2026-11-22,2166000,PAID
PAY-0001111,INV-2026-01111,2026-10-07,3049000,PAID
PAY-0001112,INV-2026-01112,2026-11-27,3641000,PAID
PAY-0001113,INV-2026-01113,2026-09-27,3049662,PARTIAL
PAY-0001114,INV-2026-01114,2026-09-07,1351950,PARTIAL
PAY-0001115,INV-2026-01115,2026-07-13,0,OVERDUE
PAY-0001116,INV-2026-01116,2026-07-11,0,PENDING
PAY-0001117,INV-2026-01117,2026-11-27,0,OVERDUE
PAY-0001118,INV-2026-01118,2026-10-27,0,PENDING
PAY-0001119,INV-2026-01119,2026-11-24,0,OVERDUE
PAY-0001120,INV-2026-01120,2026-09-17,4595000,PAID
PAY-0001121,INV-2026-01121,2026-09-23,876852,PARTIAL
PAY-0001122,INV-2026-01122,2026-12-17,0,PENDING
PAY-0001123,INV-2026-01123,2026-08-21,4243000,PAID
PAY-0001124,INV-2026-01124,2026-11-04,0,PENDING
PAY-0001125,INV-2026-01125,2026-10-15,1995647,PARTIAL
PAY-0001126,INV-2026-01126,2026-12-03,3153000,PAID
PAY-0001127,INV-2026-01127,2026-10-08,584000,PAID
PAY-0001128,INV-2026-01128,2026-10-06,4765000,PAID
PAY-0001129,INV-2026-01129,2026-07-28,0,PENDING
PAY-0001130,INV-2026-01130,2026-10-16,0,OVERDUE
PAY-0001131,INV-2026-01131,2026-11-19,0,PENDING
PAY-0001132,INV-2026-01132,2026-08-23,1391000,PAID
PAY-0001133,INV-2026-01133,2026-09-23,4326000,PAID
PAY-0001134,INV-2026-01134,2026-11-28,0,OVERDUE
PAY-0001135,INV-2026-01135,2026-11-04,1916791,PARTIAL
PAY-0001136,INV-2026-01136,2026-12-26,1147419,PARTIAL
PAY-0001137,INV-2026-01137,2026-11-16,2271423,PARTIAL
PAY-0001138,INV-2026-01138,2026-07-20,4902000,PAID
PAY-0001139,INV-2026-01139,2026-09-18,2968924,PARTIAL
PAY-0001140,INV-2026-01140,2026-10-14,4477000,PAID
PAY-0001141,INV-2026-01141,2026-12-01,0,PENDING
PAY-0001142,INV-2026-01142,2026-11-23,2228000,PAID
PAY-0001143,INV-2026-01143,2026-12-10,629380,PARTIAL
PAY-0001144,INV-2026-01144,2026-09-13,0,OVERDUE
PAY-0001145,INV-2026-01145,2026-11-24,0,PENDING
PAY-0001146,INV-2026-01146,2026-11-16,4077000,PAID
PAY-0001147,INV-2026-01147,2026-10-13,0,OVERDUE
PAY-0001148,INV-2026-01148,2026-08-24,964886,PARTIAL
PAY-0001149,INV-2026-01149,2027-01-12,1326567,PARTIAL
PAY-0001150,INV-2026-01150,2026-09-19,3111000,PAID
PAY-0001151,INV-2026-01151,2026-12-12,0,PENDING
PAY-0001152,INV-2026-01152,2026-08-12,2658000,PAID
PAY-0001153,INV-2026-01153,2026-09-01,700551,PARTIAL
PAY-0001154,INV-2026-01154,2026-12-12,2086000,PAID
PAY-0001155,INV-2026-01155,2026-10-15,0,OVERDUE
PAY-0001156,INV-2026-01156,2026-07-04,3544000,PAID
PAY-0001157,INV-2026-01157,2026-11-04,0,PENDING
PAY-0001158,INV-2026-01158,2026-08-30,399000,PAID
PAY-0001159,INV-2026-01159,2026-10-31,3826000,PAID
PAY-0001160,INV-2026-01160,2026-10-15,4399000,PAID
PAY-0001161,INV-2026-01161,2026-08-09,982861,PARTIAL
PAY-0001162,INV-2026-01162,2026-10-15,4961000,PAID
PAY-0001163,INV-2026-01163,2026-11-08,0,PENDING
PAY-0001164,INV-2026-01164,2026-09-01,0,PENDING
PAY-0001165,INV-2026-01165,2026-08-05,0,OVERDUE
PAY-0001166,INV-2026-01166,2026-11-10,0,PENDING
PAY-0001167,INV-2026-01167,2026-09-06,423163,PARTIAL
PAY-0001168,INV-2026-01168,2026-11-15,262196,PARTIAL
PAY-0001169,INV-2026-01169,2026-09-15,3912000,PAID
PAY-0001170,INV-2026-01170,2026-11-08,4512000,PAID
PAY-0001171,INV-2026-01171,2026-09-29,35822,PARTIAL
PAY-0001172,INV-2026-01172,2026-12-08,0,OVERDUE
PAY-0001173,INV-2026-01173,2026-07-26,1797327,PARTIAL
PAY-0001174,INV-2026-01174,2026-10-07,1960041,PARTIAL
PAY-0001175,INV-2026-01175,2026-10-21,0,OVERDUE
PAY-0001176,INV-2026-01176,2026-08-25,94772,PARTIAL
PAY-0001177,INV-2026-01177,2026-10-26,0,OVERDUE
PAY-0001178,INV-2026-01178,2026-12-01,4220000,PAID
PAY-0001179,INV-2026-01179,2026-09-25,0,OVERDUE
PAY-0001180,INV-2026-01180,2026-08-29,4899000,PAID
PAY-0001181,INV-2026-01181,2026-11-01,0,OVERDUE
PAY-0001182,INV-2026-01182,2026-10-30,79000,PAID
PAY-0001183,INV-2026-01183,2026-12-20,2329000,PAID
PAY-0001184,INV-2026-01184,2026-09-13,744852,PARTIAL
PAY-0001185,INV-2026-01185,2026-10-16,3766000,PAID
PAY-0001186,INV-2026-01186,2026-10-02,0,PENDING
PAY-0001187,INV-2026-01187,2026-10-17,1031000,PAID
PAY-0001188,INV-2026-01188,2026-09-29,2269000,PAID
PAY-0001189,INV-2026-01189,2026-09-08,2302340,PARTIAL
PAY-0001190,INV-2026-01190,2026-11-08,3021994,PARTIAL
PAY-0001191,INV-2026-01191,2026-09-28,0,OVERDUE
PAY-0001192,INV-2026-01192,2026-09-06,2106000,PAID
PAY-0001193,INV-2026-01193,2026-11-24,0,OVERDUE
PAY-0001194,INV-2026-01194,2026-08-15,3483000,PAID
PAY-0001195,INV-2026-01195,2026-08-29,2906000,PAID
PAY-0001196,INV-2026-01196,2026-11-04,394869,PARTIAL
PAY-0001197,INV-2026-01197,2026-11-07,2967000,PAID
PAY-0001198,INV-2026-01198,2026-07-28,0,PENDING
PAY-0001199,INV-2026-01199,2026-12-18,0,OVERDUE
PAY-0001200,INV-2026-01200,2026-09-26,0,PENDING
PAY-0001201,INV-2026-01201,2026-12-24,0,PENDING
PAY-0001202,INV-2026-01202,2026-08-31,1233000,PAID
PAY-0001203,INV-2026-01203,2026-09-05,3204445,PARTIAL
PAY-0001204,INV-2026-01204,2026-10-15,4754000,PAID
PAY-0001205,INV-2026-01205,2026-12-12,1657724,PARTIAL
PAY-0001206,INV-2026-01206,2026-09-22,0,PENDING
PAY-0001207,INV-2026-01207,2026-11-24,2044592,PARTIAL
PAY-0001208,INV-2026-01208,2026-09-09,1737801,PARTIAL
PAY-0001209,INV-2026-01209,2026-08-31,3940000,PAID
PAY-0001210,INV-2026-01210,2026-07-28,476279,PARTIAL
PAY-0001211,INV-2026-01211,2026-11-04,0,OVERDUE
PAY-0001212,INV-2026-01212,2026-10-07,0,PENDING
PAY-0001213,INV-2026-01213,2026-07-06,2037431,PARTIAL
PAY-0001214,INV-2026-01214,2026-07-09,2614000,PAID
PAY-0001215,INV-2026-01215,2026-11-18,0,PENDING
PAY-0001216,INV-2026-01216,2026-08-23,3830000,PAID
PAY-0001217,INV-2026-01217,2026-08-24,3748000,PAID
PAY-0001218,INV-2026-01218,2026-10-15,1970209,PARTIAL
PAY-0001219,INV-2026-01219,2026-11-24,669000,PAID
PAY-0001220,INV-2026-01220,2026-11-30,254000,PAID
PAY-0001221,INV-2026-01221,2026-11-14,0,PENDING
PAY-0001222,INV-2026-01222,2026-11-01,2188456,PARTIAL
PAY-0001223,INV-2026-01223,2026-10-31,2559000,PAID
PAY-0001224,INV-2026-01224,2026-09-26,2520000,PAID
PAY-0001225,INV-2026-01225,2026-08-03,0,OVERDUE
PAY-0001226,INV-2026-01226,2026-07-25,4864000,PAID
PAY-0001227,INV-2026-01227,2026-10-29,189000,PAID
PAY-0001228,INV-2026-01228,2026-11-14,0,PENDING
PAY-0001229,INV-2026-01229,2026-09-19,537886,PARTIAL
PAY-0001230,INV-2026-01230,2026-10-22,0,OVERDUE
PAY-0001231,INV-2026-01231,2026-09-27,0,PENDING
PAY-0001232,INV-2026-01232,2026-12-08,2875000,PAID
PAY-0001233,INV-2026-01233,2026-08-06,3181000,PAID
PAY-0001234,INV-2026-01234,2026-09-16,0,OVERDUE
PAY-0001235,INV-2026-01235,2026-10-26,0,OVERDUE
PAY-0001236,INV-2026-01236,2026-09-23,1119826,PARTIAL
PAY-0001237,INV-2026-01237,2027-01-02,0,PENDING
PAY-0001238,INV-2026-01238,2026-11-10,0,PENDING
PAY-0001239,INV-2026-01239,2026-07-26,0,PENDING
PAY-0001240,INV-2026-01240,2026-08-19,4616000,PAID
PAY-0001241,INV-2026-01241,2026-08-02,3124684,PARTIAL
PAY-0001242,INV-2026-01242,2026-09-24,0,PENDING
PAY-0001243,INV-2026-01243,2026-11-29,0,PENDING
PAY-0001244,INV-2026-01244,2026-10-09,2682546,PARTIAL
PAY-0001245,INV-2026-01245,2026-09-27,370000,PAID
PAY-0001246,INV-2026-01246,2026-09-23,4373000,PAID
PAY-0001247,INV-2026-01247,2026-08-31,0,OVERDUE
PAY-0001248,INV-2026-01248,2026-10-02,0,PENDING
PAY-0001249,INV-2026-01249,2026-08-08,0,PENDING
PAY-0001250,INV-2026-01250,2026-10-09,0,PENDING
PAY-0001251,INV-2026-01251,2026-09-04,3353000,PAID
PAY-0001252,INV-2026-01252,2026-09-30,28714,PARTIAL
PAY-0001253,INV-2026-01253,2026-07-19,0,PENDING
PAY-0001254,INV-2026-01254,2026-11-09,1297000,PAID
PAY-0001255,INV-2026-01255,2026-12-11,0,PENDING
PAY-0001256,INV-2026-01256,2026-09-08,0,PENDING
PAY-0001257,INV-2026-01257,2027-01-21,0,PENDING
PAY-0001258,INV-2026-01258,2026-07-06,382000,PAID
PAY-0001259,INV-2026-01259,2026-10-09,652226,PARTIAL
PAY-0001260,INV-2026-01260,2026-08-26,2051000,PAID
PAY-0001261,INV-2026-01261,2026-08-07,0,PENDING
PAY-0001262,INV-2026-01262,2026-12-12,0,PENDING
PAY-0001263,INV-2026-01263,2026-10-21,2178000,PAID
PAY-0001264,INV-2026-01264,2026-11-06,2009000,PAID
PAY-0001265,INV-2026-01265,2027-01-02,1484483,PARTIAL
PAY-0001266,INV-2026-01266,2026-12-24,1625589,PARTIAL
PAY-0001267,INV-2026-01267,2026-07-11,489000,PAID
PAY-0001268,INV-2026-01268,2026-10-26,120998,PARTIAL
PAY-0001269,INV-2026-01269,2026-10-18,800000,PAID
PAY-0001270,INV-2026-01270,2026-11-03,0,OVERDUE
PAY-0001271,INV-2026-01271,2026-08-04,0,OVERDUE
PAY-0001272,INV-2026-01272,2026-09-29,0,PENDING
PAY-0001273,INV-2026-01273,2026-08-24,3880000,PAID
PAY-0001274,INV-2026-01274,2026-11-03,1358000,PAID
PAY-0001275,INV-2026-01275,2026-08-05,2463000,PAID
PAY-0001276,INV-2026-01276,2026-11-10,1192000,PAID
PAY-0001277,INV-2026-01277,2026-12-05,0,PENDING
PAY-0001278,INV-2026-01278,2026-08-09,0,OVERDUE
PAY-0001279,INV-2026-01279,2026-07-06,3306000,PAID
PAY-0001280,INV-2026-01280,2026-08-07,1844000,PAID
PAY-0001281,INV-2026-01281,2026-07-27,0,PENDING
PAY-0001282,INV-2026-01282,2026-07-28,292000,PAID
PAY-0001283,INV-2026-01283,2026-08-13,3549000,PAID
PAY-0001284,INV-2026-01284,2026-10-07,2216000,PAID
PAY-0001285,INV-2026-01285,2026-11-21,848688,PARTIAL
PAY-0001286,INV-2026-01286,2026-11-13,0,OVERDUE
PAY-0001287,INV-2026-01287,2026-10-15,2552000,PAID
PAY-0001288,INV-2026-01288,2026-09-12,0,OVERDUE
PAY-0001289,INV-2026-01289,2026-09-03,1490846,PARTIAL
PAY-0001290,INV-2026-01290,2026-12-02,627519,PARTIAL
PAY-0001291,INV-2026-01291,2026-12-01,2914000,PAID
PAY-0001292,INV-2026-01292,2026-09-15,541982,PARTIAL
PAY-0001293,INV-2026-01293,2026-12-29,1083000,PAID
PAY-0001294,INV-2026-01294,2026-11-07,0,OVERDUE
PAY-0001295,INV-2026-01295,2026-11-18,849220,PARTIAL
PAY-0001296,INV-2026-01296,2026-08-07,1115000,PAID
PAY-0001297,INV-2026-01297,2026-11-01,0,PENDING
PAY-0001298,INV-2026-01298,2026-10-06,0,PENDING
PAY-0001299,INV-2026-01299,2026-09-16,1751000,PAID
PAY-0001300,INV-2026-01300,2026-12-05,0,OVERDUE
PAY-0001301,INV-2026-01301,2026-08-21,0,OVERDUE
PAY-0001302,INV-2026-01302,2026-08-30,0,PENDING
PAY-0001303,INV-2026-01303,2026-09-24,2518934,PARTIAL
PAY-0001304,INV-2026-01304,2026-11-24,0,OVERDUE
PAY-0001305,INV-2026-01305,2026-09-30,937900,PARTIAL
PAY-0001306,INV-2026-01306,2026-11-10,3324000,PAID
PAY-0001307,INV-2026-01307,2026-10-17,377857,PARTIAL
PAY-0001308,INV-2026-01308,2026-11-11,0,PENDING
PAY-0001309,INV-2026-01309,2026-09-23,702508,PARTIAL
PAY-0001310,INV-2026-01310,2026-09-03,0,OVERDUE
PAY-0001311,INV-2026-01311,2026-11-05,0,OVERDUE
PAY-0001312,INV-2026-01312,2026-12-01,2321000,PAID
PAY-0001313,INV-2026-01313,2026-09-18,0,OVERDUE
PAY-0001314,INV-2026-01314,2026-09-03,796000,PAID
PAY-0001315,INV-2026-01315,2026-08-16,0,OVERDUE
PAY-0001316,INV-2026-01316,2026-08-03,3338000,PAID
PAY-0001317,INV-2026-01317,2026-07-07,1760221,PARTIAL
PAY-0001318,INV-2026-01318,2026-09-04,4188000,PAID
PAY-0001319,INV-2026-01319,2026-10-20,1701000,PAID
PAY-0001320,INV-2026-01320,2026-08-17,455000,PAID
PAY-0001321,INV-2026-01321,2026-09-09,114722,PARTIAL
PAY-0001322,INV-2026-01322,2026-10-02,4116000,PAID
PAY-0001323,INV-2026-01323,2026-09-29,2628098,PARTIAL
PAY-0001324,INV-2026-01324,2026-11-24,1571870,PARTIAL
PAY-0001325,INV-2026-01325,2026-10-24,0,OVERDUE
PAY-0001326,INV-2026-01326,2026-11-30,2127795,PARTIAL
PAY-0001327,INV-2026-01327,2026-08-15,1036000,PAID
PAY-0001328,INV-2026-01328,2026-08-01,0,PENDING
PAY-0001329,INV-2026-01329,2026-10-31,4622000,PAID
PAY-0001330,INV-2026-01330,2027-01-01,306230,PARTIAL
PAY-0001331,INV-2026-01331,2026-09-19,1907000,PAID
PAY-0001332,INV-2026-01332,2026-10-20,4576000,PAID
PAY-0001333,INV-2026-01333,2026-08-12,1316000,PAID
PAY-0001334,INV-2026-01334,2026-11-30,0,PENDING
PAY-0001335,INV-2026-01335,2026-09-25,1038000,PAID
PAY-0001336,INV-2026-01336,2026-10-31,152107,PARTIAL
PAY-0001337,INV-2026-01337,2026-09-09,107000,PAID
PAY-0001338,INV-2026-01338,2026-10-20,2123296,PARTIAL
PAY-0001339,INV-2026-01339,2026-11-02,0,PENDING
PAY-0001340,INV-2026-01340,2026-10-19,839833,PARTIAL
PAY-0001341,INV-2026-01341,2026-08-10,1045000,PAID
PAY-0001342,INV-2026-01342,2026-10-17,3182000,PAID
PAY-0001343,INV-2026-01343,2026-08-23,3917000,PAID
PAY-0001344,INV-2026-01344,2026-09-15,2970000,PAID
PAY-0001345,INV-2026-01345,2026-12-16,0,OVERDUE
PAY-0001346,INV-2026-01346,2026-08-05,1213000,PAID
PAY-0001347,INV-2026-01347,2026-11-15,3380000,PAID
PAY-0001348,INV-2026-01348,2026-10-07,86000,PAID
PAY-0001349,INV-2026-01349,2026-12-12,4331000,PAID
PAY-0001350,INV-2026-01350,2026-11-10,1785000,PAID
PAY-0001351,INV-2026-01351,2026-08-22,4784000,PAID
PAY-0001352,INV-2026-01352,2026-07-24,1855000,PAID
PAY-0001353,INV-2026-01353,2026-10-18,4970000,PAID
PAY-0001354,INV-2026-01354,2026-07-25,0,OVERDUE
PAY-0001355,INV-2026-01355,2026-09-22,0,OVERDUE
PAY-0001356,INV-2026-01356,2026-09-22,1585408,PARTIAL
PAY-0001357,INV-2026-01357,2026-08-28,0,PENDING
PAY-0001358,INV-2026-01358,2026-07-06,0,OVERDUE
PAY-0001359,INV-2026-01359,2026-09-16,0,PENDING
PAY-0001360,INV-2026-01360,2027-01-07,0,PENDING
PAY-0001361,INV-2026-01361,2026-10-30,0,OVERDUE
PAY-0001362,INV-2026-01362,2026-08-12,960000,PAID
PAY-0001363,INV-2026-01363,2026-07-25,0,PENDING
PAY-0001364,INV-2026-01364,2026-09-13,4127000,PAID
PAY-0001365,INV-2026-01365,2026-10-23,3133000,PAID
PAY-0001366,INV-2026-01366,2026-08-12,0,PENDING
PAY-0001367,INV-2026-01367,2026-11-12,2471000,PAID
PAY-0001368,INV-2026-01368,2026-11-10,0,PENDING
PAY-0001369,INV-2026-01369,2026-09-16,1207000,PAID
PAY-0001370,INV-2026-01370,2026-07-27,3823000,PAID
PAY-0001371,INV-2026-01371,2026-10-19,3012000,PAID
PAY-0001372,INV-2026-01372,2026-09-22,0,PENDING
PAY-0001373,INV-2026-01373,2026-09-13,0,OVERDUE
PAY-0001374,INV-2026-01374,2026-11-20,0,PENDING
PAY-0001375,INV-2026-01375,2026-12-26,1869013,PARTIAL
PAY-0001376,INV-2026-01376,2026-10-04,0,PENDING
PAY-0001377,INV-2026-01377,2026-11-22,2412712,PARTIAL
PAY-0001378,INV-2026-01378,2026-11-11,0,PENDING
PAY-0001379,INV-2026-01379,2026-08-19,1388534,PARTIAL
PAY-0001380,INV-2026-01380,2026-09-07,0,PENDING
PAY-0001381,INV-2026-01381,2026-10-06,2086785,PARTIAL
PAY-0001382,INV-2026-01382,2026-10-03,2983000,PAID
PAY-0001383,INV-2026-01383,2026-12-15,2192684,PARTIAL
PAY-0001384,INV-2026-01384,2026-12-19,297000,PAID
PAY-0001385,INV-2026-01385,2026-07-19,1964000,PAID
PAY-0001386,INV-2026-01386,2026-08-16,1977000,PAID
PAY-0001387,INV-2026-01387,2026-10-15,0,PENDING
PAY-0001388,INV-2026-01388,2026-11-19,736000,PAID
PAY-0001389,INV-2026-01389,2026-11-22,0,PENDING
PAY-0001390,INV-2026-01390,2026-11-14,2685000,PAID
PAY-0001391,INV-2026-01391,2026-12-21,4927000,PAID
PAY-0001392,INV-2026-01392,2026-11-02,2136000,PAID
PAY-0001393,INV-2026-01393,2026-10-07,65148,PARTIAL
PAY-0001394,INV-2026-01394,2026-10-28,3346000,PAID
PAY-0001395,INV-2026-01395,2026-11-20,0,OVERDUE
PAY-0001396,INV-2026-01396,2026-07-07,0,PENDING
PAY-0001397,INV-2026-01397,2026-09-07,4064000,PAID
PAY-0001398,INV-2026-01398,2026-11-30,518000,PAID
PAY-0001399,INV-2026-01399,2026-09-25,3097000,PAID
PAY-0001400,INV-2026-01400,2026-09-11,4583000,PAID
PAY-0001401,INV-2026-01401,2026-10-24,3530000,PAID
PAY-0001402,INV-2026-01402,2026-07-26,1517000,PAID
PAY-0001403,INV-2026-01403,2026-11-02,4708000,PAID
PAY-0001404,INV-2026-01404,2026-10-16,0,PENDING
PAY-0001405,INV-2026-01405,2026-07-17,2311197,PARTIAL
PAY-0001406,INV-2026-01406,2026-11-07,93058,PARTIAL
PAY-0001407,INV-2026-01407,2026-09-04,1639000,PAID
PAY-0001408,INV-2026-01408,2026-08-13,319000,PAID
PAY-0001409,INV-2026-01409,2026-09-27,0,PENDING
PAY-0001410,INV-2026-01410,2027-01-07,294812,PARTIAL
PAY-0001411,INV-2026-01411,2026-10-01,3683000,PAID
PAY-0001412,INV-2026-01412,2026-09-29,4660000,PAID
PAY-0001413,INV-2026-01413,2026-12-04,0,PENDING
PAY-0001414,INV-2026-01414,2026-09-01,0,OVERDUE
PAY-0001415,INV-2026-01415,2026-10-18,1892000,PAID
PAY-0001416,INV-2026-01416,2026-10-23,1124084,PARTIAL
PAY-0001417,INV-2026-01417,2026-09-27,2308617,PARTIAL
PAY-0001418,INV-2026-01418,2026-12-21,4663000,PAID
PAY-0001419,INV-2026-01419,2026-10-28,3488000,PAID
PAY-0001420,INV-2026-01420,2026-10-27,3766000,PAID
PAY-0001421,INV-2026-01421,2026-11-13,1732000,PAID
PAY-0001422,INV-2026-01422,2026-10-01,4853000,PAID
PAY-0001423,INV-2026-01423,2026-10-19,0,PENDING
PAY-0001424,INV-2026-01424,2026-11-29,0,OVERDUE
PAY-0001425,INV-2026-01425,2026-06-27,0,OVERDUE
PAY-0001426,INV-2026-01426,2026-08-11,1409000,PAID
PAY-0001427,INV-2026-01427,2026-12-15,2501000,PAID
PAY-0001428,INV-2026-01428,2026-10-03,4491000,PAID
PAY-0001429,INV-2026-01429,2026-09-21,1335000,PAID
PAY-0001430,INV-2026-01430,2026-09-03,0,PENDING
PAY-0001431,INV-2026-01431,2026-12-12,3115000,PAID
PAY-0001432,INV-2026-01432,2026-09-08,0,PENDING
PAY-0001433,INV-2026-01433,2026-09-24,323000,PAID
PAY-0001434,INV-2026-01434,2026-08-22,0,PENDING
PAY-0001435,INV-2026-01435,2026-08-07,2061000,PAID
PAY-0001436,INV-2026-01436,2026-12-13,0,PENDING
PAY-0001437,INV-2026-01437,2026-08-21,268000,PAID
PAY-0001438,INV-2026-01438,2026-12-16,2257000,PAID
PAY-0001439,INV-2026-01439,2026-09-16,0,OVERDUE
PAY-0001440,INV-2026-01440,2026-10-28,4974000,PAID
PAY-0001441,INV-2026-01441,2026-10-08,4116000,PAID
PAY-0001442,INV-2026-01442,2026-10-30,4866000,PAID
PAY-0001443,INV-2026-01443,2026-09-17,0,PENDING
PAY-0001444,INV-2026-01444,2026-08-07,3721000,PAID
PAY-0001445,INV-2026-01445,2026-09-05,0,OVERDUE
PAY-0001446,INV-2026-01446,2026-10-21,0,OVERDUE
PAY-0001447,INV-2026-01447,2026-12-25,1288000,PAID
PAY-0001448,INV-2026-01448,2026-09-18,523214,PARTIAL
PAY-0001449,INV-2026-01449,2026-08-09,1922000,PAID
PAY-0001450,INV-2026-01450,2026-12-17,0,OVERDUE
PAY-0001451,INV-2026-01451,2026-08-13,1615000,PAID
PAY-0001452,INV-2026-01452,2026-09-05,0,PENDING
PAY-0001453,INV-2026-01453,2026-07-21,0,PENDING
PAY-0001454,INV-2026-01454,2026-10-30,454000,PAID
PAY-0001455,INV-2026-01455,2026-10-27,0,PENDING
PAY-0001456,INV-2026-01456,2026-11-02,0,PENDING
PAY-0001457,INV-2026-01457,2026-11-29,1985000,PAID
PAY-0001458,INV-2026-01458,2026-10-20,4471000,PAID
PAY-0001459,INV-2026-01459,2026-10-24,43637,PARTIAL
PAY-0001460,INV-2026-01460,2026-11-24,0,PENDING
PAY-0001461,INV-2026-01461,2026-11-28,0,PENDING
PAY-0001462,INV-2026-01462,2026-08-13,0,PENDING
PAY-0001463,INV-2026-01463,2026-09-25,2424000,PAID
PAY-0001464,INV-2026-01464,2026-12-17,1407672,PARTIAL
PAY-0001465,INV-2026-01465,2026-09-27,4485000,PAID
PAY-0001466,INV-2026-01466,2026-10-02,3090862,PARTIAL
PAY-0001467,INV-2026-01467,2026-10-22,0,OVERDUE
PAY-0001468,INV-2026-01468,2026-09-05,0,OVERDUE
PAY-0001469,INV-2026-01469,2026-12-15,2662000,PAID
PAY-0001470,INV-2026-01470,2026-08-31,4600000,PAID
PAY-0001471,INV-2026-01471,2026-10-06,0,OVERDUE
PAY-0001472,INV-2026-01472,2026-09-14,3373000,PAID
PAY-0001473,INV-2026-01473,2026-10-10,0,PENDING
PAY-0001474,INV-2026-01474,2026-11-12,1438000,PAID
PAY-0001475,INV-2026-01475,2026-10-28,0,OVERDUE
PAY-0001476,INV-2026-01476,2026-09-12,0,OVERDUE
PAY-0001477,INV-2026-01477,2026-11-13,1150000,PAID
PAY-0001478,INV-2026-01478,2026-11-11,2857000,PAID
PAY-0001479,INV-2026-01479,2026-10-08,0,OVERDUE
PAY-0001480,INV-2026-01480,2026-11-03,0,PENDING
PAY-0001481,INV-2026-01481,2026-11-06,741000,PAID
PAY-0001482,INV-2026-01482,2026-09-29,0,PENDING
PAY-0001483,INV-2026-01483,2026-07-04,3848000,PAID
PAY-0001484,INV-2026-01484,2026-09-28,97000,PAID
PAY-0001485,INV-2026-01485,2026-11-10,1226000,PAID
PAY-0001486,INV-2026-01486,2026-09-02,2351000,PAID
PAY-0001487,INV-2026-01487,2026-11-19,499000,PAID
PAY-0001488,INV-2026-01488,2026-12-04,393358,PARTIAL
PAY-0001489,INV-2026-01489,2026-09-05,0,PENDING
PAY-0001490,INV-2026-01490,2027-01-02,0,OVERDUE
PAY-0001491,INV-2026-01491,2026-08-30,356125,PARTIAL
PAY-0001492,INV-2026-01492,2026-07-30,0,OVERDUE
PAY-0001493,INV-2026-01493,2026-09-22,1688000,PAID
PAY-0001494,INV-2026-01494,2026-09-11,0,OVERDUE
PAY-0001495,INV-2026-01495,2026-09-28,912497,PARTIAL
PAY-0001496,INV-2026-01496,2026-10-11,128038,PARTIAL
PAY-0001497,INV-2026-01497,2026-10-28,342228,PARTIAL
PAY-0001498,INV-2026-01498,2026-09-21,619000,PAID
PAY-0001499,INV-2026-01499,2026-09-01,4559000,PAID
PAY-0001500,INV-2026-01500,2026-08-22,4675000,PAID
PAY-0001501,INV-2026-01501,2026-08-27,1431000,PAID
PAY-0001502,INV-2026-01502,2026-10-21,451025,PARTIAL
PAY-0001503,INV-2026-01503,2026-11-16,0,PENDING
PAY-0001504,INV-2026-01504,2026-11-25,3234000,PAID
PAY-0001505,INV-2026-01505,2026-09-23,0,PENDING
PAY-0001506,INV-2026-01506,2026-10-09,1073143,PARTIAL
PAY-0001507,INV-2026-01507,2026-12-17,0,OVERDUE
PAY-0001508,INV-2026-01508,2026-07-05,2230000,PAID
PAY-0001509,INV-2026-01509,2026-12-04,0,OVERDUE
PAY-0001510,INV-2026-01510,2026-08-28,2244000,PAID
PAY-0001511,INV-2026-01511,2026-11-01,1430529,PARTIAL
PAY-0001512,INV-2026-01512,2026-10-06,893409,PARTIAL
PAY-0001513,INV-2026-01513,2026-10-27,2546000,PAID
PAY-0001514,INV-2026-01514,2026-10-02,3782000,PAID
PAY-0001515,INV-2026-01515,2026-12-03,3295000,PAID
PAY-0001516,INV-2026-01516,2026-12-23,0,OVERDUE
PAY-0001517,INV-2026-01517,2026-11-19,0,PENDING
PAY-0001518,INV-2026-01518,2026-10-30,600000,PAID
PAY-0001519,INV-2026-01519,2026-11-10,4289000,PAID
PAY-0001520,INV-2026-01520,2026-09-13,789214,PARTIAL
PAY-0001521,INV-2026-01521,2026-09-30,2790000,PAID
PAY-0001522,INV-2026-01522,2026-08-25,0,OVERDUE
PAY-0001523,INV-2026-01523,2026-08-22,0,OVERDUE
PAY-0001524,INV-2026-01524,2027-01-31,0,PENDING
PAY-0001525,INV-2026-01525,2026-11-15,271000,PAID
PAY-0001526,INV-2026-01526,2027-01-03,185202,PARTIAL
PAY-0001527,INV-2026-01527,2026-09-16,0,OVERDUE
PAY-0001528,INV-2026-01528,2027-01-21,3411000,PAID
PAY-0001529,INV-2026-01529,2026-10-31,715000,PAID
PAY-0001530,INV-2026-01530,2026-10-22,0,OVERDUE
PAY-0001531,INV-2026-01531,2026-11-10,0,OVERDUE
PAY-0001532,INV-2026-01532,2026-09-15,0,OVERDUE
PAY-0001533,INV-2026-01533,2026-11-30,4269000,PAID
PAY-0001534,INV-2026-01534,2026-12-07,2629000,PAID
PAY-0001535,INV-2026-01535,2026-09-26,2529000,PAID
PAY-0001536,INV-2026-01536,2026-10-10,530000,PAID
PAY-0001537,INV-2026-01537,2026-12-30,0,OVERDUE
PAY-0001538,INV-2026-01538,2026-09-29,0,OVERDUE
PAY-0001539,INV-2026-01539,2026-10-23,3344000,PAID
PAY-0001540,INV-2026-01540,2026-09-08,171000,PAID
PAY-0001541,INV-2026-01541,2026-11-27,3046205,PARTIAL
PAY-0001542,INV-2026-01542,2026-08-29,317885,PARTIAL
PAY-0001543,INV-2026-01543,2026-11-10,2694000,PAID
PAY-0001544,INV-2026-01544,2026-10-22,0,PENDING
PAY-0001545,INV-2026-01545,2026-11-28,2572000,PAID
PAY-0001546,INV-2026-01546,2026-08-06,0,PENDING
PAY-0001547,INV-2026-01547,2026-12-04,1970000,PAID
PAY-0001548,INV-2026-01548,2026-08-03,2727000,PAID
PAY-0001549,INV-2026-01549,2026-11-15,0,PENDING
PAY-0001550,INV-2026-01550,2026-09-09,687079,PARTIAL
PAY-0001551,INV-2026-01551,2026-09-11,0,PENDING
PAY-0001552,INV-2026-01552,2026-09-07,2274000,PAID
PAY-0001553,INV-2026-01553,2026-10-30,1251000,PAID
PAY-0001554,INV-2026-01554,2026-10-08,2207570,PARTIAL
PAY-0001555,INV-2026-01555,2026-10-25,2270000,PAID
PAY-0001556,INV-2026-01556,2026-09-18,1469151,PARTIAL
PAY-0001557,INV-2026-01557,2026-12-04,2119000,PAID
PAY-0001558,INV-2026-01558,2026-07-28,1395873,PARTIAL
PAY-0001559,INV-2026-01559,2026-07-27,0,OVERDUE
PAY-0001560,INV-2026-01560,2026-11-04,0,PENDING
PAY-0001561,INV-2026-01561,2026-08-01,4468000,PAID
PAY-0001562,INV-2026-01562,2026-10-26,0,PENDING
PAY-0001563,INV-2026-01563,2026-11-19,2474000,PAID
PAY-0001564,INV-2026-01564,2026-10-27,165395,PARTIAL
PAY-0001565,INV-2026-01565,2026-09-22,0,PENDING
PAY-0001566,INV-2026-01566,2026-07-04,2307000,PAID
PAY-0001567,INV-2026-01567,2026-09-29,0,PENDING
PAY-0001568,INV-2026-01568,2026-10-17,0,PENDING
PAY-0001569,INV-2026-01569,2026-07-01,1134000,PAID
PAY-0001570,INV-2026-01570,2026-10-08,2016000,PAID
PAY-0001571,INV-2026-01571,2027-01-11,1485000,PAID
PAY-0001572,INV-2026-01572,2026-10-18,1104149,PARTIAL
PAY-0001573,INV-2026-01573,2026-10-26,3175000,PAID
PAY-0001574,INV-2026-01574,2026-12-08,0,PENDING
PAY-0001575,INV-2026-01575,2026-12-11,0,PENDING
PAY-0001576,INV-2026-01576,2026-09-20,1684913,PARTIAL
PAY-0001577,INV-2026-01577,2026-10-22,1329000,PAID
PAY-0001578,INV-2026-01578,2026-11-23,3606527,PARTIAL
PAY-0001579,INV-2026-01579,2026-11-10,531000,PAID
PAY-0001580,INV-2026-01580,2026-12-30,1130000,PAID
PAY-0001581,INV-2026-01581,2026-09-10,2575000,PAID
PAY-0001582,INV-2026-01582,2026-07-29,3530000,PAID
PAY-0001583,INV-2026-01583,2026-10-31,3058000,PAID
PAY-0001584,INV-2026-01584,2026-11-22,3327000,PAID
PAY-0001585,INV-2026-01585,2026-11-22,1023000,PAID
PAY-0001586,INV-2026-01586,2026-12-20,0,PENDING
PAY-0001587,INV-2026-01587,2026-10-02,376097,PARTIAL
PAY-0001588,INV-2026-01588,2026-12-23,0,OVERDUE
PAY-0001589,INV-2026-01589,2026-10-17,3104000,PAID
PAY-0001590,INV-2026-01590,2026-08-23,1476000,PAID
PAY-0001591,INV-2026-01591,2026-08-15,3219000,PAID
PAY-0001592,INV-2026-01592,2026-11-06,140000,PAID
PAY-0001593,INV-2026-01593,2026-11-08,2693393,PARTIAL
PAY-0001594,INV-2026-01594,2026-10-25,1776443,PARTIAL
PAY-0001595,INV-2026-01595,2026-09-30,0,OVERDUE
PAY-0001596,INV-2026-01596,2026-12-09,2900978,PARTIAL
PAY-0001597,INV-2026-01597,2026-10-12,2124970,PARTIAL
PAY-0001598,INV-2026-01598,2026-09-06,0,OVERDUE
PAY-0001599,INV-2026-01599,2026-12-03,4336000,PAID
PAY-0001600,INV-2026-01600,2026-10-25,940706,PARTIAL
PAY-0001601,INV-2026-01601,2026-09-26,1082000,PAID
PAY-0001602,INV-2026-01602,2026-08-19,1835539,PARTIAL
PAY-0001603,INV-2026-01603,2026-08-28,3317000,PAID
PAY-0001604,INV-2026-01604,2026-11-07,888509,PARTIAL
PAY-0001605,INV-2026-01605,2026-07-19,4670000,PAID
PAY-0001606,INV-2026-01606,2026-12-28,4281000,PAID
PAY-0001607,INV-2026-01607,2026-10-16,0,PENDING
PAY-0001608,INV-2026-01608,2026-10-11,0,PENDING
PAY-0001609,INV-2026-01609,2026-11-16,1069341,PARTIAL
PAY-0001610,INV-2026-01610,2026-08-20,1289000,PAID
PAY-0001611,INV-2026-01611,2026-10-31,0,PENDING
PAY-0001612,INV-2026-01612,2026-10-17,0,OVERDUE
PAY-0001613,INV-2026-01613,2026-11-11,3025353,PARTIAL
PAY-0001614,INV-2026-01614,2026-11-13,1128000,PAID
PAY-0001615,INV-2026-01615,2026-10-22,2065000,PAID
PAY-0001616,INV-2026-01616,2026-10-12,0,PENDING
PAY-0001617,INV-2026-01617,2026-11-16,1887783,PARTIAL
PAY-0001618,INV-2026-01618,2026-09-26,2567000,PAID
PAY-0001619,INV-2026-01619,2026-08-31,1897000,PAID
PAY-0001620,INV-2026-01620,2026-08-18,3365000,PAID
PAY-0001621,INV-2026-01621,2026-11-01,1659000,PAID
PAY-0001622,INV-2026-01622,2026-09-30,558000,PAID
PAY-0001623,INV-2026-01623,2026-07-17,1519000,PAID
PAY-0001624,INV-2026-01624,2026-09-26,4832000,PAID
PAY-0001625,INV-2026-01625,2026-10-13,0,PENDING
PAY-0001626,INV-2026-01626,2026-12-01,0,PENDING
PAY-0001627,INV-2026-01627,2026-09-20,3724000,PAID
PAY-0001628,INV-2026-01628,2026-12-05,200577,PARTIAL
PAY-0001629,INV-2026-01629,2026-07-04,0,OVERDUE
PAY-0001630,INV-2026-01630,2026-09-29,269559,PARTIAL
PAY-0001631,INV-2026-01631,2026-12-02,0,PENDING
PAY-0001632,INV-2026-01632,2026-12-28,0,OVERDUE
PAY-0001633,INV-2026-01633,2026-08-08,0,PENDING
PAY-0001634,INV-2026-01634,2026-10-06,2950000,PAID
PAY-0001635,INV-2026-01635,2026-10-30,0,OVERDUE
PAY-0001636,INV-2026-01636,2026-10-24,3264000,PAID
PAY-0001637,INV-2026-01637,2026-09-28,3313000,PAID
PAY-0001638,INV-2026-01638,2026-08-08,0,OVERDUE
PAY-0001639,INV-2026-01639,2026-11-27,0,OVERDUE
PAY-0001640,INV-2026-01640,2026-10-23,2086000,PAID
PAY-0001641,INV-2026-01641,2026-11-09,247000,PAID
PAY-0001642,INV-2026-01642,2026-10-07,1363000,PAID
PAY-0001643,INV-2026-01643,2026-11-23,0,OVERDUE
PAY-0001644,INV-2026-01644,2027-01-02,116384,PARTIAL
PAY-0001645,INV-2026-01645,2026-08-28,3259000,PAID
PAY-0001646,INV-2026-01646,2026-10-23,3180000,PAID
PAY-0001647,INV-2026-01647,2026-11-01,1718000,PAID
PAY-0001648,INV-2026-01648,2026-08-26,0,PENDING
PAY-0001649,INV-2026-01649,2026-09-18,219000,PAID
PAY-0001650,INV-2026-01650,2026-09-29,4042000,PAID
PAY-0001651,INV-2026-01651,2026-10-23,1012000,PAID
PAY-0001652,INV-2026-01652,2026-11-19,0,PENDING
PAY-0001653,INV-2026-01653,2026-12-11,0,PENDING
PAY-0001654,INV-2026-01654,2026-10-15,0,PENDING
PAY-0001655,INV-2026-01655,2026-09-09,3321000,PAID
PAY-0001656,INV-2026-01656,2026-08-08,3353000,PAID
PAY-0001657,INV-2026-01657,2026-08-04,918177,PARTIAL
PAY-0001658,INV-2026-01658,2026-11-28,0,PENDING
PAY-0001659,INV-2026-01659,2026-10-12,0,PENDING
PAY-0001660,INV-2026-01660,2026-12-04,0,PENDING
PAY-0001661,INV-2026-01661,2026-08-17,0,PENDING
PAY-0001662,INV-2026-01662,2026-10-07,1043860,PARTIAL
PAY-0001663,INV-2026-01663,2026-09-14,3393000,PAID
PAY-0001664,INV-2026-01664,2026-09-23,4770000,PAID
PAY-0001665,INV-2026-01665,2026-12-14,0,OVERDUE
PAY-0001666,INV-2026-01666,2026-08-12,184000,PAID
PAY-0001667,INV-2026-01667,2026-10-09,98000,PAID
PAY-0001668,INV-2026-01668,2026-10-11,0,OVERDUE
PAY-0001669,INV-2026-01669,2026-11-29,2797781,PARTIAL
PAY-0001670,INV-2026-01670,2026-10-22,3038341,PARTIAL
PAY-0001671,INV-2026-01671,2026-09-30,115000,PAID
PAY-0001672,INV-2026-01672,2026-08-26,0,PENDING
PAY-0001673,INV-2026-01673,2026-09-14,0,OVERDUE
PAY-0001674,INV-2026-01674,2026-09-02,2826000,PAID
PAY-0001675,INV-2026-01675,2026-10-27,0,PENDING
PAY-0001676,INV-2026-01676,2026-08-24,1579000,PAID
PAY-0001677,INV-2026-01677,2026-08-06,0,PENDING
PAY-0001678,INV-2026-01678,2027-01-11,4088000,PAID
PAY-0001679,INV-2026-01679,2026-09-30,0,OVERDUE
PAY-0001680,INV-2026-01680,2026-11-09,0,PENDING
PAY-0001681,INV-2026-01681,2026-09-02,1894000,PAID
PAY-0001682,INV-2026-01682,2026-09-28,0,PENDING
PAY-0001683,INV-2026-01683,2026-10-18,0,PENDING
PAY-0001684,INV-2026-01684,2026-11-09,977003,PARTIAL
PAY-0001685,INV-2026-01685,2026-12-02,358364,PARTIAL
PAY-0001686,INV-2026-01686,2026-07-26,637819,PARTIAL
PAY-0001687,INV-2026-01687,2026-12-03,3490000,PAID
PAY-0001688,INV-2026-01688,2026-09-15,3717000,PAID
PAY-0001689,INV-2026-01689,2027-01-02,0,PENDING
PAY-0001690,INV-2026-01690,2026-09-07,565000,PAID
PAY-0001691,INV-2026-01691,2026-10-15,0,OVERDUE
PAY-0001692,INV-2026-01692,2026-11-18,788000,PAID
PAY-0001693,INV-2026-01693,2026-10-18,283288,PARTIAL
PAY-0001694,INV-2026-01694,2026-08-25,1518000,PAID
PAY-0001695,INV-2026-01695,2026-10-10,1052506,PARTIAL
PAY-0001696,INV-2026-01696,2026-09-26,3125000,PAID
PAY-0001697,INV-2026-01697,2026-11-27,2670000,PAID
PAY-0001698,INV-2026-01698,2026-08-25,903891,PARTIAL
PAY-0001699,INV-2026-01699,2026-11-01,0,PENDING
PAY-0001700,INV-2026-01700,2026-10-15,3364000,PAID
PAY-0001701,INV-2026-01701,2026-10-17,0,PENDING
PAY-0001702,INV-2026-01702,2026-10-29,2396908,PARTIAL
PAY-0001703,INV-2026-01703,2026-11-19,3115000,PAID
PAY-0001704,INV-2026-01704,2027-01-10,0,PENDING
PAY-0001705,INV-2026-01705,2026-10-25,479400,PARTIAL
PAY-0001706,INV-2026-01706,2026-10-05,0,PENDING
PAY-0001707,INV-2026-01707,2026-10-23,3592000,PAID
PAY-0001708,INV-2026-01708,2026-12-22,468090,PARTIAL
PAY-0001709,INV-2026-01709,2027-01-30,1219404,PARTIAL
PAY-0001710,INV-2026-01710,2026-12-16,0,OVERDUE
PAY-0001711,INV-2026-01711,2027-02-04,0,OVERDUE
PAY-0001712,INV-2026-01712,2026-08-30,1580000,PAID
PAY-0001713,INV-2026-01713,2026-08-24,716525,PARTIAL
PAY-0001714,INV-2026-01714,2026-10-28,2002000,PAID
PAY-0001715,INV-2026-01715,2026-09-09,51000,PAID
PAY-0001716,INV-2026-01716,2026-11-13,0,PENDING
PAY-0001717,INV-2026-01717,2026-09-04,2482000,PAID
PAY-0001718,INV-2026-01718,2027-01-08,88600,PARTIAL
PAY-0001719,INV-2026-01719,2026-11-15,2138202,PARTIAL
PAY-0001720,INV-2026-01720,2026-10-15,0,PENDING
PAY-0001721,INV-2026-01721,2026-09-19,0,OVERDUE
PAY-0001722,INV-2026-01722,2026-12-09,0,PENDING
PAY-0001723,INV-2026-01723,2026-12-26,1559000,PAID
PAY-0001724,INV-2026-01724,2026-11-17,1100000,PAID
PAY-0001725,INV-2026-01725,2026-08-22,270207,PARTIAL
PAY-0001726,INV-2026-01726,2026-09-08,3966000,PAID
PAY-0001727,INV-2026-01727,2026-11-07,0,OVERDUE
PAY-0001728,INV-2026-01728,2026-09-28,699427,PARTIAL
PAY-0001729,INV-2026-01729,2026-12-12,357000,PAID
PAY-0001730,INV-2026-01730,2026-10-28,489000,PAID
PAY-0001731,INV-2026-01731,2026-09-22,0,OVERDUE
PAY-0001732,INV-2026-01732,2026-09-15,0,OVERDUE
PAY-0001733,INV-2026-01733,2026-10-24,3570000,PAID
PAY-0001734,INV-2026-01734,2026-10-06,0,PENDING
PAY-0001735,INV-2026-01735,2026-08-18,806778,PARTIAL
PAY-0001736,INV-2026-01736,2026-11-18,2630000,PAID
PAY-0001737,INV-2026-01737,2026-11-22,4332000,PAID
PAY-0001738,INV-2026-01738,2026-11-09,4018000,PAID
PAY-0001739,INV-2026-01739,2026-12-29,2160000,PAID
PAY-0001740,INV-2026-01740,2026-12-19,0,PENDING
PAY-0001741,INV-2026-01741,2026-09-17,352858,PARTIAL
PAY-0001742,INV-2026-01742,2026-09-12,0,OVERDUE
PAY-0001743,INV-2026-01743,2026-07-15,880000,PAID
PAY-0001744,INV-2026-01744,2026-10-30,4421000,PAID
PAY-0001745,INV-2026-01745,2026-10-30,2411000,PAID
PAY-0001746,INV-2026-01746,2026-09-26,382396,PARTIAL
PAY-0001747,INV-2026-01747,2026-08-07,0,PENDING
PAY-0001748,INV-2026-01748,2027-01-08,2541000,PAID
PAY-0001749,INV-2026-01749,2026-10-27,1373000,PAID
PAY-0001750,INV-2026-01750,2026-08-17,1294614,PARTIAL
PAY-0001751,INV-2026-01751,2026-12-09,4523000,PAID
PAY-0001752,INV-2026-01752,2026-10-07,2426000,PAID
PAY-0001753,INV-2026-01753,2026-10-19,0,OVERDUE
PAY-0001754,INV-2026-01754,2026-10-13,1865708,PARTIAL
PAY-0001755,INV-2026-01755,2026-11-18,0,PENDING
PAY-0001756,INV-2026-01756,2026-12-13,2708000,PAID
PAY-0001757,INV-2026-01757,2026-12-16,0,OVERDUE
PAY-0001758,INV-2026-01758,2026-12-18,0,OVERDUE
PAY-0001759,INV-2026-01759,2026-06-28,1027000,PAID
PAY-0001760,INV-2026-01760,2026-09-04,3197000,PAID
PAY-0001761,INV-2026-01761,2027-01-01,0,PENDING
PAY-0001762,INV-2026-01762,2026-09-08,3378000,PAID
PAY-0001763,INV-2026-01763,2026-10-23,3315000,PAID
PAY-0001764,INV-2026-01764,2026-08-31,0,OVERDUE
PAY-0001765,INV-2026-01765,2026-07-10,0,PENDING
PAY-0001766,INV-2026-01766,2026-11-14,1977238,PARTIAL
PAY-0001767,INV-2026-01767,2026-10-29,0,OVERDUE
PAY-0001768,INV-2026-01768,2026-09-30,2940000,PAID
PAY-0001769,INV-2026-01769,2026-11-29,0,OVERDUE
PAY-0001770,INV-2026-01770,2026-12-31,4872000,PAID
PAY-0001771,INV-2026-01771,2026-09-19,0,PENDING
PAY-0001772,INV-2026-01772,2026-12-26,1961000,PAID
PAY-0001773,INV-2026-01773,2026-08-21,137895,PARTIAL
PAY-0001774,INV-2026-01774,2026-12-25,0,PENDING
PAY-0001775,INV-2026-01775,2026-08-08,3418000,PAID
PAY-0001776,INV-2026-01776,2026-10-04,0,OVERDUE
PAY-0001777,INV-2026-01777,2026-10-06,0,PENDING
PAY-0001778,INV-2026-01778,2026-12-08,149000,PAID
PAY-0001779,INV-2026-01779,2026-12-20,0,PENDING
PAY-0001780,INV-2026-01780,2026-12-14,1155000,PAID
PAY-0001781,INV-2026-01781,2026-09-05,947000,PAID
PAY-0001782,INV-2026-01782,2026-10-14,157000,PAID
PAY-0001783,INV-2026-01783,2026-12-10,0,OVERDUE
PAY-0001784,INV-2026-01784,2026-11-24,2829449,PARTIAL
PAY-0001785,INV-2026-01785,2026-08-28,1331591,PARTIAL
PAY-0001786,INV-2026-01786,2026-08-14,4543000,PAID
PAY-0001787,INV-2026-01787,2026-09-11,0,PENDING
PAY-0001788,INV-2026-01788,2026-10-12,0,OVERDUE
PAY-0001789,INV-2026-01789,2026-10-03,193000,PAID
PAY-0001790,INV-2026-01790,2026-09-18,0,PENDING
PAY-0001791,INV-2026-01791,2026-11-13,4412000,PAID
PAY-0001792,INV-2026-01792,2026-10-24,981000,PAID
PAY-0001793,INV-2026-01793,2026-11-20,2239000,PAID
PAY-0001794,INV-2026-01794,2026-12-11,1107000,PAID
PAY-0001795,INV-2026-01795,2026-11-15,0,OVERDUE
PAY-0001796,INV-2026-01796,2026-11-02,1186310,PARTIAL
PAY-0001797,INV-2026-01797,2026-12-01,2081036,PARTIAL
PAY-0001798,INV-2026-01798,2026-11-02,1407000,PAID
PAY-0001799,INV-2026-01799,2026-08-27,0,OVERDUE
PAY-0001800,INV-2026-01800,2026-11-26,0,PENDING
PAY-0001801,INV-2026-01801,2026-09-24,160114,PARTIAL
PAY-0001802,INV-2026-01802,2026-10-05,0,PENDING
PAY-0001803,INV-2026-01803,2026-11-06,3175000,PAID
PAY-0001804,INV-2026-01804,2026-09-30,3444000,PAID
PAY-0001805,INV-2026-01805,2026-10-31,2602218,PARTIAL
PAY-0001806,INV-2026-01806,2026-10-16,1794588,PARTIAL
PAY-0001807,INV-2026-01807,2026-07-21,2345707,PARTIAL
PAY-0001808,INV-2026-01808,2027-01-27,2284000,PAID
PAY-0001809,INV-2026-01809,2026-12-24,2348000,PAID
PAY-0001810,INV-2026-01810,2026-10-09,652248,PARTIAL
PAY-0001811,INV-2026-01811,2026-09-28,3498670,PARTIAL
PAY-0001812,INV-2026-01812,2026-12-07,0,OVERDUE
PAY-0001813,INV-2026-01813,2026-09-22,0,OVERDUE
PAY-0001814,INV-2026-01814,2026-10-15,3374702,PARTIAL
PAY-0001815,INV-2026-01815,2026-10-28,3249000,PAID
PAY-0001816,INV-2026-01816,2026-11-25,830488,PARTIAL
PAY-0001817,INV-2026-01817,2026-08-22,1324000,PAID
PAY-0001818,INV-2026-01818,2026-10-01,2617097,PARTIAL
PAY-0001819,INV-2026-01819,2026-08-02,4986000,PAID
PAY-0001820,INV-2026-01820,2026-07-28,4529000,PAID
PAY-0001821,INV-2026-01821,2026-11-24,0,OVERDUE
PAY-0001822,INV-2026-01822,2026-10-22,0,PENDING
PAY-0001823,INV-2026-01823,2026-10-05,4051000,PAID
PAY-0001824,INV-2026-01824,2026-06-28,0,PENDING
PAY-0001825,INV-2026-01825,2026-10-13,0,OVERDUE
PAY-0001826,INV-2026-01826,2026-10-14,4582000,PAID
PAY-0001827,INV-2026-01827,2026-11-23,1184721,PARTIAL
PAY-0001828,INV-2026-01828,2026-11-07,0,PENDING
PAY-0001829,INV-2026-01829,2026-10-11,0,PENDING
PAY-0001830,INV-2026-01830,2026-11-16,0,PENDING
PAY-0001831,INV-2026-01831,2026-08-26,0,PENDING
PAY-0001832,INV-2026-01832,2026-11-21,1449000,PAID
PAY-0001833,INV-2026-01833,2026-11-13,0,PENDING
PAY-0001834,INV-2026-01834,2026-07-08,2978000,PAID
PAY-0001835,INV-2026-01835,2026-10-17,1873000,PAID
PAY-0001836,INV-2026-01836,2026-10-14,0,PENDING
PAY-0001837,INV-2026-01837,2026-12-15,1951160,PARTIAL
PAY-0001838,INV-2026-01838,2026-11-05,526369,PARTIAL
PAY-0001839,INV-2026-01839,2026-09-29,286483,PARTIAL
PAY-0001840,INV-2026-01840,2026-10-14,0,OVERDUE
PAY-0001841,INV-2026-01841,2027-01-26,1921489,PARTIAL
PAY-0001842,INV-2026-01842,2026-09-14,0,OVERDUE
PAY-0001843,INV-2026-01843,2026-10-15,0,PENDING
PAY-0001844,INV-2026-01844,2026-11-21,3427942,PARTIAL
PAY-0001845,INV-2026-01845,2027-01-07,3517000,PAID
PAY-0001846,INV-2026-01846,2026-11-13,1835000,PAID
PAY-0001847,INV-2026-01847,2026-10-17,3284851,PARTIAL
PAY-0001848,INV-2026-01848,2026-10-07,4131000,PAID
PAY-0001849,INV-2026-01849,2026-11-29,0,PENDING
PAY-0001850,INV-2026-01850,2026-11-06,4633000,PAID
PAY-0001851,INV-2026-01851,2026-09-23,291110,PARTIAL
PAY-0001852,INV-2026-01852,2026-11-26,0,PENDING
PAY-0001853,INV-2026-01853,2026-12-24,0,OVERDUE
PAY-0001854,INV-2026-01854,2026-09-16,0,PENDING
PAY-0001855,INV-2026-01855,2026-09-25,0,OVERDUE
PAY-0001856,INV-2026-01856,2026-11-03,1600502,PARTIAL
PAY-0001857,INV-2026-01857,2026-12-10,2182180,PARTIAL
PAY-0001858,INV-2026-01858,2026-08-13,3149291,PARTIAL
PAY-0001859,INV-2026-01859,2026-07-19,0,PENDING
PAY-0001860,INV-2026-01860,2026-08-17,820000,PAID
PAY-0001861,INV-2026-01861,2026-11-04,1917000,PAID
PAY-0001862,INV-2026-01862,2026-11-02,3217000,PAID
PAY-0001863,INV-2026-01863,2026-09-17,4657000,PAID
PAY-0001864,INV-2026-01864,2026-09-27,1102000,PAID
PAY-0001865,INV-2026-01865,2026-07-18,0,OVERDUE
PAY-0001866,INV-2026-01866,2026-12-03,0,PENDING
PAY-0001867,INV-2026-01867,2026-10-23,3199000,PAID
PAY-0001868,INV-2026-01868,2026-12-01,3454000,PAID
PAY-0001869,INV-2026-01869,2026-10-22,3142000,PAID
PAY-0001870,INV-2026-01870,2026-12-13,2617000,PAID
PAY-0001871,INV-2026-01871,2026-09-06,312000,PAID
PAY-0001872,INV-2026-01872,2026-09-12,2250000,PAID
PAY-0001873,INV-2026-01873,2026-09-14,3518000,PAID
PAY-0001874,INV-2026-01874,2026-10-23,182000,PAID
PAY-0001875,INV-2026-01875,2026-08-15,1520559,PARTIAL
PAY-0001876,INV-2026-01876,2026-07-30,2456000,PAID
PAY-0001877,INV-2026-01877,2026-09-07,2920000,PAID
PAY-0001878,INV-2026-01878,2026-12-20,3607000,PAID
PAY-0001879,INV-2026-01879,2026-11-03,951000,PAID
PAY-0001880,INV-2026-01880,2026-08-20,3159000,PAID
PAY-0001881,INV-2026-01881,2026-12-03,2972000,PAID
PAY-0001882,INV-2026-01882,2026-10-16,4823000,PAID
PAY-0001883,INV-2026-01883,2026-10-13,3643000,PAID
PAY-0001884,INV-2026-01884,2026-07-17,418000,PAID
PAY-0001885,INV-2026-01885,2026-12-09,0,PENDING
PAY-0001886,INV-2026-01886,2026-12-22,453245,PARTIAL
PAY-0001887,INV-2026-01887,2026-12-10,851588,PARTIAL
PAY-0001888,INV-2026-01888,2026-08-11,1525291,PARTIAL
PAY-0001889,INV-2026-01889,2026-08-14,1962000,PAID
PAY-0001890,INV-2026-01890,2026-11-28,735000,PAID
PAY-0001891,INV-2026-01891,2026-09-03,1269000,PAID
PAY-0001892,INV-2026-01892,2026-12-06,0,PENDING
PAY-0001893,INV-2026-01893,2026-11-07,255831,PARTIAL
PAY-0001894,INV-2026-01894,2026-11-13,2388000,PAID
PAY-0001895,INV-2026-01895,2026-09-18,826000,PAID
PAY-0001896,INV-2026-01896,2026-09-08,0,PENDING
PAY-0001897,INV-2026-01897,2026-10-04,4440000,PAID
PAY-0001898,INV-2026-01898,2026-08-10,0,PENDING
PAY-0001899,INV-2026-01899,2026-11-07,829582,PARTIAL
PAY-0001900,INV-2026-01900,2026-08-22,171000,PAID
PAY-0001901,INV-2026-01901,2026-11-30,3370000,PAID
PAY-0001902,INV-2026-01902,2026-10-19,0,PENDING
PAY-0001903,INV-2026-01903,2026-10-20,40470,PARTIAL
PAY-0001904,INV-2026-01904,2026-11-07,2052000,PAID
PAY-0001905,INV-2026-01905,2026-09-18,1657000,PAID
PAY-0001906,INV-2026-01906,2026-10-20,494000,PAID
PAY-0001907,INV-2026-01907,2026-10-18,0,PENDING
PAY-0001908,INV-2026-01908,2026-08-16,752623,PARTIAL
PAY-0001909,INV-2026-01909,2026-10-15,506684,PARTIAL
PAY-0001910,INV-2026-01910,2026-09-13,0,PENDING
PAY-0001911,INV-2026-01911,2026-07-23,1210000,PAID
PAY-0001912,INV-2026-01912,2026-08-20,0,PENDING
PAY-0001913,INV-2026-01913,2026-07-07,0,OVERDUE
PAY-0001914,INV-2026-01914,2026-08-23,0,PENDING
PAY-0001915,INV-2026-01915,2026-07-26,124750,PARTIAL
PAY-0001916,INV-2026-01916,2026-10-14,1751000,PAID
PAY-0001917,INV-2026-01917,2026-08-25,1626000,PAID
PAY-0001918,INV-2026-01918,2026-11-27,705622,PARTIAL
PAY-0001919,INV-2026-01919,2026-10-03,1396035,PARTIAL
PAY-0001920,INV-2026-01920,2026-08-16,935412,PARTIAL
PAY-0001921,INV-2026-01921,2026-11-28,0,OVERDUE
PAY-0001922,INV-2026-01922,2026-11-03,0,PENDING
PAY-0001923,INV-2026-01923,2026-11-24,0,OVERDUE
PAY-0001924,INV-2026-01924,2026-10-16,3929000,PAID
PAY-0001925,INV-2026-01925,2026-11-04,3003000,PAID
PAY-0001926,INV-2026-01926,2026-10-05,0,PENDING
PAY-0001927,INV-2026-01927,2026-10-13,2773000,PAID
PAY-0001928,INV-2026-01928,2026-08-24,3245000,PAID
PAY-0001929,INV-2026-01929,2026-09-27,0,OVERDUE
PAY-0001930,INV-2026-01930,2026-11-02,3922000,PAID
PAY-0001931,INV-2026-01931,2026-11-21,0,OVERDUE
PAY-0001932,INV-2026-01932,2027-01-06,2268000,PAID
PAY-0001933,INV-2026-01933,2026-08-28,872624,PARTIAL
PAY-0001934,INV-2026-01934,2026-08-23,3390000,PAID
PAY-0001935,INV-2026-01935,2026-12-16,0,PENDING
PAY-0001936,INV-2026-01936,2026-11-22,895000,PAID
PAY-0001937,INV-2026-01937,2026-09-18,3477000,PAID
PAY-0001938,INV-2026-01938,2026-10-27,0,PENDING
PAY-0001939,INV-2026-01939,2026-09-21,0,PENDING
PAY-0001940,INV-2026-01940,2026-08-11,4460000,PAID
PAY-0001941,INV-2026-01941,2026-09-19,510991,PARTIAL
PAY-0001942,INV-2026-01942,2026-10-10,0,PENDING
PAY-0001943,INV-2026-01943,2026-10-15,2230163,PARTIAL
PAY-0001944,INV-2026-01944,2026-09-19,0,PENDING
PAY-0001945,INV-2026-01945,2026-09-19,0,OVERDUE
PAY-0001946,INV-2026-01946,2026-11-14,0,PENDING
PAY-0001947,INV-2026-01947,2026-10-19,3998000,PAID
PAY-0001948,INV-2026-01948,2026-09-30,0,PENDING
PAY-0001949,INV-2026-01949,2026-10-19,3312000,PAID
PAY-0001950,INV-2026-01950,2026-09-20,0,PENDING
PAY-0001951,INV-2026-01951,2026-11-07,1230000,PAID
PAY-0001952,INV-2026-01952,2026-08-29,1187378,PARTIAL
PAY-0001953,INV-2026-01953,2027-01-01,4842000,PAID
PAY-0001954,INV-2026-01954,2026-09-04,4741000,PAID
PAY-0001955,INV-2026-01955,2027-01-06,2727793,PARTIAL
PAY-0001956,INV-2026-01956,2026-12-27,0,OVERDUE
PAY-0001957,INV-2026-01957,2026-08-14,0,PENDING
PAY-0001958,INV-2026-01958,2026-09-06,319000,PAID
PAY-0001959,INV-2026-01959,2026-07-13,4729000,PAID
PAY-0001960,INV-2026-01960,2026-10-17,4700000,PAID
PAY-0001961,INV-2026-01961,2026-09-21,0,OVERDUE
PAY-0001962,INV-2026-01962,2026-10-28,781586,PARTIAL
PAY-0001963,INV-2026-01963,2026-11-19,1177781,PARTIAL
PAY-0001964,INV-2026-01964,2026-10-02,2011727,PARTIAL
PAY-0001965,INV-2026-01965,2026-12-31,0,PENDING
PAY-0001966,INV-2026-01966,2026-08-05,655000,PAID
PAY-0001967,INV-2026-01967,2026-10-27,2367000,PAID
PAY-0001968,INV-2026-01968,2026-10-20,0,OVERDUE
PAY-0001969,INV-2026-01969,2026-12-12,3467000,PAID
PAY-0001970,INV-2026-01970,2026-11-12,164219,PARTIAL
PAY-0001971,INV-2026-01971,2026-07-27,0,PENDING
PAY-0001972,INV-2026-01972,2026-11-26,4161000,PAID
PAY-0001973,INV-2026-01973,2026-07-27,0,PENDING
PAY-0001974,INV-2026-01974,2026-12-15,0,OVERDUE
PAY-0001975,INV-2026-01975,2026-07-28,3461380,PARTIAL
PAY-0001976,INV-2026-01976,2027-01-05,1111758,PARTIAL
PAY-0001977,INV-2026-01977,2026-08-29,0,OVERDUE
PAY-0001978,INV-2026-01978,2026-11-20,1370164,PARTIAL
PAY-0001979,INV-2026-01979,2026-08-05,0,PENDING
PAY-0001980,INV-2026-01980,2026-09-30,4421000,PAID
PAY-0001981,INV-2026-01981,2026-12-06,0,OVERDUE
PAY-0001982,INV-2026-01982,2026-10-25,0,OVERDUE
PAY-0001983,INV-2026-01983,2026-08-20,637000,PAID
PAY-0001984,INV-2026-01984,2027-01-01,0,PENDING
PAY-0001985,INV-2026-01985,2026-10-15,2093000,PAID
PAY-0001986,INV-2026-01986,2026-08-23,442000,PAID
PAY-0001987,INV-2026-01987,2026-12-05,0,OVERDUE
PAY-0001988,INV-2026-01988,2026-11-13,0,OVERDUE
PAY-0001989,INV-2026-01989,2026-10-30,1026205,PARTIAL
PAY-0001990,INV-2026-01990,2026-09-06,0,PENDING
PAY-0001991,INV-2026-01991,2026-12-30,0,OVERDUE
PAY-0001992,INV-2026-01992,2026-10-17,1597850,PARTIAL
PAY-0001993,INV-2026-01993,2026-10-13,4200000,PAID
PAY-0001994,INV-2026-01994,2026-10-13,1964559,PARTIAL
PAY-0001995,INV-2026-01995,2026-09-04,0,PENDING
PAY-0001996,INV-2026-01996,2026-12-14,0,OVERDUE
PAY-0001997,INV-2026-01997,2026-09-10,3782000,PAID
PAY-0001998,INV-2026-01998,2026-11-02,1501233,PARTIAL
PAY-0001999,INV-2026-01999,2026-10-08,0,PENDING
PAY-0002000,INV-2026-02000,2026-09-08,2298000,PAID
PAY-0002001,INV-2026-02001,2026-12-01,0,PENDING
PAY-0002002,INV-2026-02002,2026-08-16,4243000,PAID
PAY-0002003,INV-2026-02003,2026-08-13,0,OVERDUE
PAY-0002004,INV-2026-02004,2026-09-16,0,PENDING
PAY-0002005,INV-2026-02005,2026-08-24,0,OVERDUE
PAY-0002006,INV-2026-02006,2026-11-19,1808831,PARTIAL
PAY-0002007,INV-2026-02007,2026-09-17,1263000,PAID
PAY-0002008,INV-2026-02008,2026-10-14,0,PENDING
PAY-0002009,INV-2026-02009,2026-10-29,0,OVERDUE
PAY-0002010,INV-2026-02010,2026-11-26,169232,PARTIAL
PAY-0002011,INV-2026-02011,2026-09-22,1919000,PAID
PAY-0002012,INV-2026-02012,2026-09-18,0,OVERDUE
PAY-0002013,INV-2026-02013,2026-12-28,2660000,PAID
PAY-0002014,INV-2026-02014,2026-10-03,1104387,PARTIAL
PAY-0002015,INV-2026-02015,2026-08-16,0,PENDING
PAY-0002016,INV-2026-02016,2026-09-12,1783185,PARTIAL
PAY-0002017,INV-2026-02017,2026-07-16,0,PENDING
PAY-0002018,INV-2026-02018,2026-12-21,0,OVERDUE
PAY-0002019,INV-2026-02019,2026-09-25,2748000,PAID
PAY-0002020,INV-2026-02020,2026-11-11,343279,PARTIAL
PAY-0002021,INV-2026-02021,2026-11-07,953490,PARTIAL
PAY-0002022,INV-2026-02022,2026-09-17,0,OVERDUE
PAY-0002023,INV-2026-02023,2026-12-14,4600000,PAID
PAY-0002024,INV-2026-02024,2026-09-10,2870000,PAID
PAY-0002025,INV-2026-02025,2026-10-09,0,PENDING
PAY-0002026,INV-2026-02026,2026-09-26,2876466,PARTIAL
PAY-0002027,INV-2026-02027,2026-08-18,0,OVERDUE
PAY-0002028,INV-2026-02028,2027-02-07,2871000,PAID
PAY-0002029,INV-2026-02029,2026-10-25,2557000,PAID
PAY-0002030,INV-2026-02030,2026-11-05,1110155,PARTIAL
PAY-0002031,INV-2026-02031,2026-10-11,0,OVERDUE
PAY-0002032,INV-2026-02032,2026-12-01,1012471,PARTIAL
PAY-0002033,INV-2026-02033,2026-09-25,447000,PAID
PAY-0002034,INV-2026-02034,2026-11-18,0,PENDING
PAY-0002035,INV-2026-02035,2026-11-02,0,PENDING
PAY-0002036,INV-2026-02036,2026-08-31,0,PENDING
PAY-0002037,INV-2026-02037,2026-08-24,0,PENDING
PAY-0002038,INV-2026-02038,2026-09-13,0,PENDING
PAY-0002039,INV-2026-02039,2026-12-30,1366000,PAID
PAY-0002040,INV-2026-02040,2026-12-02,4136000,PAID
PAY-0002041,INV-2026-02041,2026-09-25,0,OVERDUE
PAY-0002042,INV-2026-02042,2026-08-07,4246000,PAID
PAY-0002043,INV-2026-02043,2026-08-08,0,PENDING
PAY-0002044,INV-2026-02044,2026-09-19,0,PENDING
PAY-0002045,INV-2026-02045,2026-08-14,3806000,PAID
PAY-0002046,INV-2026-02046,2027-01-14,1985886,PARTIAL
PAY-0002047,INV-2026-02047,2026-09-10,0,PENDING
PAY-0002048,INV-2026-02048,2026-10-19,0,PENDING
PAY-0002049,INV-2026-02049,2026-11-12,0,PENDING
PAY-0002050,INV-2026-02050,2026-11-15,4455000,PAID
PAY-0002051,INV-2026-02051,2026-07-18,0,PENDING
PAY-0002052,INV-2026-02052,2026-09-25,4965000,PAID
PAY-0002053,INV-2026-02053,2026-09-26,0,OVERDUE
PAY-0002054,INV-2026-02054,2026-10-21,414119,PARTIAL
PAY-0002055,INV-2026-02055,2026-10-14,1026000,PAID
PAY-0002056,INV-2026-02056,2026-10-31,0,PENDING
PAY-0002057,INV-2026-02057,2026-11-15,359942,PARTIAL
PAY-0002058,INV-2026-02058,2026-11-02,1042000,PAID
PAY-0002059,INV-2026-02059,2026-11-09,1375820,PARTIAL
PAY-0002060,INV-2026-02060,2026-07-31,3474000,PAID
PAY-0002061,INV-2026-02061,2026-08-22,1409432,PARTIAL
PAY-0002062,INV-2026-02062,2026-07-05,4041000,PAID
PAY-0002063,INV-2026-02063,2026-10-25,326218,PARTIAL
PAY-0002064,INV-2026-02064,2026-12-19,1559000,PAID
PAY-0002065,INV-2026-02065,2026-12-01,1142908,PARTIAL
PAY-0002066,INV-2026-02066,2026-10-23,2949000,PAID
PAY-0002067,INV-2026-02067,2026-08-11,0,PENDING
PAY-0002068,INV-2026-02068,2026-08-14,1829000,PAID
PAY-0002069,INV-2026-02069,2026-09-23,0,OVERDUE
PAY-0002070,INV-2026-02070,2026-11-24,0,OVERDUE
PAY-0002071,INV-2026-02071,2026-11-25,0,OVERDUE
PAY-0002072,INV-2026-02072,2026-10-27,686042,PARTIAL
PAY-0002073,INV-2026-02073,2026-10-15,0,PENDING
PAY-0002074,INV-2026-02074,2026-11-20,3907000,PAID
PAY-0002075,INV-2026-02075,2026-08-10,4764000,PAID
PAY-0002076,INV-2026-02076,2026-10-21,3955000,PAID
PAY-0002077,INV-2026-02077,2026-09-05,540000,PAID
PAY-0002078,INV-2026-02078,2026-10-25,0,PENDING
PAY-0002079,INV-2026-02079,2026-12-05,3964000,PAID
PAY-0002080,INV-2026-02080,2026-10-23,738578,PARTIAL
PAY-0002081,INV-2026-02081,2026-09-03,1322000,PAID
PAY-0002082,INV-2026-02082,2026-10-17,2380000,PAID
PAY-0002083,INV-2026-02083,2026-08-03,399703,PARTIAL
PAY-0002084,INV-2026-02084,2026-08-15,1627000,PAID
PAY-0002085,INV-2026-02085,2026-11-18,810769,PARTIAL
PAY-0002086,INV-2026-02086,2026-11-30,1266000,PAID
PAY-0002087,INV-2026-02087,2026-10-27,927472,PARTIAL
PAY-0002088,INV-2026-02088,2027-01-22,4164000,PAID
PAY-0002089,INV-2026-02089,2026-11-18,0,PENDING
PAY-0002090,INV-2026-02090,2026-12-28,1702000,PAID
PAY-0002091,INV-2026-02091,2026-12-06,2842000,PAID
PAY-0002092,INV-2026-02092,2026-12-19,345623,PARTIAL
PAY-0002093,INV-2026-02093,2026-10-03,1449418,PARTIAL
PAY-0002094,INV-2026-02094,2026-10-27,0,PENDING
PAY-0002095,INV-2026-02095,2026-09-09,836816,PARTIAL
PAY-0002096,INV-2026-02096,2026-11-05,1152379,PARTIAL
PAY-0002097,INV-2026-02097,2027-02-10,0,OVERDUE
PAY-0002098,INV-2026-02098,2026-10-10,0,PENDING
PAY-0002099,INV-2026-02099,2026-11-07,2332000,PAID
PAY-0002100,INV-2026-02100,2026-10-10,227000,PAID
PAY-0002101,INV-2026-02101,2026-10-29,3435000,PAID
PAY-0002102,INV-2026-02102,2027-01-10,0,PENDING
PAY-0002103,INV-2026-02103,2027-01-11,267295,PARTIAL
PAY-0002104,INV-2026-02104,2026-12-02,3473000,PAID
PAY-0002105,INV-2026-02105,2026-10-27,0,PENDING
PAY-0002106,INV-2026-02106,2026-08-25,1815000,PAID
PAY-0002107,INV-2026-02107,2026-09-25,0,OVERDUE
PAY-0002108,INV-2026-02108,2026-08-14,19927,PARTIAL
PAY-0002109,INV-2026-02109,2026-09-20,0,PENDING
PAY-0002110,INV-2026-02110,2026-10-17,2995886,PARTIAL
PAY-0002111,INV-2026-02111,2026-10-30,0,PENDING
PAY-0002112,INV-2026-02112,2026-07-30,0,OVERDUE
PAY-0002113,INV-2026-02113,2026-10-16,1229000,PAID
PAY-0002114,INV-2026-02114,2026-10-30,802358,PARTIAL
PAY-0002115,INV-2026-02115,2026-10-12,2644000,PAID
PAY-0002116,INV-2026-02116,2026-08-22,0,OVERDUE
PAY-0002117,INV-2026-02117,2027-01-09,1201000,PAID
PAY-0002118,INV-2026-02118,2026-11-05,1183000,PAID
PAY-0002119,INV-2026-02119,2026-10-05,0,OVERDUE
PAY-0002120,INV-2026-02120,2026-09-17,4499000,PAID
PAY-0002121,INV-2026-02121,2026-12-11,2879892,PARTIAL
PAY-0002122,INV-2026-02122,2026-12-11,1219373,PARTIAL
PAY-0002123,INV-2026-02123,2026-11-17,543050,PARTIAL
PAY-0002124,INV-2026-02124,2026-10-16,2124000,PAID
PAY-0002125,INV-2026-02125,2026-10-26,0,OVERDUE
PAY-0002126,INV-2026-02126,2026-08-09,212241,PARTIAL
PAY-0002127,INV-2026-02127,2026-12-12,816000,PAID
PAY-0002128,INV-2026-02128,2026-08-24,57000,PAID
PAY-0002129,INV-2026-02129,2026-08-19,0,OVERDUE
PAY-0002130,INV-2026-02130,2026-11-04,0,PENDING
PAY-0002131,INV-2026-02131,2026-08-19,0,PENDING
PAY-0002132,INV-2026-02132,2026-09-17,1911616,PARTIAL
PAY-0002133,INV-2026-02133,2026-07-23,2754000,PAID
PAY-0002134,INV-2026-02134,2026-10-15,1213264,PARTIAL
PAY-0002135,INV-2026-02135,2026-08-01,0,PENDING
PAY-0002136,INV-2026-02136,2026-10-30,0,PENDING
PAY-0002137,INV-2026-02137,2026-11-10,3742000,PAID
PAY-0002138,INV-2026-02138,2026-10-30,354000,PAID
PAY-0002139,INV-2026-02139,2026-11-25,4368000,PAID
PAY-0002140,INV-2026-02140,2026-09-25,815000,PAID
PAY-0002141,INV-2026-02141,2026-10-08,4288000,PAID
PAY-0002142,INV-2026-02142,2026-10-24,3207000,PAID
PAY-0002143,INV-2026-02143,2026-10-21,0,OVERDUE
PAY-0002144,INV-2026-02144,2026-11-22,92492,PARTIAL
PAY-0002145,INV-2026-02145,2026-10-09,4443000,PAID
PAY-0002146,INV-2026-02146,2026-09-19,4466000,PAID
PAY-0002147,INV-2026-02147,2026-11-06,1278000,PAID
PAY-0002148,INV-2026-02148,2026-10-04,2077000,PAID
PAY-0002149,INV-2026-02149,2026-09-08,674746,PARTIAL
PAY-0002150,INV-2026-02150,2026-07-02,1960926,PARTIAL
PAY-0002151,INV-2026-02151,2027-01-22,1662916,PARTIAL
PAY-0002152,INV-2026-02152,2026-07-23,1078683,PARTIAL
PAY-0002153,INV-2026-02153,2026-08-24,629237,PARTIAL
PAY-0002154,INV-2026-02154,2026-10-03,3197000,PAID
PAY-0002155,INV-2026-02155,2026-10-28,1154182,PARTIAL
PAY-0002156,INV-2026-02156,2026-10-08,0,PENDING
PAY-0002157,INV-2026-02157,2027-01-14,86000,PAID
PAY-0002158,INV-2026-02158,2026-11-13,71091,PARTIAL
PAY-0002159,INV-2026-02159,2026-11-11,0,PENDING
PAY-0002160,INV-2026-02160,2027-01-20,4013000,PAID
PAY-0002161,INV-2026-02161,2026-09-06,999000,PAID
PAY-0002162,INV-2026-02162,2026-12-26,1982745,PARTIAL
PAY-0002163,INV-2026-02163,2026-09-29,0,PENDING
PAY-0002164,INV-2026-02164,2026-10-24,619924,PARTIAL
PAY-0002165,INV-2026-02165,2026-10-29,2427000,PAID
PAY-0002166,INV-2026-02166,2026-12-11,1477599,PARTIAL
PAY-0002167,INV-2026-02167,2026-11-19,0,OVERDUE
PAY-0002168,INV-2026-02168,2026-09-23,0,PENDING
PAY-0002169,INV-2026-02169,2026-12-04,0,OVERDUE
PAY-0002170,INV-2026-02170,2026-08-29,1378976,PARTIAL
PAY-0002171,INV-2026-02171,2026-07-22,0,PENDING
PAY-0002172,INV-2026-02172,2027-01-08,1372000,PAID
PAY-0002173,INV-2026-02173,2026-09-21,3036000,PAID
PAY-0002174,INV-2026-02174,2026-08-14,1543000,PAID
PAY-0002175,INV-2026-02175,2026-10-28,0,OVERDUE
PAY-0002176,INV-2026-02176,2026-09-14,2380000,PAID
PAY-0002177,INV-2026-02177,2026-10-10,2790000,PAID
PAY-0002178,INV-2026-02178,2026-07-21,0,PENDING
PAY-0002179,INV-2026-02179,2026-09-02,0,PENDING
PAY-0002180,INV-2026-02180,2026-09-11,3337000,PAID
PAY-0002181,INV-2026-02181,2026-11-07,0,PENDING
PAY-0002182,INV-2026-02182,2026-08-24,1151669,PARTIAL
PAY-0002183,INV-2026-02183,2026-11-16,1745000,PAID
PAY-0002184,INV-2026-02184,2026-11-21,2373000,PAID
PAY-0002185,INV-2026-02185,2026-10-12,2115000,PAID
PAY-0002186,INV-2026-02186,2026-12-23,3223000,PAID
PAY-0002187,INV-2026-02187,2026-12-07,237000,PAID
PAY-0002188,INV-2026-02188,2026-10-30,3389000,PAID
PAY-0002189,INV-2026-02189,2026-09-15,2592000,PAID
PAY-0002190,INV-2026-02190,2026-10-21,1753923,PARTIAL
PAY-0002191,INV-2026-02191,2026-10-12,0,PENDING
PAY-0002192,INV-2026-02192,2026-09-04,0,PENDING
PAY-0002193,INV-2026-02193,2026-09-12,0,PENDING
PAY-0002194,INV-2026-02194,2026-08-31,2818000,PAID
PAY-0002195,INV-2026-02195,2026-09-27,988000,PAID
PAY-0002196,INV-2026-02196,2026-09-02,988872,PARTIAL
PAY-0002197,INV-2026-02197,2026-09-24,0,OVERDUE
PAY-0002198,INV-2026-02198,2026-07-27,526000,PAID
PAY-0002199,INV-2026-02199,2026-11-09,4925000,PAID
PAY-0002200,INV-2026-02200,2026-10-16,0,PENDING
PAY-0002201,INV-2026-02201,2026-09-03,0,OVERDUE
PAY-0002202,INV-2026-02202,2026-11-27,1212741,PARTIAL
PAY-0002203,INV-2026-02203,2026-11-04,0,PENDING
PAY-0002204,INV-2026-02204,2026-08-19,593720,PARTIAL
PAY-0002205,INV-2026-02205,2026-08-20,0,PENDING
PAY-0002206,INV-2026-02206,2026-09-25,548438,PARTIAL
PAY-0002207,INV-2026-02207,2026-09-29,0,OVERDUE
PAY-0002208,INV-2026-02208,2026-12-10,0,PENDING
PAY-0002209,INV-2026-02209,2026-12-22,2269939,PARTIAL
PAY-0002210,INV-2026-02210,2026-08-03,4543000,PAID
PAY-0002211,INV-2026-02211,2026-11-26,1270457,PARTIAL
PAY-0002212,INV-2026-02212,2026-10-05,825000,PAID
PAY-0002213,INV-2026-02213,2026-10-13,0,OVERDUE
PAY-0002214,INV-2026-02214,2026-10-28,0,PENDING
PAY-0002215,INV-2026-02215,2026-10-25,0,PENDING
PAY-0002216,INV-2026-02216,2026-09-11,3971000,PAID
PAY-0002217,INV-2026-02217,2026-09-25,1825000,PAID
PAY-0002218,INV-2026-02218,2026-06-30,0,PENDING
PAY-0002219,INV-2026-02219,2026-10-21,0,PENDING
PAY-0002220,INV-2026-02220,2026-11-30,3532000,PAID
PAY-0002221,INV-2026-02221,2026-07-26,4267000,PAID
PAY-0002222,INV-2026-02222,2026-11-24,0,PENDING
PAY-0002223,INV-2026-02223,2026-10-26,4983000,PAID
PAY-0002224,INV-2026-02224,2026-11-14,0,PENDING
PAY-0002225,INV-2026-02225,2026-11-13,2699000,PAID
PAY-0002226,INV-2026-02226,2026-11-19,1363716,PARTIAL
PAY-0002227,INV-2026-02227,2026-12-31,1589000,PAID
PAY-0002228,INV-2026-02228,2026-12-07,290000,PAID
PAY-0002229,INV-2026-02229,2026-10-25,3661000,PAID
PAY-0002230,INV-2026-02230,2026-09-17,0,OVERDUE
PAY-0002231,INV-2026-02231,2027-01-07,0,PENDING
PAY-0002232,INV-2026-02232,2026-08-03,3665000,PAID
PAY-0002233,INV-2026-02233,2026-09-07,372000,PAID
PAY-0002234,INV-2026-02234,2026-09-14,2764129,PARTIAL
PAY-0002235,INV-2026-02235,2026-11-21,1532000,PAID
PAY-0002236,INV-2026-02236,2026-07-23,3843000,PAID
PAY-0002237,INV-2026-02237,2026-08-10,4880000,PAID
PAY-0002238,INV-2026-02238,2026-08-27,1278000,PAID
PAY-0002239,INV-2026-02239,2026-11-02,345000,PAID
PAY-0002240,INV-2026-02240,2026-09-11,0,OVERDUE
PAY-0002241,INV-2026-02241,2026-09-20,0,PENDING
PAY-0002242,INV-2026-02242,2026-09-25,110243,PARTIAL
PAY-0002243,INV-2026-02243,2026-10-08,0,OVERDUE
PAY-0002244,INV-2026-02244,2026-12-31,1465000,PAID
PAY-0002245,INV-2026-02245,2026-12-24,2176000,PAID
PAY-0002246,INV-2026-02246,2026-08-06,2411000,PAID
PAY-0002247,INV-2026-02247,2026-10-09,2319000,PAID
PAY-0002248,INV-2026-02248,2026-11-24,3392000,PAID
PAY-0002249,INV-2026-02249,2027-02-01,0,PENDING
PAY-0002250,INV-2026-02250,2026-10-14,2539000,PAID
PAY-0002251,INV-2026-02251,2026-10-16,587000,PAID
PAY-0002252,INV-2026-02252,2026-12-26,4444000,PAID
PAY-0002253,INV-2026-02253,2026-09-27,2242000,PAID
PAY-0002254,INV-2026-02254,2026-11-25,456934,PARTIAL
PAY-0002255,INV-2026-02255,2026-12-30,1360000,PAID
PAY-0002256,INV-2026-02256,2026-12-17,3258000,PAID
PAY-0002257,INV-2026-02257,2027-01-17,290000,PAID
PAY-0002258,INV-2026-02258,2026-11-24,0,OVERDUE
PAY-0002259,INV-2026-02259,2026-11-21,3396000,PAID
PAY-0002260,INV-2026-02260,2027-01-12,0,PENDING
PAY-0002261,INV-2026-02261,2026-08-28,0,PENDING
PAY-0002262,INV-2026-02262,2026-09-14,1569336,PARTIAL
PAY-0002263,INV-2026-02263,2026-10-22,0,PENDING
PAY-0002264,INV-2026-02264,2026-09-10,0,PENDING
PAY-0002265,INV-2026-02265,2026-10-13,0,OVERDUE
PAY-0002266,INV-2026-02266,2026-10-17,0,PENDING
PAY-0002267,INV-2026-02267,2026-10-28,631905,PARTIAL
PAY-0002268,INV-2026-02268,2026-10-20,0,PENDING
PAY-0002269,INV-2026-02269,2026-08-21,0,OVERDUE
PAY-0002270,INV-2026-02270,2026-08-23,0,OVERDUE
PAY-0002271,INV-2026-02271,2026-09-02,821000,PAID
PAY-0002272,INV-2026-02272,2026-12-28,0,PENDING
PAY-0002273,INV-2026-02273,2026-11-26,1954000,PAID
PAY-0002274,INV-2026-02274,2026-09-01,0,PENDING
PAY-0002275,INV-2026-02275,2026-09-09,450205,PARTIAL
PAY-0002276,INV-2026-02276,2026-09-20,0,OVERDUE
PAY-0002277,INV-2026-02277,2026-12-06,3824000,PAID
PAY-0002278,INV-2026-02278,2026-11-19,0,PENDING
PAY-0002279,INV-2026-02279,2026-11-16,468000,PAID
PAY-0002280,INV-2026-02280,2026-12-07,0,PENDING
PAY-0002281,INV-2026-02281,2026-11-12,0,PENDING
PAY-0002282,INV-2026-02282,2026-10-20,712000,PAID
PAY-0002283,INV-2026-02283,2026-10-25,0,PENDING
PAY-0002284,INV-2026-02284,2026-09-21,0,PENDING
PAY-0002285,INV-2026-02285,2026-09-23,1577000,PAID
PAY-0002286,INV-2026-02286,2026-09-28,3673000,PAID
PAY-0002287,INV-2026-02287,2027-01-26,2650000,PAID
PAY-0002288,INV-2026-02288,2026-12-06,0,PENDING
PAY-0002289,INV-2026-02289,2026-08-22,0,OVERDUE
PAY-0002290,INV-2026-02290,2026-08-31,3671000,PAID
PAY-0002291,INV-2026-02291,2026-10-04,0,PENDING
PAY-0002292,INV-2026-02292,2026-08-31,0,PENDING
PAY-0002293,INV-2026-02293,2026-11-30,654000,PAID
PAY-0002294,INV-2026-02294,2026-11-10,2752000,PAID
PAY-0002295,INV-2026-02295,2026-09-14,3480000,PAID
PAY-0002296,INV-2026-02296,2026-08-21,1813000,PAID
PAY-0002297,INV-2026-02297,2026-10-09,4605000,PAID
PAY-0002298,INV-2026-02298,2026-12-04,0,PENDING
PAY-0002299,INV-2026-02299,2026-11-07,0,PENDING
PAY-0002300,INV-2026-02300,2026-10-24,1235000,PAID
PAY-0002301,INV-2026-02301,2026-08-31,0,PENDING
PAY-0002302,INV-2026-02302,2026-10-24,1205527,PARTIAL
PAY-0002303,INV-2026-02303,2026-11-29,952000,PAID
PAY-0002304,INV-2026-02304,2026-11-16,0,OVERDUE
PAY-0002305,INV-2026-02305,2026-11-19,985570,PARTIAL
PAY-0002306,INV-2026-02306,2026-09-08,0,PENDING
PAY-0002307,INV-2026-02307,2026-12-08,1334000,PAID
PAY-0002308,INV-2026-02308,2026-09-17,713210,PARTIAL
PAY-0002309,INV-2026-02309,2026-11-18,499186,PARTIAL
PAY-0002310,INV-2026-02310,2026-11-05,2833000,PAID
PAY-0002311,INV-2026-02311,2026-10-28,4221000,PAID
PAY-0002312,INV-2026-02312,2026-12-29,365954,PARTIAL
PAY-0002313,INV-2026-02313,2026-10-12,507171,PARTIAL
PAY-0002314,INV-2026-02314,2026-10-04,0,PENDING
PAY-0002315,INV-2026-02315,2026-08-02,2147592,PARTIAL
PAY-0002316,INV-2026-02316,2026-10-09,3746000,PAID
PAY-0002317,INV-2026-02317,2026-09-25,0,OVERDUE
PAY-0002318,INV-2026-02318,2026-09-10,0,PENDING
PAY-0002319,INV-2026-02319,2026-10-27,0,OVERDUE
PAY-0002320,INV-2026-02320,2026-11-17,0,PENDING
PAY-0002321,INV-2026-02321,2026-09-02,502000,PAID
PAY-0002322,INV-2026-02322,2026-08-18,0,OVERDUE
PAY-0002323,INV-2026-02323,2026-11-02,119000,PAID
PAY-0002324,INV-2026-02324,2026-11-17,1134527,PARTIAL
PAY-0002325,INV-2026-02325,2026-11-05,1247000,PAID
PAY-0002326,INV-2026-02326,2026-12-16,0,PENDING
PAY-0002327,INV-2026-02327,2026-08-13,2499121,PARTIAL
PAY-0002328,INV-2026-02328,2026-09-29,588419,PARTIAL
PAY-0002329,INV-2026-02329,2026-07-29,1430428,PARTIAL
PAY-0002330,INV-2026-02330,2026-08-22,0,PENDING
PAY-0002331,INV-2026-02331,2026-11-06,4557000,PAID
PAY-0002332,INV-2026-02332,2026-09-18,0,OVERDUE
PAY-0002333,INV-2026-02333,2026-08-26,1870000,PAID
PAY-0002334,INV-2026-02334,2026-11-15,0,PENDING
PAY-0002335,INV-2026-02335,2026-10-07,113333,PARTIAL
PAY-0002336,INV-2026-02336,2026-07-13,0,PENDING
PAY-0002337,INV-2026-02337,2026-10-28,0,PENDING
PAY-0002338,INV-2026-02338,2026-09-06,122000,PAID
PAY-0002339,INV-2026-02339,2026-11-01,3041000,PAID
PAY-0002340,INV-2026-02340,2026-08-01,729521,PARTIAL
PAY-0002341,INV-2026-02341,2026-08-06,0,OVERDUE
PAY-0002342,INV-2026-02342,2026-11-17,2219000,PAID
PAY-0002343,INV-2026-02343,2026-11-20,3493000,PAID
PAY-0002344,INV-2026-02344,2026-08-22,0,OVERDUE
PAY-0002345,INV-2026-02345,2026-07-16,0,PENDING
PAY-0002346,INV-2026-02346,2026-12-11,296555,PARTIAL
PAY-0002347,INV-2026-02347,2026-10-24,2020000,PAID
PAY-0002348,INV-2026-02348,2026-12-09,1360260,PARTIAL
PAY-0002349,INV-2026-02349,2026-10-20,256000,PAID
PAY-0002350,INV-2026-02350,2026-11-28,1652000,PAID
PAY-0002351,INV-2026-02351,2026-11-30,1408000,PAID
PAY-0002352,INV-2026-02352,2026-11-15,2414000,PAID
PAY-0002353,INV-2026-02353,2027-02-03,0,PENDING
PAY-0002354,INV-2026-02354,2026-08-11,1839000,PAID
PAY-0002355,INV-2026-02355,2026-08-30,3794000,PAID
PAY-0002356,INV-2026-02356,2026-09-08,0,OVERDUE
PAY-0002357,INV-2026-02357,2026-10-23,4973000,PAID
PAY-0002358,INV-2026-02358,2026-12-07,0,OVERDUE
PAY-0002359,INV-2026-02359,2026-10-17,0,OVERDUE
PAY-0002360,INV-2026-02360,2026-11-16,4627000,PAID
PAY-0002361,INV-2026-02361,2026-10-03,0,PENDING
PAY-0002362,INV-2026-02362,2026-11-26,0,OVERDUE
PAY-0002363,INV-2026-02363,2026-10-28,1237000,PAID
PAY-0002364,INV-2026-02364,2026-09-12,0,PENDING
PAY-0002365,INV-2026-02365,2026-11-23,407000,PAID
PAY-0002366,INV-2026-02366,2026-10-24,581539,PARTIAL
PAY-0002367,INV-2026-02367,2026-10-31,0,PENDING
PAY-0002368,INV-2026-02368,2026-08-16,1627000,PAID
PAY-0002369,INV-2026-02369,2027-01-19,4829000,PAID
PAY-0002370,INV-2026-02370,2026-10-13,3985000,PAID
PAY-0002371,INV-2026-02371,2026-12-06,0,PENDING
PAY-0002372,INV-2026-02372,2026-11-18,0,OVERDUE
PAY-0002373,INV-2026-02373,2026-11-06,1085112,PARTIAL
PAY-0002374,INV-2026-02374,2026-11-20,1849320,PARTIAL
PAY-0002375,INV-2026-02375,2026-10-07,1542428,PARTIAL
PAY-0002376,INV-2026-02376,2026-10-27,0,PENDING
PAY-0002377,INV-2026-02377,2026-10-10,1517982,PARTIAL
PAY-0002378,INV-2026-02378,2026-09-17,821000,PAID
PAY-0002379,INV-2026-02379,2026-12-31,0,PENDING
PAY-0002380,INV-2026-02380,2026-10-27,0,OVERDUE
PAY-0002381,INV-2026-02381,2026-11-12,0,PENDING
PAY-0002382,INV-2026-02382,2026-10-13,0,OVERDUE
PAY-0002383,INV-2026-02383,2026-08-14,437000,PAID
PAY-0002384,INV-2026-02384,2026-09-23,3539000,PAID
PAY-0002385,INV-2026-02385,2026-10-08,0,OVERDUE
PAY-0002386,INV-2026-02386,2026-10-25,560464,PARTIAL
PAY-0002387,INV-2026-02387,2026-09-02,4366000,PAID
PAY-0002388,INV-2026-02388,2026-08-31,0,PENDING
PAY-0002389,INV-2026-02389,2026-09-11,4976000,PAID
PAY-0002390,INV-2026-02390,2026-09-05,4174000,PAID
PAY-0002391,INV-2026-02391,2026-10-12,0,OVERDUE
PAY-0002392,INV-2026-02392,2026-10-05,1387437,PARTIAL
PAY-0002393,INV-2026-02393,2026-10-17,2851000,PAID
PAY-0002394,INV-2026-02394,2026-10-04,3608547,PARTIAL
PAY-0002395,INV-2026-02395,2026-11-24,596000,PAID
PAY-0002396,INV-2026-02396,2026-11-29,1520000,PAID
PAY-0002397,INV-2026-02397,2026-09-19,1589000,PAID
PAY-0002398,INV-2026-02398,2026-11-12,1341552,PARTIAL
PAY-0002399,INV-2026-02399,2026-10-29,1753000,PAID
PAY-0002400,INV-2026-02400,2026-09-09,0,PENDING
PAY-0002401,INV-2026-02401,2026-12-19,3902000,PAID
PAY-0002402,INV-2026-02402,2026-11-22,0,PENDING
PAY-0002403,INV-2026-02403,2026-12-09,4795000,PAID
PAY-0002404,INV-2026-02404,2026-11-06,168553,PARTIAL
PAY-0002405,INV-2026-02405,2026-08-17,0,PENDING
PAY-0002406,INV-2026-02406,2026-12-14,595000,PAID
PAY-0002407,INV-2026-02407,2026-08-18,0,PENDING
PAY-0002408,INV-2026-02408,2026-10-18,3972000,PAID
PAY-0002409,INV-2026-02409,2026-09-18,0,OVERDUE
PAY-0002410,INV-2026-02410,2026-09-02,1260115,PARTIAL
PAY-0002411,INV-2026-02411,2026-08-19,2062000,PAID
PAY-0002412,INV-2026-02412,2026-08-26,118387,PARTIAL
PAY-0002413,INV-2026-02413,2026-08-31,822832,PARTIAL
PAY-0002414,INV-2026-02414,2026-10-28,1338000,PAID
PAY-0002415,INV-2026-02415,2026-10-29,3542165,PARTIAL
PAY-0002416,INV-2026-02416,2026-09-13,313038,PARTIAL
PAY-0002417,INV-2026-02417,2026-07-25,0,OVERDUE
PAY-0002418,INV-2026-02418,2026-10-18,950809,PARTIAL
PAY-0002419,INV-2026-02419,2026-12-12,2598000,PAID
PAY-0002420,INV-2026-02420,2026-09-09,507000,PAID
PAY-0002421,INV-2026-02421,2026-08-30,0,PENDING
PAY-0002422,INV-2026-02422,2026-09-01,0,PENDING
PAY-0002423,INV-2026-02423,2026-11-22,0,PENDING
PAY-0002424,INV-2026-02424,2026-10-27,0,OVERDUE
PAY-0002425,INV-2026-02425,2026-11-03,1964000,PAID
PAY-0002426,INV-2026-02426,2026-10-20,585000,PAID
PAY-0002427,INV-2026-02427,2026-12-10,0,PENDING
PAY-0002428,INV-2026-02428,2026-08-18,0,PENDING
PAY-0002429,INV-2026-02429,2026-11-22,4247000,PAID
PAY-0002430,INV-2026-02430,2026-10-01,0,PENDING
PAY-0002431,INV-2026-02431,2026-09-15,3088000,PAID
PAY-0002432,INV-2026-02432,2026-12-10,355000,PAID
PAY-0002433,INV-2026-02433,2026-08-19,1489000,PAID
PAY-0002434,INV-2026-02434,2026-11-14,575793,PARTIAL
PAY-0002435,INV-2026-02435,2026-09-15,0,OVERDUE
PAY-0002436,INV-2026-02436,2026-11-23,4632000,PAID
PAY-0002437,INV-2026-02437,2026-11-05,3978000,PAID
PAY-0002438,INV-2026-02438,2026-10-19,3506000,PAID
PAY-0002439,INV-2026-02439,2026-10-16,0,PENDING
PAY-0002440,INV-2026-02440,2026-10-26,4551000,PAID
PAY-0002441,INV-2026-02441,2026-09-17,4872000,PAID
PAY-0002442,INV-2026-02442,2026-08-24,2030418,PARTIAL
PAY-0002443,INV-2026-02443,2026-12-04,3342000,PAID
PAY-0002444,INV-2026-02444,2026-10-02,4875000,PAID
PAY-0002445,INV-2026-02445,2026-10-09,547443,PARTIAL
PAY-0002446,INV-2026-02446,2026-12-19,0,PENDING
PAY-0002447,INV-2026-02447,2026-08-31,711000,PAID
PAY-0002448,INV-2026-02448,2026-09-10,3720000,PAID
PAY-0002449,INV-2026-02449,2026-10-20,3481000,PAID
PAY-0002450,INV-2026-02450,2026-12-12,4496000,PAID
PAY-0002451,INV-2026-02451,2026-11-30,0,PENDING
PAY-0002452,INV-2026-02452,2026-10-10,1530000,PAID
PAY-0002453,INV-2026-02453,2026-11-11,3064000,PAID
PAY-0002454,INV-2026-02454,2026-08-12,2329000,PAID
PAY-0002455,INV-2026-02455,2026-11-24,3396000,PAID
PAY-0002456,INV-2026-02456,2026-11-13,0,PENDING
PAY-0002457,INV-2026-02457,2026-12-01,3913000,PAID
PAY-0002458,INV-2026-02458,2026-11-06,121145,PARTIAL
PAY-0002459,INV-2026-02459,2026-10-03,1539101,PARTIAL
PAY-0002460,INV-2026-02460,2027-01-08,1462000,PAID
PAY-0002461,INV-2026-02461,2026-12-14,634000,PAID
PAY-0002462,INV-2026-02462,2026-11-10,0,PENDING
PAY-0002463,INV-2026-02463,2026-11-01,1353054,PARTIAL
PAY-0002464,INV-2026-02464,2026-09-18,2874701,PARTIAL
PAY-0002465,INV-2026-02465,2026-11-13,228000,PAID
PAY-0002466,INV-2026-02466,2026-12-16,4549000,PAID
PAY-0002467,INV-2026-02467,2026-08-29,886215,PARTIAL
PAY-0002468,INV-2026-02468,2026-12-15,0,OVERDUE
PAY-0002469,INV-2026-02469,2026-08-03,2225824,PARTIAL
PAY-0002470,INV-2026-02470,2026-10-31,0,PENDING
PAY-0002471,INV-2026-02471,2026-10-03,0,OVERDUE
PAY-0002472,INV-2026-02472,2026-11-19,3142000,PAID
PAY-0002473,INV-2026-02473,2026-09-09,0,PENDING
PAY-0002474,INV-2026-02474,2026-10-08,390926,PARTIAL
PAY-0002475,INV-2026-02475,2026-10-02,3707000,PAID
PAY-0002476,INV-2026-02476,2026-10-19,3556000,PAID
PAY-0002477,INV-2026-02477,2026-10-06,0,OVERDUE
PAY-0002478,INV-2026-02478,2027-01-02,4590000,PAID
PAY-0002479,INV-2026-02479,2026-12-02,0,OVERDUE
PAY-0002480,INV-2026-02480,2027-01-01,1038812,PARTIAL
PAY-0002481,INV-2026-02481,2026-11-09,257694,PARTIAL
PAY-0002482,INV-2026-02482,2026-10-31,0,OVERDUE
PAY-0002483,INV-2026-02483,2026-10-21,2016000,PAID
PAY-0002484,INV-2026-02484,2026-08-25,2355000,PAID
PAY-0002485,INV-2026-02485,2026-11-07,3982000,PAID
PAY-0002486,INV-2026-02486,2026-10-10,838985,PARTIAL
PAY-0002487,INV-2026-02487,2026-11-21,0,OVERDUE
PAY-0002488,INV-2026-02488,2026-08-02,0,OVERDUE
PAY-0002489,INV-2026-02489,2026-11-02,695436,PARTIAL
PAY-0002490,INV-2026-02490,2026-11-30,2975000,PAID
PAY-0002491,INV-2026-02491,2026-08-30,2207000,PAID
PAY-0002492,INV-2026-02492,2026-10-04,3512000,PAID
PAY-0002493,INV-2026-02493,2027-01-29,1116000,PAID
PAY-0002494,INV-2026-02494,2026-11-30,160000,PAID
PAY-0002495,INV-2026-02495,2026-10-18,0,PENDING
PAY-0002496,INV-2026-02496,2026-11-19,0,OVERDUE
PAY-0002497,INV-2026-02497,2026-12-27,4965000,PAID
PAY-0002498,INV-2026-02498,2026-09-01,4536000,PAID
PAY-0002499,INV-2026-02499,2026-11-01,2258228,PARTIAL
PAY-0002500,INV-2026-02500,2026-10-19,0,OVERDUE
PAY-0002501,INV-2026-02501,2026-10-29,0,OVERDUE
PAY-0002502,INV-2026-02502,2026-12-30,2815915,PARTIAL
PAY-0002503,INV-2026-02503,2026-10-03,775223,PARTIAL
PAY-0002504,INV-2026-02504,2026-11-17,0,OVERDUE
PAY-0002505,INV-2026-02505,2026-08-29,0,PENDING
PAY-0002506,INV-2026-02506,2026-10-10,820417,PARTIAL
PAY-0002507,INV-2026-02507,2026-11-17,0,PENDING
PAY-0002508,INV-2026-02508,2026-11-18,2703939,PARTIAL
PAY-0002509,INV-2026-02509,2026-10-05,0,PENDING
PAY-0002510,INV-2026-02510,2026-09-17,1324000,PAID
PAY-0002511,INV-2026-02511,2026-12-15,241145,PARTIAL
PAY-0002512,INV-2026-02512,2026-10-16,2569000,PAID
PAY-0002513,INV-2026-02513,2026-09-24,482981,PARTIAL
PAY-0002514,INV-2026-02514,2026-10-24,0,OVERDUE
PAY-0002515,INV-2026-02515,2026-09-07,0,PENDING
PAY-0002516,INV-2026-02516,2026-12-04,186000,PAID
PAY-0002517,INV-2026-02517,2026-10-21,2304947,PARTIAL
PAY-0002518,INV-2026-02518,2026-10-08,3378000,PAID
PAY-0002519,INV-2026-02519,2026-08-12,252988,PARTIAL
PAY-0002520,INV-2026-02520,2026-07-12,0,PENDING
PAY-0002521,INV-2026-02521,2027-02-05,1762907,PARTIAL
PAY-0002522,INV-2026-02522,2026-09-09,693000,PAID
PAY-0002523,INV-2026-02523,2026-10-16,1790082,PARTIAL
PAY-0002524,INV-2026-02524,2026-09-17,3213202,PARTIAL
PAY-0002525,INV-2026-02525,2026-09-25,4779000,PAID
PAY-0002526,INV-2026-02526,2026-12-20,672000,PAID
PAY-0002527,INV-2026-02527,2026-11-24,2638197,PARTIAL
PAY-0002528,INV-2026-02528,2026-08-24,0,OVERDUE
PAY-0002529,INV-2026-02529,2026-10-02,2598000,PAID
PAY-0002530,INV-2026-02530,2026-07-16,0,PENDING
PAY-0002531,INV-2026-02531,2026-08-11,1598000,PAID
PAY-0002532,INV-2026-02532,2026-11-14,2603000,PAID
PAY-0002533,INV-2026-02533,2026-11-01,1043440,PARTIAL
PAY-0002534,INV-2026-02534,2026-10-08,476000,PAID
PAY-0002535,INV-2026-02535,2026-10-08,1317000,PAID
PAY-0002536,INV-2026-02536,2026-08-27,3339000,PAID
PAY-0002537,INV-2026-02537,2026-08-22,0,PENDING
PAY-0002538,INV-2026-02538,2026-08-26,2677000,PAID
PAY-0002539,INV-2026-02539,2026-09-15,629563,PARTIAL
PAY-0002540,INV-2026-02540,2026-10-19,867000,PAID
PAY-0002541,INV-2026-02541,2026-10-13,4547000,PAID
PAY-0002542,INV-2026-02542,2026-10-02,0,OVERDUE
PAY-0002543,INV-2026-02543,2026-11-05,0,PENDING
PAY-0002544,INV-2026-02544,2026-11-27,3380000,PAID
PAY-0002545,INV-2026-02545,2026-10-24,0,OVERDUE
PAY-0002546,INV-2026-02546,2026-09-15,0,PENDING
PAY-0002547,INV-2026-02547,2026-10-29,2084694,PARTIAL
PAY-0002548,INV-2026-02548,2026-11-06,3265437,PARTIAL
PAY-0002549,INV-2026-02549,2026-10-15,1061000,PAID
PAY-0002550,INV-2026-02550,2026-10-23,0,PENDING
PAY-0002551,INV-2026-02551,2026-09-19,0,PENDING
PAY-0002552,INV-2026-02552,2026-08-16,0,OVERDUE
PAY-0002553,INV-2026-02553,2026-09-18,4117000,PAID
PAY-0002554,INV-2026-02554,2026-09-24,4708000,PAID
PAY-0002555,INV-2026-02555,2026-10-19,0,OVERDUE
PAY-0002556,INV-2026-02556,2026-08-30,0,PENDING
PAY-0002557,INV-2026-02557,2026-11-25,946218,PARTIAL
PAY-0002558,INV-2026-02558,2026-09-08,1105000,PAID
PAY-0002559,INV-2026-02559,2026-11-07,983782,PARTIAL
PAY-0002560,INV-2026-02560,2026-09-19,416000,PAID
PAY-0002561,INV-2026-02561,2026-09-03,4277000,PAID
PAY-0002562,INV-2026-02562,2026-07-14,0,OVERDUE
PAY-0002563,INV-2026-02563,2026-12-08,3478000,PAID
PAY-0002564,INV-2026-02564,2026-11-26,0,PENDING
PAY-0002565,INV-2026-02565,2026-10-13,183882,PARTIAL
PAY-0002566,INV-2026-02566,2026-10-29,4837000,PAID
PAY-0002567,INV-2026-02567,2026-09-04,2176000,PAID
PAY-0002568,INV-2026-02568,2026-10-21,2953000,PAID
PAY-0002569,INV-2026-02569,2026-10-25,4398000,PAID
PAY-0002570,INV-2026-02570,2026-09-03,1996000,PAID
PAY-0002571,INV-2026-02571,2026-10-18,1295941,PARTIAL
PAY-0002572,INV-2026-02572,2026-08-19,0,OVERDUE
PAY-0002573,INV-2026-02573,2026-09-29,2339000,PAID
PAY-0002574,INV-2026-02574,2026-10-16,239143,PARTIAL
PAY-0002575,INV-2026-02575,2026-08-22,2747000,PAID
PAY-0002576,INV-2026-02576,2026-10-28,2693000,PAID
PAY-0002577,INV-2026-02577,2026-10-11,4715000,PAID
PAY-0002578,INV-2026-02578,2026-09-24,1049000,PAID
PAY-0002579,INV-2026-02579,2026-10-04,3012000,PAID
PAY-0002580,INV-2026-02580,2026-08-26,4871000,PAID
PAY-0002581,INV-2026-02581,2026-11-27,268215,PARTIAL
PAY-0002582,INV-2026-02582,2026-08-23,3276000,PAID
PAY-0002583,INV-2026-02583,2027-01-02,0,PENDING
PAY-0002584,INV-2026-02584,2026-11-17,2301071,PARTIAL
PAY-0002585,INV-2026-02585,2026-12-18,0,OVERDUE
PAY-0002586,INV-2026-02586,2026-10-26,4431000,PAID
PAY-0002587,INV-2026-02587,2026-11-04,0,OVERDUE
PAY-0002588,INV-2026-02588,2026-09-17,0,PENDING
PAY-0002589,INV-2026-02589,2026-10-28,4227000,PAID
PAY-0002590,INV-2026-02590,2026-12-05,0,OVERDUE
PAY-0002591,INV-2026-02591,2026-09-11,3320000,PAID
PAY-0002592,INV-2026-02592,2026-11-20,2252000,PAID
PAY-0002593,INV-2026-02593,2026-09-30,0,PENDING
PAY-0002594,INV-2026-02594,2026-10-11,0,PENDING
PAY-0002595,INV-2026-02595,2026-10-20,2751000,PAID
PAY-0002596,INV-2026-02596,2026-12-06,1607181,PARTIAL
PAY-0002597,INV-2026-02597,2026-11-05,0,OVERDUE
PAY-0002598,INV-2026-02598,2026-10-15,1331000,PAID
PAY-0002599,INV-2026-02599,2026-12-14,0,OVERDUE
PAY-0002600,INV-2026-02600,2026-12-23,1710615,PARTIAL
PAY-0002601,INV-2026-02601,2026-12-04,2984000,PAID
PAY-0002602,INV-2026-02602,2026-11-25,3659000,PAID
PAY-0002603,INV-2026-02603,2026-11-09,317591,PARTIAL
PAY-0002604,INV-2026-02604,2026-06-28,369098,PARTIAL
PAY-0002605,INV-2026-02605,2026-10-27,753000,PAID
PAY-0002606,INV-2026-02606,2026-08-21,1321000,PAID
PAY-0002607,INV-2026-02607,2026-11-19,1572085,PARTIAL
PAY-0002608,INV-2026-02608,2026-11-12,441320,PARTIAL
PAY-0002609,INV-2026-02609,2026-12-02,4309000,PAID
PAY-0002610,INV-2026-02610,2026-10-30,728000,PAID
PAY-0002611,INV-2026-02611,2026-11-29,1660000,PAID
PAY-0002612,INV-2026-02612,2026-12-17,0,PENDING
PAY-0002613,INV-2026-02613,2026-10-14,4367000,PAID
PAY-0002614,INV-2026-02614,2026-09-11,2883000,PAID
PAY-0002615,INV-2026-02615,2026-09-15,1321698,PARTIAL
PAY-0002616,INV-2026-02616,2026-09-30,2097248,PARTIAL
PAY-0002617,INV-2026-02617,2026-09-25,1178000,PAID
PAY-0002618,INV-2026-02618,2026-09-15,0,PENDING
PAY-0002619,INV-2026-02619,2026-11-08,0,PENDING
PAY-0002620,INV-2026-02620,2026-09-27,3398000,PAID
PAY-0002621,INV-2026-02621,2026-08-12,0,PENDING
PAY-0002622,INV-2026-02622,2026-11-01,1831000,PAID
PAY-0002623,INV-2026-02623,2026-09-10,3769000,PAID
PAY-0002624,INV-2026-02624,2026-10-16,1350000,PAID
PAY-0002625,INV-2026-02625,2026-10-24,956524,PARTIAL
PAY-0002626,INV-2026-02626,2026-09-30,3289000,PAID
PAY-0002627,INV-2026-02627,2026-12-20,0,PENDING
PAY-0002628,INV-2026-02628,2026-10-28,0,OVERDUE
PAY-0002629,INV-2026-02629,2026-09-26,0,PENDING
PAY-0002630,INV-2026-02630,2026-09-15,1185033,PARTIAL
PAY-0002631,INV-2026-02631,2026-08-19,1403000,PAID
PAY-0002632,INV-2026-02632,2026-10-23,0,OVERDUE
PAY-0002633,INV-2026-02633,2026-11-10,0,OVERDUE
PAY-0002634,INV-2026-02634,2026-11-11,3654000,PAID
PAY-0002635,INV-2026-02635,2026-10-27,0,PENDING
PAY-0002636,INV-2026-02636,2026-11-14,2532000,PAID
PAY-0002637,INV-2026-02637,2026-11-09,1590849,PARTIAL
PAY-0002638,INV-2026-02638,2026-10-18,884000,PAID
PAY-0002639,INV-2026-02639,2026-10-18,627420,PARTIAL
PAY-0002640,INV-2026-02640,2026-12-08,0,PENDING
PAY-0002641,INV-2026-02641,2026-08-25,733001,PARTIAL
PAY-0002642,INV-2026-02642,2026-07-22,1073000,PAID
PAY-0002643,INV-2026-02643,2026-12-08,2116000,PAID
PAY-0002644,INV-2026-02644,2026-08-28,1259770,PARTIAL
PAY-0002645,INV-2026-02645,2026-10-22,4445000,PAID
PAY-0002646,INV-2026-02646,2026-11-15,2269907,PARTIAL
PAY-0002647,INV-2026-02647,2026-10-11,0,PENDING
PAY-0002648,INV-2026-02648,2026-12-29,0,PENDING
PAY-0002649,INV-2026-02649,2026-08-28,2622000,PAID
PAY-0002650,INV-2026-02650,2026-09-22,3104000,PAID
PAY-0002651,INV-2026-02651,2026-12-22,3735160,PARTIAL
PAY-0002652,INV-2026-02652,2026-08-08,4046000,PAID
PAY-0002653,INV-2026-02653,2026-11-16,1322000,PAID
PAY-0002654,INV-2026-02654,2026-10-12,0,PENDING
PAY-0002655,INV-2026-02655,2026-09-06,2523000,PAID
PAY-0002656,INV-2026-02656,2026-11-06,2111000,PAID
PAY-0002657,INV-2026-02657,2026-12-09,4086000,PAID
PAY-0002658,INV-2026-02658,2026-08-06,0,OVERDUE
PAY-0002659,INV-2026-02659,2026-10-14,391000,PAID
PAY-0002660,INV-2026-02660,2026-08-13,0,PENDING
PAY-0002661,INV-2026-02661,2026-08-06,0,OVERDUE
PAY-0002662,INV-2026-02662,2026-10-05,305000,PAID
PAY-0002663,INV-2026-02663,2027-01-18,0,PENDING
PAY-0002664,INV-2026-02664,2026-10-21,0,PENDING
PAY-0002665,INV-2026-02665,2026-09-15,4943000,PAID
PAY-0002666,INV-2026-02666,2026-09-11,0,OVERDUE
PAY-0002667,INV-2026-02667,2026-12-16,0,OVERDUE
PAY-0002668,INV-2026-02668,2026-09-18,2941000,PAID
PAY-0002669,INV-2026-02669,2027-01-02,2159058,PARTIAL
PAY-0002670,INV-2026-02670,2026-08-21,1099000,PAID
PAY-0002671,INV-2026-02671,2026-09-29,1800000,PAID
PAY-0002672,INV-2026-02672,2026-09-23,109000,PAID
PAY-0002673,INV-2026-02673,2026-09-28,0,PENDING
PAY-0002674,INV-2026-02674,2026-10-14,1907000,PAID
PAY-0002675,INV-2026-02675,2026-11-12,2619000,PAID
PAY-0002676,INV-2026-02676,2026-11-19,0,PENDING
PAY-0002677,INV-2026-02677,2026-09-26,57060,PARTIAL
PAY-0002678,INV-2026-02678,2026-12-06,0,OVERDUE
PAY-0002679,INV-2026-02679,2026-08-24,1306000,PAID
PAY-0002680,INV-2026-02680,2026-11-06,2857000,PAID
PAY-0002681,INV-2026-02681,2026-09-12,0,OVERDUE
PAY-0002682,INV-2026-02682,2026-11-25,0,OVERDUE
PAY-0002683,INV-2026-02683,2026-11-05,0,PENDING
PAY-0002684,INV-2026-02684,2026-09-26,0,OVERDUE
PAY-0002685,INV-2026-02685,2026-12-25,0,OVERDUE
PAY-0002686,INV-2026-02686,2026-11-16,0,PENDING
PAY-0002687,INV-2026-02687,2026-11-01,3280000,PAID
PAY-0002688,INV-2026-02688,2027-01-09,3142000,PAID
PAY-0002689,INV-2026-02689,2026-08-28,0,OVERDUE
PAY-0002690,INV-2026-02690,2026-10-14,2408288,PARTIAL
PAY-0002691,INV-2026-02691,2026-08-15,3737000,PAID
PAY-0002692,INV-2026-02692,2026-09-04,1048758,PARTIAL
PAY-0002693,INV-2026-02693,2026-11-11,0,OVERDUE
PAY-0002694,INV-2026-02694,2027-01-21,2339000,PAID
PAY-0002695,INV-2026-02695,2026-08-03,0,PENDING
PAY-0002696,INV-2026-02696,2026-09-06,0,PENDING
PAY-0002697,INV-2026-02697,2026-08-29,0,PENDING
PAY-0002698,INV-2026-02698,2026-08-14,2110224,PARTIAL
PAY-0002699,INV-2026-02699,2026-12-17,3284000,PAID
PAY-0002700,INV-2026-02700,2026-08-23,4744000,PAID
PAY-0002701,INV-2026-02701,2026-11-03,0,PENDING
PAY-0002702,INV-2026-02702,2026-08-10,4995000,PAID
PAY-0002703,INV-2026-02703,2026-12-20,588000,PAID
PAY-0002704,INV-2026-02704,2026-10-26,392000,PAID
PAY-0002705,INV-2026-02705,2026-11-26,0,OVERDUE
PAY-0002706,INV-2026-02706,2026-11-17,0,PENDING
PAY-0002707,INV-2026-02707,2026-10-02,735924,PARTIAL
PAY-0002708,INV-2026-02708,2026-08-22,732000,PAID
PAY-0002709,INV-2026-02709,2026-09-24,1939000,PAID
PAY-0002710,INV-2026-02710,2026-09-13,0,PENDING
PAY-0002711,INV-2026-02711,2026-08-09,1120000,PAID
PAY-0002712,INV-2026-02712,2026-07-09,335690,PARTIAL
PAY-0002713,INV-2026-02713,2026-10-12,867000,PAID
PAY-0002714,INV-2026-02714,2026-09-05,3855000,PAID
PAY-0002715,INV-2026-02715,2026-12-09,2770000,PAID
PAY-0002716,INV-2026-02716,2026-11-12,3310000,PAID
PAY-0002717,INV-2026-02717,2026-10-05,3339000,PAID
PAY-0002718,INV-2026-02718,2026-10-18,3309868,PARTIAL
PAY-0002719,INV-2026-02719,2026-11-12,3055000,PAID
PAY-0002720,INV-2026-02720,2026-08-30,0,PENDING
PAY-0002721,INV-2026-02721,2026-12-25,1674245,PARTIAL
PAY-0002722,INV-2026-02722,2026-09-01,727000,PAID
PAY-0002723,INV-2026-02723,2026-11-09,0,PENDING
PAY-0002724,INV-2026-02724,2026-08-23,2128000,PAID
PAY-0002725,INV-2026-02725,2026-07-11,540963,PARTIAL
PAY-0002726,INV-2026-02726,2026-08-05,0,PENDING
PAY-0002727,INV-2026-02727,2026-11-09,0,PENDING
PAY-0002728,INV-2026-02728,2026-11-18,0,PENDING
PAY-0002729,INV-2026-02729,2026-12-17,717000,PAID
PAY-0002730,INV-2026-02730,2026-11-27,0,OVERDUE
PAY-0002731,INV-2026-02731,2026-10-09,0,OVERDUE
PAY-0002732,INV-2026-02732,2026-09-17,0,OVERDUE
PAY-0002733,INV-2026-02733,2026-10-08,2287571,PARTIAL
PAY-0002734,INV-2026-02734,2026-10-24,0,OVERDUE
PAY-0002735,INV-2026-02735,2026-11-26,3618000,PAID
PAY-0002736,INV-2026-02736,2026-10-04,683809,PARTIAL
PAY-0002737,INV-2026-02737,2026-10-10,1353250,PARTIAL
PAY-0002738,INV-2026-02738,2026-08-03,1986000,PAID
PAY-0002739,INV-2026-02739,2026-12-28,3492000,PAID
PAY-0002740,INV-2026-02740,2026-11-11,2212000,PAID
PAY-0002741,INV-2026-02741,2026-08-30,0,OVERDUE
PAY-0002742,INV-2026-02742,2026-11-21,3644000,PAID
PAY-0002743,INV-2026-02743,2026-08-14,2871000,PAID
PAY-0002744,INV-2026-02744,2026-09-01,1378000,PAID
PAY-0002745,INV-2026-02745,2026-11-13,1407523,PARTIAL
PAY-0002746,INV-2026-02746,2026-12-08,2498000,PAID
PAY-0002747,INV-2026-02747,2026-11-04,469000,PAID
PAY-0002748,INV-2026-02748,2026-09-12,3015000,PAID
PAY-0002749,INV-2026-02749,2026-11-11,0,PENDING
PAY-0002750,INV-2026-02750,2026-10-08,3389579,PARTIAL
PAY-0002751,INV-2026-02751,2026-12-02,252000,PAID
PAY-0002752,INV-2026-02752,2026-11-20,2162000,PAID
PAY-0002753,INV-2026-02753,2027-01-03,0,PENDING
PAY-0002754,INV-2026-02754,2026-10-08,4944000,PAID
PAY-0002755,INV-2026-02755,2026-12-08,0,PENDING
PAY-0002756,INV-2026-02756,2026-12-18,1219904,PARTIAL
PAY-0002757,INV-2026-02757,2026-08-29,0,OVERDUE
PAY-0002758,INV-2026-02758,2026-10-10,0,PENDING
PAY-0002759,INV-2026-02759,2027-02-03,1555000,PAID
PAY-0002760,INV-2026-02760,2026-09-16,501000,PAID
PAY-0002761,INV-2026-02761,2026-10-12,0,PENDING
PAY-0002762,INV-2026-02762,2026-09-18,3383000,PAID
PAY-0002763,INV-2026-02763,2026-11-19,0,OVERDUE
PAY-0002764,INV-2026-02764,2026-12-02,4878000,PAID
PAY-0002765,INV-2026-02765,2026-11-10,0,PENDING
PAY-0002766,INV-2026-02766,2026-11-06,0,PENDING
PAY-0002767,INV-2026-02767,2026-10-06,2866000,PAID
PAY-0002768,INV-2026-02768,2026-09-16,2156538,PARTIAL
PAY-0002769,INV-2026-02769,2026-09-20,4193000,PAID
PAY-0002770,INV-2026-02770,2026-12-16,247027,PARTIAL
PAY-0002771,INV-2026-02771,2026-09-26,4602000,PAID
PAY-0002772,INV-2026-02772,2026-08-18,2840000,PAID
PAY-0002773,INV-2026-02773,2026-11-22,2620162,PARTIAL
PAY-0002774,INV-2026-02774,2026-12-15,2597000,PAID
PAY-0002775,INV-2026-02775,2026-10-29,3687000,PAID
PAY-0002776,INV-2026-02776,2026-11-16,63732,PARTIAL
PAY-0002777,INV-2026-02777,2026-11-25,1951470,PARTIAL
PAY-0002778,INV-2026-02778,2026-11-17,0,OVERDUE
PAY-0002779,INV-2026-02779,2026-12-19,0,PENDING
PAY-0002780,INV-2026-02780,2026-12-12,2720000,PAID
PAY-0002781,INV-2026-02781,2026-10-04,4774000,PAID
PAY-0002782,INV-2026-02782,2026-11-01,4015000,PAID
PAY-0002783,INV-2026-02783,2026-12-21,1340000,PAID
PAY-0002784,INV-2026-02784,2026-10-16,0,PENDING
PAY-0002785,INV-2026-02785,2026-08-15,2587000,PAID
PAY-0002786,INV-2026-02786,2026-09-06,0,OVERDUE
PAY-0002787,INV-2026-02787,2026-10-13,693000,PAID
PAY-0002788,INV-2026-02788,2026-10-08,699103,PARTIAL
PAY-0002789,INV-2026-02789,2026-09-29,965424,PARTIAL
PAY-0002790,INV-2026-02790,2026-09-01,3006000,PAID
PAY-0002791,INV-2026-02791,2026-09-07,0,OVERDUE
PAY-0002792,INV-2026-02792,2026-11-04,2254000,PAID
PAY-0002793,INV-2026-02793,2026-11-22,196000,PAID
PAY-0002794,INV-2026-02794,2026-11-04,4728000,PAID
PAY-0002795,INV-2026-02795,2026-12-26,1932000,PAID
PAY-0002796,INV-2026-02796,2026-09-19,0,PENDING
PAY-0002797,INV-2026-02797,2026-12-11,1150001,PARTIAL
PAY-0002798,INV-2026-02798,2026-09-27,1820000,PAID
PAY-0002799,INV-2026-02799,2026-10-05,2176000,PAID
PAY-0002800,INV-2026-02800,2026-08-28,3337000,PAID
PAY-0002801,INV-2026-02801,2026-09-05,2853000,PAID
PAY-0002802,INV-2026-02802,2026-09-01,0,PENDING
PAY-0002803,INV-2026-02803,2026-12-30,0,PENDING
PAY-0002804,INV-2026-02804,2026-09-27,262573,PARTIAL
PAY-0002805,INV-2026-02805,2026-10-03,0,PENDING
PAY-0002806,INV-2026-02806,2026-12-17,0,PENDING
PAY-0002807,INV-2026-02807,2026-09-30,4763000,PAID
PAY-0002808,INV-2026-02808,2026-07-22,4191000,PAID
PAY-0002809,INV-2026-02809,2026-12-11,0,PENDING
PAY-0002810,INV-2026-02810,2026-12-14,0,OVERDUE
PAY-0002811,INV-2026-02811,2026-12-17,0,PENDING
PAY-0002812,INV-2026-02812,2026-12-11,0,PENDING
PAY-0002813,INV-2026-02813,2026-11-14,0,OVERDUE
PAY-0002814,INV-2026-02814,2026-08-26,733147,PARTIAL
PAY-0002815,INV-2026-02815,2026-10-02,355924,PARTIAL
PAY-0002816,INV-2026-02816,2026-12-04,835966,PARTIAL
PAY-0002817,INV-2026-02817,2026-11-29,0,OVERDUE
PAY-0002818,INV-2026-02818,2026-09-10,546814,PARTIAL
PAY-0002819,INV-2026-02819,2026-12-19,0,PENDING
PAY-0002820,INV-2026-02820,2026-11-29,0,OVERDUE
PAY-0002821,INV-2026-02821,2026-11-15,2580966,PARTIAL
PAY-0002822,INV-2026-02822,2026-11-06,0,PENDING
PAY-0002823,INV-2026-02823,2026-08-01,0,OVERDUE
PAY-0002824,INV-2026-02824,2026-12-24,3907000,PAID
PAY-0002825,INV-2026-02825,2026-10-14,340652,PARTIAL
PAY-0002826,INV-2026-02826,2026-09-10,2952000,PAID
PAY-0002827,INV-2026-02827,2026-12-04,572512,PARTIAL
PAY-0002828,INV-2026-02828,2026-08-06,1183000,PAID
PAY-0002829,INV-2026-02829,2026-10-27,0,PENDING
PAY-0002830,INV-2026-02830,2026-10-16,0,PENDING
PAY-0002831,INV-2026-02831,2026-11-04,0,PENDING
PAY-0002832,INV-2026-02832,2026-07-06,2030000,PAID
PAY-0002833,INV-2026-02833,2026-10-27,1543000,PAID
PAY-0002834,INV-2026-02834,2026-09-12,0,PENDING
PAY-0002835,INV-2026-02835,2026-08-25,2228000,PAID
PAY-0002836,INV-2026-02836,2026-09-19,0,PENDING
PAY-0002837,INV-2026-02837,2026-12-18,2035000,PAID
PAY-0002838,INV-2026-02838,2026-12-02,0,OVERDUE
PAY-0002839,INV-2026-02839,2026-08-06,0,PENDING
PAY-0002840,INV-2026-02840,2026-10-23,368668,PARTIAL
PAY-0002841,INV-2026-02841,2026-09-05,2428584,PARTIAL
PAY-0002842,INV-2026-02842,2026-07-02,4660000,PAID
PAY-0002843,INV-2026-02843,2027-01-04,0,PENDING
PAY-0002844,INV-2026-02844,2026-08-25,2603000,PAID
PAY-0002845,INV-2026-02845,2026-09-13,0,PENDING
PAY-0002846,INV-2026-02846,2026-08-27,2377000,PAID
PAY-0002847,INV-2026-02847,2026-07-31,4954000,PAID
PAY-0002848,INV-2026-02848,2026-11-25,0,PENDING
PAY-0002849,INV-2026-02849,2026-09-26,2554000,PAID
PAY-0002850,INV-2026-02850,2026-10-12,1786000,PAID
PAY-0002851,INV-2026-02851,2026-09-27,0,PENDING
PAY-0002852,INV-2026-02852,2026-08-27,2427569,PARTIAL
PAY-0002853,INV-2026-02853,2026-09-12,1954000,PAID
PAY-0002854,INV-2026-02854,2026-08-22,533966,PARTIAL
PAY-0002855,INV-2026-02855,2026-08-31,0,OVERDUE
PAY-0002856,INV-2026-02856,2026-10-14,84669,PARTIAL
PAY-0002857,INV-2026-02857,2026-07-16,1338000,PAID
PAY-0002858,INV-2026-02858,2026-08-18,644000,PAID
PAY-0002859,INV-2026-02859,2026-07-22,0,OVERDUE
PAY-0002860,INV-2026-02860,2026-10-14,2970000,PAID
PAY-0002861,INV-2026-02861,2026-10-25,0,PENDING
PAY-0002862,INV-2026-02862,2026-10-10,1743340,PARTIAL
PAY-0002863,INV-2026-02863,2026-09-15,0,OVERDUE
PAY-0002864,INV-2026-02864,2026-09-03,0,PENDING
PAY-0002865,INV-2026-02865,2026-08-05,4853000,PAID
PAY-0002866,INV-2026-02866,2026-10-18,0,OVERDUE
PAY-0002867,INV-2026-02867,2026-11-06,0,OVERDUE
PAY-0002868,INV-2026-02868,2026-09-20,3903000,PAID
PAY-0002869,INV-2026-02869,2026-11-19,0,PENDING
PAY-0002870,INV-2026-02870,2026-09-04,1939000,PAID
PAY-0002871,INV-2026-02871,2026-10-29,3577000,PAID
PAY-0002872,INV-2026-02872,2026-12-01,0,OVERDUE
PAY-0002873,INV-2026-02873,2026-07-21,1126000,PAID
PAY-0002874,INV-2026-02874,2026-09-05,898370,PARTIAL
PAY-0002875,INV-2026-02875,2027-01-01,0,PENDING
PAY-0002876,INV-2026-02876,2026-12-03,3490000,PAID
PAY-0002877,INV-2026-02877,2026-11-26,0,PENDING
PAY-0002878,INV-2026-02878,2026-08-05,4906000,PAID
PAY-0002879,INV-2026-02879,2026-10-17,3470000,PAID
PAY-0002880,INV-2026-02880,2026-09-12,4964000,PAID
PAY-0002881,INV-2026-02881,2026-09-11,0,OVERDUE
PAY-0002882,INV-2026-02882,2026-10-06,2096824,PARTIAL
PAY-0002883,INV-2026-02883,2026-11-27,258759,PARTIAL
PAY-0002884,INV-2026-02884,2026-10-01,775000,PAID
PAY-0002885,INV-2026-02885,2026-11-13,0,PENDING
PAY-0002886,INV-2026-02886,2026-11-07,4443000,PAID
PAY-0002887,INV-2026-02887,2026-09-20,203155,PARTIAL
PAY-0002888,INV-2026-02888,2026-11-15,64000,PAID
PAY-0002889,INV-2026-02889,2026-10-13,2428000,PAID
PAY-0002890,INV-2026-02890,2026-10-28,0,OVERDUE
PAY-0002891,INV-2026-02891,2026-10-19,0,PENDING
PAY-0002892,INV-2026-02892,2027-01-05,3682000,PAID
PAY-0002893,INV-2026-02893,2026-10-31,2376000,PAID
PAY-0002894,INV-2026-02894,2026-11-05,675362,PARTIAL
PAY-0002895,INV-2026-02895,2026-10-11,3611000,PAID
PAY-0002896,INV-2026-02896,2026-10-23,3225766,PARTIAL
PAY-0002897,INV-2026-02897,2026-09-11,1638782,PARTIAL
PAY-0002898,INV-2026-02898,2027-01-06,3043000,PAID
PAY-0002899,INV-2026-02899,2026-09-17,782000,PAID
PAY-0002900,INV-2026-02900,2026-12-15,4871000,PAID
PAY-0002901,INV-2026-02901,2026-10-03,2913000,PAID
PAY-0002902,INV-2026-02902,2026-10-10,1802000,PAID
PAY-0002903,INV-2026-02903,2026-08-27,2032000,PAID
PAY-0002904,INV-2026-02904,2026-10-15,4614000,PAID
PAY-0002905,INV-2026-02905,2026-10-20,932000,PAID
PAY-0002906,INV-2026-02906,2026-11-06,75144,PARTIAL
PAY-0002907,INV-2026-02907,2026-10-25,900928,PARTIAL
PAY-0002908,INV-2026-02908,2026-09-10,0,OVERDUE
PAY-0002909,INV-2026-02909,2026-11-20,0,OVERDUE
PAY-0002910,INV-2026-02910,2026-10-12,0,PENDING
PAY-0002911,INV-2026-02911,2026-08-14,3259000,PAID
PAY-0002912,INV-2026-02912,2026-08-24,0,PENDING
PAY-0002913,INV-2026-02913,2026-08-19,0,OVERDUE
PAY-0002914,INV-2026-02914,2026-09-24,0,PENDING
PAY-0002915,INV-2026-02915,2026-11-01,1415670,PARTIAL
PAY-0002916,INV-2026-02916,2026-10-28,3224000,PAID
PAY-0002917,INV-2026-02917,2026-12-20,0,OVERDUE
PAY-0002918,INV-2026-02918,2026-10-30,0,OVERDUE
PAY-0002919,INV-2026-02919,2026-09-09,1409000,PAID
PAY-0002920,INV-2026-02920,2026-08-30,0,PENDING
PAY-0002921,INV-2026-02921,2026-08-14,886000,PAID
PAY-0002922,INV-2026-02922,2026-10-25,4669000,PAID
PAY-0002923,INV-2026-02923,2026-10-23,4281000,PAID
PAY-0002924,INV-2026-02924,2026-09-09,148000,PAID
PAY-0002925,INV-2026-02925,2026-10-25,4492000,PAID
PAY-0002926,INV-2026-02926,2026-10-05,1091000,PAID
PAY-0002927,INV-2026-02927,2026-12-12,0,OVERDUE
PAY-0002928,INV-2026-02928,2026-09-16,2723000,PAID
PAY-0002929,INV-2026-02929,2026-11-12,0,OVERDUE
PAY-0002930,INV-2026-02930,2026-09-02,0,PENDING
PAY-0002931,INV-2026-02931,2026-10-31,1233299,PARTIAL
PAY-0002932,INV-2026-02932,2026-09-23,3830000,PAID
PAY-0002933,INV-2026-02933,2026-11-11,934471,PARTIAL
PAY-0002934,INV-2026-02934,2026-11-14,308000,PAID
PAY-0002935,INV-2026-02935,2026-10-18,4860000,PAID
PAY-0002936,INV-2026-02936,2026-11-16,2086000,PAID
PAY-0002937,INV-2026-02937,2026-10-08,1480913,PARTIAL
PAY-0002938,INV-2026-02938,2026-11-13,0,PENDING
PAY-0002939,INV-2026-02939,2026-11-10,0,PENDING
PAY-0002940,INV-2026-02940,2026-09-14,1661362,PARTIAL
PAY-0002941,INV-2026-02941,2026-10-16,4573000,PAID
PAY-0002942,INV-2026-02942,2026-08-24,0,PENDING
PAY-0002943,INV-2026-02943,2026-08-29,0,OVERDUE
PAY-0002944,INV-2026-02944,2026-08-30,0,OVERDUE
PAY-0002945,INV-2026-02945,2026-09-04,426324,PARTIAL
PAY-0002946,INV-2026-02946,2026-10-05,0,PENDING
PAY-0002947,INV-2026-02947,2026-10-21,61000,PAID
PAY-0002948,INV-2026-02948,2026-10-12,0,PENDING
PAY-0002949,INV-2026-02949,2026-10-01,0,PENDING
PAY-0002950,INV-2026-02950,2026-12-26,0,OVERDUE
PAY-0002951,INV-2026-02951,2026-08-26,3931000,PAID
PAY-0002952,INV-2026-02952,2026-07-27,4962000,PAID
PAY-0002953,INV-2026-02953,2026-10-01,0,OVERDUE
PAY-0002954,INV-2026-02954,2026-12-20,2206807,PARTIAL
PAY-0002955,INV-2026-02955,2026-09-21,0,OVERDUE
PAY-0002956,INV-2026-02956,2026-07-17,0,OVERDUE
PAY-0002957,INV-2026-02957,2026-07-26,2511000,PAID
PAY-0002958,INV-2026-02958,2026-11-14,1424000,PAID
PAY-0002959,INV-2026-02959,2026-09-18,2463843,PARTIAL
PAY-0002960,INV-2026-02960,2026-07-13,203084,PARTIAL
PAY-0002961,INV-2026-02961,2026-11-15,2772000,PAID
PAY-0002962,INV-2026-02962,2026-09-24,1900000,PAID
PAY-0002963,INV-2026-02963,2026-09-28,0,PENDING
PAY-0002964,INV-2026-02964,2027-01-16,0,PENDING
PAY-0002965,INV-2026-02965,2026-11-06,1248390,PARTIAL
PAY-0002966,INV-2026-02966,2026-08-24,1713358,PARTIAL
PAY-0002967,INV-2026-02967,2026-12-13,0,OVERDUE
PAY-0002968,INV-2026-02968,2026-11-21,4033000,PAID
PAY-0002969,INV-2026-02969,2026-10-05,1320903,PARTIAL
PAY-0002970,INV-2026-02970,2026-09-20,352000,PAID
PAY-0002971,INV-2026-02971,2026-11-29,4750000,PAID
PAY-0002972,INV-2026-02972,2026-08-29,155504,PARTIAL
PAY-0002973,INV-2026-02973,2026-10-15,0,PENDING
PAY-0002974,INV-2026-02974,2026-11-02,928392,PARTIAL
PAY-0002975,INV-2026-02975,2026-09-29,1396625,PARTIAL
PAY-0002976,INV-2026-02976,2026-10-21,185081,PARTIAL
PAY-0002977,INV-2026-02977,2026-12-03,0,PENDING
PAY-0002978,INV-2026-02978,2026-09-28,1097641,PARTIAL
PAY-0002979,INV-2026-02979,2027-01-02,0,OVERDUE
PAY-0002980,INV-2026-02980,2026-11-17,0,OVERDUE
PAY-0002981,INV-2026-02981,2026-12-20,0,PENDING
PAY-0002982,INV-2026-02982,2026-11-10,0,PENDING
PAY-0002983,INV-2026-02983,2026-12-24,0,PENDING
PAY-0002984,INV-2026-02984,2026-10-02,0,OVERDUE
PAY-0002985,INV-2026-02985,2026-12-05,0,PENDING
PAY-0002986,INV-2026-02986,2026-10-19,684608,PARTIAL
PAY-0002987,INV-2026-02987,2026-12-20,0,PENDING
PAY-0002988,INV-2026-02988,2026-09-09,323000,PAID
PAY-0002989,INV-2026-02989,2026-10-08,0,OVERDUE
PAY-0002990,INV-2026-02990,2026-08-18,1076000,PAID
PAY-0002991,INV-2026-02991,2026-11-27,0,OVERDUE
PAY-0002992,INV-2026-02992,2026-08-30,2526000,PAID
PAY-0002993,INV-2026-02993,2026-09-03,4932000,PAID
PAY-0002994,INV-2026-02994,2026-11-02,2734000,PAID
PAY-0002995,INV-2026-02995,2026-09-09,1994000,PAID
PAY-0002996,INV-2026-02996,2026-11-30,4481000,PAID
PAY-0002997,INV-2026-02997,2026-08-21,0,PENDING
PAY-0002998,INV-2026-02998,2026-10-24,245000,PAID
PAY-0002999,INV-2026-02999,2026-10-26,0,PENDING
PAY-0003000,INV-2026-03000,2026-11-02,731000,PAID
PAY-0003001,INV-2026-03001,2026-09-10,4845000,PAID
PAY-0003002,INV-2026-03002,2026-09-05,0,OVERDUE
PAY-0003003,INV-2026-03003,2026-11-02,1651136,PARTIAL
PAY-0003004,INV-2026-03004,2026-11-22,0,PENDING
PAY-0003005,INV-2026-03005,2026-12-09,4643000,PAID
PAY-0003006,INV-2026-03006,2026-08-10,771026,PARTIAL
PAY-0003007,INV-2026-03007,2026-12-01,0,PENDING
PAY-0003008,INV-2026-03008,2026-11-22,3022000,PAID
PAY-0003009,INV-2026-03009,2026-11-16,201346,PARTIAL
PAY-0003010,INV-2026-03010,2026-11-10,718000,PAID
PAY-0003011,INV-2026-03011,2026-08-31,3199000,PAID
PAY-0003012,INV-2026-03012,2026-07-27,3437000,PAID
PAY-0003013,INV-2026-03013,2026-09-22,2005000,PAID
PAY-0003014,INV-2026-03014,2026-10-24,0,PENDING
PAY-0003015,INV-2026-03015,2026-07-31,789547,PARTIAL
PAY-0003016,INV-2026-03016,2026-11-12,4732000,PAID
PAY-0003017,INV-2026-03017,2026-09-22,0,PENDING
PAY-0003018,INV-2026-03018,2026-10-06,1482000,PAID
PAY-0003019,INV-2026-03019,2026-10-07,0,PENDING
PAY-0003020,INV-2026-03020,2026-12-18,1340719,PARTIAL
PAY-0003021,INV-2026-03021,2026-10-31,1113193,PARTIAL
PAY-0003022,INV-2026-03022,2026-09-12,0,PENDING
PAY-0003023,INV-2026-03023,2026-08-09,1222983,PARTIAL
PAY-0003024,INV-2026-03024,2026-08-24,4307000,PAID
PAY-0003025,INV-2026-03025,2026-09-11,2785000,PAID
PAY-0003026,INV-2026-03026,2026-12-06,507000,PAID
PAY-0003027,INV-2026-03027,2026-08-23,4397000,PAID
PAY-0003028,INV-2026-03028,2026-07-31,0,OVERDUE
PAY-0003029,INV-2026-03029,2026-09-12,0,PENDING
PAY-0003030,INV-2026-03030,2026-09-20,0,OVERDUE
PAY-0003031,INV-2026-03031,2026-10-21,643000,PAID
PAY-0003032,INV-2026-03032,2026-11-11,0,OVERDUE
PAY-0003033,INV-2026-03033,2026-11-09,0,OVERDUE
PAY-0003034,INV-2026-03034,2026-09-18,0,OVERDUE
PAY-0003035,INV-2026-03035,2026-10-27,0,PENDING
PAY-0003036,INV-2026-03036,2026-09-28,0,OVERDUE
PAY-0003037,INV-2026-03037,2026-10-08,4372000,PAID
PAY-0003038,INV-2026-03038,2026-12-09,1904256,PARTIAL
PAY-0003039,INV-2026-03039,2026-09-23,0,PENDING
PAY-0003040,INV-2026-03040,2026-09-05,0,PENDING
PAY-0003041,INV-2026-03041,2026-11-18,0,PENDING
PAY-0003042,INV-2026-03042,2026-10-28,0,OVERDUE
PAY-0003043,INV-2026-03043,2027-01-15,0,OVERDUE
PAY-0003044,INV-2026-03044,2026-08-28,0,PENDING
PAY-0003045,INV-2026-03045,2026-09-17,0,PENDING
PAY-0003046,INV-2026-03046,2026-09-30,71000,PAID
PAY-0003047,INV-2026-03047,2026-10-26,143707,PARTIAL
PAY-0003048,INV-2026-03048,2026-09-29,0,PENDING
PAY-0003049,INV-2026-03049,2026-12-03,985441,PARTIAL
PAY-0003050,INV-2026-03050,2026-10-15,2730000,PAID
PAY-0003051,INV-2026-03051,2026-08-09,90163,PARTIAL
PAY-0003052,INV-2026-03052,2026-10-28,0,OVERDUE
PAY-0003053,INV-2026-03053,2026-08-26,1466000,PAID
PAY-0003054,INV-2026-03054,2026-07-29,3751000,PAID
PAY-0003055,INV-2026-03055,2026-09-09,4383000,PAID
PAY-0003056,INV-2026-03056,2026-11-27,411386,PARTIAL
PAY-0003057,INV-2026-03057,2026-09-07,0,PENDING
PAY-0003058,INV-2026-03058,2026-06-26,4639000,PAID
PAY-0003059,INV-2026-03059,2026-09-20,0,OVERDUE
PAY-0003060,INV-2026-03060,2026-10-25,3509952,PARTIAL
PAY-0003061,INV-2026-03061,2026-10-12,61000,PAID
PAY-0003062,INV-2026-03062,2026-09-27,204000,PAID
PAY-0003063,INV-2026-03063,2026-07-24,0,OVERDUE
PAY-0003064,INV-2026-03064,2026-09-11,2763000,PAID
PAY-0003065,INV-2026-03065,2026-12-11,828000,PAID
PAY-0003066,INV-2026-03066,2026-11-09,1751299,PARTIAL
PAY-0003067,INV-2026-03067,2026-08-15,1432163,PARTIAL
PAY-0003068,INV-2026-03068,2026-11-26,0,PENDING
PAY-0003069,INV-2026-03069,2026-11-12,0,OVERDUE
PAY-0003070,INV-2026-03070,2026-09-26,2764000,PAID
PAY-0003071,INV-2026-03071,2026-10-12,1140000,PAID
PAY-0003072,INV-2026-03072,2026-10-25,1631000,PAID
PAY-0003073,INV-2026-03073,2026-10-12,1228453,PARTIAL
PAY-0003074,INV-2026-03074,2026-09-11,0,PENDING
PAY-0003075,INV-2026-03075,2026-06-27,3032000,PAID
PAY-0003076,INV-2026-03076,2026-11-11,797906,PARTIAL
PAY-0003077,INV-2026-03077,2026-11-15,0,PENDING
PAY-0003078,INV-2026-03078,2026-09-23,0,PENDING
PAY-0003079,INV-2026-03079,2026-10-18,4404000,PAID
PAY-0003080,INV-2026-03080,2026-10-24,2988000,PAID
PAY-0003081,INV-2026-03081,2026-12-13,684177,PARTIAL
PAY-0003082,INV-2026-03082,2026-09-21,1125000,PAID
PAY-0003083,INV-2026-03083,2026-11-14,0,PENDING
PAY-0003084,INV-2026-03084,2026-12-21,2938000,PAID
PAY-0003085,INV-2026-03085,2026-10-01,4961000,PAID
PAY-0003086,INV-2026-03086,2026-11-11,3729000,PAID
PAY-0003087,INV-2026-03087,2026-10-29,2764000,PAID
PAY-0003088,INV-2026-03088,2026-10-29,0,PENDING
PAY-0003089,INV-2026-03089,2026-11-14,4719000,PAID
PAY-0003090,INV-2026-03090,2026-11-10,0,PENDING
PAY-0003091,INV-2026-03091,2026-07-18,421292,PARTIAL
PAY-0003092,INV-2026-03092,2026-11-26,1047859,PARTIAL
PAY-0003093,INV-2026-03093,2026-11-05,874594,PARTIAL
PAY-0003094,INV-2026-03094,2026-11-03,1114000,PAID
PAY-0003095,INV-2026-03095,2026-09-02,2350000,PAID
PAY-0003096,INV-2026-03096,2026-11-28,4737000,PAID
PAY-0003097,INV-2026-03097,2026-11-10,661291,PARTIAL
PAY-0003098,INV-2026-03098,2026-10-29,858820,PARTIAL
PAY-0003099,INV-2026-03099,2026-10-29,2063804,PARTIAL
PAY-0003100,INV-2026-03100,2026-12-30,0,OVERDUE
PAY-0003101,INV-2026-03101,2026-11-17,2165000,PAID
PAY-0003102,INV-2026-03102,2026-08-08,2038000,PAID
PAY-0003103,INV-2026-03103,2026-11-28,1419852,PARTIAL
PAY-0003104,INV-2026-03104,2026-12-23,2484000,PAID
PAY-0003105,INV-2026-03105,2026-11-25,0,PENDING
PAY-0003106,INV-2026-03106,2026-11-20,0,OVERDUE
PAY-0003107,INV-2026-03107,2026-09-29,1159000,PAID
PAY-0003108,INV-2026-03108,2026-12-15,2158779,PARTIAL
PAY-0003109,INV-2026-03109,2026-11-29,303000,PAID
PAY-0003110,INV-2026-03110,2026-09-05,978382,PARTIAL
PAY-0003111,INV-2026-03111,2026-09-30,0,PENDING
PAY-0003112,INV-2026-03112,2026-10-30,2239347,PARTIAL
PAY-0003113,INV-2026-03113,2027-01-23,1876000,PAID
PAY-0003114,INV-2026-03114,2026-09-20,2315048,PARTIAL
PAY-0003115,INV-2026-03115,2026-08-25,0,OVERDUE
PAY-0003116,INV-2026-03116,2026-11-06,0,OVERDUE
PAY-0003117,INV-2026-03117,2026-08-30,2830405,PARTIAL
PAY-0003118,INV-2026-03118,2026-10-19,1251427,PARTIAL
PAY-0003119,INV-2026-03119,2026-10-21,0,OVERDUE
PAY-0003120,INV-2026-03120,2026-08-16,1612000,PAID
PAY-0003121,INV-2026-03121,2026-09-13,644552,PARTIAL
PAY-0003122,INV-2026-03122,2026-11-22,184388,PARTIAL
PAY-0003123,INV-2026-03123,2027-01-07,1182000,PAID
PAY-0003124,INV-2026-03124,2026-09-15,1221847,PARTIAL
PAY-0003125,INV-2026-03125,2026-09-03,3740000,PAID
PAY-0003126,INV-2026-03126,2026-08-31,1194000,PAID
PAY-0003127,INV-2026-03127,2026-10-16,0,PENDING
PAY-0003128,INV-2026-03128,2026-10-15,2974000,PAID
PAY-0003129,INV-2026-03129,2026-07-19,0,OVERDUE
PAY-0003130,INV-2026-03130,2026-10-13,653000,PAID
PAY-0003131,INV-2026-03131,2026-11-14,3002000,PAID
PAY-0003132,INV-2026-03132,2026-10-27,286396,PARTIAL
PAY-0003133,INV-2026-03133,2026-07-19,4941000,PAID
PAY-0003134,INV-2026-03134,2027-01-15,37832,PARTIAL
PAY-0003135,INV-2026-03135,2026-08-07,3369000,PAID
PAY-0003136,INV-2026-03136,2026-09-23,1990000,PAID
PAY-0003137,INV-2026-03137,2026-10-30,3484000,PAID
PAY-0003138,INV-2026-03138,2026-09-07,2152000,PAID
PAY-0003139,INV-2026-03139,2026-09-12,0,OVERDUE
PAY-0003140,INV-2026-03140,2026-11-27,60120,PARTIAL
PAY-0003141,INV-2026-03141,2026-11-18,0,OVERDUE
PAY-0003142,INV-2026-03142,2026-12-06,3408000,PAID
PAY-0003143,INV-2026-03143,2026-11-14,0,PENDING
PAY-0003144,INV-2026-03144,2026-11-30,2050000,PAID
PAY-0003145,INV-2026-03145,2026-09-06,1214000,PAID
PAY-0003146,INV-2026-03146,2026-12-08,307683,PARTIAL
PAY-0003147,INV-2026-03147,2026-09-12,3330000,PAID
PAY-0003148,INV-2026-03148,2026-08-09,0,PENDING
PAY-0003149,INV-2026-03149,2026-08-16,366000,PAID
PAY-0003150,INV-2026-03150,2026-11-19,250041,PARTIAL
PAY-0003151,INV-2026-03151,2026-09-25,0,OVERDUE
PAY-0003152,INV-2026-03152,2026-11-04,0,PENDING
PAY-0003153,INV-2026-03153,2026-10-04,4868000,PAID
PAY-0003154,INV-2026-03154,2026-10-16,2418207,PARTIAL
PAY-0003155,INV-2026-03155,2026-08-28,1887000,PAID
PAY-0003156,INV-2026-03156,2026-07-14,3473000,PAID
PAY-0003157,INV-2026-03157,2026-10-14,0,PENDING
PAY-0003158,INV-2026-03158,2026-10-24,1357535,PARTIAL
PAY-0003159,INV-2026-03159,2026-11-06,0,PENDING
PAY-0003160,INV-2026-03160,2026-10-04,1240000,PAID
PAY-0003161,INV-2026-03161,2026-11-24,4297000,PAID
PAY-0003162,INV-2026-03162,2026-09-16,4776000,PAID
PAY-0003163,INV-2026-03163,2026-10-28,0,OVERDUE
PAY-0003164,INV-2026-03164,2026-08-16,0,PENDING
PAY-0003165,INV-2026-03165,2027-01-04,209000,PAID
PAY-0003166,INV-2026-03166,2026-12-21,0,OVERDUE
PAY-0003167,INV-2026-03167,2026-12-07,3761000,PAID
PAY-0003168,INV-2026-03168,2026-12-10,0,OVERDUE
PAY-0003169,INV-2026-03169,2026-10-08,2283000,PAID
PAY-0003170,INV-2026-03170,2026-09-11,378763,PARTIAL
PAY-0003171,INV-2026-03171,2026-11-11,0,PENDING
PAY-0003172,INV-2026-03172,2026-08-20,4329000,PAID
PAY-0003173,INV-2026-03173,2026-12-29,0,PENDING
PAY-0003174,INV-2026-03174,2026-08-27,60000,PAID
PAY-0003175,INV-2026-03175,2027-01-26,0,PENDING
PAY-0003176,INV-2026-03176,2026-09-26,1253217,PARTIAL
PAY-0003177,INV-2026-03177,2026-10-18,3338000,PAID
PAY-0003178,INV-2026-03178,2026-09-14,0,PENDING
PAY-0003179,INV-2026-03179,2026-11-14,0,PENDING
PAY-0003180,INV-2026-03180,2026-10-30,0,PENDING
PAY-0003181,INV-2026-03181,2026-09-08,834298,PARTIAL
PAY-0003182,INV-2026-03182,2026-09-10,2836831,PARTIAL
PAY-0003183,INV-2026-03183,2026-12-09,72000,PAID
PAY-0003184,INV-2026-03184,2026-10-13,1153594,PARTIAL
PAY-0003185,INV-2026-03185,2026-09-20,0,PENDING
PAY-0003186,INV-2026-03186,2026-08-07,1327125,PARTIAL
PAY-0003187,INV-2026-03187,2026-10-26,4538000,PAID
PAY-0003188,INV-2026-03188,2026-11-08,1694627,PARTIAL
PAY-0003189,INV-2026-03189,2026-08-22,489000,PAID
PAY-0003190,INV-2026-03190,2026-11-26,0,OVERDUE
PAY-0003191,INV-2026-03191,2026-10-15,381953,PARTIAL
PAY-0003192,INV-2026-03192,2026-07-29,0,OVERDUE
PAY-0003193,INV-2026-03193,2026-08-14,3037226,PARTIAL
PAY-0003194,INV-2026-03194,2026-08-17,318000,PAID
PAY-0003195,INV-2026-03195,2026-10-26,3905000,PAID
PAY-0003196,INV-2026-03196,2026-10-22,1838223,PARTIAL
PAY-0003197,INV-2026-03197,2027-01-25,2443749,PARTIAL
PAY-0003198,INV-2026-03198,2026-09-16,0,OVERDUE
PAY-0003199,INV-2026-03199,2026-10-01,2162000,PAID
PAY-0003200,INV-2026-03200,2026-08-04,2378000,PAID
PAY-0003201,INV-2026-03201,2026-09-17,2439000,PAID
PAY-0003202,INV-2026-03202,2027-01-17,0,OVERDUE
PAY-0003203,INV-2026-03203,2026-12-11,690271,PARTIAL
PAY-0003204,INV-2026-03204,2026-10-05,0,PENDING
PAY-0003205,INV-2026-03205,2026-11-18,1616547,PARTIAL
PAY-0003206,INV-2026-03206,2026-11-12,0,PENDING
PAY-0003207,INV-2026-03207,2026-10-04,1601556,PARTIAL
PAY-0003208,INV-2026-03208,2026-08-26,335000,PAID
PAY-0003209,INV-2026-03209,2026-08-16,0,OVERDUE
PAY-0003210,INV-2026-03210,2026-09-17,2225000,PAID
PAY-0003211,INV-2026-03211,2026-09-16,0,OVERDUE
PAY-0003212,INV-2026-03212,2026-09-12,0,OVERDUE
PAY-0003213,INV-2026-03213,2026-07-19,0,OVERDUE
PAY-0003214,INV-2026-03214,2026-11-15,0,PENDING
PAY-0003215,INV-2026-03215,2026-11-29,0,PENDING
PAY-0003216,INV-2026-03216,2026-10-14,675000,PAID
PAY-0003217,INV-2026-03217,2026-11-21,4146000,PAID
PAY-0003218,INV-2026-03218,2026-10-16,0,PENDING
PAY-0003219,INV-2026-03219,2026-11-16,280157,PARTIAL
PAY-0003220,INV-2026-03220,2026-08-11,603598,PARTIAL
PAY-0003221,INV-2026-03221,2026-07-22,1149000,PAID
PAY-0003222,INV-2026-03222,2027-01-14,1393000,PAID
PAY-0003223,INV-2026-03223,2026-09-09,378690,PARTIAL
PAY-0003224,INV-2026-03224,2026-10-16,2535010,PARTIAL
PAY-0003225,INV-2026-03225,2026-10-03,1479000,PAID
PAY-0003226,INV-2026-03226,2026-11-22,0,PENDING
PAY-0003227,INV-2026-03227,2026-08-24,1526000,PAID
PAY-0003228,INV-2026-03228,2026-08-23,4138000,PAID
PAY-0003229,INV-2026-03229,2026-11-13,1230000,PAID
PAY-0003230,INV-2026-03230,2026-12-01,1034373,PARTIAL
PAY-0003231,INV-2026-03231,2026-10-07,1410324,PARTIAL
PAY-0003232,INV-2026-03232,2026-11-19,0,PENDING
PAY-0003233,INV-2026-03233,2026-12-02,0,PENDING
PAY-0003234,INV-2026-03234,2026-10-18,3457000,PAID
PAY-0003235,INV-2026-03235,2026-10-21,3613000,PAID
PAY-0003236,INV-2026-03236,2026-09-09,0,OVERDUE
PAY-0003237,INV-2026-03237,2026-07-24,272000,PAID
PAY-0003238,INV-2026-03238,2026-12-16,2395000,PAID
PAY-0003239,INV-2026-03239,2026-08-25,2912000,PAID
PAY-0003240,INV-2026-03240,2026-08-27,0,PENDING
PAY-0003241,INV-2026-03241,2027-01-21,385616,PARTIAL
PAY-0003242,INV-2026-03242,2026-10-02,2117000,PAID
PAY-0003243,INV-2026-03243,2026-09-10,886000,PAID
PAY-0003244,INV-2026-03244,2026-08-16,2503000,PAID
PAY-0003245,INV-2026-03245,2026-12-05,1493000,PAID
PAY-0003246,INV-2026-03246,2026-09-01,0,PENDING
PAY-0003247,INV-2026-03247,2026-11-25,235910,PARTIAL
PAY-0003248,INV-2026-03248,2026-09-30,0,OVERDUE
PAY-0003249,INV-2026-03249,2027-02-01,4617000,PAID
PAY-0003250,INV-2026-03250,2026-09-22,3286000,PAID
PAY-0003251,INV-2026-03251,2026-10-23,2890000,PAID
PAY-0003252,INV-2026-03252,2026-09-29,774195,PARTIAL
PAY-0003253,INV-2026-03253,2026-09-04,0,PENDING
PAY-0003254,INV-2026-03254,2027-02-05,578459,PARTIAL
PAY-0003255,INV-2026-03255,2026-12-21,2639000,PAID
PAY-0003256,INV-2026-03256,2026-11-01,4358000,PAID
PAY-0003257,INV-2026-03257,2026-10-25,0,PENDING
PAY-0003258,INV-2026-03258,2026-08-31,0,OVERDUE
PAY-0003259,INV-2026-03259,2027-01-02,0,OVERDUE
PAY-0003260,INV-2026-03260,2026-08-11,0,OVERDUE
PAY-0003261,INV-2026-03261,2026-10-28,0,PENDING
PAY-0003262,INV-2026-03262,2026-11-18,0,PENDING
PAY-0003263,INV-2026-03263,2026-10-31,2818000,PAID
PAY-0003264,INV-2026-03264,2026-09-02,1056450,PARTIAL
PAY-0003265,INV-2026-03265,2026-10-23,0,OVERDUE
PAY-0003266,INV-2026-03266,2026-11-12,705000,PAID
PAY-0003267,INV-2026-03267,2026-11-05,1914000,PAID
PAY-0003268,INV-2026-03268,2026-10-23,3066000,PAID
PAY-0003269,INV-2026-03269,2026-12-13,0,PENDING
PAY-0003270,INV-2026-03270,2026-09-06,0,OVERDUE
PAY-0003271,INV-2026-03271,2026-11-27,2970000,PAID
PAY-0003272,INV-2026-03272,2026-08-09,0,OVERDUE
PAY-0003273,INV-2026-03273,2026-11-30,0,PENDING
PAY-0003274,INV-2026-03274,2026-07-18,899844,PARTIAL
PAY-0003275,INV-2026-03275,2026-09-10,0,PENDING
PAY-0003276,INV-2026-03276,2026-10-17,0,OVERDUE
PAY-0003277,INV-2026-03277,2026-10-24,0,OVERDUE
PAY-0003278,INV-2026-03278,2026-11-04,955754,PARTIAL
PAY-0003279,INV-2026-03279,2026-09-21,2862000,PAID
PAY-0003280,INV-2026-03280,2026-12-30,619463,PARTIAL
PAY-0003281,INV-2026-03281,2026-10-27,827940,PARTIAL
PAY-0003282,INV-2026-03282,2026-09-17,1385000,PAID
PAY-0003283,INV-2026-03283,2026-07-04,1916508,PARTIAL
PAY-0003284,INV-2026-03284,2026-10-20,0,OVERDUE
PAY-0003285,INV-2026-03285,2026-10-31,0,PENDING
PAY-0003286,INV-2026-03286,2026-10-23,246000,PAID
PAY-0003287,INV-2026-03287,2026-09-24,0,PENDING
PAY-0003288,INV-2026-03288,2026-11-04,1011000,PAID
PAY-0003289,INV-2026-03289,2026-08-31,4508000,PAID
PAY-0003290,INV-2026-03290,2026-08-18,486000,PAID
PAY-0003291,INV-2026-03291,2026-08-27,1008000,PAID
PAY-0003292,INV-2026-03292,2026-11-18,1669000,PAID
PAY-0003293,INV-2026-03293,2026-09-06,843207,PARTIAL
PAY-0003294,INV-2026-03294,2026-12-28,1345807,PARTIAL
PAY-0003295,INV-2026-03295,2026-10-28,0,PENDING
PAY-0003296,INV-2026-03296,2026-10-20,2861000,PAID
PAY-0003297,INV-2026-03297,2026-12-18,0,PENDING
PAY-0003298,INV-2026-03298,2026-09-21,1103933,PARTIAL
PAY-0003299,INV-2026-03299,2026-12-14,3036000,PAID
PAY-0003300,INV-2026-03300,2026-11-16,0,PENDING
PAY-0003301,INV-2026-03301,2026-08-13,3056000,PAID
PAY-0003302,INV-2026-03302,2026-07-20,0,OVERDUE
PAY-0003303,INV-2026-03303,2026-10-28,145675,PARTIAL
PAY-0003304,INV-2026-03304,2026-10-31,890386,PARTIAL
PAY-0003305,INV-2026-03305,2026-10-27,541000,PAID
PAY-0003306,INV-2026-03306,2026-12-16,3209000,PAID
PAY-0003307,INV-2026-03307,2026-09-19,1843552,PARTIAL
PAY-0003308,INV-2026-03308,2026-10-02,0,PENDING
PAY-0003309,INV-2026-03309,2026-11-13,1430000,PAID
PAY-0003310,INV-2026-03310,2026-10-09,687639,PARTIAL
PAY-0003311,INV-2026-03311,2026-10-20,153067,PARTIAL
PAY-0003312,INV-2026-03312,2026-10-17,0,OVERDUE
PAY-0003313,INV-2026-03313,2026-11-03,749995,PARTIAL
PAY-0003314,INV-2026-03314,2026-09-30,550000,PAID
PAY-0003315,INV-2026-03315,2026-08-31,0,OVERDUE
PAY-0003316,INV-2026-03316,2026-10-11,0,OVERDUE
PAY-0003317,INV-2026-03317,2026-08-08,0,OVERDUE
PAY-0003318,INV-2026-03318,2026-08-25,0,OVERDUE
PAY-0003319,INV-2026-03319,2027-01-06,0,PENDING
PAY-0003320,INV-2026-03320,2026-12-21,0,PENDING
PAY-0003321,INV-2026-03321,2026-11-17,0,OVERDUE
PAY-0003322,INV-2026-03322,2026-10-22,262000,PAID
PAY-0003323,INV-2026-03323,2026-10-06,1073581,PARTIAL
PAY-0003324,INV-2026-03324,2026-11-15,0,PENDING
PAY-0003325,INV-2026-03325,2026-10-14,1796623,PARTIAL
PAY-0003326,INV-2026-03326,2026-11-14,0,PENDING
PAY-0003327,INV-2026-03327,2026-08-29,0,OVERDUE
PAY-0003328,INV-2026-03328,2026-10-21,4766000,PAID
PAY-0003329,INV-2026-03329,2026-09-12,1827000,PAID
PAY-0003330,INV-2026-03330,2026-10-14,0,PENDING
PAY-0003331,INV-2026-03331,2026-08-31,2111140,PARTIAL
PAY-0003332,INV-2026-03332,2026-12-28,616000,PAID
PAY-0003333,INV-2026-03333,2026-09-29,1833000,PAID
PAY-0003334,INV-2026-03334,2026-09-02,0,PENDING
PAY-0003335,INV-2026-03335,2026-10-16,1737000,PAID
PAY-0003336,INV-2026-03336,2026-11-22,2281000,PAID
PAY-0003337,INV-2026-03337,2026-09-02,4089000,PAID
PAY-0003338,INV-2026-03338,2026-10-16,0,OVERDUE
PAY-0003339,INV-2026-03339,2026-11-11,463118,PARTIAL
PAY-0003340,INV-2026-03340,2026-11-14,3141000,PAID
PAY-0003341,INV-2026-03341,2026-11-19,0,OVERDUE
PAY-0003342,INV-2026-03342,2026-11-02,0,OVERDUE
PAY-0003343,INV-2026-03343,2026-11-27,0,PENDING
PAY-0003344,INV-2026-03344,2026-12-10,3155000,PAID
PAY-0003345,INV-2026-03345,2026-07-22,3831000,PAID
PAY-0003346,INV-2026-03346,2026-12-20,3348000,PAID
PAY-0003347,INV-2026-03347,2026-11-04,0,OVERDUE
PAY-0003348,INV-2026-03348,2026-09-13,289000,PAID
PAY-0003349,INV-2026-03349,2026-10-15,0,OVERDUE
PAY-0003350,INV-2026-03350,2026-08-15,588000,PAID
PAY-0003351,INV-2026-03351,2026-09-13,0,PENDING
PAY-0003352,INV-2026-03352,2026-11-24,3377000,PAID
PAY-0003353,INV-2026-03353,2026-10-24,4487000,PAID
PAY-0003354,INV-2026-03354,2026-09-17,3884000,PAID
PAY-0003355,INV-2026-03355,2026-11-08,1214000,PAID
PAY-0003356,INV-2026-03356,2026-10-18,1199712,PARTIAL
PAY-0003357,INV-2026-03357,2026-08-16,972000,PAID
PAY-0003358,INV-2026-03358,2026-11-17,1809000,PAID
PAY-0003359,INV-2026-03359,2026-11-27,1976000,PAID
PAY-0003360,INV-2026-03360,2026-11-22,2562863,PARTIAL
PAY-0003361,INV-2026-03361,2026-08-07,1627000,PAID
PAY-0003362,INV-2026-03362,2026-09-28,1978000,PAID
PAY-0003363,INV-2026-03363,2026-10-09,3435000,PAID
PAY-0003364,INV-2026-03364,2026-09-15,0,PENDING
PAY-0003365,INV-2026-03365,2026-09-23,0,OVERDUE
PAY-0003366,INV-2026-03366,2026-10-27,2877000,PAID
PAY-0003367,INV-2026-03367,2026-09-20,226747,PARTIAL
PAY-0003368,INV-2026-03368,2026-08-27,0,OVERDUE
PAY-0003369,INV-2026-03369,2026-11-10,0,PENDING
PAY-0003370,INV-2026-03370,2026-11-06,0,PENDING
PAY-0003371,INV-2026-03371,2026-12-05,0,PENDING
PAY-0003372,INV-2026-03372,2026-11-10,0,PENDING
PAY-0003373,INV-2026-03373,2026-08-31,0,PENDING
PAY-0003374,INV-2026-03374,2026-10-29,602308,PARTIAL
PAY-0003375,INV-2026-03375,2026-11-02,4152000,PAID
PAY-0003376,INV-2026-03376,2026-11-04,1946000,PAID
PAY-0003377,INV-2026-03377,2026-10-10,0,OVERDUE
PAY-0003378,INV-2026-03378,2026-11-25,2818000,PAID
PAY-0003379,INV-2026-03379,2026-07-22,284000,PAID
PAY-0003380,INV-2026-03380,2026-10-20,0,PENDING
PAY-0003381,INV-2026-03381,2026-10-28,515673,PARTIAL
PAY-0003382,INV-2026-03382,2026-11-15,0,PENDING
PAY-0003383,INV-2026-03383,2026-12-03,3695000,PAID
PAY-0003384,INV-2026-03384,2026-10-23,0,OVERDUE
PAY-0003385,INV-2026-03385,2026-08-20,3744000,PAID
PAY-0003386,INV-2026-03386,2026-09-02,0,OVERDUE
PAY-0003387,INV-2026-03387,2026-08-18,741711,PARTIAL
PAY-0003388,INV-2026-03388,2026-10-14,0,OVERDUE
PAY-0003389,INV-2026-03389,2026-08-30,4653000,PAID
PAY-0003390,INV-2026-03390,2026-07-29,2498080,PARTIAL
PAY-0003391,INV-2026-03391,2026-12-19,4039000,PAID
PAY-0003392,INV-2026-03392,2026-08-19,0,OVERDUE
PAY-0003393,INV-2026-03393,2026-09-19,3221000,PAID
PAY-0003394,INV-2026-03394,2026-12-10,0,OVERDUE
PAY-0003395,INV-2026-03395,2026-08-24,2858000,PAID
PAY-0003396,INV-2026-03396,2026-12-19,597000,PAID
PAY-0003397,INV-2026-03397,2026-11-06,0,PENDING
PAY-0003398,INV-2026-03398,2026-09-26,1122965,PARTIAL
PAY-0003399,INV-2026-03399,2026-10-09,0,OVERDUE
PAY-0003400,INV-2026-03400,2026-11-19,4263000,PAID
PAY-0003401,INV-2026-03401,2026-08-15,269702,PARTIAL
PAY-0003402,INV-2026-03402,2026-08-09,897000,PAID
PAY-0003403,INV-2026-03403,2026-07-19,1875702,PARTIAL
PAY-0003404,INV-2026-03404,2026-10-17,3729386,PARTIAL
PAY-0003405,INV-2026-03405,2026-08-02,0,OVERDUE
PAY-0003406,INV-2026-03406,2026-10-18,543418,PARTIAL
PAY-0003407,INV-2026-03407,2026-12-03,4431000,PAID
PAY-0003408,INV-2026-03408,2026-09-15,0,OVERDUE
PAY-0003409,INV-2026-03409,2026-10-29,271029,PARTIAL
PAY-0003410,INV-2026-03410,2026-07-03,3919000,PAID
PAY-0003411,INV-2026-03411,2027-01-13,0,OVERDUE
PAY-0003412,INV-2026-03412,2026-08-09,0,OVERDUE
PAY-0003413,INV-2026-03413,2026-08-25,0,PENDING
PAY-0003414,INV-2026-03414,2026-09-30,3337000,PAID
PAY-0003415,INV-2026-03415,2026-10-10,0,PENDING
PAY-0003416,INV-2026-03416,2026-12-19,3025000,PAID
PAY-0003417,INV-2026-03417,2026-08-18,0,PENDING
PAY-0003418,INV-2026-03418,2026-10-31,4005000,PAID
PAY-0003419,INV-2026-03419,2026-09-14,0,PENDING
PAY-0003420,INV-2026-03420,2026-08-02,324479,PARTIAL
PAY-0003421,INV-2026-03421,2026-11-20,4595000,PAID
PAY-0003422,INV-2026-03422,2026-08-27,3377000,PAID
PAY-0003423,INV-2026-03423,2026-10-27,0,OVERDUE
PAY-0003424,INV-2026-03424,2026-11-05,0,PENDING
PAY-0003425,INV-2026-03425,2026-09-29,0,OVERDUE
PAY-0003426,INV-2026-03426,2026-08-18,4388000,PAID
PAY-0003427,INV-2026-03427,2026-10-25,0,OVERDUE
PAY-0003428,INV-2026-03428,2026-09-09,223000,PAID
PAY-0003429,INV-2026-03429,2026-11-17,0,PENDING
PAY-0003430,INV-2026-03430,2026-08-30,1967565,PARTIAL
PAY-0003431,INV-2026-03431,2026-09-22,337000,PAID
PAY-0003432,INV-2026-03432,2026-11-26,0,PENDING
PAY-0003433,INV-2026-03433,2027-01-16,3656000,PAID
PAY-0003434,INV-2026-03434,2026-09-12,2246008,PARTIAL
PAY-0003435,INV-2026-03435,2026-12-01,2253000,PAID
PAY-0003436,INV-2026-03436,2026-10-26,3548000,PAID
PAY-0003437,INV-2026-03437,2026-09-15,1159471,PARTIAL
PAY-0003438,INV-2026-03438,2026-11-20,0,OVERDUE
PAY-0003439,INV-2026-03439,2026-08-20,380000,PAID
PAY-0003440,INV-2026-03440,2026-08-16,1271000,PAID
PAY-0003441,INV-2026-03441,2026-07-23,0,OVERDUE
PAY-0003442,INV-2026-03442,2026-09-21,2144000,PAID
PAY-0003443,INV-2026-03443,2026-11-01,88458,PARTIAL
PAY-0003444,INV-2026-03444,2026-10-21,0,OVERDUE
PAY-0003445,INV-2026-03445,2026-09-23,0,PENDING
PAY-0003446,INV-2026-03446,2026-10-23,3859000,PAID
PAY-0003447,INV-2026-03447,2026-09-27,4620000,PAID
PAY-0003448,INV-2026-03448,2026-07-31,0,PENDING
PAY-0003449,INV-2026-03449,2026-09-22,0,OVERDUE
PAY-0003450,INV-2026-03450,2026-08-26,1938000,PAID
PAY-0003451,INV-2026-03451,2026-12-28,0,PENDING
PAY-0003452,INV-2026-03452,2026-11-01,4306000,PAID
PAY-0003453,INV-2026-03453,2026-09-01,0,OVERDUE
PAY-0003454,INV-2026-03454,2026-08-21,147045,PARTIAL
PAY-0003455,INV-2026-03455,2026-09-07,485000,PAID
PAY-0003456,INV-2026-03456,2026-11-09,149608,PARTIAL
PAY-0003457,INV-2026-03457,2026-11-30,0,PENDING
PAY-0003458,INV-2026-03458,2026-12-13,4452000,PAID
PAY-0003459,INV-2026-03459,2026-08-17,0,OVERDUE
PAY-0003460,INV-2026-03460,2026-09-23,153000,PAID
PAY-0003461,INV-2026-03461,2026-11-15,4340000,PAID
PAY-0003462,INV-2026-03462,2026-11-17,0,OVERDUE
PAY-0003463,INV-2026-03463,2026-09-04,3213000,PAID
PAY-0003464,INV-2026-03464,2026-11-21,0,OVERDUE
PAY-0003465,INV-2026-03465,2026-10-25,4468000,PAID
PAY-0003466,INV-2026-03466,2026-08-09,1000889,PARTIAL
PAY-0003467,INV-2026-03467,2026-09-17,0,PENDING
PAY-0003468,INV-2026-03468,2026-09-30,1051747,PARTIAL
PAY-0003469,INV-2026-03469,2026-07-15,0,OVERDUE
PAY-0003470,INV-2026-03470,2026-10-31,0,PENDING
PAY-0003471,INV-2026-03471,2026-08-07,1495990,PARTIAL
PAY-0003472,INV-2026-03472,2026-12-25,0,OVERDUE
PAY-0003473,INV-2026-03473,2026-09-03,103521,PARTIAL
PAY-0003474,INV-2026-03474,2026-08-30,0,PENDING
PAY-0003475,INV-2026-03475,2026-11-12,0,OVERDUE
PAY-0003476,INV-2026-03476,2026-11-16,4705000,PAID
PAY-0003477,INV-2026-03477,2026-11-01,2985000,PAID
PAY-0003478,INV-2026-03478,2026-09-10,2793000,PAID
PAY-0003479,INV-2026-03479,2026-08-03,1300000,PAID
PAY-0003480,INV-2026-03480,2026-12-19,2032000,PAID
PAY-0003481,INV-2026-03481,2026-09-24,3446000,PAID
PAY-0003482,INV-2026-03482,2026-07-19,2417000,PAID
PAY-0003483,INV-2026-03483,2026-10-27,2392000,PAID
PAY-0003484,INV-2026-03484,2026-08-29,0,PENDING
PAY-0003485,INV-2026-03485,2026-07-13,1829000,PAID
PAY-0003486,INV-2026-03486,2026-11-04,0,OVERDUE
PAY-0003487,INV-2026-03487,2026-12-10,0,OVERDUE
PAY-0003488,INV-2026-03488,2026-10-07,1424000,PAID
PAY-0003489,INV-2026-03489,2026-09-10,0,PENDING
PAY-0003490,INV-2026-03490,2026-08-03,3180634,PARTIAL
PAY-0003491,INV-2026-03491,2026-10-18,836000,PAID
PAY-0003492,INV-2026-03492,2026-11-04,4545000,PAID
PAY-0003493,INV-2026-03493,2026-11-27,0,OVERDUE
PAY-0003494,INV-2026-03494,2026-10-10,1896245,PARTIAL
PAY-0003495,INV-2026-03495,2026-10-24,2234044,PARTIAL
PAY-0003496,INV-2026-03496,2026-10-15,3024000,PAID
PAY-0003497,INV-2026-03497,2026-10-13,330113,PARTIAL
PAY-0003498,INV-2026-03498,2026-09-02,0,PENDING
PAY-0003499,INV-2026-03499,2026-11-25,0,PENDING
PAY-0003500,INV-2026-03500,2026-10-20,3478000,PAID
PAY-0003501,INV-2026-03501,2026-11-09,775497,PARTIAL
PAY-0003502,INV-2026-03502,2026-07-22,2717000,PAID
PAY-0003503,INV-2026-03503,2026-11-26,1860600,PARTIAL
PAY-0003504,INV-2026-03504,2026-12-18,0,PENDING
PAY-0003505,INV-2026-03505,2026-09-19,0,OVERDUE
PAY-0003506,INV-2026-03506,2026-08-18,0,OVERDUE
PAY-0003507,INV-2026-03507,2026-09-23,0,PENDING
PAY-0003508,INV-2026-03508,2026-08-04,0,PENDING
PAY-0003509,INV-2026-03509,2026-12-17,0,PENDING
PAY-0003510,INV-2026-03510,2026-09-22,1404000,PAID
PAY-0003511,INV-2026-03511,2026-11-13,1931571,PARTIAL
PAY-0003512,INV-2026-03512,2026-10-22,0,PENDING
PAY-0003513,INV-2026-03513,2026-12-03,0,PENDING
PAY-0003514,INV-2026-03514,2026-09-19,0,OVERDUE
PAY-0003515,INV-2026-03515,2026-11-05,0,PENDING
PAY-0003516,INV-2026-03516,2026-10-07,186088,PARTIAL
PAY-0003517,INV-2026-03517,2026-09-23,0,PENDING
PAY-0003518,INV-2026-03518,2026-07-31,1831729,PARTIAL
PAY-0003519,INV-2026-03519,2026-10-20,412000,PAID
PAY-0003520,INV-2026-03520,2026-10-19,0,PENDING
PAY-0003521,INV-2026-03521,2026-10-29,0,PENDING
PAY-0003522,INV-2026-03522,2026-09-01,211581,PARTIAL
PAY-0003523,INV-2026-03523,2026-08-18,1865000,PAID
PAY-0003524,INV-2026-03524,2027-01-05,0,OVERDUE
PAY-0003525,INV-2026-03525,2026-10-20,2539828,PARTIAL
PAY-0003526,INV-2026-03526,2026-09-13,262000,PAID
PAY-0003527,INV-2026-03527,2026-07-14,4298000,PAID
PAY-0003528,INV-2026-03528,2026-11-24,0,OVERDUE
PAY-0003529,INV-2026-03529,2026-09-06,4489000,PAID
PAY-0003530,INV-2026-03530,2026-10-30,0,OVERDUE
PAY-0003531,INV-2026-03531,2026-09-21,0,PENDING
PAY-0003532,INV-2026-03532,2026-09-14,0,PENDING
PAY-0003533,INV-2026-03533,2026-10-05,0,OVERDUE
PAY-0003534,INV-2026-03534,2026-12-26,2829031,PARTIAL
PAY-0003535,INV-2026-03535,2026-11-23,143000,PAID
PAY-0003536,INV-2026-03536,2026-10-15,0,PENDING
PAY-0003537,INV-2026-03537,2026-09-26,0,PENDING
PAY-0003538,INV-2026-03538,2026-07-26,735000,PAID
PAY-0003539,INV-2026-03539,2026-09-02,436447,PARTIAL
PAY-0003540,INV-2026-03540,2026-07-16,2222000,PAID
PAY-0003541,INV-2026-03541,2027-01-24,648000,PAID
PAY-0003542,INV-2026-03542,2026-09-06,2217303,PARTIAL
PAY-0003543,INV-2026-03543,2026-10-11,71636,PARTIAL
PAY-0003544,INV-2026-03544,2027-01-15,551532,PARTIAL
PAY-0003545,INV-2026-03545,2026-11-04,0,OVERDUE
PAY-0003546,INV-2026-03546,2026-11-17,1374614,PARTIAL
PAY-0003547,INV-2026-03547,2026-08-27,0,OVERDUE
PAY-0003548,INV-2026-03548,2026-08-31,228565,PARTIAL
PAY-0003549,INV-2026-03549,2026-11-26,1436422,PARTIAL
PAY-0003550,INV-2026-03550,2026-11-28,1957245,PARTIAL
PAY-0003551,INV-2026-03551,2026-10-09,427878,PARTIAL
PAY-0003552,INV-2026-03552,2026-12-24,1759469,PARTIAL
PAY-0003553,INV-2026-03553,2026-11-26,0,PENDING
PAY-0003554,INV-2026-03554,2026-11-14,932000,PAID
PAY-0003555,INV-2026-03555,2026-08-25,0,PENDING
PAY-0003556,INV-2026-03556,2026-10-02,1204000,PAID
PAY-0003557,INV-2026-03557,2026-10-05,36369,PARTIAL
PAY-0003558,INV-2026-03558,2026-10-27,1092803,PARTIAL
PAY-0003559,INV-2026-03559,2026-10-20,3384000,PAID
PAY-0003560,INV-2026-03560,2026-11-14,959565,PARTIAL
PAY-0003561,INV-2026-03561,2026-11-16,0,OVERDUE
PAY-0003562,INV-2026-03562,2026-09-19,749318,PARTIAL
PAY-0003563,INV-2026-03563,2026-11-06,2773000,PAID
PAY-0003564,INV-2026-03564,2026-08-29,0,PENDING
PAY-0003565,INV-2026-03565,2026-10-30,1855000,PAID
PAY-0003566,INV-2026-03566,2026-08-26,2162000,PAID
PAY-0003567,INV-2026-03567,2026-09-12,76831,PARTIAL
PAY-0003568,INV-2026-03568,2026-09-19,880248,PARTIAL
PAY-0003569,INV-2026-03569,2026-10-02,3411685,PARTIAL
PAY-0003570,INV-2026-03570,2026-12-18,751000,PAID
PAY-0003571,INV-2026-03571,2026-10-19,2390000,PAID
PAY-0003572,INV-2026-03572,2026-11-06,0,OVERDUE
PAY-0003573,INV-2026-03573,2026-10-01,0,PENDING
PAY-0003574,INV-2026-03574,2026-07-08,0,OVERDUE
PAY-0003575,INV-2026-03575,2026-12-02,0,OVERDUE
PAY-0003576,INV-2026-03576,2026-10-15,4938000,PAID
PAY-0003577,INV-2026-03577,2027-02-04,0,OVERDUE
PAY-0003578,INV-2026-03578,2026-11-12,3292000,PAID
PAY-0003579,INV-2026-03579,2026-07-27,2469000,PAID
PAY-0003580,INV-2026-03580,2026-09-11,2645219,PARTIAL
PAY-0003581,INV-2026-03581,2026-09-06,2690000,PAID
PAY-0003582,INV-2026-03582,2027-01-01,0,PENDING
PAY-0003583,INV-2026-03583,2026-11-30,2679000,PAID
PAY-0003584,INV-2026-03584,2026-08-10,3757000,PAID
PAY-0003585,INV-2026-03585,2026-08-03,1280000,PAID
PAY-0003586,INV-2026-03586,2026-07-23,188702,PARTIAL
PAY-0003587,INV-2026-03587,2026-08-15,3439000,PAID
PAY-0003588,INV-2026-03588,2026-08-18,0,PENDING
PAY-0003589,INV-2026-03589,2026-08-11,1062000,PAID
PAY-0003590,INV-2026-03590,2026-11-11,2164000,PAID
PAY-0003591,INV-2026-03591,2026-11-16,1667447,PARTIAL
PAY-0003592,INV-2026-03592,2027-01-25,0,OVERDUE
PAY-0003593,INV-2026-03593,2026-12-24,0,PENDING
PAY-0003594,INV-2026-03594,2026-09-11,0,PENDING
PAY-0003595,INV-2026-03595,2026-09-17,990000,PAID
PAY-0003596,INV-2026-03596,2026-10-17,4685000,PAID
PAY-0003597,INV-2026-03597,2026-12-19,0,OVERDUE
PAY-0003598,INV-2026-03598,2026-10-10,0,PENDING
PAY-0003599,INV-2026-03599,2026-11-09,1827539,PARTIAL
PAY-0003600,INV-2026-03600,2026-10-21,0,PENDING
PAY-0003601,INV-2026-03601,2026-09-03,1821379,PARTIAL
PAY-0003602,INV-2026-03602,2026-10-12,1227000,PAID
PAY-0003603,INV-2026-03603,2026-09-16,1858645,PARTIAL
PAY-0003604,INV-2026-03604,2026-07-20,2728000,PAID
PAY-0003605,INV-2026-03605,2026-10-03,1578000,PAID
PAY-0003606,INV-2026-03606,2026-09-03,0,PENDING
PAY-0003607,INV-2026-03607,2026-10-13,4234000,PAID
PAY-0003608,INV-2026-03608,2026-10-16,0,PENDING
PAY-0003609,INV-2026-03609,2026-11-03,1102000,PAID
PAY-0003610,INV-2026-03610,2026-08-19,2592869,PARTIAL
PAY-0003611,INV-2026-03611,2026-08-18,3921000,PAID
PAY-0003612,INV-2026-03612,2027-01-07,0,PENDING
PAY-0003613,INV-2026-03613,2026-10-09,891000,PAID
PAY-0003614,INV-2026-03614,2026-10-06,0,PENDING
PAY-0003615,INV-2026-03615,2026-08-04,1480940,PARTIAL
PAY-0003616,INV-2026-03616,2026-08-04,0,OVERDUE
PAY-0003617,INV-2026-03617,2026-10-27,0,PENDING
PAY-0003618,INV-2026-03618,2026-12-06,0,OVERDUE
PAY-0003619,INV-2026-03619,2026-08-22,2191351,PARTIAL
PAY-0003620,INV-2026-03620,2026-11-29,2040000,PAID
PAY-0003621,INV-2026-03621,2026-12-02,631636,PARTIAL
PAY-0003622,INV-2026-03622,2026-08-07,805000,PAID
PAY-0003623,INV-2026-03623,2026-10-06,2528000,PAID
PAY-0003624,INV-2026-03624,2026-11-29,3034000,PAID
PAY-0003625,INV-2026-03625,2026-11-08,613000,PAID
PAY-0003626,INV-2026-03626,2026-10-31,0,PENDING
PAY-0003627,INV-2026-03627,2026-10-01,1307000,PAID
PAY-0003628,INV-2026-03628,2026-09-11,0,OVERDUE
PAY-0003629,INV-2026-03629,2026-11-18,418000,PAID
PAY-0003630,INV-2026-03630,2026-09-07,1575000,PAID
PAY-0003631,INV-2026-03631,2026-07-27,0,PENDING
PAY-0003632,INV-2026-03632,2026-11-08,0,PENDING
PAY-0003633,INV-2026-03633,2026-11-19,2586000,PAID
PAY-0003634,INV-2026-03634,2026-08-07,1038176,PARTIAL
PAY-0003635,INV-2026-03635,2026-09-16,2262287,PARTIAL
PAY-0003636,INV-2026-03636,2026-11-11,3143000,PAID
PAY-0003637,INV-2026-03637,2026-11-04,1034000,PAID
PAY-0003638,INV-2026-03638,2026-09-14,1090000,PAID
PAY-0003639,INV-2026-03639,2026-10-23,4450000,PAID
PAY-0003640,INV-2026-03640,2026-10-18,0,OVERDUE
PAY-0003641,INV-2026-03641,2026-10-29,1668000,PAID
PAY-0003642,INV-2026-03642,2027-01-25,2546588,PARTIAL
PAY-0003643,INV-2026-03643,2026-12-20,350000,PAID
PAY-0003644,INV-2026-03644,2026-11-11,315000,PAID
PAY-0003645,INV-2026-03645,2026-09-28,1538000,PAID
PAY-0003646,INV-2026-03646,2026-12-04,0,OVERDUE
PAY-0003647,INV-2026-03647,2026-11-13,1014650,PARTIAL
PAY-0003648,INV-2026-03648,2026-09-25,704554,PARTIAL
PAY-0003649,INV-2026-03649,2026-09-29,1975000,PAID
PAY-0003650,INV-2026-03650,2026-10-09,2564000,PAID
PAY-0003651,INV-2026-03651,2026-08-24,4383000,PAID
PAY-0003652,INV-2026-03652,2026-09-05,4796000,PAID
PAY-0003653,INV-2026-03653,2026-11-07,0,OVERDUE
PAY-0003654,INV-2026-03654,2026-10-06,4143000,PAID
PAY-0003655,INV-2026-03655,2026-09-27,2695093,PARTIAL
PAY-0003656,INV-2026-03656,2026-11-21,4054000,PAID
PAY-0003657,INV-2026-03657,2026-09-08,0,PENDING
PAY-0003658,INV-2026-03658,2026-12-13,1759000,PAID
PAY-0003659,INV-2026-03659,2026-11-16,647000,PAID
PAY-0003660,INV-2026-03660,2026-11-17,83975,PARTIAL
PAY-0003661,INV-2026-03661,2026-09-23,783052,PARTIAL
PAY-0003662,INV-2026-03662,2027-01-16,0,PENDING
PAY-0003663,INV-2026-03663,2026-07-11,321000,PAID
PAY-0003664,INV-2026-03664,2026-08-26,0,OVERDUE
PAY-0003665,INV-2026-03665,2026-09-28,1678000,PAID
PAY-0003666,INV-2026-03666,2026-09-09,0,PENDING
PAY-0003667,INV-2026-03667,2026-08-28,4347000,PAID
PAY-0003668,INV-2026-03668,2026-12-17,2098000,PAID
PAY-0003669,INV-2026-03669,2026-09-13,0,OVERDUE
PAY-0003670,INV-2026-03670,2026-11-16,269000,PAID
PAY-0003671,INV-2026-03671,2026-11-28,1943000,PAID
PAY-0003672,INV-2026-03672,2026-08-13,0,PENDING
PAY-0003673,INV-2026-03673,2026-10-16,3802000,PAID
PAY-0003674,INV-2026-03674,2026-11-25,0,PENDING
PAY-0003675,INV-2026-03675,2026-12-29,642857,PARTIAL
PAY-0003676,INV-2026-03676,2026-11-03,3032000,PAID
PAY-0003677,INV-2026-03677,2026-10-13,4055000,PAID
PAY-0003678,INV-2026-03678,2026-10-28,1535020,PARTIAL
PAY-0003679,INV-2026-03679,2026-11-11,1167735,PARTIAL
PAY-0003680,INV-2026-03680,2026-10-19,0,OVERDUE
PAY-0003681,INV-2026-03681,2027-01-11,4441000,PAID
PAY-0003682,INV-2026-03682,2026-10-22,4340000,PAID
PAY-0003683,INV-2026-03683,2026-12-02,3972000,PAID
PAY-0003684,INV-2026-03684,2026-12-08,1643000,PAID
PAY-0003685,INV-2026-03685,2026-09-17,152277,PARTIAL
PAY-0003686,INV-2026-03686,2026-12-06,2294351,PARTIAL
PAY-0003687,INV-2026-03687,2026-09-12,2522896,PARTIAL
PAY-0003688,INV-2026-03688,2026-10-18,0,PENDING
PAY-0003689,INV-2026-03689,2026-10-11,3675000,PAID
PAY-0003690,INV-2026-03690,2026-09-30,0,PENDING
PAY-0003691,INV-2026-03691,2026-08-14,817041,PARTIAL
PAY-0003692,INV-2026-03692,2026-07-16,4106000,PAID
PAY-0003693,INV-2026-03693,2026-12-10,0,PENDING
PAY-0003694,INV-2026-03694,2026-08-27,2169000,PAID
PAY-0003695,INV-2026-03695,2026-07-30,0,OVERDUE
PAY-0003696,INV-2026-03696,2026-08-07,1708142,PARTIAL
PAY-0003697,INV-2026-03697,2026-11-10,3350000,PAID
PAY-0003698,INV-2026-03698,2026-11-20,2078000,PAID
PAY-0003699,INV-2026-03699,2026-10-30,2316000,PAID
PAY-0003700,INV-2026-03700,2026-12-18,503000,PAID
PAY-0003701,INV-2026-03701,2026-09-23,0,PENDING
PAY-0003702,INV-2026-03702,2026-09-14,290000,PAID
PAY-0003703,INV-2026-03703,2026-10-14,2040431,PARTIAL
PAY-0003704,INV-2026-03704,2026-10-22,0,PENDING
PAY-0003705,INV-2026-03705,2026-09-28,1444739,PARTIAL
PAY-0003706,INV-2026-03706,2027-01-20,0,PENDING
PAY-0003707,INV-2026-03707,2027-01-08,466676,PARTIAL
PAY-0003708,INV-2026-03708,2026-08-06,0,PENDING
PAY-0003709,INV-2026-03709,2026-09-07,0,PENDING
PAY-0003710,INV-2026-03710,2026-08-24,4057000,PAID
PAY-0003711,INV-2026-03711,2026-08-19,1422216,PARTIAL
PAY-0003712,INV-2026-03712,2026-12-31,4898000,PAID
PAY-0003713,INV-2026-03713,2026-09-29,442447,PARTIAL
PAY-0003714,INV-2026-03714,2026-08-22,2209000,PAID
PAY-0003715,INV-2026-03715,2026-11-02,0,OVERDUE
PAY-0003716,INV-2026-03716,2026-09-09,2164757,PARTIAL
PAY-0003717,INV-2026-03717,2026-09-15,1552000,PAID
PAY-0003718,INV-2026-03718,2026-12-24,0,OVERDUE
PAY-0003719,INV-2026-03719,2026-10-01,405467,PARTIAL
PAY-0003720,INV-2026-03720,2026-11-18,1030000,PAID
PAY-0003721,INV-2026-03721,2026-11-28,3319000,PAID
PAY-0003722,INV-2026-03722,2026-10-09,1093000,PAID
PAY-0003723,INV-2026-03723,2026-10-09,0,OVERDUE
PAY-0003724,INV-2026-03724,2026-12-20,1746000,PAID
PAY-0003725,INV-2026-03725,2026-07-26,3702000,PAID
PAY-0003726,INV-2026-03726,2026-10-01,4058000,PAID
PAY-0003727,INV-2026-03727,2026-12-07,0,OVERDUE
PAY-0003728,INV-2026-03728,2026-09-11,0,PENDING
PAY-0003729,INV-2026-03729,2026-10-20,4456000,PAID
PAY-0003730,INV-2026-03730,2026-08-26,0,OVERDUE
PAY-0003731,INV-2026-03731,2026-10-13,0,OVERDUE
PAY-0003732,INV-2026-03732,2027-01-01,57507,PARTIAL
PAY-0003733,INV-2026-03733,2026-09-08,654816,PARTIAL
PAY-0003734,INV-2026-03734,2026-09-22,3750000,PAID
PAY-0003735,INV-2026-03735,2026-07-31,692215,PARTIAL
PAY-0003736,INV-2026-03736,2026-11-09,0,OVERDUE
PAY-0003737,INV-2026-03737,2026-11-19,2870415,PARTIAL
PAY-0003738,INV-2026-03738,2026-07-26,1687000,PAID
PAY-0003739,INV-2026-03739,2026-08-12,3619000,PAID
PAY-0003740,INV-2026-03740,2026-09-01,493000,PAID
PAY-0003741,INV-2026-03741,2026-12-22,359000,PAID
PAY-0003742,INV-2026-03742,2026-09-08,0,OVERDUE
PAY-0003743,INV-2026-03743,2026-12-22,1402000,PAID
PAY-0003744,INV-2026-03744,2026-08-29,76000,PAID
PAY-0003745,INV-2026-03745,2026-11-06,754463,PARTIAL
PAY-0003746,INV-2026-03746,2026-09-10,1259936,PARTIAL
PAY-0003747,INV-2026-03747,2026-08-11,2976000,PAID
PAY-0003748,INV-2026-03748,2026-08-19,2443000,PAID
PAY-0003749,INV-2026-03749,2026-10-31,1197000,PAID
PAY-0003750,INV-2026-03750,2026-08-08,2545637,PARTIAL
PAY-0003751,INV-2026-03751,2026-09-18,0,PENDING
PAY-0003752,INV-2026-03752,2026-12-26,982222,PARTIAL
PAY-0003753,INV-2026-03753,2026-11-11,3190906,PARTIAL
PAY-0003754,INV-2026-03754,2026-09-07,1281000,PAID
PAY-0003755,INV-2026-03755,2026-11-05,0,OVERDUE
PAY-0003756,INV-2026-03756,2026-08-03,4031000,PAID
PAY-0003757,INV-2026-03757,2026-11-19,0,OVERDUE
PAY-0003758,INV-2026-03758,2026-10-23,0,OVERDUE
PAY-0003759,INV-2026-03759,2026-12-27,3875000,PAID
PAY-0003760,INV-2026-03760,2026-09-19,699000,PAID
PAY-0003761,INV-2026-03761,2026-09-13,4254000,PAID
PAY-0003762,INV-2026-03762,2026-11-21,0,PENDING
PAY-0003763,INV-2026-03763,2026-09-17,3225000,PAID
PAY-0003764,INV-2026-03764,2026-11-09,4248000,PAID
PAY-0003765,INV-2026-03765,2026-11-15,2715000,PAID
PAY-0003766,INV-2026-03766,2026-10-02,2141000,PAID
PAY-0003767,INV-2026-03767,2026-08-25,1519648,PARTIAL
PAY-0003768,INV-2026-03768,2026-10-23,0,PENDING
PAY-0003769,INV-2026-03769,2026-09-18,1773000,PAID
PAY-0003770,INV-2026-03770,2026-10-31,0,OVERDUE
PAY-0003771,INV-2026-03771,2026-10-08,0,PENDING
PAY-0003772,INV-2026-03772,2026-09-28,4089000,PAID
PAY-0003773,INV-2026-03773,2026-08-23,0,PENDING
PAY-0003774,INV-2026-03774,2026-12-01,0,OVERDUE
PAY-0003775,INV-2026-03775,2026-08-28,0,PENDING
PAY-0003776,INV-2026-03776,2027-01-05,2761000,PAID
PAY-0003777,INV-2026-03777,2026-12-15,0,OVERDUE
PAY-0003778,INV-2026-03778,2026-11-07,914000,PAID
PAY-0003779,INV-2026-03779,2026-12-07,2842000,PAID
PAY-0003780,INV-2026-03780,2026-09-25,2042025,PARTIAL
PAY-0003781,INV-2026-03781,2026-11-08,3739000,PAID
PAY-0003782,INV-2026-03782,2026-10-23,220000,PAID
PAY-0003783,INV-2026-03783,2026-10-01,1303000,PAID
PAY-0003784,INV-2026-03784,2026-10-02,390116,PARTIAL
PAY-0003785,INV-2026-03785,2026-09-19,0,OVERDUE
PAY-0003786,INV-2026-03786,2026-09-23,507000,PAID
PAY-0003787,INV-2026-03787,2026-10-04,0,PENDING
PAY-0003788,INV-2026-03788,2027-01-16,3028000,PAID
PAY-0003789,INV-2026-03789,2026-10-15,3523000,PAID
PAY-0003790,INV-2026-03790,2026-11-17,4012000,PAID
PAY-0003791,INV-2026-03791,2026-11-09,942171,PARTIAL
PAY-0003792,INV-2026-03792,2026-11-16,223690,PARTIAL
PAY-0003793,INV-2026-03793,2026-09-07,1695000,PAID
PAY-0003794,INV-2026-03794,2026-10-25,3101059,PARTIAL
PAY-0003795,INV-2026-03795,2026-09-28,4793000,PAID
PAY-0003796,INV-2026-03796,2026-10-13,0,PENDING
PAY-0003797,INV-2026-03797,2026-08-10,1507201,PARTIAL
PAY-0003798,INV-2026-03798,2026-10-07,102234,PARTIAL
PAY-0003799,INV-2026-03799,2026-08-24,0,OVERDUE
PAY-0003800,INV-2026-03800,2026-08-08,0,PENDING
PAY-0003801,INV-2026-03801,2026-11-20,1605000,PAID
PAY-0003802,INV-2026-03802,2026-10-27,1349589,PARTIAL
PAY-0003803,INV-2026-03803,2026-10-31,0,OVERDUE
PAY-0003804,INV-2026-03804,2026-07-13,2072092,PARTIAL
PAY-0003805,INV-2026-03805,2026-10-16,4377000,PAID
PAY-0003806,INV-2026-03806,2026-12-02,1974632,PARTIAL
PAY-0003807,INV-2026-03807,2026-11-15,0,PENDING
PAY-0003808,INV-2026-03808,2026-09-25,1649421,PARTIAL
PAY-0003809,INV-2026-03809,2026-10-05,0,PENDING
PAY-0003810,INV-2026-03810,2026-09-25,0,OVERDUE
PAY-0003811,INV-2026-03811,2026-08-02,3284444,PARTIAL
PAY-0003812,INV-2026-03812,2026-09-13,3606000,PAID
PAY-0003813,INV-2026-03813,2026-10-19,2730000,PAID
PAY-0003814,INV-2026-03814,2026-11-11,3684000,PAID
PAY-0003815,INV-2026-03815,2026-10-20,0,OVERDUE
PAY-0003816,INV-2026-03816,2026-08-30,2157000,PAID
PAY-0003817,INV-2026-03817,2026-08-24,738968,PARTIAL
PAY-0003818,INV-2026-03818,2026-10-16,3631000,PAID
PAY-0003819,INV-2026-03819,2026-08-12,0,PENDING
PAY-0003820,INV-2026-03820,2026-10-15,4828000,PAID
PAY-0003821,INV-2026-03821,2026-11-13,0,OVERDUE
PAY-0003822,INV-2026-03822,2026-08-05,0,PENDING
PAY-0003823,INV-2026-03823,2026-10-24,1189000,PAID
PAY-0003824,INV-2026-03824,2026-10-09,0,OVERDUE
PAY-0003825,INV-2026-03825,2026-09-25,0,PENDING
PAY-0003826,INV-2026-03826,2026-12-10,0,OVERDUE
PAY-0003827,INV-2026-03827,2026-10-03,0,PENDING
PAY-0003828,INV-2026-03828,2026-11-14,0,PENDING
PAY-0003829,INV-2026-03829,2026-12-02,0,PENDING
PAY-0003830,INV-2026-03830,2026-11-30,2716000,PAID
PAY-0003831,INV-2026-03831,2027-01-13,3096000,PAID
PAY-0003832,INV-2026-03832,2026-07-30,67000,PAID
PAY-0003833,INV-2026-03833,2027-02-07,0,OVERDUE
PAY-0003834,INV-2026-03834,2026-10-08,0,OVERDUE
PAY-0003835,INV-2026-03835,2026-11-26,0,OVERDUE
PAY-0003836,INV-2026-03836,2026-08-03,3417000,PAID
PAY-0003837,INV-2026-03837,2026-12-13,1371121,PARTIAL
PAY-0003838,INV-2026-03838,2026-09-23,1286000,PAID
PAY-0003839,INV-2026-03839,2026-11-22,0,OVERDUE
PAY-0003840,INV-2026-03840,2026-10-29,529257,PARTIAL
PAY-0003841,INV-2026-03841,2026-12-18,0,OVERDUE
PAY-0003842,INV-2026-03842,2026-09-19,1978000,PAID
PAY-0003843,INV-2026-03843,2026-08-25,4501000,PAID
PAY-0003844,INV-2026-03844,2026-11-08,0,OVERDUE
PAY-0003845,INV-2026-03845,2027-01-04,0,PENDING
PAY-0003846,INV-2026-03846,2026-12-08,333291,PARTIAL
PAY-0003847,INV-2026-03847,2026-10-07,0,PENDING
PAY-0003848,INV-2026-03848,2026-12-29,0,PENDING
PAY-0003849,INV-2026-03849,2026-10-02,1089000,PAID
PAY-0003850,INV-2026-03850,2026-12-13,1557592,PARTIAL
PAY-0003851,INV-2026-03851,2026-11-14,0,OVERDUE
PAY-0003852,INV-2026-03852,2026-11-08,0,OVERDUE
PAY-0003853,INV-2026-03853,2026-09-12,1815000,PAID
PAY-0003854,INV-2026-03854,2026-12-18,101000,PAID
PAY-0003855,INV-2026-03855,2026-08-06,0,OVERDUE
PAY-0003856,INV-2026-03856,2026-10-12,0,PENDING
PAY-0003857,INV-2026-03857,2026-10-01,0,PENDING
PAY-0003858,INV-2026-03858,2026-11-17,0,OVERDUE
PAY-0003859,INV-2026-03859,2026-08-11,871393,PARTIAL
PAY-0003860,INV-2026-03860,2026-10-30,762000,PAID
PAY-0003861,INV-2026-03861,2026-09-14,0,PENDING
PAY-0003862,INV-2026-03862,2026-09-28,0,PENDING
PAY-0003863,INV-2026-03863,2026-11-07,0,OVERDUE
PAY-0003864,INV-2026-03864,2026-10-18,3498000,PAID
PAY-0003865,INV-2026-03865,2026-10-25,0,OVERDUE
PAY-0003866,INV-2026-03866,2026-07-10,973000,PAID
PAY-0003867,INV-2026-03867,2026-12-13,2787311,PARTIAL
PAY-0003868,INV-2026-03868,2026-10-11,2664000,PAID
PAY-0003869,INV-2026-03869,2026-09-18,731000,PAID
PAY-0003870,INV-2026-03870,2026-09-04,0,PENDING
PAY-0003871,INV-2026-03871,2026-11-08,0,PENDING
PAY-0003872,INV-2026-03872,2026-10-21,0,OVERDUE
PAY-0003873,INV-2026-03873,2026-11-04,0,PENDING
PAY-0003874,INV-2026-03874,2027-01-22,0,OVERDUE
PAY-0003875,INV-2026-03875,2026-11-06,936000,PAID
PAY-0003876,INV-2026-03876,2026-11-17,3293000,PAID
PAY-0003877,INV-2026-03877,2026-11-11,2788000,PAID
PAY-0003878,INV-2026-03878,2026-10-27,1218000,PAID
PAY-0003879,INV-2026-03879,2026-10-05,0,OVERDUE
PAY-0003880,INV-2026-03880,2026-07-31,0,OVERDUE
PAY-0003881,INV-2026-03881,2026-10-31,1239995,PARTIAL
PAY-0003882,INV-2026-03882,2026-10-23,0,PENDING
PAY-0003883,INV-2026-03883,2026-11-30,2335543,PARTIAL
PAY-0003884,INV-2026-03884,2026-09-03,0,PENDING
PAY-0003885,INV-2026-03885,2026-12-01,1961000,PAID
PAY-0003886,INV-2026-03886,2026-12-01,0,PENDING
PAY-0003887,INV-2026-03887,2026-08-31,250423,PARTIAL
PAY-0003888,INV-2026-03888,2026-09-18,398497,PARTIAL
PAY-0003889,INV-2026-03889,2026-12-25,2575238,PARTIAL
PAY-0003890,INV-2026-03890,2026-11-29,4466000,PAID
PAY-0003891,INV-2026-03891,2026-09-07,0,OVERDUE
PAY-0003892,INV-2026-03892,2026-10-11,1989000,PAID
PAY-0003893,INV-2026-03893,2026-11-21,518000,PAID
PAY-0003894,INV-2026-03894,2026-10-03,2090865,PARTIAL
PAY-0003895,INV-2026-03895,2026-11-12,0,PENDING
PAY-0003896,INV-2026-03896,2026-11-03,909185,PARTIAL
PAY-0003897,INV-2026-03897,2026-12-08,2161000,PAID
PAY-0003898,INV-2026-03898,2026-12-27,0,OVERDUE
PAY-0003899,INV-2026-03899,2026-08-29,4727000,PAID
PAY-0003900,INV-2026-03900,2026-11-22,3180000,PAID
PAY-0003901,INV-2026-03901,2026-10-26,982865,PARTIAL
PAY-0003902,INV-2026-03902,2026-09-11,2674000,PAID
PAY-0003903,INV-2026-03903,2026-10-29,956000,PAID
PAY-0003904,INV-2026-03904,2026-10-20,1244036,PARTIAL
PAY-0003905,INV-2026-03905,2026-11-08,78516,PARTIAL
PAY-0003906,INV-2026-03906,2026-08-26,0,PENDING
PAY-0003907,INV-2026-03907,2026-10-11,0,PENDING
PAY-0003908,INV-2026-03908,2026-08-11,3878000,PAID
PAY-0003909,INV-2026-03909,2026-11-10,0,OVERDUE
PAY-0003910,INV-2026-03910,2026-12-10,4341000,PAID
PAY-0003911,INV-2026-03911,2026-09-13,152634,PARTIAL
PAY-0003912,INV-2026-03912,2026-10-24,3209000,PAID
PAY-0003913,INV-2026-03913,2026-12-13,1234116,PARTIAL
PAY-0003914,INV-2026-03914,2026-09-23,4071000,PAID
PAY-0003915,INV-2026-03915,2026-08-20,3015000,PAID
PAY-0003916,INV-2026-03916,2026-10-26,0,PENDING
PAY-0003917,INV-2026-03917,2027-01-08,0,OVERDUE
PAY-0003918,INV-2026-03918,2026-08-05,0,PENDING
PAY-0003919,INV-2026-03919,2026-10-13,3526000,PAID
PAY-0003920,INV-2026-03920,2026-08-19,0,PENDING
PAY-0003921,INV-2026-03921,2026-10-29,975000,PAID
PAY-0003922,INV-2026-03922,2026-10-23,2361000,PAID
PAY-0003923,INV-2026-03923,2026-11-30,1250167,PARTIAL
PAY-0003924,INV-2026-03924,2026-11-20,3217000,PAID
PAY-0003925,INV-2026-03925,2026-10-23,1234000,PAID
PAY-0003926,INV-2026-03926,2026-12-22,0,OVERDUE
PAY-0003927,INV-2026-03927,2026-11-02,1058000,PAID
PAY-0003928,INV-2026-03928,2026-11-20,0,OVERDUE
PAY-0003929,INV-2026-03929,2026-09-06,0,PENDING
PAY-0003930,INV-2026-03930,2026-10-09,4597000,PAID
PAY-0003931,INV-2026-03931,2026-10-08,0,OVERDUE
PAY-0003932,INV-2026-03932,2026-11-05,2765000,PAID
PAY-0003933,INV-2026-03933,2026-12-06,4950000,PAID
PAY-0003934,INV-2026-03934,2026-09-05,0,OVERDUE
PAY-0003935,INV-2026-03935,2026-10-17,2381920,PARTIAL
PAY-0003936,INV-2026-03936,2026-09-17,3753000,PAID
PAY-0003937,INV-2026-03937,2026-08-31,1860000,PAID
PAY-0003938,INV-2026-03938,2026-11-03,2799000,PAID
PAY-0003939,INV-2026-03939,2026-12-13,2318000,PAID
PAY-0003940,INV-2026-03940,2026-09-21,150126,PARTIAL
PAY-0003941,INV-2026-03941,2026-10-31,0,PENDING
PAY-0003942,INV-2026-03942,2026-11-20,0,PENDING
PAY-0003943,INV-2026-03943,2026-09-03,0,PENDING
PAY-0003944,INV-2026-03944,2026-11-14,2756000,PAID
PAY-0003945,INV-2026-03945,2026-08-25,3813000,PAID
PAY-0003946,INV-2026-03946,2026-10-15,1590000,PAID
PAY-0003947,INV-2026-03947,2026-12-28,1103500,PARTIAL
PAY-0003948,INV-2026-03948,2026-11-08,3383000,PAID
PAY-0003949,INV-2026-03949,2026-11-11,0,OVERDUE
PAY-0003950,INV-2026-03950,2026-08-29,0,PENDING
PAY-0003951,INV-2026-03951,2026-08-30,296378,PARTIAL
PAY-0003952,INV-2026-03952,2026-11-02,4907000,PAID
PAY-0003953,INV-2026-03953,2026-08-30,0,PENDING
PAY-0003954,INV-2026-03954,2026-11-10,0,PENDING
PAY-0003955,INV-2026-03955,2026-08-01,1804000,PAID
PAY-0003956,INV-2026-03956,2026-10-03,2679000,PAID
PAY-0003957,INV-2026-03957,2026-08-22,0,PENDING
PAY-0003958,INV-2026-03958,2026-10-22,396043,PARTIAL
PAY-0003959,INV-2026-03959,2026-12-30,807000,PAID
PAY-0003960,INV-2026-03960,2026-09-29,1203491,PARTIAL
PAY-0003961,INV-2026-03961,2026-12-18,76000,PAID
PAY-0003962,INV-2026-03962,2026-12-01,2103000,PAID
PAY-0003963,INV-2026-03963,2026-11-11,0,OVERDUE
PAY-0003964,INV-2026-03964,2026-11-25,292568,PARTIAL
PAY-0003965,INV-2026-03965,2026-11-30,573622,PARTIAL
PAY-0003966,INV-2026-03966,2026-09-02,2173000,PAID
PAY-0003967,INV-2026-03967,2026-10-30,0,OVERDUE
PAY-0003968,INV-2026-03968,2026-09-26,471000,PAID
PAY-0003969,INV-2026-03969,2026-08-15,0,PENDING
PAY-0003970,INV-2026-03970,2026-08-11,0,PENDING
PAY-0003971,INV-2026-03971,2026-10-25,0,OVERDUE
PAY-0003972,INV-2026-03972,2026-09-15,0,OVERDUE
PAY-0003973,INV-2026-03973,2026-09-09,2800000,PAID
PAY-0003974,INV-2026-03974,2026-10-11,0,PENDING
PAY-0003975,INV-2026-03975,2026-11-25,2839000,PAID
PAY-0003976,INV-2026-03976,2026-09-06,0,PENDING
PAY-0003977,INV-2026-03977,2027-01-09,3107000,PAID
PAY-0003978,INV-2026-03978,2026-09-20,2746000,PAID
PAY-0003979,INV-2026-03979,2026-11-11,0,PENDING
PAY-0003980,INV-2026-03980,2026-08-20,0,PENDING
PAY-0003981,INV-2026-03981,2026-06-29,0,PENDING
PAY-0003982,INV-2026-03982,2026-12-10,3300000,PAID
PAY-0003983,INV-2026-03983,2026-10-20,0,OVERDUE
PAY-0003984,INV-2026-03984,2026-11-24,516507,PARTIAL
PAY-0003985,INV-2026-03985,2026-08-06,0,PENDING
PAY-0003986,INV-2026-03986,2026-11-23,0,OVERDUE
PAY-0003987,INV-2026-03987,2026-08-17,0,PENDING
PAY-0003988,INV-2026-03988,2026-08-10,0,PENDING
PAY-0003989,INV-2026-03989,2026-09-09,2728000,PAID
PAY-0003990,INV-2026-03990,2026-08-17,4774000,PAID
PAY-0003991,INV-2026-03991,2026-10-25,2771628,PARTIAL
PAY-0003992,INV-2026-03992,2026-09-06,2525232,PARTIAL
PAY-0003993,INV-2026-03993,2026-11-25,4421000,PAID
PAY-0003994,INV-2026-03994,2026-10-18,0,PENDING
PAY-0003995,INV-2026-03995,2026-09-01,2112000,PAID
PAY-0003996,INV-2026-03996,2026-11-09,2038000,PAID
PAY-0003997,INV-2026-03997,2026-08-05,871188,PARTIAL
PAY-0003998,INV-2026-03998,2026-12-12,372000,PAID
PAY-0003999,INV-2026-03999,2026-10-30,0,OVERDUE
PAY-0004000,INV-2026-04000,2026-12-28,2516836,PARTIAL
PAY-0004001,INV-2026-04001,2026-12-21,0,PENDING
PAY-0004002,INV-2026-04002,2026-12-13,4466000,PAID
PAY-0004003,INV-2026-04003,2026-11-25,3726000,PAID
PAY-0004004,INV-2026-04004,2026-07-28,266012,PARTIAL
PAY-0004005,INV-2026-04005,2026-11-16,2254415,PARTIAL
PAY-0004006,INV-2026-04006,2026-12-11,0,PENDING
PAY-0004007,INV-2026-04007,2026-09-24,1176000,PAID
PAY-0004008,INV-2026-04008,2026-09-28,0,PENDING
PAY-0004009,INV-2026-04009,2026-10-11,3608000,PAID
PAY-0004010,INV-2026-04010,2026-08-05,1140339,PARTIAL
PAY-0004011,INV-2026-04011,2026-10-10,4238000,PAID
PAY-0004012,INV-2026-04012,2027-01-11,887714,PARTIAL
PAY-0004013,INV-2026-04013,2026-09-23,47634,PARTIAL
PAY-0004014,INV-2026-04014,2026-11-16,1952000,PAID
PAY-0004015,INV-2026-04015,2026-11-25,4318000,PAID
PAY-0004016,INV-2026-04016,2027-01-11,567617,PARTIAL
PAY-0004017,INV-2026-04017,2026-10-05,0,OVERDUE
PAY-0004018,INV-2026-04018,2026-10-24,0,OVERDUE
PAY-0004019,INV-2026-04019,2026-10-24,77000,PAID
PAY-0004020,INV-2026-04020,2027-01-05,0,PENDING
PAY-0004021,INV-2026-04021,2026-09-26,3322000,PAID
PAY-0004022,INV-2026-04022,2026-08-22,3446000,PAID
PAY-0004023,INV-2026-04023,2026-12-21,2715000,PAID
PAY-0004024,INV-2026-04024,2026-10-30,0,PENDING
PAY-0004025,INV-2026-04025,2026-08-30,0,OVERDUE
PAY-0004026,INV-2026-04026,2026-10-23,682984,PARTIAL
PAY-0004027,INV-2026-04027,2026-09-22,601000,PAID
PAY-0004028,INV-2026-04028,2026-07-28,814719,PARTIAL
PAY-0004029,INV-2026-04029,2026-09-18,0,OVERDUE
PAY-0004030,INV-2026-04030,2026-10-10,3563000,PAID
PAY-0004031,INV-2026-04031,2026-12-13,130000,PAID
PAY-0004032,INV-2026-04032,2026-10-09,4074000,PAID
PAY-0004033,INV-2026-04033,2026-10-12,0,OVERDUE
PAY-0004034,INV-2026-04034,2026-11-11,0,PENDING
PAY-0004035,INV-2026-04035,2026-08-07,1463000,PAID
PAY-0004036,INV-2026-04036,2026-11-27,257602,PARTIAL
PAY-0004037,INV-2026-04037,2026-11-21,0,PENDING
PAY-0004038,INV-2026-04038,2026-09-20,1068945,PARTIAL
PAY-0004039,INV-2026-04039,2026-11-16,4129000,PAID
PAY-0004040,INV-2026-04040,2026-08-06,1736000,PAID
PAY-0004041,INV-2026-04041,2026-08-21,0,PENDING
PAY-0004042,INV-2026-04042,2026-12-14,2788000,PAID
PAY-0004043,INV-2026-04043,2026-07-06,1365586,PARTIAL
PAY-0004044,INV-2026-04044,2026-08-17,1174107,PARTIAL
PAY-0004045,INV-2026-04045,2026-07-20,0,OVERDUE
PAY-0004046,INV-2026-04046,2026-09-11,244000,PAID
PAY-0004047,INV-2026-04047,2026-08-27,0,OVERDUE
PAY-0004048,INV-2026-04048,2026-10-09,4415000,PAID
PAY-0004049,INV-2026-04049,2026-11-07,4702000,PAID
PAY-0004050,INV-2026-04050,2026-09-12,1101000,PAID
PAY-0004051,INV-2026-04051,2026-08-19,0,PENDING
PAY-0004052,INV-2026-04052,2026-07-15,0,PENDING
PAY-0004053,INV-2026-04053,2026-10-14,102785,PARTIAL
PAY-0004054,INV-2026-04054,2026-10-15,148000,PAID
PAY-0004055,INV-2026-04055,2026-10-10,2804000,PAID
PAY-0004056,INV-2026-04056,2026-09-08,381987,PARTIAL
PAY-0004057,INV-2026-04057,2026-11-18,1097000,PAID
PAY-0004058,INV-2026-04058,2026-07-29,0,PENDING
PAY-0004059,INV-2026-04059,2026-11-19,0,PENDING
PAY-0004060,INV-2026-04060,2026-11-23,1390527,PARTIAL
PAY-0004061,INV-2026-04061,2026-11-08,2388674,PARTIAL
PAY-0004062,INV-2026-04062,2026-08-15,0,PENDING
PAY-0004063,INV-2026-04063,2026-10-11,0,PENDING
PAY-0004064,INV-2026-04064,2026-10-07,257005,PARTIAL
PAY-0004065,INV-2026-04065,2026-11-10,1007000,PAID
PAY-0004066,INV-2026-04066,2026-11-09,3407000,PAID
PAY-0004067,INV-2026-04067,2026-09-09,0,OVERDUE
PAY-0004068,INV-2026-04068,2026-12-05,0,PENDING
PAY-0004069,INV-2026-04069,2026-08-25,0,PENDING
PAY-0004070,INV-2026-04070,2026-08-18,0,OVERDUE
PAY-0004071,INV-2026-04071,2026-11-09,2714000,PAID
PAY-0004072,INV-2026-04072,2026-11-28,1630634,PARTIAL
PAY-0004073,INV-2026-04073,2026-10-14,4830000,PAID
PAY-0004074,INV-2026-04074,2026-10-06,800000,PARTIAL
PAY-0004075,INV-2026-04075,2027-01-26,3494000,PAID
PAY-0004076,INV-2026-04076,2026-09-12,0,PENDING
PAY-0004077,INV-2026-04077,2026-10-24,4628000,PAID
PAY-0004078,INV-2026-04078,2026-09-27,2887000,PAID
PAY-0004079,INV-2026-04079,2026-10-17,2668000,PAID
PAY-0004080,INV-2026-04080,2027-01-08,4278000,PAID
PAY-0004081,INV-2026-04081,2026-10-31,0,OVERDUE
PAY-0004082,INV-2026-04082,2026-10-23,703886,PARTIAL
PAY-0004083,INV-2026-04083,2026-11-07,1234995,PARTIAL
PAY-0004084,INV-2026-04084,2026-08-05,0,PENDING
PAY-0004085,INV-2026-04085,2026-12-08,1072000,PAID
PAY-0004086,INV-2026-04086,2026-10-10,3683000,PAID
PAY-0004087,INV-2026-04087,2026-07-08,2339000,PAID
PAY-0004088,INV-2026-04088,2026-08-24,2693463,PARTIAL
PAY-0004089,INV-2026-04089,2026-10-25,0,PENDING
PAY-0004090,INV-2026-04090,2026-08-28,0,PENDING
PAY-0004091,INV-2026-04091,2026-07-19,723000,PAID
PAY-0004092,INV-2026-04092,2026-09-23,126548,PARTIAL
PAY-0004093,INV-2026-04093,2026-10-29,0,OVERDUE
PAY-0004094,INV-2026-04094,2026-10-09,288000,PAID
PAY-0004095,INV-2026-04095,2027-01-20,966051,PARTIAL
PAY-0004096,INV-2026-04096,2026-11-11,0,PENDING
PAY-0004097,INV-2026-04097,2026-08-30,0,OVERDUE
PAY-0004098,INV-2026-04098,2026-11-16,4922000,PAID
PAY-0004099,INV-2026-04099,2026-11-10,0,OVERDUE
PAY-0004100,INV-2026-04100,2026-09-02,229946,PARTIAL
PAY-0004101,INV-2026-04101,2026-09-22,2412000,PAID
PAY-0004102,INV-2026-04102,2026-12-02,2976000,PAID
PAY-0004103,INV-2026-04103,2026-10-01,1071000,PAID
PAY-0004104,INV-2026-04104,2026-07-25,0,PENDING
PAY-0004105,INV-2026-04105,2026-08-17,3820000,PAID
PAY-0004106,INV-2026-04106,2027-01-24,3173000,PAID
PAY-0004107,INV-2026-04107,2026-10-13,0,OVERDUE
PAY-0004108,INV-2026-04108,2026-08-06,1318000,PAID
PAY-0004109,INV-2026-04109,2026-08-09,594000,PAID
PAY-0004110,INV-2026-04110,2026-09-12,144000,PAID
PAY-0004111,INV-2026-04111,2026-08-27,2049320,PARTIAL
PAY-0004112,INV-2026-04112,2026-08-25,0,OVERDUE
PAY-0004113,INV-2026-04113,2027-01-14,3522000,PAID
PAY-0004114,INV-2026-04114,2026-11-04,0,OVERDUE
PAY-0004115,INV-2026-04115,2026-12-14,0,OVERDUE
PAY-0004116,INV-2026-04116,2026-10-17,0,OVERDUE
PAY-0004117,INV-2026-04117,2026-09-25,1145861,PARTIAL
PAY-0004118,INV-2026-04118,2026-11-19,706390,PARTIAL
PAY-0004119,INV-2026-04119,2026-10-03,2644000,PAID
PAY-0004120,INV-2026-04120,2026-08-19,3070000,PAID
PAY-0004121,INV-2026-04121,2026-08-28,0,OVERDUE
PAY-0004122,INV-2026-04122,2026-11-12,830697,PARTIAL
PAY-0004123,INV-2026-04123,2026-08-16,4237000,PAID
PAY-0004124,INV-2026-04124,2026-12-12,2780000,PAID
PAY-0004125,INV-2026-04125,2027-01-10,0,OVERDUE
PAY-0004126,INV-2026-04126,2026-10-02,4215000,PAID
PAY-0004127,INV-2026-04127,2026-12-15,0,PENDING
PAY-0004128,INV-2026-04128,2026-11-28,3927000,PAID
PAY-0004129,INV-2026-04129,2026-12-18,2290000,PAID
PAY-0004130,INV-2026-04130,2026-10-21,615815,PARTIAL
PAY-0004131,INV-2026-04131,2026-10-18,0,PENDING
PAY-0004132,INV-2026-04132,2026-12-28,1081000,PAID
PAY-0004133,INV-2026-04133,2026-09-12,4120000,PAID
PAY-0004134,INV-2026-04134,2026-12-15,2427000,PAID
PAY-0004135,INV-2026-04135,2026-09-04,1043000,PAID
PAY-0004136,INV-2026-04136,2026-08-28,3002000,PAID
PAY-0004137,INV-2026-04137,2026-09-05,313196,PARTIAL
PAY-0004138,INV-2026-04138,2026-09-06,0,OVERDUE
PAY-0004139,INV-2026-04139,2026-09-09,1224000,PAID
PAY-0004140,INV-2026-04140,2026-12-23,542275,PARTIAL
PAY-0004141,INV-2026-04141,2026-10-25,0,PENDING
PAY-0004142,INV-2026-04142,2026-10-29,1943000,PAID
PAY-0004143,INV-2026-04143,2027-01-07,4215000,PAID
PAY-0004144,INV-2026-04144,2026-09-14,3686852,PARTIAL
PAY-0004145,INV-2026-04145,2026-10-31,4140000,PAID
PAY-0004146,INV-2026-04146,2026-12-30,1150952,PARTIAL
PAY-0004147,INV-2026-04147,2026-11-24,2952000,PAID
PAY-0004148,INV-2026-04148,2026-09-21,1000000,PAID
PAY-0004149,INV-2026-04149,2026-10-31,0,OVERDUE
PAY-0004150,INV-2026-04150,2026-09-12,528587,PARTIAL
PAY-0004151,INV-2026-04151,2026-11-27,0,OVERDUE
PAY-0004152,INV-2026-04152,2026-09-17,1759000,PAID
PAY-0004153,INV-2026-04153,2026-11-24,3397000,PAID
PAY-0004154,INV-2026-04154,2026-09-18,525125,PARTIAL
PAY-0004155,INV-2026-04155,2026-08-14,3053000,PAID
PAY-0004156,INV-2026-04156,2026-07-04,0,OVERDUE
PAY-0004157,INV-2026-04157,2026-10-30,0,OVERDUE
PAY-0004158,INV-2026-04158,2026-09-23,0,OVERDUE
PAY-0004159,INV-2026-04159,2026-08-31,0,OVERDUE
PAY-0004160,INV-2026-04160,2026-12-04,0,PENDING
PAY-0004161,INV-2026-04161,2026-10-02,1771000,PAID
PAY-0004162,INV-2026-04162,2026-09-03,3792000,PAID
PAY-0004163,INV-2026-04163,2026-11-30,1819000,PAID
PAY-0004164,INV-2026-04164,2026-12-11,0,PENDING
PAY-0004165,INV-2026-04165,2026-09-29,3157000,PAID
PAY-0004166,INV-2026-04166,2026-09-18,2159000,PAID
PAY-0004167,INV-2026-04167,2026-12-19,2234647,PARTIAL
PAY-0004168,INV-2026-04168,2026-09-18,0,OVERDUE
PAY-0004169,INV-2026-04169,2026-08-21,265000,PAID
PAY-0004170,INV-2026-04170,2026-09-17,0,OVERDUE
PAY-0004171,INV-2026-04171,2026-09-29,4705000,PAID
PAY-0004172,INV-2026-04172,2026-10-28,1958000,PAID
PAY-0004173,INV-2026-04173,2026-09-22,2619680,PARTIAL
PAY-0004174,INV-2026-04174,2026-08-11,1685452,PARTIAL
PAY-0004175,INV-2026-04175,2026-09-14,0,PENDING
PAY-0004176,INV-2026-04176,2026-08-10,148616,PARTIAL
PAY-0004177,INV-2026-04177,2026-11-19,4643000,PAID
PAY-0004178,INV-2026-04178,2026-10-24,1043000,PAID
PAY-0004179,INV-2026-04179,2026-10-31,0,PENDING
PAY-0004180,INV-2026-04180,2026-08-29,0,OVERDUE
PAY-0004181,INV-2026-04181,2026-11-27,2551512,PARTIAL
PAY-0004182,INV-2026-04182,2026-10-17,3699000,PAID
PAY-0004183,INV-2026-04183,2026-09-26,4562000,PAID
PAY-0004184,INV-2026-04184,2026-11-22,0,PENDING
PAY-0004185,INV-2026-04185,2026-09-11,2341000,PAID
PAY-0004186,INV-2026-04186,2026-10-28,0,OVERDUE
PAY-0004187,INV-2026-04187,2026-09-06,4019000,PAID
PAY-0004188,INV-2026-04188,2026-11-23,19274,PARTIAL
PAY-0004189,INV-2026-04189,2026-07-27,0,OVERDUE
PAY-0004190,INV-2026-04190,2026-10-14,0,OVERDUE
PAY-0004191,INV-2026-04191,2026-09-19,1098000,PAID
PAY-0004192,INV-2026-04192,2026-09-23,905000,PAID
PAY-0004193,INV-2026-04193,2026-09-20,169143,PARTIAL
PAY-0004194,INV-2026-04194,2026-12-09,2703000,PAID
PAY-0004195,INV-2026-04195,2026-07-18,3337000,PAID
PAY-0004196,INV-2026-04196,2026-12-02,0,PENDING
PAY-0004197,INV-2026-04197,2026-09-15,1396564,PARTIAL
PAY-0004198,INV-2026-04198,2026-10-14,3143000,PAID
PAY-0004199,INV-2026-04199,2026-12-16,4635000,PAID
PAY-0004200,INV-2026-04200,2026-10-25,2998000,PAID
PAY-0004201,INV-2026-04201,2026-09-26,754000,PAID
PAY-0004202,INV-2026-04202,2026-10-09,0,PENDING
PAY-0004203,INV-2026-04203,2026-12-15,641812,PARTIAL
PAY-0004204,INV-2026-04204,2026-11-15,785126,PARTIAL
PAY-0004205,INV-2026-04205,2026-11-05,0,OVERDUE
PAY-0004206,INV-2026-04206,2026-09-16,729757,PARTIAL
PAY-0004207,INV-2026-04207,2026-08-25,0,OVERDUE
PAY-0004208,INV-2026-04208,2026-10-22,4002000,PAID
PAY-0004209,INV-2026-04209,2027-01-29,0,PENDING
PAY-0004210,INV-2026-04210,2026-09-21,1511000,PAID
PAY-0004211,INV-2026-04211,2026-11-08,550380,PARTIAL
PAY-0004212,INV-2026-04212,2026-09-04,0,OVERDUE
PAY-0004213,INV-2026-04213,2026-08-17,0,PENDING
PAY-0004214,INV-2026-04214,2026-11-11,4576000,PAID
PAY-0004215,INV-2026-04215,2026-09-04,4769000,PAID
PAY-0004216,INV-2026-04216,2026-08-24,2548000,PAID
PAY-0004217,INV-2026-04217,2026-09-26,106000,PAID
PAY-0004218,INV-2026-04218,2026-10-13,2733620,PARTIAL
PAY-0004219,INV-2026-04219,2026-07-19,1733000,PAID
PAY-0004220,INV-2026-04220,2027-01-07,2064000,PAID
PAY-0004221,INV-2026-04221,2026-09-30,0,OVERDUE
PAY-0004222,INV-2026-04222,2026-11-30,2236000,PAID
PAY-0004223,INV-2026-04223,2026-12-20,276000,PAID
PAY-0004224,INV-2026-04224,2026-09-22,253000,PAID
PAY-0004225,INV-2026-04225,2026-10-21,2012000,PAID
PAY-0004226,INV-2026-04226,2026-10-05,0,OVERDUE
PAY-0004227,INV-2026-04227,2026-08-25,1214002,PARTIAL
PAY-0004228,INV-2026-04228,2026-09-28,3175000,PAID
PAY-0004229,INV-2026-04229,2026-12-13,0,PENDING
PAY-0004230,INV-2026-04230,2026-11-08,100000,PAID
PAY-0004231,INV-2026-04231,2026-09-09,740875,PARTIAL
PAY-0004232,INV-2026-04232,2027-01-07,0,OVERDUE
PAY-0004233,INV-2026-04233,2026-10-01,4056000,PAID
PAY-0004234,INV-2026-04234,2026-12-20,0,OVERDUE
PAY-0004235,INV-2026-04235,2026-11-07,779539,PARTIAL
PAY-0004236,INV-2026-04236,2026-10-15,1728000,PAID
PAY-0004237,INV-2026-04237,2026-11-20,4343000,PAID
PAY-0004238,INV-2026-04238,2026-09-21,0,OVERDUE
PAY-0004239,INV-2026-04239,2026-11-05,1185000,PAID
PAY-0004240,INV-2026-04240,2026-09-30,0,PENDING
PAY-0004241,INV-2026-04241,2026-08-23,2548235,PARTIAL
PAY-0004242,INV-2026-04242,2026-11-24,0,PENDING
PAY-0004243,INV-2026-04243,2026-10-15,3471000,PAID
PAY-0004244,INV-2026-04244,2026-11-06,3342000,PAID
PAY-0004245,INV-2026-04245,2027-02-08,2354210,PARTIAL
PAY-0004246,INV-2026-04246,2026-12-28,3931000,PAID
PAY-0004247,INV-2026-04247,2026-09-30,3987000,PAID
PAY-0004248,INV-2026-04248,2026-10-22,4147000,PAID
PAY-0004249,INV-2026-04249,2026-09-12,3619000,PAID
PAY-0004250,INV-2026-04250,2026-09-15,3029000,PAID
PAY-0004251,INV-2026-04251,2026-10-13,4105000,PAID
PAY-0004252,INV-2026-04252,2026-10-30,1226000,PAID
PAY-0004253,INV-2026-04253,2026-08-20,1414000,PAID
PAY-0004254,INV-2026-04254,2026-09-23,988355,PARTIAL
PAY-0004255,INV-2026-04255,2026-10-06,0,OVERDUE
PAY-0004256,INV-2026-04256,2026-06-25,0,PENDING
PAY-0004257,INV-2026-04257,2026-12-19,3448000,PAID
PAY-0004258,INV-2026-04258,2026-10-19,1378000,PAID
PAY-0004259,INV-2026-04259,2026-10-02,778000,PAID
PAY-0004260,INV-2026-04260,2026-10-23,212000,PAID
PAY-0004261,INV-2026-04261,2026-09-05,0,OVERDUE
PAY-0004262,INV-2026-04262,2026-10-13,0,PENDING
PAY-0004263,INV-2026-04263,2026-11-03,821590,PARTIAL
PAY-0004264,INV-2026-04264,2026-09-13,0,PENDING
PAY-0004265,INV-2026-04265,2026-12-12,0,OVERDUE
PAY-0004266,INV-2026-04266,2026-10-03,4336000,PAID
PAY-0004267,INV-2026-04267,2026-09-29,4524000,PAID
PAY-0004268,INV-2026-04268,2026-10-22,2738000,PAID
PAY-0004269,INV-2026-04269,2026-11-17,0,PENDING
PAY-0004270,INV-2026-04270,2026-10-25,4761000,PAID
PAY-0004271,INV-2026-04271,2026-12-15,4423000,PAID
PAY-0004272,INV-2026-04272,2026-09-23,0,OVERDUE
PAY-0004273,INV-2026-04273,2026-12-05,958000,PAID
PAY-0004274,INV-2026-04274,2026-09-30,4987000,PAID
PAY-0004275,INV-2026-04275,2026-11-03,4898000,PAID
PAY-0004276,INV-2026-04276,2026-09-24,1403282,PARTIAL
PAY-0004277,INV-2026-04277,2026-11-08,0,PENDING
PAY-0004278,INV-2026-04278,2026-07-14,0,PENDING
PAY-0004279,INV-2026-04279,2026-11-16,4100000,PAID
PAY-0004280,INV-2026-04280,2026-11-04,2612000,PAID
PAY-0004281,INV-2026-04281,2026-08-30,3770000,PAID
PAY-0004282,INV-2026-04282,2026-09-20,3042000,PAID
PAY-0004283,INV-2026-04283,2026-12-02,0,PENDING
PAY-0004284,INV-2026-04284,2026-10-10,0,PENDING
PAY-0004285,INV-2026-04285,2026-11-12,0,OVERDUE
PAY-0004286,INV-2026-04286,2026-09-23,0,PENDING
PAY-0004287,INV-2026-04287,2026-11-16,1595000,PAID
PAY-0004288,INV-2026-04288,2026-08-31,0,OVERDUE
PAY-0004289,INV-2026-04289,2026-09-17,1583574,PARTIAL
PAY-0004290,INV-2026-04290,2026-08-09,0,OVERDUE
PAY-0004291,INV-2026-04291,2026-11-11,0,OVERDUE
PAY-0004292,INV-2026-04292,2026-11-01,0,OVERDUE
PAY-0004293,INV-2026-04293,2026-09-15,4967000,PAID
PAY-0004294,INV-2026-04294,2026-12-25,4836000,PAID
PAY-0004295,INV-2026-04295,2026-09-23,82000,PAID
PAY-0004296,INV-2026-04296,2026-11-30,148000,PAID
PAY-0004297,INV-2026-04297,2026-10-30,0,PENDING
PAY-0004298,INV-2026-04298,2027-01-09,1108000,PAID
PAY-0004299,INV-2026-04299,2026-10-25,1086579,PARTIAL
PAY-0004300,INV-2026-04300,2026-10-14,0,PENDING
PAY-0004301,INV-2026-04301,2026-09-04,519071,PARTIAL
PAY-0004302,INV-2026-04302,2026-09-11,2410000,PAID
PAY-0004303,INV-2026-04303,2026-08-23,0,PENDING
PAY-0004304,INV-2026-04304,2026-11-25,4777000,PAID
PAY-0004305,INV-2026-04305,2026-11-22,0,PENDING
PAY-0004306,INV-2026-04306,2026-09-26,0,PENDING
PAY-0004307,INV-2026-04307,2026-09-27,4714000,PAID
PAY-0004308,INV-2026-04308,2026-11-14,4470000,PAID
PAY-0004309,INV-2026-04309,2026-10-19,3707000,PAID
PAY-0004310,INV-2026-04310,2026-08-31,4678000,PAID
PAY-0004311,INV-2026-04311,2026-09-29,941893,PARTIAL
PAY-0004312,INV-2026-04312,2026-10-02,3667000,PAID
PAY-0004313,INV-2026-04313,2026-08-30,2630000,PAID
PAY-0004314,INV-2026-04314,2026-08-29,783000,PAID
PAY-0004315,INV-2026-04315,2026-12-28,3257000,PAID
PAY-0004316,INV-2026-04316,2026-12-21,2311000,PAID
PAY-0004317,INV-2026-04317,2026-09-19,1816000,PAID
PAY-0004318,INV-2026-04318,2026-11-23,0,PENDING
PAY-0004319,INV-2026-04319,2026-10-07,668710,PARTIAL
PAY-0004320,INV-2026-04320,2026-10-14,0,PENDING
PAY-0004321,INV-2026-04321,2026-10-30,2664000,PAID
PAY-0004322,INV-2026-04322,2027-01-23,1146914,PARTIAL
PAY-0004323,INV-2026-04323,2026-09-04,0,PENDING
PAY-0004324,INV-2026-04324,2026-07-19,1836000,PAID
PAY-0004325,INV-2026-04325,2027-01-07,0,OVERDUE
PAY-0004326,INV-2026-04326,2026-11-22,0,PENDING
PAY-0004327,INV-2026-04327,2026-11-07,2759000,PAID
PAY-0004328,INV-2026-04328,2026-09-04,3977000,PAID
PAY-0004329,INV-2026-04329,2026-10-10,0,OVERDUE
PAY-0004330,INV-2026-04330,2027-01-14,2401000,PAID
PAY-0004331,INV-2026-04331,2026-11-10,1487041,PARTIAL
PAY-0004332,INV-2026-04332,2026-12-05,0,PENDING
PAY-0004333,INV-2026-04333,2026-11-22,2924020,PARTIAL
PAY-0004334,INV-2026-04334,2026-12-04,606000,PAID
PAY-0004335,INV-2026-04335,2026-11-22,0,PENDING
PAY-0004336,INV-2026-04336,2026-12-27,3006000,PAID
PAY-0004337,INV-2026-04337,2026-10-24,1923000,PAID
PAY-0004338,INV-2026-04338,2026-12-06,0,OVERDUE
PAY-0004339,INV-2026-04339,2026-07-04,0,OVERDUE
PAY-0004340,INV-2026-04340,2026-09-16,713865,PARTIAL
PAY-0004341,INV-2026-04341,2026-11-23,3981000,PAID
PAY-0004342,INV-2026-04342,2026-11-06,0,OVERDUE
PAY-0004343,INV-2026-04343,2026-08-15,624000,PAID
PAY-0004344,INV-2026-04344,2026-12-18,1564000,PAID
PAY-0004345,INV-2026-04345,2026-07-30,912766,PARTIAL
PAY-0004346,INV-2026-04346,2026-10-02,182000,PAID
PAY-0004347,INV-2026-04347,2026-11-29,2600000,PAID
PAY-0004348,INV-2026-04348,2026-08-13,3075000,PAID
PAY-0004349,INV-2026-04349,2026-11-05,2553000,PAID
PAY-0004350,INV-2026-04350,2027-01-01,1972673,PARTIAL
PAY-0004351,INV-2026-04351,2026-08-12,2740000,PAID
PAY-0004352,INV-2026-04352,2026-10-18,0,PENDING
PAY-0004353,INV-2026-04353,2026-09-28,246000,PAID
PAY-0004354,INV-2026-04354,2026-10-27,0,PENDING
PAY-0004355,INV-2026-04355,2026-10-10,4653000,PAID
PAY-0004356,INV-2026-04356,2026-10-18,4679000,PAID
PAY-0004357,INV-2026-04357,2026-11-22,1350000,PAID
PAY-0004358,INV-2026-04358,2026-10-09,2797000,PAID
PAY-0004359,INV-2026-04359,2026-10-11,0,PENDING
PAY-0004360,INV-2026-04360,2026-08-10,727017,PARTIAL
PAY-0004361,INV-2026-04361,2026-10-14,1351000,PAID
PAY-0004362,INV-2026-04362,2026-11-24,0,PENDING
PAY-0004363,INV-2026-04363,2026-09-30,0,PENDING
PAY-0004364,INV-2026-04364,2026-08-29,0,PENDING
PAY-0004365,INV-2026-04365,2026-09-12,0,OVERDUE
PAY-0004366,INV-2026-04366,2026-07-03,3214000,PAID
PAY-0004367,INV-2026-04367,2026-12-14,4163000,PAID
PAY-0004368,INV-2026-04368,2026-10-16,0,PENDING
PAY-0004369,INV-2026-04369,2026-11-02,0,PENDING
PAY-0004370,INV-2026-04370,2026-10-15,3000000,PAID
PAY-0004371,INV-2026-04371,2026-10-03,385820,PARTIAL
PAY-0004372,INV-2026-04372,2026-08-09,0,PENDING
PAY-0004373,INV-2026-04373,2026-08-01,1592409,PARTIAL
PAY-0004374,INV-2026-04374,2026-11-20,1470720,PARTIAL
PAY-0004375,INV-2026-04375,2026-11-21,1716000,PAID
PAY-0004376,INV-2026-04376,2026-11-08,4564000,PAID
PAY-0004377,INV-2026-04377,2026-07-28,0,OVERDUE
PAY-0004378,INV-2026-04378,2026-12-07,4155000,PAID
PAY-0004379,INV-2026-04379,2026-09-06,0,OVERDUE
PAY-0004380,INV-2026-04380,2026-09-24,0,PENDING
PAY-0004381,INV-2026-04381,2026-08-28,595000,PAID
PAY-0004382,INV-2026-04382,2026-10-11,1425000,PAID
PAY-0004383,INV-2026-04383,2027-01-09,4922000,PAID
PAY-0004384,INV-2026-04384,2026-10-04,970000,PAID
PAY-0004385,INV-2026-04385,2026-09-07,2056000,PAID
PAY-0004386,INV-2026-04386,2026-10-16,4762000,PAID
PAY-0004387,INV-2026-04387,2026-10-17,911000,PAID
PAY-0004388,INV-2026-04388,2026-12-13,1022287,PARTIAL
PAY-0004389,INV-2026-04389,2026-10-21,0,PENDING
PAY-0004390,INV-2026-04390,2026-10-16,1792578,PARTIAL
PAY-0004391,INV-2026-04391,2026-10-09,0,PENDING
PAY-0004392,INV-2026-04392,2026-09-19,0,PENDING
PAY-0004393,INV-2026-04393,2026-11-29,0,PENDING
PAY-0004394,INV-2026-04394,2026-08-30,0,PENDING
PAY-0004395,INV-2026-04395,2026-09-09,984000,PAID
PAY-0004396,INV-2026-04396,2026-08-05,60128,PARTIAL
PAY-0004397,INV-2026-04397,2026-08-31,484772,PARTIAL
PAY-0004398,INV-2026-04398,2026-11-26,0,PENDING
PAY-0004399,INV-2026-04399,2026-09-05,0,PENDING
PAY-0004400,INV-2026-04400,2026-08-14,0,PENDING
PAY-0004401,INV-2026-04401,2026-11-02,2887000,PAID
PAY-0004402,INV-2026-04402,2026-10-08,0,PENDING
PAY-0004403,INV-2026-04403,2026-10-30,0,OVERDUE
PAY-0004404,INV-2026-04404,2026-12-28,1444380,PARTIAL
PAY-0004405,INV-2026-04405,2026-10-06,1161000,PAID
PAY-0004406,INV-2026-04406,2026-12-08,1596000,PAID
PAY-0004407,INV-2026-04407,2026-10-03,3591000,PAID
PAY-0004408,INV-2026-04408,2026-11-26,384000,PAID
PAY-0004409,INV-2026-04409,2026-07-19,1404376,PARTIAL
PAY-0004410,INV-2026-04410,2026-07-30,1666000,PAID
PAY-0004411,INV-2026-04411,2026-08-28,0,PENDING
PAY-0004412,INV-2026-04412,2026-10-31,2175000,PAID
PAY-0004413,INV-2026-04413,2026-08-20,0,OVERDUE
PAY-0004414,INV-2026-04414,2026-11-21,3623000,PAID
PAY-0004415,INV-2026-04415,2026-09-07,1911000,PAID
PAY-0004416,INV-2026-04416,2026-10-11,0,PENDING
PAY-0004417,INV-2026-04417,2026-10-05,0,OVERDUE
PAY-0004418,INV-2026-04418,2026-09-18,4923000,PAID
PAY-0004419,INV-2026-04419,2026-08-15,0,PENDING
PAY-0004420,INV-2026-04420,2026-08-03,0,OVERDUE
PAY-0004421,INV-2026-04421,2026-08-12,849555,PARTIAL
PAY-0004422,INV-2026-04422,2027-01-01,1651000,PAID
PAY-0004423,INV-2026-04423,2026-09-12,4936000,PAID
PAY-0004424,INV-2026-04424,2026-08-04,0,OVERDUE
PAY-0004425,INV-2026-04425,2026-12-18,0,OVERDUE
PAY-0004426,INV-2026-04426,2026-10-03,3825000,PAID
PAY-0004427,INV-2026-04427,2026-12-24,3653000,PAID
PAY-0004428,INV-2026-04428,2026-10-07,795705,PARTIAL
PAY-0004429,INV-2026-04429,2026-11-03,0,OVERDUE
PAY-0004430,INV-2026-04430,2026-11-18,475326,PARTIAL
PAY-0004431,INV-2026-04431,2026-08-16,4781000,PAID
PAY-0004432,INV-2026-04432,2026-11-09,602129,PARTIAL
PAY-0004433,INV-2026-04433,2026-11-14,0,OVERDUE
PAY-0004434,INV-2026-04434,2026-08-11,2821000,PAID
PAY-0004435,INV-2026-04435,2026-08-25,0,PENDING
PAY-0004436,INV-2026-04436,2026-09-14,3735000,PAID
PAY-0004437,INV-2026-04437,2026-12-15,2866728,PARTIAL
PAY-0004438,INV-2026-04438,2026-10-18,1299000,PAID
PAY-0004439,INV-2026-04439,2026-09-05,2917000,PAID
PAY-0004440,INV-2026-04440,2026-10-02,3657000,PAID
PAY-0004441,INV-2026-04441,2026-11-10,535000,PAID
PAY-0004442,INV-2026-04442,2026-09-28,0,OVERDUE
PAY-0004443,INV-2026-04443,2026-11-19,1981000,PAID
PAY-0004444,INV-2026-04444,2026-09-02,0,OVERDUE
PAY-0004445,INV-2026-04445,2026-08-27,180000,PAID
PAY-0004446,INV-2026-04446,2026-11-10,0,PENDING
PAY-0004447,INV-2026-04447,2026-10-26,0,OVERDUE
PAY-0004448,INV-2026-04448,2026-12-16,665759,PARTIAL
PAY-0004449,INV-2026-04449,2026-12-03,2664000,PAID
PAY-0004450,INV-2026-04450,2026-10-17,0,PENDING
PAY-0004451,INV-2026-04451,2026-09-23,0,PENDING
PAY-0004452,INV-2026-04452,2026-11-05,0,PENDING
PAY-0004453,INV-2026-04453,2027-01-17,0,PENDING
PAY-0004454,INV-2026-04454,2026-10-30,904000,PAID
PAY-0004455,INV-2026-04455,2026-08-29,534000,PAID
PAY-0004456,INV-2026-04456,2026-10-18,0,PENDING
PAY-0004457,INV-2026-04457,2026-09-21,3454000,PAID
PAY-0004458,INV-2026-04458,2026-11-09,1540000,PAID
PAY-0004459,INV-2026-04459,2026-10-14,2370000,PAID
PAY-0004460,INV-2026-04460,2026-11-02,0,PENDING
PAY-0004461,INV-2026-04461,2026-07-15,314505,PARTIAL
PAY-0004462,INV-2026-04462,2026-10-09,4767000,PAID
PAY-0004463,INV-2026-04463,2026-08-17,2416000,PAID
PAY-0004464,INV-2026-04464,2026-08-17,1963656,PARTIAL
PAY-0004465,INV-2026-04465,2026-08-27,3057000,PAID
PAY-0004466,INV-2026-04466,2026-11-03,3391000,PAID
PAY-0004467,INV-2026-04467,2026-11-13,0,OVERDUE
PAY-0004468,INV-2026-04468,2026-09-15,2084767,PARTIAL
PAY-0004469,INV-2026-04469,2026-09-27,714552,PARTIAL
PAY-0004470,INV-2026-04470,2026-09-17,0,OVERDUE
PAY-0004471,INV-2026-04471,2026-10-02,2639000,PAID
PAY-0004472,INV-2026-04472,2026-12-08,0,PENDING
PAY-0004473,INV-2026-04473,2026-09-18,4709000,PAID
PAY-0004474,INV-2026-04474,2026-09-19,1983022,PARTIAL
PAY-0004475,INV-2026-04475,2026-10-10,65285,PARTIAL
PAY-0004476,INV-2026-04476,2026-12-14,0,OVERDUE
PAY-0004477,INV-2026-04477,2026-12-14,1218113,PARTIAL
PAY-0004478,INV-2026-04478,2026-11-30,0,OVERDUE
PAY-0004479,INV-2026-04479,2026-12-03,3496000,PAID
PAY-0004480,INV-2026-04480,2026-12-15,4923000,PAID
PAY-0004481,INV-2026-04481,2026-09-06,2585000,PAID
PAY-0004482,INV-2026-04482,2026-12-17,275310,PARTIAL
PAY-0004483,INV-2026-04483,2026-08-17,3210000,PAID
PAY-0004484,INV-2026-04484,2026-10-08,0,OVERDUE
PAY-0004485,INV-2026-04485,2026-11-02,930000,PAID
PAY-0004486,INV-2026-04486,2026-09-13,0,OVERDUE
PAY-0004487,INV-2026-04487,2026-10-24,323241,PARTIAL
PAY-0004488,INV-2026-04488,2026-09-20,1022807,PARTIAL
PAY-0004489,INV-2026-04489,2026-09-28,0,PENDING
PAY-0004490,INV-2026-04490,2026-09-20,0,OVERDUE
PAY-0004491,INV-2026-04491,2027-01-15,3286000,PAID
PAY-0004492,INV-2026-04492,2026-10-26,2932701,PARTIAL
PAY-0004493,INV-2026-04493,2026-09-11,208480,PARTIAL
PAY-0004494,INV-2026-04494,2026-08-26,1640709,PARTIAL
PAY-0004495,INV-2026-04495,2027-01-08,4418000,PAID
PAY-0004496,INV-2026-04496,2026-09-03,3066000,PAID
PAY-0004497,INV-2026-04497,2026-09-23,4962000,PAID
PAY-0004498,INV-2026-04498,2026-10-07,1440974,PARTIAL
PAY-0004499,INV-2026-04499,2026-11-06,0,PENDING
PAY-0004500,INV-2026-04500,2026-12-25,0,OVERDUE
PAY-0004501,INV-2026-04501,2026-10-14,1761000,PAID
PAY-0004502,INV-2026-04502,2026-08-15,0,PENDING
PAY-0004503,INV-2026-04503,2026-08-07,4436000,PAID
PAY-0004504,INV-2026-04504,2026-09-30,1933000,PAID
PAY-0004505,INV-2026-04505,2026-10-10,0,OVERDUE
PAY-0004506,INV-2026-04506,2026-12-26,1357608,PARTIAL
PAY-0004507,INV-2026-04507,2026-11-14,3535000,PAID
PAY-0004508,INV-2026-04508,2026-10-12,0,OVERDUE
PAY-0004509,INV-2026-04509,2026-11-05,2725000,PAID
PAY-0004510,INV-2026-04510,2026-11-17,0,PENDING
PAY-0004511,INV-2026-04511,2026-10-24,1170000,PAID
PAY-0004512,INV-2026-04512,2026-09-03,0,PENDING
PAY-0004513,INV-2026-04513,2026-11-13,2878000,PAID
PAY-0004514,INV-2026-04514,2026-10-19,0,PENDING
PAY-0004515,INV-2026-04515,2026-11-02,1042247,PARTIAL
PAY-0004516,INV-2026-04516,2026-08-28,0,PENDING
PAY-0004517,INV-2026-04517,2026-11-18,812786,PARTIAL
PAY-0004518,INV-2026-04518,2026-09-29,1880000,PAID
PAY-0004519,INV-2026-04519,2026-11-23,0,OVERDUE
PAY-0004520,INV-2026-04520,2026-12-26,0,PENDING
PAY-0004521,INV-2026-04521,2026-10-16,0,OVERDUE
PAY-0004522,INV-2026-04522,2026-12-17,0,OVERDUE
PAY-0004523,INV-2026-04523,2026-10-16,0,OVERDUE
PAY-0004524,INV-2026-04524,2026-09-16,3557000,PAID
PAY-0004525,INV-2026-04525,2026-10-11,2137000,PAID
PAY-0004526,INV-2026-04526,2026-10-03,0,OVERDUE
PAY-0004527,INV-2026-04527,2026-08-31,2408217,PARTIAL
PAY-0004528,INV-2026-04528,2026-08-15,0,OVERDUE
PAY-0004529,INV-2026-04529,2026-11-12,2320011,PARTIAL
PAY-0004530,INV-2026-04530,2026-11-13,0,OVERDUE
PAY-0004531,INV-2026-04531,2026-10-08,2433782,PARTIAL
PAY-0004532,INV-2026-04532,2026-09-02,1707769,PARTIAL
PAY-0004533,INV-2026-04533,2026-09-01,0,OVERDUE
PAY-0004534,INV-2026-04534,2026-09-13,233000,PAID
PAY-0004535,INV-2026-04535,2026-10-12,483831,PARTIAL
PAY-0004536,INV-2026-04536,2026-09-15,1229000,PAID
PAY-0004537,INV-2026-04537,2026-11-29,1530519,PARTIAL
PAY-0004538,INV-2026-04538,2026-08-28,241586,PARTIAL
PAY-0004539,INV-2026-04539,2026-12-19,746000,PAID
PAY-0004540,INV-2026-04540,2026-08-04,1945000,PAID
PAY-0004541,INV-2026-04541,2026-10-07,0,OVERDUE
PAY-0004542,INV-2026-04542,2026-11-01,0,OVERDUE
PAY-0004543,INV-2026-04543,2026-10-13,764000,PAID
PAY-0004544,INV-2026-04544,2026-10-22,1347000,PAID
PAY-0004545,INV-2026-04545,2026-11-20,3453000,PAID
PAY-0004546,INV-2026-04546,2026-10-08,3776000,PAID
PAY-0004547,INV-2026-04547,2026-09-06,3142000,PAID
PAY-0004548,INV-2026-04548,2026-10-08,526000,PAID
PAY-0004549,INV-2026-04549,2026-09-20,0,OVERDUE
PAY-0004550,INV-2026-04550,2026-11-15,507483,PARTIAL
PAY-0004551,INV-2026-04551,2026-10-16,4753000,PAID
PAY-0004552,INV-2026-04552,2026-10-13,0,PENDING
PAY-0004553,INV-2026-04553,2026-10-04,0,PENDING
PAY-0004554,INV-2026-04554,2026-09-17,0,OVERDUE
PAY-0004555,INV-2026-04555,2026-09-27,1223000,PAID
PAY-0004556,INV-2026-04556,2026-09-23,0,OVERDUE
PAY-0004557,INV-2026-04557,2026-09-22,0,PENDING
PAY-0004558,INV-2026-04558,2026-10-26,1491941,PARTIAL
PAY-0004559,INV-2026-04559,2026-08-13,3491000,PAID
PAY-0004560,INV-2026-04560,2026-11-20,0,PENDING
PAY-0004561,INV-2026-04561,2026-09-10,0,PENDING
PAY-0004562,INV-2026-04562,2026-09-04,0,OVERDUE
PAY-0004563,INV-2026-04563,2026-11-01,3009000,PAID
PAY-0004564,INV-2026-04564,2026-09-12,1367000,PAID
PAY-0004565,INV-2026-04565,2026-09-20,4632000,PAID
PAY-0004566,INV-2026-04566,2026-09-07,4878000,PAID
PAY-0004567,INV-2026-04567,2026-09-22,2784000,PAID
PAY-0004568,INV-2026-04568,2026-11-06,1559279,PARTIAL
PAY-0004569,INV-2026-04569,2026-11-17,0,PENDING
PAY-0004570,INV-2026-04570,2026-09-07,0,PENDING
PAY-0004571,INV-2026-04571,2027-01-31,0,PENDING
PAY-0004572,INV-2026-04572,2026-08-26,0,PENDING
PAY-0004573,INV-2026-04573,2027-01-02,3899000,PAID
PAY-0004574,INV-2026-04574,2026-09-22,419000,PAID
PAY-0004575,INV-2026-04575,2026-11-04,1921000,PAID
PAY-0004576,INV-2026-04576,2026-11-15,2865000,PAID
PAY-0004577,INV-2026-04577,2026-08-07,0,PENDING
PAY-0004578,INV-2026-04578,2027-01-07,315000,PAID
PAY-0004579,INV-2026-04579,2026-07-18,3518000,PAID
PAY-0004580,INV-2026-04580,2026-08-31,0,OVERDUE
PAY-0004581,INV-2026-04581,2026-09-27,0,OVERDUE
PAY-0004582,INV-2026-04582,2026-10-28,0,PENDING
PAY-0004583,INV-2026-04583,2026-11-01,4169000,PAID
PAY-0004584,INV-2026-04584,2026-10-18,3323000,PAID
PAY-0004585,INV-2026-04585,2027-02-05,3514000,PAID
PAY-0004586,INV-2026-04586,2027-01-09,2987000,PAID
PAY-0004587,INV-2026-04587,2026-11-20,3456000,PAID
PAY-0004588,INV-2026-04588,2026-12-02,4819000,PAID
PAY-0004589,INV-2026-04589,2026-10-25,0,PENDING
PAY-0004590,INV-2026-04590,2026-12-21,0,OVERDUE
PAY-0004591,INV-2026-04591,2026-11-04,1004000,PAID
PAY-0004592,INV-2026-04592,2026-08-27,0,OVERDUE
PAY-0004593,INV-2026-04593,2026-11-03,355677,PARTIAL
PAY-0004594,INV-2026-04594,2026-09-23,255549,PARTIAL
PAY-0004595,INV-2026-04595,2027-01-19,3569000,PAID
PAY-0004596,INV-2026-04596,2026-12-22,4621000,PAID
PAY-0004597,INV-2026-04597,2026-11-16,0,PENDING
PAY-0004598,INV-2026-04598,2026-11-02,3530000,PAID
PAY-0004599,INV-2026-04599,2026-08-16,467000,PAID
PAY-0004600,INV-2026-04600,2026-08-19,1550000,PAID
PAY-0004601,INV-2026-04601,2026-08-25,3506000,PAID
PAY-0004602,INV-2026-04602,2026-10-02,1148000,PAID
PAY-0004603,INV-2026-04603,2026-10-22,0,PENDING
PAY-0004604,INV-2026-04604,2026-11-29,0,PENDING
PAY-0004605,INV-2026-04605,2026-11-21,189000,PAID
PAY-0004606,INV-2026-04606,2026-09-04,0,PENDING
PAY-0004607,INV-2026-04607,2026-09-20,0,OVERDUE
PAY-0004608,INV-2026-04608,2026-11-21,0,OVERDUE
PAY-0004609,INV-2026-04609,2026-08-29,0,OVERDUE
PAY-0004610,INV-2026-04610,2026-11-25,2490000,PAID
PAY-0004611,INV-2026-04611,2026-10-26,0,OVERDUE
PAY-0004612,INV-2026-04612,2026-11-12,2577000,PAID
PAY-0004613,INV-2026-04613,2026-09-11,0,OVERDUE
PAY-0004614,INV-2026-04614,2026-12-13,0,PENDING
PAY-0004615,INV-2026-04615,2026-08-06,0,OVERDUE
PAY-0004616,INV-2026-04616,2026-12-14,1638661,PARTIAL
PAY-0004617,INV-2026-04617,2026-10-02,1186000,PAID
PAY-0004618,INV-2026-04618,2026-11-13,574000,PAID
PAY-0004619,INV-2026-04619,2026-10-18,1151968,PARTIAL
PAY-0004620,INV-2026-04620,2026-10-26,0,PENDING
PAY-0004621,INV-2026-04621,2026-09-18,0,PENDING
PAY-0004622,INV-2026-04622,2026-10-27,2538000,PAID
PAY-0004623,INV-2026-04623,2026-09-15,1347000,PAID
PAY-0004624,INV-2026-04624,2026-08-06,0,OVERDUE
PAY-0004625,INV-2026-04625,2026-10-21,1467000,PAID
PAY-0004626,INV-2026-04626,2026-09-05,1841000,PAID
PAY-0004627,INV-2026-04627,2026-09-02,1695000,PAID
PAY-0004628,INV-2026-04628,2026-11-28,0,OVERDUE
PAY-0004629,INV-2026-04629,2026-11-23,4818000,PAID
PAY-0004630,INV-2026-04630,2026-11-04,3074000,PAID
PAY-0004631,INV-2026-04631,2026-10-30,0,OVERDUE
PAY-0004632,INV-2026-04632,2026-10-18,0,PENDING
PAY-0004633,INV-2026-04633,2026-09-18,3456664,PARTIAL
PAY-0004634,INV-2026-04634,2026-11-03,82000,PAID
PAY-0004635,INV-2026-04635,2026-10-23,0,PENDING
PAY-0004636,INV-2026-04636,2026-08-23,0,PENDING
PAY-0004637,INV-2026-04637,2026-09-04,2097690,PARTIAL
PAY-0004638,INV-2026-04638,2026-09-20,0,PENDING
PAY-0004639,INV-2026-04639,2026-09-26,0,OVERDUE
PAY-0004640,INV-2026-04640,2026-11-30,4653000,PAID
PAY-0004641,INV-2026-04641,2026-11-02,1564835,PARTIAL
PAY-0004642,INV-2026-04642,2027-01-05,1646821,PARTIAL
PAY-0004643,INV-2026-04643,2026-11-21,4492000,PAID
PAY-0004644,INV-2026-04644,2026-09-27,70497,PARTIAL
PAY-0004645,INV-2026-04645,2027-01-16,3329000,PAID
PAY-0004646,INV-2026-04646,2026-10-03,0,PENDING
PAY-0004647,INV-2026-04647,2026-11-05,3192000,PAID
PAY-0004648,INV-2026-04648,2026-10-12,251440,PARTIAL
PAY-0004649,INV-2026-04649,2026-11-16,4653000,PAID
PAY-0004650,INV-2026-04650,2026-08-30,2902257,PARTIAL
PAY-0004651,INV-2026-04651,2026-07-31,1195000,PAID
PAY-0004652,INV-2026-04652,2026-08-11,1061863,PARTIAL
PAY-0004653,INV-2026-04653,2026-11-28,4783000,PAID
PAY-0004654,INV-2026-04654,2026-07-25,3678000,PAID
PAY-0004655,INV-2026-04655,2026-12-07,1069032,PARTIAL
PAY-0004656,INV-2026-04656,2026-10-18,3012000,PAID
PAY-0004657,INV-2026-04657,2026-10-04,0,OVERDUE
PAY-0004658,INV-2026-04658,2026-11-03,1773079,PARTIAL
PAY-0004659,INV-2026-04659,2026-09-30,1418995,PARTIAL
PAY-0004660,INV-2026-04660,2026-09-21,0,OVERDUE
PAY-0004661,INV-2026-04661,2026-09-03,3365972,PARTIAL
PAY-0004662,INV-2026-04662,2026-09-27,0,PENDING
PAY-0004663,INV-2026-04663,2026-10-29,2948000,PAID
PAY-0004664,INV-2026-04664,2026-09-05,0,PENDING
PAY-0004665,INV-2026-04665,2026-12-03,1492000,PAID
PAY-0004666,INV-2026-04666,2026-11-25,0,PENDING
PAY-0004667,INV-2026-04667,2026-08-09,4274000,PAID
PAY-0004668,INV-2026-04668,2026-09-22,0,PENDING
PAY-0004669,INV-2026-04669,2026-08-14,156000,PAID
PAY-0004670,INV-2026-04670,2026-10-20,336000,PAID
PAY-0004671,INV-2026-04671,2026-12-01,0,OVERDUE
PAY-0004672,INV-2026-04672,2027-01-10,2581000,PAID
PAY-0004673,INV-2026-04673,2026-08-06,1942069,PARTIAL
PAY-0004674,INV-2026-04674,2026-08-11,1775000,PAID
PAY-0004675,INV-2026-04675,2026-08-21,4339000,PAID
PAY-0004676,INV-2026-04676,2026-08-13,2918000,PAID
PAY-0004677,INV-2026-04677,2026-09-18,0,OVERDUE
PAY-0004678,INV-2026-04678,2026-10-16,4825000,PAID
PAY-0004679,INV-2026-04679,2026-12-03,2509000,PAID
PAY-0004680,INV-2026-04680,2026-09-01,4780000,PAID
PAY-0004681,INV-2026-04681,2026-10-17,3723000,PAID
PAY-0004682,INV-2026-04682,2026-11-12,1192000,PAID
PAY-0004683,INV-2026-04683,2026-10-10,3574000,PAID
PAY-0004684,INV-2026-04684,2026-11-18,4339000,PAID
PAY-0004685,INV-2026-04685,2026-07-29,2587000,PAID
PAY-0004686,INV-2026-04686,2026-11-01,0,OVERDUE
PAY-0004687,INV-2026-04687,2026-07-08,1642000,PAID
PAY-0004688,INV-2026-04688,2026-10-07,1369000,PAID
PAY-0004689,INV-2026-04689,2026-10-17,3717000,PAID
PAY-0004690,INV-2026-04690,2026-10-26,1516314,PARTIAL
PAY-0004691,INV-2026-04691,2026-09-20,2580000,PAID
PAY-0004692,INV-2026-04692,2026-11-17,0,OVERDUE
PAY-0004693,INV-2026-04693,2026-10-27,0,PENDING
PAY-0004694,INV-2026-04694,2026-09-21,0,PENDING
PAY-0004695,INV-2026-04695,2026-09-24,4626000,PAID
PAY-0004696,INV-2026-04696,2026-11-16,0,PENDING
PAY-0004697,INV-2026-04697,2026-08-29,3636000,PAID
PAY-0004698,INV-2026-04698,2026-08-06,708145,PARTIAL
PAY-0004699,INV-2026-04699,2026-11-11,0,PENDING
PAY-0004700,INV-2026-04700,2026-10-03,1440000,PAID
PAY-0004701,INV-2026-04701,2026-12-15,0,OVERDUE
PAY-0004702,INV-2026-04702,2026-12-25,0,OVERDUE
PAY-0004703,INV-2026-04703,2026-11-04,826000,PAID
PAY-0004704,INV-2026-04704,2026-11-12,1505000,PAID
PAY-0004705,INV-2026-04705,2026-10-03,0,OVERDUE
PAY-0004706,INV-2026-04706,2026-11-02,0,OVERDUE
PAY-0004707,INV-2026-04707,2026-08-15,3042000,PAID
PAY-0004708,INV-2026-04708,2026-09-18,0,OVERDUE
PAY-0004709,INV-2026-04709,2026-09-15,2870000,PAID
PAY-0004710,INV-2026-04710,2026-09-20,3494000,PAID
PAY-0004711,INV-2026-04711,2026-09-26,1451493,PARTIAL
PAY-0004712,INV-2026-04712,2026-07-28,1766000,PAID
PAY-0004713,INV-2026-04713,2026-10-09,238572,PARTIAL
PAY-0004714,INV-2026-04714,2026-09-03,472000,PAID
PAY-0004715,INV-2026-04715,2026-09-13,0,OVERDUE
PAY-0004716,INV-2026-04716,2026-08-11,4785000,PAID
PAY-0004717,INV-2026-04717,2026-09-23,0,PENDING
PAY-0004718,INV-2026-04718,2026-09-15,2827000,PAID
PAY-0004719,INV-2026-04719,2026-12-01,4395000,PAID
PAY-0004720,INV-2026-04720,2026-11-12,111000,PAID
PAY-0004721,INV-2026-04721,2026-09-07,1240000,PAID
PAY-0004722,INV-2026-04722,2026-10-22,0,PENDING
PAY-0004723,INV-2026-04723,2026-11-11,0,PENDING
PAY-0004724,INV-2026-04724,2026-11-22,1523000,PAID
PAY-0004725,INV-2026-04725,2026-10-22,4608000,PAID
PAY-0004726,INV-2026-04726,2026-09-28,1568000,PAID
PAY-0004727,INV-2026-04727,2026-09-08,0,PENDING
PAY-0004728,INV-2026-04728,2026-12-02,0,PENDING
PAY-0004729,INV-2026-04729,2026-12-09,0,OVERDUE
PAY-0004730,INV-2026-04730,2026-08-20,0,OVERDUE
PAY-0004731,INV-2026-04731,2026-08-26,0,OVERDUE
PAY-0004732,INV-2026-04732,2026-10-19,0,PENDING
PAY-0004733,INV-2026-04733,2026-11-19,469000,PAID
PAY-0004734,INV-2026-04734,2026-12-18,1713000,PAID
PAY-0004735,INV-2026-04735,2026-09-25,0,OVERDUE
PAY-0004736,INV-2026-04736,2026-11-16,1618572,PARTIAL
PAY-0004737,INV-2026-04737,2026-12-09,0,PENDING
PAY-0004738,INV-2026-04738,2026-12-11,443938,PARTIAL
PAY-0004739,INV-2026-04739,2026-10-10,4472000,PAID
PAY-0004740,INV-2026-04740,2026-11-18,1170398,PARTIAL
PAY-0004741,INV-2026-04741,2026-12-04,4341000,PAID
PAY-0004742,INV-2026-04742,2026-11-03,3011000,PAID
PAY-0004743,INV-2026-04743,2026-11-20,2421000,PAID
PAY-0004744,INV-2026-04744,2026-10-17,689000,PAID
PAY-0004745,INV-2026-04745,2026-08-21,1331296,PARTIAL
PAY-0004746,INV-2026-04746,2026-12-22,3278000,PAID
PAY-0004747,INV-2026-04747,2026-11-17,1749000,PAID
PAY-0004748,INV-2026-04748,2026-12-14,0,OVERDUE
PAY-0004749,INV-2026-04749,2026-10-09,789000,PAID
PAY-0004750,INV-2026-04750,2026-08-26,333000,PAID
PAY-0004751,INV-2026-04751,2026-10-25,0,PENDING
PAY-0004752,INV-2026-04752,2026-10-10,959992,PARTIAL
PAY-0004753,INV-2026-04753,2026-08-27,2656000,PAID
PAY-0004754,INV-2026-04754,2026-11-06,1453179,PARTIAL
PAY-0004755,INV-2026-04755,2026-07-29,0,PENDING
PAY-0004756,INV-2026-04756,2026-08-28,2858306,PARTIAL
PAY-0004757,INV-2026-04757,2026-11-02,3446000,PAID
PAY-0004758,INV-2026-04758,2026-12-28,0,PENDING
PAY-0004759,INV-2026-04759,2026-10-13,194000,PAID
PAY-0004760,INV-2026-04760,2026-07-18,2798000,PAID
PAY-0004761,INV-2026-04761,2026-12-01,1148000,PAID
PAY-0004762,INV-2026-04762,2026-11-24,3461000,PAID
PAY-0004763,INV-2026-04763,2026-11-27,3905000,PAID
PAY-0004764,INV-2026-04764,2026-08-11,0,OVERDUE
PAY-0004765,INV-2026-04765,2026-09-05,2293000,PAID
PAY-0004766,INV-2026-04766,2026-09-07,2888000,PAID
PAY-0004767,INV-2026-04767,2026-10-30,604000,PAID
PAY-0004768,INV-2026-04768,2026-08-24,0,PENDING
PAY-0004769,INV-2026-04769,2026-08-10,259000,PAID
PAY-0004770,INV-2026-04770,2026-09-24,0,PENDING
PAY-0004771,INV-2026-04771,2026-09-21,0,PENDING
PAY-0004772,INV-2026-04772,2026-09-30,2645000,PAID
PAY-0004773,INV-2026-04773,2026-10-06,3021597,PARTIAL
PAY-0004774,INV-2026-04774,2026-08-28,796769,PARTIAL
PAY-0004775,INV-2026-04775,2026-08-21,2655228,PARTIAL
PAY-0004776,INV-2026-04776,2026-10-29,4219000,PAID
PAY-0004777,INV-2026-04777,2026-09-12,3265000,PAID
PAY-0004778,INV-2026-04778,2026-09-18,1717125,PARTIAL
PAY-0004779,INV-2026-04779,2026-11-30,2404332,PARTIAL
PAY-0004780,INV-2026-04780,2026-07-23,1310929,PARTIAL
PAY-0004781,INV-2026-04781,2026-10-25,2073000,PAID
PAY-0004782,INV-2026-04782,2026-11-14,1429000,PAID
PAY-0004783,INV-2026-04783,2026-10-07,0,PENDING
PAY-0004784,INV-2026-04784,2026-12-07,1289600,PARTIAL
PAY-0004785,INV-2026-04785,2026-10-10,4834000,PAID
PAY-0004786,INV-2026-04786,2026-10-06,2969000,PAID
PAY-0004787,INV-2026-04787,2026-10-22,3415000,PAID
PAY-0004788,INV-2026-04788,2026-10-28,1155690,PARTIAL
PAY-0004789,INV-2026-04789,2026-11-13,176728,PARTIAL
PAY-0004790,INV-2026-04790,2026-12-11,518000,PAID
PAY-0004791,INV-2026-04791,2026-09-01,916000,PAID
PAY-0004792,INV-2026-04792,2026-10-31,0,PENDING
PAY-0004793,INV-2026-04793,2026-11-01,536000,PAID
PAY-0004794,INV-2026-04794,2026-11-07,3904000,PAID
PAY-0004795,INV-2026-04795,2026-09-28,3913000,PAID
PAY-0004796,INV-2026-04796,2026-10-27,959272,PARTIAL
PAY-0004797,INV-2026-04797,2026-11-14,0,PENDING
PAY-0004798,INV-2026-04798,2026-10-21,4037000,PAID
PAY-0004799,INV-2026-04799,2026-10-28,3451568,PARTIAL
PAY-0004800,INV-2026-04800,2026-11-28,1845000,PAID
PAY-0004801,INV-2026-04801,2026-07-27,3899000,PAID
PAY-0004802,INV-2026-04802,2026-07-25,0,PENDING
PAY-0004803,INV-2026-04803,2026-10-22,0,PENDING
PAY-0004804,INV-2026-04804,2026-12-01,0,PENDING
PAY-0004805,INV-2026-04805,2026-12-18,2073000,PAID
PAY-0004806,INV-2026-04806,2026-10-14,0,PENDING
PAY-0004807,INV-2026-04807,2026-09-25,3577000,PAID
PAY-0004808,INV-2026-04808,2026-10-04,858000,PAID
PAY-0004809,INV-2026-04809,2026-09-13,3817000,PAID
PAY-0004810,INV-2026-04810,2026-09-27,0,OVERDUE
PAY-0004811,INV-2026-04811,2026-11-12,0,OVERDUE
PAY-0004812,INV-2026-04812,2026-11-23,1238970,PARTIAL
PAY-0004813,INV-2026-04813,2026-09-08,1263123,PARTIAL
PAY-0004814,INV-2026-04814,2026-12-11,0,OVERDUE
PAY-0004815,INV-2026-04815,2026-07-16,0,PENDING
PAY-0004816,INV-2026-04816,2026-11-17,0,PENDING
PAY-0004817,INV-2026-04817,2026-09-18,4059000,PAID
PAY-0004818,INV-2026-04818,2026-09-22,0,OVERDUE
PAY-0004819,INV-2026-04819,2026-10-13,476796,PARTIAL
PAY-0004820,INV-2026-04820,2026-11-04,0,PENDING
PAY-0004821,INV-2026-04821,2026-10-03,306000,PAID
PAY-0004822,INV-2026-04822,2026-09-04,0,OVERDUE
PAY-0004823,INV-2026-04823,2026-07-12,4805000,PAID
PAY-0004824,INV-2026-04824,2027-01-05,0,OVERDUE
PAY-0004825,INV-2026-04825,2026-11-30,2326000,PAID
PAY-0004826,INV-2026-04826,2026-10-03,1014113,PARTIAL
PAY-0004827,INV-2026-04827,2026-10-21,4197000,PAID
PAY-0004828,INV-2026-04828,2026-10-23,3526000,PAID
PAY-0004829,INV-2026-04829,2026-10-13,635413,PARTIAL
PAY-0004830,INV-2026-04830,2026-07-25,0,PENDING
PAY-0004831,INV-2026-04831,2026-10-10,0,PENDING
PAY-0004832,INV-2026-04832,2026-10-15,3958000,PAID
PAY-0004833,INV-2026-04833,2026-11-09,1226000,PAID
PAY-0004834,INV-2026-04834,2026-09-24,4424000,PAID
PAY-0004835,INV-2026-04835,2026-10-02,4821000,PAID
PAY-0004836,INV-2026-04836,2026-12-08,189893,PARTIAL
PAY-0004837,INV-2026-04837,2026-09-20,3063000,PAID
PAY-0004838,INV-2026-04838,2026-10-06,0,PENDING
PAY-0004839,INV-2026-04839,2026-11-11,2678000,PAID
PAY-0004840,INV-2026-04840,2026-10-26,1059000,PAID
PAY-0004841,INV-2026-04841,2026-10-08,0,PENDING
PAY-0004842,INV-2026-04842,2026-10-16,2276000,PAID
PAY-0004843,INV-2026-04843,2026-10-07,0,PENDING
PAY-0004844,INV-2026-04844,2026-11-06,0,OVERDUE
PAY-0004845,INV-2026-04845,2026-08-18,900249,PARTIAL
PAY-0004846,INV-2026-04846,2026-11-12,1738000,PAID
PAY-0004847,INV-2026-04847,2026-12-11,1979546,PARTIAL
PAY-0004848,INV-2026-04848,2026-10-17,0,OVERDUE
PAY-0004849,INV-2026-04849,2026-10-13,2685000,PAID
PAY-0004850,INV-2026-04850,2026-12-03,3830000,PAID
PAY-0004851,INV-2026-04851,2026-12-30,540000,PAID
PAY-0004852,INV-2026-04852,2026-08-12,0,OVERDUE
PAY-0004853,INV-2026-04853,2026-09-12,4109000,PAID
PAY-0004854,INV-2026-04854,2026-07-13,3337000,PAID
PAY-0004855,INV-2026-04855,2026-08-18,121931,PARTIAL
PAY-0004856,INV-2026-04856,2026-07-30,532000,PAID
PAY-0004857,INV-2026-04857,2026-12-25,0,OVERDUE
PAY-0004858,INV-2026-04858,2026-10-04,0,OVERDUE
PAY-0004859,INV-2026-04859,2026-11-29,0,PENDING
PAY-0004860,INV-2026-04860,2026-09-04,916955,PARTIAL
PAY-0004861,INV-2026-04861,2026-09-04,0,OVERDUE
PAY-0004862,INV-2026-04862,2026-09-17,0,OVERDUE
PAY-0004863,INV-2026-04863,2026-07-25,3307000,PAID
PAY-0004864,INV-2026-04864,2026-10-01,2898000,PAID
PAY-0004865,INV-2026-04865,2026-08-28,0,OVERDUE
PAY-0004866,INV-2026-04866,2026-08-16,0,OVERDUE
PAY-0004867,INV-2026-04867,2026-12-21,0,OVERDUE
PAY-0004868,INV-2026-04868,2026-08-31,1722000,PAID
PAY-0004869,INV-2026-04869,2026-12-06,1508041,PARTIAL
PAY-0004870,INV-2026-04870,2026-11-11,3268000,PAID
PAY-0004871,INV-2026-04871,2026-07-25,0,PENDING
PAY-0004872,INV-2026-04872,2026-12-13,504000,PAID
PAY-0004873,INV-2026-04873,2026-09-01,1293081,PARTIAL
PAY-0004874,INV-2026-04874,2026-09-02,931162,PARTIAL
PAY-0004875,INV-2026-04875,2026-10-14,3424000,PAID
PAY-0004876,INV-2026-04876,2027-02-09,1415000,PAID
PAY-0004877,INV-2026-04877,2026-09-03,148000,PAID
PAY-0004878,INV-2026-04878,2026-09-26,0,PENDING
PAY-0004879,INV-2026-04879,2026-12-30,0,PENDING
PAY-0004880,INV-2026-04880,2026-09-22,0,OVERDUE
PAY-0004881,INV-2026-04881,2026-09-14,3658000,PAID
PAY-0004882,INV-2026-04882,2026-10-03,3033000,PAID
PAY-0004883,INV-2026-04883,2026-12-04,2040790,PARTIAL
PAY-0004884,INV-2026-04884,2026-11-16,0,PENDING
PAY-0004885,INV-2026-04885,2026-12-11,0,OVERDUE
PAY-0004886,INV-2026-04886,2026-10-17,2069000,PAID
PAY-0004887,INV-2026-04887,2026-09-27,1190669,PARTIAL
PAY-0004888,INV-2026-04888,2027-01-10,2596199,PARTIAL
PAY-0004889,INV-2026-04889,2026-09-26,0,PENDING
PAY-0004890,INV-2026-04890,2026-08-18,0,PENDING
PAY-0004891,INV-2026-04891,2026-12-14,2107000,PAID
PAY-0004892,INV-2026-04892,2027-01-01,591000,PAID
PAY-0004893,INV-2026-04893,2026-12-18,1666000,PAID
PAY-0004894,INV-2026-04894,2026-12-16,922645,PARTIAL
PAY-0004895,INV-2026-04895,2026-11-12,3585000,PAID
PAY-0004896,INV-2026-04896,2026-11-20,1094000,PAID
PAY-0004897,INV-2026-04897,2026-08-26,2808988,PARTIAL
PAY-0004898,INV-2026-04898,2026-10-29,353406,PARTIAL
PAY-0004899,INV-2026-04899,2026-08-19,0,OVERDUE
PAY-0004900,INV-2026-04900,2026-09-29,0,PENDING
PAY-0004901,INV-2026-04901,2026-09-26,0,PENDING
PAY-0004902,INV-2026-04902,2026-09-13,166000,PAID
PAY-0004903,INV-2026-04903,2026-09-27,4905000,PAID
PAY-0004904,INV-2026-04904,2026-09-09,392000,PAID
PAY-0004905,INV-2026-04905,2026-09-29,0,PENDING
PAY-0004906,INV-2026-04906,2026-10-04,970000,PAID
PAY-0004907,INV-2026-04907,2026-11-18,1863000,PAID
PAY-0004908,INV-2026-04908,2026-08-23,1560000,PAID
PAY-0004909,INV-2026-04909,2026-11-05,0,PENDING
PAY-0004910,INV-2026-04910,2026-08-28,0,PENDING
PAY-0004911,INV-2026-04911,2026-07-31,2165000,PAID
PAY-0004912,INV-2026-04912,2026-10-04,2890000,PAID
PAY-0004913,INV-2026-04913,2026-11-29,3794000,PAID
PAY-0004914,INV-2026-04914,2026-10-15,2208000,PAID
PAY-0004915,INV-2026-04915,2026-07-07,0,PENDING
PAY-0004916,INV-2026-04916,2026-12-29,2177000,PAID
PAY-0004917,INV-2026-04917,2026-09-09,2185780,PARTIAL
PAY-0004918,INV-2026-04918,2026-11-16,847574,PARTIAL
PAY-0004919,INV-2026-04919,2026-11-30,2879000,PAID
PAY-0004920,INV-2026-04920,2026-12-23,2560089,PARTIAL
PAY-0004921,INV-2026-04921,2026-09-09,2267000,PAID
PAY-0004922,INV-2026-04922,2026-12-13,4666000,PAID
PAY-0004923,INV-2026-04923,2026-10-08,0,PENDING
PAY-0004924,INV-2026-04924,2026-12-28,0,PENDING
PAY-0004925,INV-2026-04925,2026-09-03,443607,PARTIAL
PAY-0004926,INV-2026-04926,2026-12-21,0,PENDING
PAY-0004927,INV-2026-04927,2026-07-11,3301000,PAID
PAY-0004928,INV-2026-04928,2026-09-23,0,OVERDUE
PAY-0004929,INV-2026-04929,2026-10-08,3072000,PAID
PAY-0004930,INV-2026-04930,2026-11-15,3931000,PAID
PAY-0004931,INV-2026-04931,2026-10-27,717860,PARTIAL
PAY-0004932,INV-2026-04932,2026-08-27,3104000,PAID
PAY-0004933,INV-2026-04933,2026-10-10,4948000,PAID
PAY-0004934,INV-2026-04934,2026-11-06,0,PENDING
PAY-0004935,INV-2026-04935,2026-10-22,774145,PARTIAL
PAY-0004936,INV-2026-04936,2026-11-15,727299,PARTIAL
PAY-0004937,INV-2026-04937,2026-11-19,0,OVERDUE
PAY-0004938,INV-2026-04938,2026-10-15,195000,PAID
PAY-0004939,INV-2026-04939,2026-09-20,0,PENDING
PAY-0004940,INV-2026-04940,2026-09-12,119471,PARTIAL
PAY-0004941,INV-2026-04941,2026-10-23,534282,PARTIAL
PAY-0004942,INV-2026-04942,2026-08-28,2323000,PAID
PAY-0004943,INV-2026-04943,2026-10-20,0,OVERDUE
PAY-0004944,INV-2026-04944,2027-01-05,1063000,PAID
PAY-0004945,INV-2026-04945,2026-11-26,3889000,PAID
PAY-0004946,INV-2026-04946,2026-11-18,0,PENDING
PAY-0004947,INV-2026-04947,2026-10-30,352677,PARTIAL
PAY-0004948,INV-2026-04948,2026-07-19,1252107,PARTIAL
PAY-0004949,INV-2026-04949,2026-12-10,805065,PARTIAL
PAY-0004950,INV-2026-04950,2026-11-07,0,PENDING
PAY-0004951,INV-2026-04951,2026-10-29,2882000,PAID
PAY-0004952,INV-2026-04952,2026-09-15,1217000,PAID
PAY-0004953,INV-2026-04953,2026-09-06,1112000,PAID
PAY-0004954,INV-2026-04954,2026-12-14,0,OVERDUE
PAY-0004955,INV-2026-04955,2026-10-31,2116000,PAID
PAY-0004956,INV-2026-04956,2026-11-18,923000,PAID
PAY-0004957,INV-2026-04957,2026-10-24,2359000,PAID
PAY-0004958,INV-2026-04958,2026-09-09,799198,PARTIAL
PAY-0004959,INV-2026-04959,2026-10-19,0,OVERDUE
PAY-0004960,INV-2026-04960,2026-09-23,2387000,PAID
PAY-0004961,INV-2026-04961,2026-11-29,4865000,PAID
PAY-0004962,INV-2026-04962,2026-11-20,0,PENDING
PAY-0004963,INV-2026-04963,2026-10-08,0,OVERDUE
PAY-0004964,INV-2026-04964,2026-09-02,0,PENDING
PAY-0004965,INV-2026-04965,2026-10-14,678393,PARTIAL
PAY-0004966,INV-2026-04966,2026-11-08,0,PENDING
PAY-0004967,INV-2026-04967,2026-09-11,0,OVERDUE
PAY-0004968,INV-2026-04968,2026-09-24,3609000,PAID
PAY-0004969,INV-2026-04969,2026-10-08,0,OVERDUE
PAY-0004970,INV-2026-04970,2026-08-30,4848000,PAID
PAY-0004971,INV-2026-04971,2026-08-22,0,PENDING
PAY-0004972,INV-2026-04972,2026-08-20,149164,PARTIAL
PAY-0004973,INV-2026-04973,2026-09-22,3712432,PARTIAL
PAY-0004974,INV-2026-04974,2026-10-18,1155821,PARTIAL
PAY-0004975,INV-2026-04975,2026-11-27,0,OVERDUE
PAY-0004976,INV-2026-04976,2026-11-18,0,OVERDUE
PAY-0004977,INV-2026-04977,2026-10-26,4556000,PAID
PAY-0004978,INV-2026-04978,2026-11-02,2143000,PAID
PAY-0004979,INV-2026-04979,2026-08-30,0,OVERDUE
PAY-0004980,INV-2026-04980,2026-09-16,0,OVERDUE
PAY-0004981,INV-2026-04981,2026-11-24,0,PENDING
PAY-0004982,INV-2026-04982,2026-11-04,0,PENDING
PAY-0004983,INV-2026-04983,2026-10-30,982779,PARTIAL
PAY-0004984,INV-2026-04984,2026-11-09,1479000,PAID
PAY-0004985,INV-2026-04985,2026-09-17,3278000,PAID
PAY-0004986,INV-2026-04986,2026-11-18,2486000,PAID
PAY-0004987,INV-2026-04987,2026-10-09,991000,PAID
PAY-0004988,INV-2026-04988,2026-07-21,0,OVERDUE
PAY-0004989,INV-2026-04989,2026-09-04,2147000,PAID
PAY-0004990,INV-2026-04990,2026-10-28,0,OVERDUE
PAY-0004991,INV-2026-04991,2026-09-17,0,PENDING
PAY-0004992,INV-2026-04992,2026-09-20,3999000,PAID
PAY-0004993,INV-2026-04993,2026-12-13,0,OVERDUE
PAY-0004994,INV-2026-04994,2026-12-18,3902000,PAID
PAY-0004995,INV-2026-04995,2026-11-22,621153,PARTIAL
PAY-0004996,INV-2026-04996,2026-10-22,0,PENDING
PAY-0004997,INV-2026-04997,2026-12-04,0,PENDING
PAY-0004998,INV-2026-04998,2026-11-21,1291000,PAID
PAY-0004999,INV-2026-04999,2026-08-27,852045,PARTIAL
PAY-0005000,INV-2026-05000,2026-10-16,2056000,PAID
