invoice_id,risk_score,risk_level,risk_reasons
INV-2026-00001,10,LOW,High-value invoice
INV-2026-00002,0,LOW,
INV-2026-00003,55,HIGH,Multiple lenders; Repeated financing record
INV-2026-00004,15,LOW,High-value invoice; Payment due date reached
INV-2026-00005,0,LOW,
INV-2026-00006,15,LOW,High-value invoice; Payment due date reached
INV-2026-00007,10,LOW,High-value invoice
INV-2026-00008,5,LOW,Payment due date reached
INV-2026-00009,65,HIGH,Multiple lenders; Repeated financing record; High-value invoice
INV-2026-00010,10,LOW,High-value invoice
INV-2026-00011,60,HIGH,Multiple lenders; Repeated financing record; Payment due date reached
INV-2026-00012,5,LOW,Payment due date reached
INV-2026-00013,0,LOW,
INV-2026-00014,60,HIGH,Multiple lenders; Repeated financing record; Payment due date reached
INV-2026-00015,5,LOW,Payment due date reached
INV-2026-00016,0,LOW,
INV-2026-00017,15,LOW,High-value invoice; Payment due date reached
INV-2026-00018,10,LOW,High-value invoice
INV-2026-00019,10,LOW,High-value invoice
INV-2026-00020,5,LOW,Payment due date reached
INV-2026-00021,5,LOW,Payment due date reached
INV-2026-00022,65,HIGH,Multiple lenders; Repeated financing record; High-value invoice
INV-2026-00023,55,HIGH,Multiple lenders; Repeated financing record
INV-2026-00024,10,LOW,High-value invoice
INV-2026-00025,15,LOW,High-value invoice; Payment due date reached
INV-2026-00026,5,LOW,Payment due date reached
INV-2026-00027,15,LOW,High-value invoice; Payment due date reached
INV-2026-00028,5,LOW,Payment due date reached
INV-2026-00029,10,LOW,High-value invoice
INV-2026-00030,10,LOW,High-value invoice
INV-2026-00031,65,HIGH,Multiple lenders; Repeated financing record; High-value invoice
INV-2026-00032,15,LOW,High-value invoice; Payment due date reached
INV-2026-00033,15,LOW,High-value invoice; Payment due date reached
INV-2026-00034,15,LOW,High-value invoice; Payment due date reached
INV-2026-00035,0,LOW,
INV-2026-00036,5,LOW,Payment due date reached
INV-2026-00037,5,LOW,Payment due date reached
INV-2026-00038,10,LOW,High-value invoice
INV-2026-00039,15,LOW,High-value invoice; Payment due date reached
INV-2026-00040,5,LOW,Payment due date reached
INV-2026-00041,70,HIGH,Multiple lenders; Repeated financing record; High-value invoice; Payment due date reached
INV-2026-00042,0,LOW,
INV-2026-00043,0,LOW,
INV-2026-00044,15,LOW,High-value invoice; Payment due date reached
INV-2026-00045,15,LOW,High-value invoice; Payment due date reached
INV-2026-00046,15,LOW,High-value invoice; Payment due date reached
INV-2026-00047,15,LOW,High-value invoice; Payment due date reached
INV-2026-00048,15,LOW,High-value invoice; Payment due date reached
INV-2026-00049,10,LOW,High-value invoice
INV-2026-00050,5,LOW,Payment due date reached
INV-2026-00051,60,HIGH,Multiple lenders; Repeated financing record; Payment due date reached
INV-2026-00052,5,LOW,Payment due date reached
INV-2026-00053,5,LOW,Payment due date reached
INV-2026-00054,65,HIGH,Multiple lenders; Repeated financing record; High-value invoice
INV-2026-00055,15,LOW,High-value invoice; Payment due date reached
INV-2026-00056,0,LOW,
INV-2026-00057,0,LOW,
INV-2026-00058,0,LOW,
INV-2026-00059,5,LOW,Payment due date reached
INV-2026-00060,10,LOW,High-value invoice
INV-2026-00061,15,LOW,High-value invoice; Payment due date reached
INV-2026-00062,0,LOW,
INV-2026-00063,10,LOW,High-value invoice
INV-2026-00064,15,LOW,High-value invoice; Payment due date reached
INV-2026-00065,85,HIGH,Multiple lenders; Repeated financing record; Multiple delivery-proof records; High-value invoice
INV-2026-00066,0,LOW,
INV-2026-00067,15,LOW,High-value invoice; Payment due date reached
INV-2026-00068,10,LOW,High-value invoice
INV-2026-00069,10,LOW,High-value invoice
INV-2026-00070,5,LOW,Payment due date reached
INV-2026-00071,60,HIGH,Multiple lenders; Repeated financing record; Payment due date reached
INV-2026-00072,65,HIGH,Multiple lenders; Repeated financing record; High-value invoice
INV-2026-00073,5,LOW,Payment due date reached
INV-2026-00074,10,LOW,High-value invoice
INV-2026-00075,0,LOW,
INV-2026-00076,5,LOW,Payment due date reached
INV-2026-00077,10,LOW,High-value invoice
INV-2026-00078,15,LOW,High-value invoice; Payment due date reached
INV-2026-00079,5,LOW,Payment due date reached
INV-2026-00080,5,LOW,Payment due date reached
INV-2026-00081,10,LOW,High-value invoice
INV-2026-00082,15,LOW,High-value invoice; Payment due date reached
INV-2026-00083,5,LOW,Payment due date reached
INV-2026-00084,5,LOW,Payment due date reached
INV-2026-00085,0,LOW,
INV-2026-00086,5,LOW,Payment due date reached
INV-2026-00087,55,HIGH,Multiple lenders; Repeated financing record
INV-2026-00088,5,LOW,Payment due date reached
INV-2026-00089,5,LOW,Payment due date reached
INV-2026-00090,10,LOW,High-value invoice
INV-2026-00091,15,LOW,High-value invoice; Payment due date reached
INV-2026-00092,0,LOW,
INV-2026-00093,15,LOW,High-value invoice; Payment due date reached
INV-2026-00094,5,LOW,Payment due date reached
INV-2026-00095,15,LOW,High-value invoice; Payment due date reached
INV-2026-00096,15,LOW,High-value invoice; Payment due date reached
INV-2026-00097,15,LOW,High-value invoice; Payment due date reached
INV-2026-00098,10,LOW,High-value invoice
INV-2026-00099,5,LOW,Payment due date reached
INV-2026-00100,55,HIGH,Multiple lenders; Repeated financing record
INV-2026-00101,70,HIGH,Multiple lenders; Repeated financing record; High-value invoice; Payment due date reached
INV-2026-00102,15,LOW,High-value invoice; Payment due date reached
INV-2026-00103,60,HIGH,Multiple lenders; Repeated financing record; Payment due date reached
INV-2026-00104,10,LOW,High-value invoice
INV-2026-00105,5,LOW,Payment due date reached
INV-2026-00106,5,LOW,Payment due date reached
INV-2026-00107,0,LOW,
INV-2026-00108,15,LOW,High-value invoice; Payment due date reached
INV-2026-00109,0,LOW,
INV-2026-00110,5,LOW,Payment due date reached
INV-2026-00111,0,LOW,
INV-2026-00112,5,LOW,Payment due date reached
INV-2026-00113,15,LOW,High-value invoice; Payment due date reached
INV-2026-00114,5,LOW,Payment due date reached
INV-2026-00115,5,LOW,Payment due date reached
INV-2026-00116,60,HIGH,Multiple lenders; Repeated financing record; Payment due date reached
INV-2026-00117,65,HIGH,Multiple lenders; Repeated financing record; High-value invoice
INV-2026-00118,0,LOW,
INV-2026-00119,10,LOW,High-value invoice
INV-2026-00120,5,LOW,Payment due date reached
INV-2026-00121,70,HIGH,Multiple lenders; Repeated financing record; High-value invoice; Payment due date reached
INV-2026-00122,0,LOW,
INV-2026-00123,10,LOW,High-value invoice
INV-2026-00124,10,LOW,High-value invoice
INV-2026-00125,10,LOW,High-value invoice
INV-2026-00126,0,LOW,
INV-2026-00127,15,LOW,High-value invoice; Payment due date reached
INV-2026-00128,10,LOW,High-value invoice
INV-2026-00129,5,LOW,Payment due date reached
INV-2026-00130,65,HIGH,Multiple lenders; Repeated financing record; High-value invoice
INV-2026-00131,60,HIGH,Multiple lenders; Repeated financing record; Payment due date reached
INV-2026-00132,5,LOW,Payment due date reached
INV-2026-00133,15,LOW,High-value invoice; Payment due date reached
INV-2026-00134,15,LOW,High-value invoice; Payment due date reached
INV-2026-00135,15,LOW,High-value invoice; Payment due date reached
INV-2026-00136,0,LOW,
INV-2026-00137,5,LOW,Payment due date reached
INV-2026-00138,0,LOW,
INV-2026-00139,5,LOW,Payment due date reached
INV-2026-00140,65,HIGH,Multiple lenders; Repeated financing record; High-value invoice
INV-2026-00141,85,HIGH,Multiple lenders; Repeated financing record; Multiple delivery-proof records; High-value invoice
INV-2026-00142,10,LOW,High-value invoice
INV-2026-00143,5,LOW,Payment due date reached
INV-2026-00144,15,LOW,High-value invoice; Payment due date reached
INV-2026-00145,15,LOW,High-value invoice; Payment due date reached
INV-2026-00146,10,LOW,High-value invoice
INV-2026-00147,15,LOW,High-value invoice; Payment due date reached
INV-2026-00148,5,LOW,Payment due date reached
INV-2026-00149,5,LOW,Payment due date reached
INV-2026-00150,15,LOW,High-value invoice; Payment due date reached
INV-2026-00151,0,LOW,
INV-2026-00152,0,LOW,
INV-2026-00153,5,LOW,Payment due date reached
INV-2026-00154,5,LOW,Payment due date reached
INV-2026-00155,5,LOW,Payment due date reached
INV-2026-00156,0,LOW,
INV-2026-00157,5,LOW,Payment due date reached
INV-2026-00158,5,LOW,Payment due date reached
INV-2026-00159,0,LOW,
INV-2026-00160,10,LOW,High-value invoice
INV-2026-00161,60,HIGH,Multiple lenders; Repeated financing record; Payment due date reached
INV-2026-00162,0,LOW,
INV-2026-00163,0,LOW,
INV-2026-00164,0,LOW,
INV-2026-00165,55,HIGH,Multiple lenders; Repeated financing record
INV-2026-00166,10,LOW,High-value invoice
INV-2026-00167,15,LOW,High-value invoice; Payment due date reached
INV-2026-00168,0,LOW,
INV-2026-00169,60,HIGH,Multiple lenders; Repeated financing record; Payment due date reached
INV-2026-00170,0,LOW,
INV-2026-00171,15,LOW,High-value invoice; Payment due date reached
INV-2026-00172,15,LOW,High-value invoice; Payment due date reached
INV-2026-00173,55,HIGH,Multiple lenders; Repeated financing record
INV-2026-00174,60,HIGH,Multiple lenders; Repeated financing record; Payment due date reached
INV-2026-00175,10,LOW,High-value invoice
INV-2026-00176,60,HIGH,Multiple lenders; Repeated financing record; Payment due date reached
INV-2026-00177,10,LOW,High-value invoice
INV-2026-00178,0,LOW,
INV-2026-00179,5,LOW,Payment due date reached
INV-2026-00180,10,LOW,High-value invoice
INV-2026-00181,0,LOW,
INV-2026-00182,5,LOW,Payment due date reached
INV-2026-00183,15,LOW,High-value invoice; Payment due date reached
INV-2026-00184,5,LOW,Payment due date reached
INV-2026-00185,15,LOW,High-value invoice; Payment due date reached
INV-2026-00186,10,LOW,High-value invoice
INV-2026-00187,15,LOW,High-value invoice; Payment due date reached
INV-2026-00188,15,LOW,High-value invoice; Payment due date reached
INV-2026-00189,5,LOW,Payment due date reached
INV-2026-00190,0,LOW,
INV-2026-00191,15,LOW,High-value invoice; Payment due date reached
INV-2026-00192,10,LOW,High-value invoice
INV-2026-00193,0,LOW,
INV-2026-00194,0,LOW,
INV-2026-00195,5,LOW,Payment due date reached
INV-2026-00196,60,HIGH,Multiple lenders; Repeated financing record; Payment due date reached
INV-2026-00197,60,HIGH,Multiple lenders; Repeated financing record; Payment due date reached
INV-2026-00198,15,LOW,High-value invoice; Payment due date reached
INV-2026-00199,5,LOW,Payment due date reached
INV-2026-00200,0,LOW,
INV-2026-00201,70,HIGH,Multiple lenders; Repeated financing record; High-value invoice; Payment due date reached
INV-2026-00202,5,LOW,Payment due date reached
INV-2026-00203,0,LOW,
INV-2026-00204,10,LOW,High-value invoice
INV-2026-00205,10,LOW,High-value invoice
INV-2026-00206,15,LOW,High-value invoice; Payment due date reached
INV-2026-00207,5,LOW,Payment due date reached
INV-2026-00208,10,LOW,High-value invoice
INV-2026-00209,0,LOW,
INV-2026-00210,55,HIGH,Multiple lenders; Repeated financing record
INV-2026-00211,5,LOW,Payment due date reached
INV-2026-00212,0,LOW,
INV-2026-00213,5,LOW,Payment due date reached
INV-2026-00214,5,LOW,Payment due date reached
INV-2026-00215,0,LOW,
INV-2026-00216,5,LOW,Payment due date reached
INV-2026-00217,5,LOW,Payment due date reached
INV-2026-00218,0,LOW,
INV-2026-00219,0,LOW,
INV-2026-00220,5,LOW,Payment due date reached
INV-2026-00221,15,LOW,High-value invoice; Payment due date reached
INV-2026-00222,5,LOW,Payment due date reached
INV-2026-00223,0,LOW,
INV-2026-00224,0,LOW,
INV-2026-00225,5,LOW,Payment due date reached
INV-2026-00226,10,LOW,High-value invoice
INV-2026-00227,0,LOW,
INV-2026-00228,0,LOW,
INV-2026-00229,5,LOW,Payment due date reached
INV-2026-00230,5,LOW,Payment due date reached
INV-2026-00231,15,LOW,High-value invoice; Payment due date reached
INV-2026-00232,5,LOW,Payment due date reached
INV-2026-00233,5,LOW,Payment due date reached
INV-2026-00234,15,LOW,High-value invoice; Payment due date reached
INV-2026-00235,15,LOW,High-value invoice; Payment due date reached
INV-2026-00236,15,LOW,High-value invoice; Payment due date reached
INV-2026-00237,15,LOW,High-value invoice; Payment due date reached
INV-2026-00238,0,LOW,
INV-2026-00239,15,LOW,High-value invoice; Payment due date reached
INV-2026-00240,55,HIGH,Multiple lenders; Repeated financing record
INV-2026-00241,10,LOW,High-value invoice
INV-2026-00242,5,LOW,Payment due date reached
INV-2026-00243,10,LOW,High-value invoice
INV-2026-00244,5,LOW,Payment due date reached
INV-2026-00245,10,LOW,High-value invoice
INV-2026-00246,15,LOW,High-value invoice; Payment due date reached
INV-2026-00247,5,LOW,Payment due date reached
INV-2026-00248,55,HIGH,Multiple lenders; Repeated financing record
INV-2026-00249,10,LOW,High-value invoice
INV-2026-00250,75,HIGH,Multiple lenders; Repeated financing record; Multiple delivery-proof records
INV-2026-00251,5,LOW,Payment due date reached
INV-2026-00252,5,LOW,Payment due date reached
INV-2026-00253,15,LOW,High-value invoice; Payment due date reached
INV-2026-00254,15,LOW,High-value invoice; Payment due date reached
INV-2026-00255,60,HIGH,Multiple lenders; Repeated financing record; Payment due date reached
INV-2026-00256,5,LOW,Payment due date reached
INV-2026-00257,60,HIGH,Multiple lenders; Repeated financing record; Payment due date reached
INV-2026-00258,55,HIGH,Multiple lenders; Repeated financing record
INV-2026-00259,0,LOW,
INV-2026-00260,10,LOW,High-value invoice
INV-2026-00261,5,LOW,Payment due date reached
INV-2026-00262,5,LOW,Payment due date reached
INV-2026-00263,10,LOW,High-value invoice
INV-2026-00264,65,HIGH,Multiple lenders; Repeated financing record; High-value invoice
INV-2026-00265,10,LOW,High-value invoice
INV-2026-00266,10,LOW,High-value invoice
INV-2026-00267,0,LOW,
INV-2026-00268,15,LOW,High-value invoice; Payment due date reached
INV-2026-00269,0,LOW,
INV-2026-00270,15,LOW,High-value invoice; Payment due date reached
INV-2026-00271,10,LOW,High-value invoice
INV-2026-00272,10,LOW,High-value invoice
INV-2026-00273,15,LOW,High-value invoice; Payment due date reached
INV-2026-00274,70,HIGH,Multiple lenders; Repeated financing record; High-value invoice; Payment due date reached
INV-2026-00275,10,LOW,High-value invoice
INV-2026-00276,70,HIGH,Multiple lenders; Repeated financing record; High-value invoice; Payment due date reached
INV-2026-00277,0,LOW,
INV-2026-00278,0,LOW,
INV-2026-00279,0,LOW,
INV-2026-00280,0,LOW,
INV-2026-00281,80,HIGH,Multiple lenders; Repeated financing record; Multiple delivery-proof records; Payment due date reached
INV-2026-00282,5,LOW,Payment due date reached
INV-2026-00283,55,HIGH,Multiple lenders; Repeated financing record
INV-2026-00284,0,LOW,
INV-2026-00285,60,HIGH,Multiple lenders; Repeated financing record; Payment due date reached
INV-2026-00286,5,LOW,Payment due date reached
INV-2026-00287,5,LOW,Payment due date reached
INV-2026-00288,5,LOW,Payment due date reached
INV-2026-00289,10,LOW,High-value invoice
INV-2026-00290,5,LOW,Payment due date reached
INV-2026-00291,15,LOW,High-value invoice; Payment due date reached
INV-2026-00292,5,LOW,Payment due date reached
INV-2026-00293,15,LOW,High-value invoice; Payment due date reached
INV-2026-00294,15,LOW,High-value invoice; Payment due date reached
INV-2026-00295,15,LOW,High-value invoice; Payment due date reached
INV-2026-00296,0,LOW,
INV-2026-00297,0,LOW,
INV-2026-00298,10,LOW,High-value invoice
INV-2026-00299,10,LOW,High-value invoice
INV-2026-00300,10,LOW,High-value invoice
INV-2026-00301,15,LOW,High-value invoice; Payment due date reached
INV-2026-00302,0,LOW,
INV-2026-00303,5,LOW,Payment due date reached
INV-2026-00304,5,LOW,Payment due date reached
INV-2026-00305,10,LOW,High-value invoice
INV-2026-00306,15,LOW,High-value invoice; Payment due date reached
INV-2026-00307,10,LOW,High-value invoice
INV-2026-00308,5,LOW,Payment due date reached
INV-2026-00309,10,LOW,High-value invoice
INV-2026-00310,15,LOW,High-value invoice; Payment due date reached
INV-2026-00311,5,LOW,Payment due date reached
INV-2026-00312,15,LOW,High-value invoice; Payment due date reached
INV-2026-00313,80,HIGH,Multiple lenders; Repeated financing record; Multiple delivery-proof records; Payment due date reached
INV-2026-00314,10,LOW,High-value invoice
INV-2026-00315,5,LOW,Payment due date reached
INV-2026-00316,55,HIGH,Multiple lenders; Repeated financing record
INV-2026-00317,0,LOW,
INV-2026-00318,15,LOW,High-value invoice; Payment due date reached
INV-2026-00319,0,LOW,
INV-2026-00320,5,LOW,Payment due date reached
INV-2026-00321,10,LOW,High-value invoice
INV-2026-00322,15,LOW,High-value invoice; Payment due date reached
INV-2026-00323,55,HIGH,Multiple lenders; Repeated financing record
INV-2026-00324,55,HIGH,Multiple lenders; Repeated financing record
INV-2026-00325,55,HIGH,Multiple lenders; Repeated financing record
INV-2026-00326,0,LOW,
INV-2026-00327,10,LOW,High-value invoice
INV-2026-00328,5,LOW,Payment due date reached
INV-2026-00329,60,HIGH,Multiple lenders; Repeated financing record; Payment due date reached
INV-2026-00330,0,LOW,
INV-2026-00331,15,LOW,High-value invoice; Payment due date reached
INV-2026-00332,10,LOW,High-value invoice
INV-2026-00333,15,LOW,High-value invoice; Payment due date reached
INV-2026-00334,15,LOW,High-value invoice; Payment due date reached
INV-2026-00335,5,LOW,Payment due date reached
INV-2026-00336,5,LOW,Payment due date reached
INV-2026-00337,5,LOW,Payment due date reached
INV-2026-00338,0,LOW,
INV-2026-00339,15,LOW,High-value invoice; Payment due date reached
INV-2026-00340,65,HIGH,Multiple lenders; Repeated financing record; High-value invoice
INV-2026-00341,0,LOW,
INV-2026-00342,0,LOW,
INV-2026-00343,5,LOW,Payment due date reached
INV-2026-00344,60,HIGH,Multiple lenders; Repeated financing record; Payment due date reached
INV-2026-00345,0,LOW,
INV-2026-00346,10,LOW,High-value invoice
INV-2026-00347,5,LOW,Payment due date reached
INV-2026-00348,10,LOW,High-value invoice
INV-2026-00349,10,LOW,High-value invoice
INV-2026-00350,10,LOW,High-value invoice
INV-2026-00351,0,LOW,
INV-2026-00352,5,LOW,Payment due date reached
INV-2026-00353,10,LOW,High-value invoice
INV-2026-00354,15,LOW,High-value invoice; Payment due date reached
INV-2026-00355,10,LOW,High-value invoice
INV-2026-00356,0,LOW,
INV-2026-00357,15,LOW,High-value invoice; Payment due date reached
INV-2026-00358,60,HIGH,Multiple lenders; Repeated financing record; Payment due date reached
INV-2026-00359,15,LOW,High-value invoice; Payment due date reached
INV-2026-00360,5,LOW,Payment due date reached
INV-2026-00361,5,LOW,Payment due date reached
INV-2026-00362,10,LOW,High-value invoice
INV-2026-00363,5,LOW,Payment due date reached
INV-2026-00364,10,LOW,High-value invoice
INV-2026-00365,55,HIGH,Multiple lenders; Repeated financing record
INV-2026-00366,55,HIGH,Multiple lenders; Repeated financing record
INV-2026-00367,0,LOW,
INV-2026-00368,55,HIGH,Multiple lenders; Repeated financing record
INV-2026-00369,10,LOW,High-value invoice
INV-2026-00370,70,HIGH,Multiple lenders; Repeated financing record; High-value invoice; Payment due date reached
INV-2026-00371,65,HIGH,Multiple lenders; Repeated financing record; High-value invoice
INV-2026-00372,60,HIGH,Multiple lenders; Repeated financing record; Payment due date reached
INV-2026-00373,0,LOW,
INV-2026-00374,15,LOW,High-value invoice; Payment due date reached
INV-2026-00375,10,LOW,High-value invoice
INV-2026-00376,5,LOW,Payment due date reached
INV-2026-00377,15,LOW,High-value invoice; Payment due date reached
INV-2026-00378,5,LOW,Payment due date reached
INV-2026-00379,10,LOW,High-value invoice
INV-2026-00380,15,LOW,High-value invoice; Payment due date reached
INV-2026-00381,0,LOW,
INV-2026-00382,90,HIGH,Multiple lenders; Repeated financing record; Multiple delivery-proof records; High-value invoice; Payment due date reached
INV-2026-00383,90,HIGH,Multiple lenders; Repeated financing record; Multiple delivery-proof records; High-value invoice; Payment due date reached
INV-2026-00384,5,LOW,Payment due date reached
INV-2026-00385,10,LOW,High-value invoice
INV-2026-00386,55,HIGH,Multiple lenders; Repeated financing record
INV-2026-00387,5,LOW,Payment due date reached
INV-2026-00388,5,LOW,Payment due date reached
INV-2026-00389,5,LOW,Payment due date reached
INV-2026-00390,15,LOW,High-value invoice; Payment due date reached
INV-2026-00391,15,LOW,High-value invoice; Payment due date reached
INV-2026-00392,15,LOW,High-value invoice; Payment due date reached
INV-2026-00393,5,LOW,Payment due date reached
INV-2026-00394,10,LOW,High-value invoice
INV-2026-00395,5,LOW,Payment due date reached
INV-2026-00396,0,LOW,
INV-2026-00397,5,LOW,Payment due date reached
INV-2026-00398,60,HIGH,Multiple lenders; Repeated financing record; Payment due date reached
INV-2026-00399,0,LOW,
INV-2026-00400,5,LOW,Payment due date reached
INV-2026-00401,55,HIGH,Multiple lenders; Repeated financing record
INV-2026-00402,15,LOW,High-value invoice; Payment due date reached
INV-2026-00403,5,LOW,Payment due date reached
INV-2026-00404,5,LOW,Payment due date reached
INV-2026-00405,0,LOW,
INV-2026-00406,15,LOW,High-value invoice; Payment due date reached
INV-2026-00407,0,LOW,
INV-2026-00408,0,LOW,
INV-2026-00409,0,LOW,
INV-2026-00410,10,LOW,High-value invoice
INV-2026-00411,15,LOW,High-value invoice; Payment due date reached
INV-2026-00412,0,LOW,
INV-2026-00413,0,LOW,
INV-2026-00414,5,LOW,Payment due date reached
INV-2026-00415,0,LOW,
INV-2026-00416,0,LOW,
INV-2026-00417,10,LOW,High-value invoice
INV-2026-00418,5,LOW,Payment due date reached
INV-2026-00419,60,HIGH,Multiple lenders; Repeated financing record; Payment due date reached
INV-2026-00420,60,HIGH,Multiple lenders; Repeated financing record; Payment due date reached
INV-2026-00421,5,LOW,Payment due date reached
INV-2026-00422,10,LOW,High-value invoice
INV-2026-00423,15,LOW,High-value invoice; Payment due date reached
INV-2026-00424,10,LOW,High-value invoice
INV-2026-00425,0,LOW,
INV-2026-00426,55,HIGH,Multiple lenders; Repeated financing record
INV-2026-00427,5,LOW,Payment due date reached
INV-2026-00428,55,HIGH,Multiple lenders; Repeated financing record
INV-2026-00429,0,LOW,
INV-2026-00430,60,HIGH,Multiple lenders; Repeated financing record; Payment due date reached
INV-2026-00431,5,LOW,Payment due date reached
INV-2026-00432,5,LOW,Payment due date reached
INV-2026-00433,0,LOW,
INV-2026-00434,15,LOW,High-value invoice; Payment due date reached
INV-2026-00435,10,LOW,High-value invoice
INV-2026-00436,10,LOW,High-value invoice
INV-2026-00437,10,LOW,High-value invoice
INV-2026-00438,60,HIGH,Multiple lenders; Repeated financing record; Payment due date reached
INV-2026-00439,55,HIGH,Multiple lenders; Repeated financing record
INV-2026-00440,5,LOW,Payment due date reached
INV-2026-00441,10,LOW,High-value invoice
INV-2026-00442,5,LOW,Payment due date reached
INV-2026-00443,0,LOW,
INV-2026-00444,15,LOW,High-value invoice; Payment due date reached
INV-2026-00445,0,LOW,
INV-2026-00446,75,HIGH,Multiple lenders; Repeated financing record; Multiple delivery-proof records
INV-2026-00447,5,LOW,Payment due date reached
INV-2026-00448,15,LOW,High-value invoice; Payment due date reached
INV-2026-00449,0,LOW,
INV-2026-00450,15,LOW,High-value invoice; Payment due date reached
INV-2026-00451,15,LOW,High-value invoice; Payment due date reached
INV-2026-00452,80,HIGH,Multiple lenders; Repeated financing record; Multiple delivery-proof records; Payment due date reached
INV-2026-00453,10,LOW,High-value invoice
INV-2026-00454,5,LOW,Payment due date reached
INV-2026-00455,5,LOW,Payment due date reached
INV-2026-00456,5,LOW,Payment due date reached
INV-2026-00457,55,HIGH,Multiple lenders; Repeated financing record
INV-2026-00458,10,LOW,High-value invoice
INV-2026-00459,65,HIGH,Multiple lenders; Repeated financing record; High-value invoice
INV-2026-00460,10,LOW,High-value invoice
INV-2026-00461,5,LOW,Payment due date reached
INV-2026-00462,15,LOW,High-value invoice; Payment due date reached
INV-2026-00463,15,LOW,High-value invoice; Payment due date reached
INV-2026-00464,5,LOW,Payment due date reached
INV-2026-00465,15,LOW,High-value invoice; Payment due date reached
INV-2026-00466,0,LOW,
INV-2026-00467,0,LOW,
INV-2026-00468,5,LOW,Payment due date reached
INV-2026-00469,5,LOW,Payment due date reached
INV-2026-00470,5,LOW,Payment due date reached
INV-2026-00471,10,LOW,High-value invoice
INV-2026-00472,5,LOW,Payment due date reached
INV-2026-00473,5,LOW,Payment due date reached
INV-2026-00474,5,LOW,Payment due date reached
INV-2026-00475,10,LOW,High-value invoice
INV-2026-00476,60,HIGH,Multiple lenders; Repeated financing record; Payment due date reached
INV-2026-00477,5,LOW,Payment due date reached
INV-2026-00478,0,LOW,
INV-2026-00479,5,LOW,Payment due date reached
INV-2026-00480,10,LOW,High-value invoice
INV-2026-00481,5,LOW,Payment due date reached
INV-2026-00482,0,LOW,
INV-2026-00483,10,LOW,High-value invoice
INV-2026-00484,0,LOW,
INV-2026-00485,60,HIGH,Multiple lenders; Repeated financing record; Payment due date reached
INV-2026-00486,5,LOW,Payment due date reached
INV-2026-00487,0,LOW,
INV-2026-00488,5,LOW,Payment due date reached
INV-2026-00489,5,LOW,Payment due date reached
INV-2026-00490,10,LOW,High-value invoice
INV-2026-00491,5,LOW,Payment due date reached
INV-2026-00492,0,LOW,
INV-2026-00493,5,LOW,Payment due date reached
INV-2026-00494,5,LOW,Payment due date reached
INV-2026-00495,5,LOW,Payment due date reached
INV-2026-00496,55,HIGH,Multiple lenders; Repeated financing record
INV-2026-00497,10,LOW,High-value invoice
INV-2026-00498,15,LOW,High-value invoice; Payment due date reached
INV-2026-00499,5,LOW,Payment due date reached
INV-2026-00500,0,LOW,
INV-2026-00501,0,LOW,
INV-2026-00502,5,LOW,Payment due date reached
INV-2026-00503,15,LOW,High-value invoice; Payment due date reached
INV-2026-00504,5,LOW,Payment due date reached
INV-2026-00505,15,LOW,High-value invoice; Payment due date reached
INV-2026-00506,5,LOW,Payment due date reached
INV-2026-00507,0,LOW,
INV-2026-00508,5,LOW,Payment due date reached
INV-2026-00509,85,HIGH,Multiple lenders; Repeated financing record; Multiple delivery-proof records; High-value invoice
INV-2026-00510,5,LOW,Payment due date reached
INV-2026-00511,60,HIGH,Multiple lenders; Repeated financing record; Payment due date reached
INV-2026-00512,65,HIGH,Multiple lenders; Repeated financing record; High-value invoice
INV-2026-00513,5,LOW,Payment due date reached
INV-2026-00514,15,LOW,High-value invoice; Payment due date reached
INV-2026-00515,65,HIGH,Multiple lenders; Repeated financing record; High-value invoice
INV-2026-00516,70,HIGH,Multiple lenders; Repeated financing record; High-value invoice; Payment due date reached
INV-2026-00517,0,LOW,
INV-2026-00518,5,LOW,Payment due date reached
INV-2026-00519,0,LOW,
INV-2026-00520,5,LOW,Payment due date reached
INV-2026-00521,5,LOW,Payment due date reached
INV-2026-00522,5,LOW,Payment due date reached
INV-2026-00523,5,LOW,Payment due date reached
INV-2026-00524,15,LOW,High-value invoice; Payment due date reached
INV-2026-00525,65,HIGH,Multiple lenders; Repeated financing record; High-value invoice
INV-2026-00526,0,LOW,
INV-2026-00527,10,LOW,High-value invoice
INV-2026-00528,5,LOW,Payment due date reached
INV-2026-00529,10,LOW,High-value invoice
INV-2026-00530,5,LOW,Payment due date reached
INV-2026-00531,10,LOW,High-value invoice
INV-2026-00532,10,LOW,High-value invoice
INV-2026-00533,5,LOW,Payment due date reached
INV-2026-00534,5,LOW,Payment due date reached
INV-2026-00535,10,LOW,High-value invoice
INV-2026-00536,5,LOW,Payment due date reached
INV-2026-00537,0,LOW,
INV-2026-00538,10,LOW,High-value invoice
INV-2026-00539,15,LOW,High-value invoice; Payment due date reached
INV-2026-00540,0,LOW,
INV-2026-00541,0,LOW,
INV-2026-00542,55,HIGH,Multiple lenders; Repeated financing record
INV-2026-00543,5,LOW,Payment due date reached
INV-2026-00544,0,LOW,
INV-2026-00545,0,LOW,
INV-2026-00546,15,LOW,High-value invoice; Payment due date reached
INV-2026-00547,0,LOW,
INV-2026-00548,0,LOW,
INV-2026-00549,10,LOW,High-value invoice
INV-2026-00550,0,LOW,
INV-2026-00551,55,HIGH,Multiple lenders; Repeated financing record
INV-2026-00552,10,LOW,High-value invoice
INV-2026-00553,15,LOW,High-value invoice; Payment due date reached
INV-2026-00554,0,LOW,
INV-2026-00555,15,LOW,High-value invoice; Payment due date reached
INV-2026-00556,10,LOW,High-value invoice
INV-2026-00557,15,LOW,High-value invoice; Payment due date reached
INV-2026-00558,10,LOW,High-value invoice
INV-2026-00559,0,LOW,
INV-2026-00560,5,LOW,Payment due date reached
INV-2026-00561,70,HIGH,Multiple lenders; Repeated financing record; High-value invoice; Payment due date reached
INV-2026-00562,0,LOW,
INV-2026-00563,0,LOW,
INV-2026-00564,0,LOW,
INV-2026-00565,80,HIGH,Multiple lenders; Repeated financing record; Multiple delivery-proof records; Payment due date reached
INV-2026-00566,5,LOW,Payment due date reached
INV-2026-00567,55,HIGH,Multiple lenders; Repeated financing record
INV-2026-00568,0,LOW,
INV-2026-00569,0,LOW,
INV-2026-00570,15,LOW,High-value invoice; Payment due date reached
INV-2026-00571,0,LOW,
INV-2026-00572,5,LOW,Payment due date reached
INV-2026-00573,5,LOW,Payment due date reached
INV-2026-00574,55,HIGH,Multiple lenders; Repeated financing record
INV-2026-00575,0,LOW,
INV-2026-00576,15,LOW,High-value invoice; Payment due date reached
INV-2026-00577,55,HIGH,Multiple lenders; Repeated financing record
INV-2026-00578,5,LOW,Payment due date reached
INV-2026-00579,0,LOW,
INV-2026-00580,10,LOW,High-value invoice
INV-2026-00581,10,LOW,High-value invoice
INV-2026-00582,15,LOW,High-value invoice; Payment due date reached
INV-2026-00583,5,LOW,Payment due date reached
INV-2026-00584,5,LOW,Payment due date reached
INV-2026-00585,5,LOW,Payment due date reached
INV-2026-00586,10,LOW,High-value invoice
INV-2026-00587,5,LOW,Payment due date reached
INV-2026-00588,10,LOW,High-value invoice
INV-2026-00589,65,HIGH,Multiple lenders; Repeated financing record; High-value invoice
INV-2026-00590,5,LOW,Payment due date reached
INV-2026-00591,55,HIGH,Multiple lenders; Repeated financing record
INV-2026-00592,15,LOW,High-value invoice; Payment due date reached
INV-2026-00593,10,LOW,High-value invoice
INV-2026-00594,10,LOW,High-value invoice
INV-2026-00595,15,LOW,High-value invoice; Payment due date reached
INV-2026-00596,10,LOW,High-value invoice
INV-2026-00597,15,LOW,High-value invoice; Payment due date reached
INV-2026-00598,0,LOW,
INV-2026-00599,10,LOW,High-value invoice
INV-2026-00600,0,LOW,
INV-2026-00601,5,LOW,Payment due date reached
INV-2026-00602,5,LOW,Payment due date reached
INV-2026-00603,60,HIGH,Multiple lenders; Repeated financing record; Payment due date reached
INV-2026-00604,10,LOW,High-value invoice
INV-2026-00605,5,LOW,Payment due date reached
INV-2026-00606,5,LOW,Payment due date reached
INV-2026-00607,10,LOW,High-value invoice
INV-2026-00608,5,LOW,Payment due date reached
INV-2026-00609,10,LOW,High-value invoice
INV-2026-00610,5,LOW,Payment due date reached
INV-2026-00611,5,LOW,Payment due date reached
INV-2026-00612,55,HIGH,Multiple lenders; Repeated financing record
INV-2026-00613,5,LOW,Payment due date reached
INV-2026-00614,70,HIGH,Multiple lenders; Repeated financing record; High-value invoice; Payment due date reached
INV-2026-00615,10,LOW,High-value invoice
INV-2026-00616,5,LOW,Payment due date reached
INV-2026-00617,0,LOW,
INV-2026-00618,10,LOW,High-value invoice
INV-2026-00619,15,LOW,High-value invoice; Payment due date reached
INV-2026-00620,15,LOW,High-value invoice; Payment due date reached
INV-2026-00621,5,LOW,Payment due date reached
INV-2026-00622,10,LOW,High-value invoice
INV-2026-00623,0,LOW,
INV-2026-00624,0,LOW,
INV-2026-00625,60,HIGH,Multiple lenders; Repeated financing record; Payment due date reached
INV-2026-00626,65,HIGH,Multiple lenders; Repeated financing record; High-value invoice
INV-2026-00627,15,LOW,High-value invoice; Payment due date reached
INV-2026-00628,0,LOW,
INV-2026-00629,60,HIGH,Multiple lenders; Repeated financing record; Payment due date reached
INV-2026-00630,15,LOW,High-value invoice; Payment due date reached
INV-2026-00631,0,LOW,
INV-2026-00632,5,LOW,Payment due date reached
INV-2026-00633,15,LOW,High-value invoice; Payment due date reached
INV-2026-00634,5,LOW,Payment due date reached
INV-2026-00635,15,LOW,High-value invoice; Payment due date reached
INV-2026-00636,5,LOW,Payment due date reached
INV-2026-00637,5,LOW,Payment due date reached
INV-2026-00638,0,LOW,
INV-2026-00639,10,LOW,High-value invoice
INV-2026-00640,15,LOW,High-value invoice; Payment due date reached
INV-2026-00641,0,LOW,
INV-2026-00642,15,LOW,High-value invoice; Payment due date reached
INV-2026-00643,5,LOW,Payment due date reached
INV-2026-00644,10,LOW,High-value invoice
INV-2026-00645,0,LOW,
INV-2026-00646,15,LOW,High-value invoice; Payment due date reached
INV-2026-00647,5,LOW,Payment due date reached
INV-2026-00648,60,HIGH,Multiple lenders; Repeated financing record; Payment due date reached
INV-2026-00649,10,LOW,High-value invoice
INV-2026-00650,5,LOW,Payment due date reached
INV-2026-00651,5,LOW,Payment due date reached
INV-2026-00652,10,LOW,High-value invoice
INV-2026-00653,0,LOW,
INV-2026-00654,70,HIGH,Multiple lenders; Repeated financing record; High-value invoice; Payment due date reached
INV-2026-00655,5,LOW,Payment due date reached
INV-2026-00656,55,HIGH,Multiple lenders; Repeated financing record
INV-2026-00657,60,HIGH,Multiple lenders; Repeated financing record; Payment due date reached
INV-2026-00658,10,LOW,High-value invoice
INV-2026-00659,15,LOW,High-value invoice; Payment due date reached
INV-2026-00660,0,LOW,
INV-2026-00661,0,LOW,
INV-2026-00662,60,HIGH,Multiple lenders; Repeated financing record; Payment due date reached
INV-2026-00663,70,HIGH,Multiple lenders; Repeated financing record; High-value invoice; Payment due date reached
INV-2026-00664,10,LOW,High-value invoice
INV-2026-00665,5,LOW,Payment due date reached
INV-2026-00666,5,LOW,Payment due date reached
INV-2026-00667,70,HIGH,Multiple lenders; Repeated financing record; High-value invoice; Payment due date reached
INV-2026-00668,0,LOW,
INV-2026-00669,0,LOW,
INV-2026-00670,5,LOW,Payment due date reached
INV-2026-00671,10,LOW,High-value invoice
INV-2026-00672,10,LOW,High-value invoice
INV-2026-00673,15,LOW,High-value invoice; Payment due date reached
INV-2026-00674,10,LOW,High-value invoice
INV-2026-00675,60,HIGH,Multiple lenders; Repeated financing record; Payment due date reached
INV-2026-00676,5,LOW,Payment due date reached
INV-2026-00677,10,LOW,High-value invoice
INV-2026-00678,0,LOW,
INV-2026-00679,15,LOW,High-value invoice; Payment due date reached
INV-2026-00680,55,HIGH,Multiple lenders; Repeated financing record
INV-2026-00681,55,HIGH,Multiple lenders; Repeated financing record
INV-2026-00682,15,LOW,High-value invoice; Payment due date reached
INV-2026-00683,10,LOW,High-value invoice
INV-2026-00684,0,LOW,
INV-2026-00685,15,LOW,High-value invoice; Payment due date reached
INV-2026-00686,5,LOW,Payment due date reached
INV-2026-00687,0,LOW,
INV-2026-00688,15,LOW,High-value invoice; Payment due date reached
INV-2026-00689,5,LOW,Payment due date reached
INV-2026-00690,15,LOW,High-value invoice; Payment due date reached
INV-2026-00691,15,LOW,High-value invoice; Payment due date reached
INV-2026-00692,15,LOW,High-value invoice; Payment due date reached
INV-2026-00693,60,HIGH,Multiple lenders; Repeated financing record; Payment due date reached
INV-2026-00694,15,LOW,High-value invoice; Payment due date reached
INV-2026-00695,5,LOW,Payment due date reached
INV-2026-00696,10,LOW,High-value invoice
INV-2026-00697,55,HIGH,Multiple lenders; Repeated financing record
INV-2026-00698,0,LOW,
INV-2026-00699,0,LOW,
INV-2026-00700,0,LOW,
INV-2026-00701,15,LOW,High-value invoice; Payment due date reached
INV-2026-00702,10,LOW,High-value invoice
INV-2026-00703,15,LOW,High-value invoice; Payment due date reached
INV-2026-00704,10,LOW,High-value invoice
INV-2026-00705,0,LOW,
INV-2026-00706,0,LOW,
INV-2026-00707,5,LOW,Payment due date reached
INV-2026-00708,10,LOW,High-value invoice
INV-2026-00709,15,LOW,High-value invoice; Payment due date reached
INV-2026-00710,5,LOW,Payment due date reached
INV-2026-00711,10,LOW,High-value invoice
INV-2026-00712,65,HIGH,Multiple lenders; Repeated financing record; High-value invoice
INV-2026-00713,5,LOW,Payment due date reached
INV-2026-00714,5,LOW,Payment due date reached
INV-2026-00715,15,LOW,High-value invoice; Payment due date reached
INV-2026-00716,0,LOW,
INV-2026-00717,5,LOW,Payment due date reached
INV-2026-00718,5,LOW,Payment due date reached
INV-2026-00719,55,HIGH,Multiple lenders; Repeated financing record
INV-2026-00720,5,LOW,Payment due date reached
INV-2026-00721,15,LOW,High-value invoice; Payment due date reached
INV-2026-00722,5,LOW,Payment due date reached
INV-2026-00723,5,LOW,Payment due date reached
INV-2026-00724,5,LOW,Payment due date reached
INV-2026-00725,0,LOW,
INV-2026-00726,5,LOW,Payment due date reached
INV-2026-00727,0,LOW,
INV-2026-00728,10,LOW,High-value invoice
INV-2026-00729,0,LOW,
INV-2026-00730,5,LOW,Payment due date reached
INV-2026-00731,5,LOW,Payment due date reached
INV-2026-00732,5,LOW,Payment due date reached
INV-2026-00733,0,LOW,
INV-2026-00734,5,LOW,Payment due date reached
INV-2026-00735,15,LOW,High-value invoice; Payment due date reached
INV-2026-00736,70,HIGH,Multiple lenders; Repeated financing record; High-value invoice; Payment due date reached
INV-2026-00737,15,LOW,High-value invoice; Payment due date reached
INV-2026-00738,5,LOW,Payment due date reached
INV-2026-00739,60,HIGH,Multiple lenders; Repeated financing record; Payment due date reached
INV-2026-00740,5,LOW,Payment due date reached
INV-2026-00741,5,LOW,Payment due date reached
INV-2026-00742,5,LOW,Payment due date reached
INV-2026-00743,60,HIGH,Multiple lenders; Repeated financing record; Payment due date reached
INV-2026-00744,15,LOW,High-value invoice; Payment due date reached
INV-2026-00745,10,LOW,High-value invoice
INV-2026-00746,5,LOW,Payment due date reached
INV-2026-00747,15,LOW,High-value invoice; Payment due date reached
INV-2026-00748,70,HIGH,Multiple lenders; Repeated financing record; High-value invoice; Payment due date reached
INV-2026-00749,15,LOW,High-value invoice; Payment due date reached
INV-2026-00750,10,LOW,High-value invoice
INV-2026-00751,0,LOW,
INV-2026-00752,10,LOW,High-value invoice
INV-2026-00753,70,HIGH,Multiple lenders; Repeated financing record; High-value invoice; Payment due date reached
INV-2026-00754,55,HIGH,Multiple lenders; Repeated financing record
INV-2026-00755,60,HIGH,Multiple lenders; Repeated financing record; Payment due date reached
INV-2026-00756,60,HIGH,Multiple lenders; Repeated financing record; Payment due date reached
INV-2026-00757,15,LOW,High-value invoice; Payment due date reached
INV-2026-00758,5,LOW,Payment due date reached
INV-2026-00759,5,LOW,Payment due date reached
INV-2026-00760,65,HIGH,Multiple lenders; Repeated financing record; High-value invoice
INV-2026-00761,10,LOW,High-value invoice
INV-2026-00762,0,LOW,
INV-2026-00763,0,LOW,
INV-2026-00764,0,LOW,
INV-2026-00765,10,LOW,High-value invoice
INV-2026-00766,5,LOW,Payment due date reached
INV-2026-00767,0,LOW,
INV-2026-00768,0,LOW,
INV-2026-00769,5,LOW,Payment due date reached
INV-2026-00770,0,LOW,
INV-2026-00771,0,LOW,
INV-2026-00772,5,LOW,Payment due date reached
INV-2026-00773,0,LOW,
INV-2026-00774,65,HIGH,Multiple lenders; Repeated financing record; High-value invoice
INV-2026-00775,55,HIGH,Multiple lenders; Repeated financing record
INV-2026-00776,0,LOW,
INV-2026-00777,15,LOW,High-value invoice; Payment due date reached
INV-2026-00778,10,LOW,High-value invoice
INV-2026-00779,5,LOW,Payment due date reached
INV-2026-00780,0,LOW,
INV-2026-00781,10,LOW,High-value invoice
INV-2026-00782,0,LOW,
INV-2026-00783,0,LOW,
INV-2026-00784,0,LOW,
INV-2026-00785,15,LOW,High-value invoice; Payment due date reached
INV-2026-00786,5,LOW,Payment due date reached
INV-2026-00787,55,HIGH,Multiple lenders; Repeated financing record
INV-2026-00788,10,LOW,High-value invoice
INV-2026-00789,60,HIGH,Multiple lenders; Repeated financing record; Payment due date reached
INV-2026-00790,5,LOW,Payment due date reached
INV-2026-00791,5,LOW,Payment due date reached
INV-2026-00792,0,LOW,
INV-2026-00793,5,LOW,Payment due date reached
INV-2026-00794,5,LOW,Payment due date reached
INV-2026-00795,5,LOW,Payment due date reached
INV-2026-00796,5,LOW,Payment due date reached
INV-2026-00797,5,LOW,Payment due date reached
INV-2026-00798,15,LOW,High-value invoice; Payment due date reached
INV-2026-00799,0,LOW,
INV-2026-00800,5,LOW,Payment due date reached
INV-2026-00801,10,LOW,High-value invoice
INV-2026-00802,5,LOW,Payment due date reached
INV-2026-00803,15,LOW,High-value invoice; Payment due date reached
INV-2026-00804,10,LOW,High-value invoice
INV-2026-00805,15,LOW,High-value invoice; Payment due date reached
INV-2026-00806,5,LOW,Payment due date reached
INV-2026-00807,15,LOW,High-value invoice; Payment due date reached
INV-2026-00808,15,LOW,High-value invoice; Payment due date reached
INV-2026-00809,0,LOW,
INV-2026-00810,75,HIGH,Multiple lenders; Repeated financing record; Multiple delivery-proof records
INV-2026-00811,5,LOW,Payment due date reached
INV-2026-00812,5,LOW,Payment due date reached
INV-2026-00813,0,LOW,
INV-2026-00814,10,LOW,High-value invoice
INV-2026-00815,15,LOW,High-value invoice; Payment due date reached
INV-2026-00816,0,LOW,
INV-2026-00817,0,LOW,
INV-2026-00818,0,LOW,
INV-2026-00819,60,HIGH,Multiple lenders; Repeated financing record; Payment due date reached
INV-2026-00820,15,LOW,High-value invoice; Payment due date reached
INV-2026-00821,0,LOW,
INV-2026-00822,10,LOW,High-value invoice
INV-2026-00823,0,LOW,
INV-2026-00824,10,LOW,High-value invoice
INV-2026-00825,10,LOW,High-value invoice
INV-2026-00826,5,LOW,Payment due date reached
INV-2026-00827,10,LOW,High-value invoice
INV-2026-00828,10,LOW,High-value invoice
INV-2026-00829,5,LOW,Payment due date reached
INV-2026-00830,60,HIGH,Multiple lenders; Repeated financing record; Payment due date reached
INV-2026-00831,5,LOW,Payment due date reached
INV-2026-00832,10,LOW,High-value invoice
INV-2026-00833,10,LOW,High-value invoice
INV-2026-00834,5,LOW,Payment due date reached
INV-2026-00835,65,HIGH,Multiple lenders; Repeated financing record; High-value invoice
INV-2026-00836,5,LOW,Payment due date reached
INV-2026-00837,55,HIGH,Multiple lenders; Repeated financing record
INV-2026-00838,0,LOW,
INV-2026-00839,10,LOW,High-value invoice
INV-2026-00840,5,LOW,Payment due date reached
INV-2026-00841,0,LOW,
INV-2026-00842,55,HIGH,Multiple lenders; Repeated financing record
INV-2026-00843,5,LOW,Payment due date reached
INV-2026-00844,0,LOW,
INV-2026-00845,15,LOW,High-value invoice; Payment due date reached
INV-2026-00846,0,LOW,
INV-2026-00847,0,LOW,
INV-2026-00848,0,LOW,
INV-2026-00849,5,LOW,Payment due date reached
INV-2026-00850,5,LOW,Payment due date reached
INV-2026-00851,0,LOW,
INV-2026-00852,15,LOW,High-value invoice; Payment due date reached
INV-2026-00853,10,LOW,High-value invoice
INV-2026-00854,0,LOW,
INV-2026-00855,0,LOW,
INV-2026-00856,55,HIGH,Multiple lenders; Repeated financing record
INV-2026-00857,5,LOW,Payment due date reached
INV-2026-00858,10,LOW,High-value invoice
INV-2026-00859,15,LOW,High-value invoice; Payment due date reached
INV-2026-00860,10,LOW,High-value invoice
INV-2026-00861,0,LOW,
INV-2026-00862,15,LOW,High-value invoice; Payment due date reached
INV-2026-00863,5,LOW,Payment due date reached
INV-2026-00864,0,LOW,
INV-2026-00865,15,LOW,High-value invoice; Payment due date reached
INV-2026-00866,0,LOW,
INV-2026-00867,65,HIGH,Multiple lenders; Repeated financing record; High-value invoice
INV-2026-00868,5,LOW,Payment due date reached
INV-2026-00869,5,LOW,Payment due date reached
INV-2026-00870,15,LOW,High-value invoice; Payment due date reached
INV-2026-00871,10,LOW,High-value invoice
INV-2026-00872,0,LOW,
INV-2026-00873,5,LOW,Payment due date reached
INV-2026-00874,5,LOW,Payment due date reached
INV-2026-00875,5,LOW,Payment due date reached
INV-2026-00876,15,LOW,High-value invoice; Payment due date reached
INV-2026-00877,15,LOW,High-value invoice; Payment due date reached
INV-2026-00878,15,LOW,High-value invoice; Payment due date reached
INV-2026-00879,10,LOW,High-value invoice
INV-2026-00880,0,LOW,
INV-2026-00881,5,LOW,Payment due date reached
INV-2026-00882,15,LOW,High-value invoice; Payment due date reached
INV-2026-00883,0,LOW,
INV-2026-00884,15,LOW,High-value invoice; Payment due date reached
INV-2026-00885,0,LOW,
INV-2026-00886,0,LOW,
INV-2026-00887,5,LOW,Payment due date reached
INV-2026-00888,5,LOW,Payment due date reached
INV-2026-00889,0,LOW,
INV-2026-00890,10,LOW,High-value invoice
INV-2026-00891,0,LOW,
INV-2026-00892,80,HIGH,Multiple lenders; Repeated financing record; Multiple delivery-proof records; Payment due date reached
INV-2026-00893,5,LOW,Payment due date reached
INV-2026-00894,0,LOW,
INV-2026-00895,60,HIGH,Multiple lenders; Repeated financing record; Payment due date reached
INV-2026-00896,10,LOW,High-value invoice
INV-2026-00897,15,LOW,High-value invoice; Payment due date reached
INV-2026-00898,5,LOW,Payment due date reached
INV-2026-00899,10,LOW,High-value invoice
INV-2026-00900,5,LOW,Payment due date reached
INV-2026-00901,10,LOW,High-value invoice
INV-2026-00902,0,LOW,
INV-2026-00903,5,LOW,Payment due date reached
INV-2026-00904,70,HIGH,Multiple lenders; Repeated financing record; High-value invoice; Payment due date reached
INV-2026-00905,10,LOW,High-value invoice
INV-2026-00906,5,LOW,Payment due date reached
INV-2026-00907,0,LOW,
INV-2026-00908,10,LOW,High-value invoice
INV-2026-00909,5,LOW,Payment due date reached
INV-2026-00910,0,LOW,
INV-2026-00911,10,LOW,High-value invoice
INV-2026-00912,60,HIGH,Multiple lenders; Repeated financing record; Payment due date reached
INV-2026-00913,5,LOW,Payment due date reached
INV-2026-00914,5,LOW,Payment due date reached
INV-2026-00915,0,LOW,
INV-2026-00916,15,LOW,High-value invoice; Payment due date reached
INV-2026-00917,0,LOW,
INV-2026-00918,10,LOW,High-value invoice
INV-2026-00919,5,LOW,Payment due date reached
INV-2026-00920,5,LOW,Payment due date reached
INV-2026-00921,0,LOW,
INV-2026-00922,0,LOW,
INV-2026-00923,0,LOW,
INV-2026-00924,0,LOW,
INV-2026-00925,15,LOW,High-value invoice; Payment due date reached
INV-2026-00926,55,HIGH,Multiple lenders; Repeated financing record
INV-2026-00927,0,LOW,
INV-2026-00928,15,LOW,High-value invoice; Payment due date reached
INV-2026-00929,70,HIGH,Multiple lenders; Repeated financing record; High-value invoice; Payment due date reached
INV-2026-00930,0,LOW,
INV-2026-00931,0,LOW,
INV-2026-00932,55,HIGH,Multiple lenders; Repeated financing record
INV-2026-00933,0,LOW,
INV-2026-00934,15,LOW,High-value invoice; Payment due date reached
INV-2026-00935,5,LOW,Payment due date reached
INV-2026-00936,15,LOW,High-value invoice; Payment due date reached
INV-2026-00937,5,LOW,Payment due date reached
INV-2026-00938,5,LOW,Payment due date reached
INV-2026-00939,10,LOW,High-value invoice
INV-2026-00940,15,LOW,High-value invoice; Payment due date reached
INV-2026-00941,15,LOW,High-value invoice; Payment due date reached
INV-2026-00942,0,LOW,
INV-2026-00943,60,HIGH,Multiple lenders; Repeated financing record; Payment due date reached
INV-2026-00944,5,LOW,Payment due date reached
INV-2026-00945,55,HIGH,Multiple lenders; Repeated financing record
INV-2026-00946,15,LOW,High-value invoice; Payment due date reached
INV-2026-00947,15,LOW,High-value invoice; Payment due date reached
INV-2026-00948,5,LOW,Payment due date reached
INV-2026-00949,10,LOW,High-value invoice
INV-2026-00950,0,LOW,
INV-2026-00951,85,HIGH,Multiple lenders; Repeated financing record; Multiple delivery-proof records; High-value invoice
INV-2026-00952,5,LOW,Payment due date reached
INV-2026-00953,10,LOW,High-value invoice
INV-2026-00954,5,LOW,Payment due date reached
INV-2026-00955,0,LOW,
INV-2026-00956,10,LOW,High-value invoice
INV-2026-00957,10,LOW,High-value invoice
INV-2026-00958,5,LOW,Payment due date reached
INV-2026-00959,60,HIGH,Multiple lenders; Repeated financing record; Payment due date reached
INV-2026-00960,15,LOW,High-value invoice; Payment due date reached
INV-2026-00961,5,LOW,Payment due date reached
INV-2026-00962,0,LOW,
INV-2026-00963,0,LOW,
INV-2026-00964,0,LOW,
INV-2026-00965,55,HIGH,Multiple lenders; Repeated financing record
INV-2026-00966,0,LOW,
INV-2026-00967,0,LOW,
INV-2026-00968,0,LOW,
INV-2026-00969,15,LOW,High-value invoice; Payment due date reached
INV-2026-00970,0,LOW,
INV-2026-00971,0,LOW,
INV-2026-00972,15,LOW,High-value invoice; Payment due date reached
INV-2026-00973,15,LOW,High-value invoice; Payment due date reached
INV-2026-00974,10,LOW,High-value invoice
INV-2026-00975,15,LOW,High-value invoice; Payment due date reached
INV-2026-00976,5,LOW,Payment due date reached
INV-2026-00977,0,LOW,
INV-2026-00978,0,LOW,
INV-2026-00979,60,HIGH,Multiple lenders; Repeated financing record; Payment due date reached
INV-2026-00980,0,LOW,
INV-2026-00981,5,LOW,Payment due date reached
INV-2026-00982,55,HIGH,Multiple lenders; Repeated financing record
INV-2026-00983,5,LOW,Payment due date reached
INV-2026-00984,55,HIGH,Multiple lenders; Repeated financing record
INV-2026-00985,10,LOW,High-value invoice
INV-2026-00986,55,HIGH,Multiple lenders; Repeated financing record
INV-2026-00987,0,LOW,
INV-2026-00988,0,LOW,
INV-2026-00989,5,LOW,Payment due date reached
INV-2026-00990,0,LOW,
INV-2026-00991,55,HIGH,Multiple lenders; Repeated financing record
INV-2026-00992,10,LOW,High-value invoice
INV-2026-00993,10,LOW,High-value invoice
INV-2026-00994,65,HIGH,Multiple lenders; Repeated financing record; High-value invoice
INV-2026-00995,5,LOW,Payment due date reached
INV-2026-00996,10,LOW,High-value invoice
INV-2026-00997,5,LOW,Payment due date reached
INV-2026-00998,75,HIGH,Multiple lenders; Repeated financing record; Multiple delivery-proof records
INV-2026-00999,10,LOW,High-value invoice
INV-2026-01000,10,LOW,High-value invoice
INV-2026-01001,55,HIGH,Multiple lenders; Repeated financing record
INV-2026-01002,0,LOW,
INV-2026-01003,5,LOW,Payment due date reached
INV-2026-01004,0,LOW,
INV-2026-01005,15,LOW,High-value invoice; Payment due date reached
INV-2026-01006,15,LOW,High-value invoice; Payment due date reached
INV-2026-01007,0,LOW,
INV-2026-01008,5,LOW,Payment due date reached
INV-2026-01009,5,LOW,Payment due date reached
INV-2026-01010,5,LOW,Payment due date reached
INV-2026-01011,10,LOW,High-value invoice
INV-2026-01012,0,LOW,
INV-2026-01013,5,LOW,Payment due date reached
INV-2026-01014,5,LOW,Payment due date reached
INV-2026-01015,10,LOW,High-value invoice
INV-2026-01016,60,HIGH,Multiple lenders; Repeated financing record; Payment due date reached
INV-2026-01017,15,LOW,High-value invoice; Payment due date reached
INV-2026-01018,5,LOW,Payment due date reached
INV-2026-01019,10,LOW,High-value invoice
INV-2026-01020,10,LOW,High-value invoice
INV-2026-01021,0,LOW,
INV-2026-01022,5,LOW,Payment due date reached
INV-2026-01023,5,LOW,Payment due date reached
INV-2026-01024,5,LOW,Payment due date reached
INV-2026-01025,0,LOW,
INV-2026-01026,10,LOW,High-value invoice
INV-2026-01027,70,HIGH,Multiple lenders; Repeated financing record; High-value invoice; Payment due date reached
INV-2026-01028,5,LOW,Payment due date reached
INV-2026-01029,5,LOW,Payment due date reached
INV-2026-01030,15,LOW,High-value invoice; Payment due date reached
INV-2026-01031,60,HIGH,Multiple lenders; Repeated financing record; Payment due date reached
INV-2026-01032,15,LOW,High-value invoice; Payment due date reached
INV-2026-01033,60,HIGH,Multiple lenders; Repeated financing record; Payment due date reached
INV-2026-01034,60,HIGH,Multiple lenders; Repeated financing record; Payment due date reached
INV-2026-01035,0,LOW,
INV-2026-01036,10,LOW,High-value invoice
INV-2026-01037,60,HIGH,Multiple lenders; Repeated financing record; Payment due date reached
INV-2026-01038,0,LOW,
INV-2026-01039,5,LOW,Payment due date reached
INV-2026-01040,10,LOW,High-value invoice
INV-2026-01041,0,LOW,
INV-2026-01042,10,LOW,High-value invoice
INV-2026-01043,5,LOW,Payment due date reached
INV-2026-01044,5,LOW,Payment due date reached
INV-2026-01045,0,LOW,
INV-2026-01046,10,LOW,High-value invoice
INV-2026-01047,65,HIGH,Multiple lenders; Repeated financing record; High-value invoice
INV-2026-01048,55,HIGH,Multiple lenders; Repeated financing record
INV-2026-01049,5,LOW,Payment due date reached
INV-2026-01050,15,LOW,High-value invoice; Payment due date reached
INV-2026-01051,0,LOW,
INV-2026-01052,15,LOW,High-value invoice; Payment due date reached
INV-2026-01053,0,LOW,
INV-2026-01054,10,LOW,High-value invoice
INV-2026-01055,0,LOW,
INV-2026-01056,10,LOW,High-value invoice
INV-2026-01057,5,LOW,Payment due date reached
INV-2026-01058,0,LOW,
INV-2026-01059,0,LOW,
INV-2026-01060,10,LOW,High-value invoice
INV-2026-01061,5,LOW,Payment due date reached
INV-2026-01062,15,LOW,High-value invoice; Payment due date reached
INV-2026-01063,15,LOW,High-value invoice; Payment due date reached
INV-2026-01064,15,LOW,High-value invoice; Payment due date reached
INV-2026-01065,70,HIGH,Multiple lenders; Repeated financing record; High-value invoice; Payment due date reached
INV-2026-01066,15,LOW,High-value invoice; Payment due date reached
INV-2026-01067,0,LOW,
INV-2026-01068,10,LOW,High-value invoice
INV-2026-01069,15,LOW,High-value invoice; Payment due date reached
INV-2026-01070,55,HIGH,Multiple lenders; Repeated financing record
INV-2026-01071,0,LOW,
INV-2026-01072,15,LOW,High-value invoice; Payment due date reached
INV-2026-01073,5,LOW,Payment due date reached
INV-2026-01074,5,LOW,Payment due date reached
INV-2026-01075,15,LOW,High-value invoice; Payment due date reached
INV-2026-01076,0,LOW,
INV-2026-01077,10,LOW,High-value invoice
INV-2026-01078,5,LOW,Payment due date reached
INV-2026-01079,10,LOW,High-value invoice
INV-2026-01080,55,HIGH,Multiple lenders; Repeated financing record
INV-2026-01081,15,LOW,High-value invoice; Payment due date reached
INV-2026-01082,5,LOW,Payment due date reached
INV-2026-01083,15,LOW,High-value invoice; Payment due date reached
INV-2026-01084,0,LOW,
INV-2026-01085,10,LOW,High-value invoice
INV-2026-01086,5,LOW,Payment due date reached
INV-2026-01087,5,LOW,Payment due date reached
INV-2026-01088,0,LOW,
INV-2026-01089,10,LOW,High-value invoice
INV-2026-01090,0,LOW,
INV-2026-01091,5,LOW,Payment due date reached
INV-2026-01092,0,LOW,
INV-2026-01093,15,LOW,High-value invoice; Payment due date reached
INV-2026-01094,60,HIGH,Multiple lenders; Repeated financing record; Payment due date reached
INV-2026-01095,5,LOW,Payment due date reached
INV-2026-01096,15,LOW,High-value invoice; Payment due date reached
INV-2026-01097,0,LOW,
INV-2026-01098,5,LOW,Payment due date reached
INV-2026-01099,5,LOW,Payment due date reached
INV-2026-01100,5,LOW,Payment due date reached
INV-2026-01101,0,LOW,
INV-2026-01102,15,LOW,High-value invoice; Payment due date reached
INV-2026-01103,10,LOW,High-value invoice
INV-2026-01104,0,LOW,
INV-2026-01105,0,LOW,
INV-2026-01106,5,LOW,Payment due date reached
INV-2026-01107,5,LOW,Payment due date reached
INV-2026-01108,5,LOW,Payment due date reached
INV-2026-01109,10,LOW,High-value invoice
INV-2026-01110,0,LOW,
INV-2026-01111,65,HIGH,Multiple lenders; Repeated financing record; High-value invoice
INV-2026-01112,10,LOW,High-value invoice
INV-2026-01113,10,LOW,High-value invoice
INV-2026-01114,70,HIGH,Multiple lenders; Repeated financing record; High-value invoice; Payment due date reached
INV-2026-01115,15,LOW,High-value invoice; Payment due date reached
INV-2026-01116,15,LOW,High-value invoice; Payment due date reached
INV-2026-01117,10,LOW,High-value invoice
INV-2026-01118,15,LOW,High-value invoice; Payment due date reached
INV-2026-01119,0,LOW,
INV-2026-01120,15,LOW,High-value invoice; Payment due date reached
INV-2026-01121,5,LOW,Payment due date reached
INV-2026-01122,0,LOW,
INV-2026-01123,15,LOW,High-value invoice; Payment due date reached
INV-2026-01124,0,LOW,
INV-2026-01125,15,LOW,High-value invoice; Payment due date reached
INV-2026-01126,10,LOW,High-value invoice
INV-2026-01127,5,LOW,Payment due date reached
INV-2026-01128,10,LOW,High-value invoice
INV-2026-01129,5,LOW,Payment due date reached
INV-2026-01130,10,LOW,High-value invoice
INV-2026-01131,10,LOW,High-value invoice
INV-2026-01132,5,LOW,Payment due date reached
INV-2026-01133,15,LOW,High-value invoice; Payment due date reached
INV-2026-01134,0,LOW,
INV-2026-01135,10,LOW,High-value invoice
INV-2026-01136,10,LOW,High-value invoice
INV-2026-01137,0,LOW,
INV-2026-01138,15,LOW,High-value invoice; Payment due date reached
INV-2026-01139,15,LOW,High-value invoice; Payment due date reached
INV-2026-01140,90,HIGH,Multiple lenders; Repeated financing record; Multiple delivery-proof records; High-value invoice; Payment due date reached
INV-2026-01141,0,LOW,
INV-2026-01142,0,LOW,
INV-2026-01143,0,LOW,
INV-2026-01144,5,LOW,Payment due date reached
INV-2026-01145,10,LOW,High-value invoice
INV-2026-01146,10,LOW,High-value invoice
INV-2026-01147,0,LOW,
INV-2026-01148,15,LOW,High-value invoice; Payment due date reached
INV-2026-01149,10,LOW,High-value invoice
INV-2026-01150,15,LOW,High-value invoice; Payment due date reached
INV-2026-01151,0,LOW,
INV-2026-01152,5,LOW,Payment due date reached
INV-2026-01153,5,LOW,Payment due date reached
INV-2026-01154,55,HIGH,Multiple lenders; Repeated financing record
INV-2026-01155,0,LOW,
INV-2026-01156,70,HIGH,Multiple lenders; Repeated financing record; High-value invoice; Payment due date reached
INV-2026-01157,10,LOW,High-value invoice
INV-2026-01158,5,LOW,Payment due date reached
INV-2026-01159,15,LOW,High-value invoice; Payment due date reached
INV-2026-01160,15,LOW,High-value invoice; Payment due date reached
INV-2026-01161,15,LOW,High-value invoice; Payment due date reached
INV-2026-01162,70,HIGH,Multiple lenders; Repeated financing record; High-value invoice; Payment due date reached
INV-2026-01163,5,LOW,Payment due date reached
INV-2026-01164,15,LOW,High-value invoice; Payment due date reached
INV-2026-01165,80,HIGH,Multiple lenders; Repeated financing record; Multiple delivery-proof records; Payment due date reached
INV-2026-01166,0,LOW,
INV-2026-01167,60,HIGH,Multiple lenders; Repeated financing record; Payment due date reached
INV-2026-01168,0,LOW,
INV-2026-01169,15,LOW,High-value invoice; Payment due date reached
INV-2026-01170,10,LOW,High-value invoice
INV-2026-01171,5,LOW,Payment due date reached
INV-2026-01172,10,LOW,High-value invoice
INV-2026-01173,15,LOW,High-value invoice; Payment due date reached
INV-2026-01174,0,LOW,
INV-2026-01175,5,LOW,Payment due date reached
INV-2026-01176,60,HIGH,Multiple lenders; Repeated financing record; Payment due date reached
INV-2026-01177,5,LOW,Payment due date reached
INV-2026-01178,65,HIGH,Multiple lenders; Repeated financing record; High-value invoice
INV-2026-01179,60,HIGH,Multiple lenders; Repeated financing record; Payment due date reached
INV-2026-01180,15,LOW,High-value invoice; Payment due date reached
INV-2026-01181,0,LOW,
INV-2026-01182,5,LOW,Payment due date reached
INV-2026-01183,0,LOW,
INV-2026-01184,5,LOW,Payment due date reached
INV-2026-01185,15,LOW,High-value invoice; Payment due date reached
INV-2026-01186,5,LOW,Payment due date reached
INV-2026-01187,55,HIGH,Multiple lenders; Repeated financing record
INV-2026-01188,0,LOW,
INV-2026-01189,70,HIGH,Multiple lenders; Repeated financing record; High-value invoice; Payment due date reached
INV-2026-01190,15,LOW,High-value invoice; Payment due date reached
INV-2026-01191,5,LOW,Payment due date reached
INV-2026-01192,60,HIGH,Multiple lenders; Repeated financing record; Payment due date reached
INV-2026-01193,0,LOW,
INV-2026-01194,15,LOW,High-value invoice; Payment due date reached
INV-2026-01195,5,LOW,Payment due date reached
INV-2026-01196,0,LOW,
INV-2026-01197,0,LOW,
INV-2026-01198,5,LOW,Payment due date reached
INV-2026-01199,10,LOW,High-value invoice
INV-2026-01200,5,LOW,Payment due date reached
INV-2026-01201,75,HIGH,Multiple lenders; Repeated financing record; Multiple delivery-proof records
INV-2026-01202,5,LOW,Payment due date reached
INV-2026-01203,15,LOW,High-value invoice; Payment due date reached
INV-2026-01204,15,LOW,High-value invoice; Payment due date reached
INV-2026-01205,10,LOW,High-value invoice
INV-2026-01206,5,LOW,Payment due date reached
INV-2026-01207,10,LOW,High-value invoice
INV-2026-01208,15,LOW,High-value invoice; Payment due date reached
INV-2026-01209,15,LOW,High-value invoice; Payment due date reached
INV-2026-01210,5,LOW,Payment due date reached
INV-2026-01211,0,LOW,
INV-2026-01212,0,LOW,
INV-2026-01213,15,LOW,High-value invoice; Payment due date reached
INV-2026-01214,5,LOW,Payment due date reached
INV-2026-01215,0,LOW,
INV-2026-01216,70,HIGH,Multiple lenders; Repeated financing record; High-value invoice; Payment due date reached
INV-2026-01217,15,LOW,High-value invoice; Payment due date reached
INV-2026-01218,70,HIGH,Multiple lenders; Repeated financing record; High-value invoice; Payment due date reached
INV-2026-01219,55,HIGH,Multiple lenders; Repeated financing record
INV-2026-01220,0,LOW,
INV-2026-01221,10,LOW,High-value invoice
INV-2026-01222,65,HIGH,Multiple lenders; Repeated financing record; High-value invoice
INV-2026-01223,0,LOW,
INV-2026-01224,5,LOW,Payment due date reached
INV-2026-01225,15,LOW,High-value invoice; Payment due date reached
INV-2026-01226,15,LOW,High-value invoice; Payment due date reached
INV-2026-01227,0,LOW,
INV-2026-01228,65,HIGH,Multiple lenders; Repeated financing record; High-value invoice
INV-2026-01229,60,HIGH,Multiple lenders; Repeated financing record; Payment due date reached
INV-2026-01230,0,LOW,
INV-2026-01231,0,LOW,
INV-2026-01232,0,LOW,
INV-2026-01233,15,LOW,High-value invoice; Payment due date reached
INV-2026-01234,5,LOW,Payment due date reached
INV-2026-01235,10,LOW,High-value invoice
INV-2026-01236,10,LOW,High-value invoice
INV-2026-01237,10,LOW,High-value invoice
INV-2026-01238,0,LOW,
INV-2026-01239,70,HIGH,Multiple lenders; Repeated financing record; High-value invoice; Payment due date reached
INV-2026-01240,15,LOW,High-value invoice; Payment due date reached
INV-2026-01241,15,LOW,High-value invoice; Payment due date reached
INV-2026-01242,15,LOW,High-value invoice; Payment due date reached
INV-2026-01243,0,LOW,
INV-2026-01244,10,LOW,High-value invoice
INV-2026-01245,5,LOW,Payment due date reached
INV-2026-01246,15,LOW,High-value invoice; Payment due date reached
INV-2026-01247,5,LOW,Payment due date reached
INV-2026-01248,10,LOW,High-value invoice
INV-2026-01249,5,LOW,Payment due date reached
INV-2026-01250,5,LOW,Payment due date reached
INV-2026-01251,15,LOW,High-value invoice; Payment due date reached
INV-2026-01252,5,LOW,Payment due date reached
INV-2026-01253,5,LOW,Payment due date reached
INV-2026-01254,55,HIGH,Multiple lenders; Repeated financing record
INV-2026-01255,10,LOW,High-value invoice
INV-2026-01256,15,LOW,High-value invoice; Payment due date reached
INV-2026-01257,55,HIGH,Multiple lenders; Repeated financing record
INV-2026-01258,5,LOW,Payment due date reached
INV-2026-01259,0,LOW,
INV-2026-01260,5,LOW,Payment due date reached
INV-2026-01261,5,LOW,Payment due date reached
INV-2026-01262,0,LOW,
INV-2026-01263,0,LOW,
INV-2026-01264,0,LOW,
INV-2026-01265,10,LOW,High-value invoice
INV-2026-01266,0,LOW,
INV-2026-01267,5,LOW,Payment due date reached
INV-2026-01268,55,HIGH,Multiple lenders; Repeated financing record
INV-2026-01269,0,LOW,
INV-2026-01270,65,HIGH,Multiple lenders; Repeated financing record; High-value invoice
INV-2026-01271,70,HIGH,Multiple lenders; Repeated financing record; High-value invoice; Payment due date reached
INV-2026-01272,0,LOW,
INV-2026-01273,15,LOW,High-value invoice; Payment due date reached
INV-2026-01274,0,LOW,
INV-2026-01275,5,LOW,Payment due date reached
INV-2026-01276,0,LOW,
INV-2026-01277,65,HIGH,Multiple lenders; Repeated financing record; High-value invoice
INV-2026-01278,80,HIGH,Multiple lenders; Repeated financing record; Multiple delivery-proof records; Payment due date reached
INV-2026-01279,15,LOW,High-value invoice; Payment due date reached
INV-2026-01280,5,LOW,Payment due date reached
INV-2026-01281,5,LOW,Payment due date reached
INV-2026-01282,60,HIGH,Multiple lenders; Repeated financing record; Payment due date reached
INV-2026-01283,15,LOW,High-value invoice; Payment due date reached
INV-2026-01284,0,LOW,
INV-2026-01285,10,LOW,High-value invoice
INV-2026-01286,0,LOW,
INV-2026-01287,55,HIGH,Multiple lenders; Repeated financing record
INV-2026-01288,5,LOW,Payment due date reached
INV-2026-01289,5,LOW,Payment due date reached
INV-2026-01290,55,HIGH,Multiple lenders; Repeated financing record
INV-2026-01291,55,HIGH,Multiple lenders; Repeated financing record
INV-2026-01292,5,LOW,Payment due date reached
INV-2026-01293,0,LOW,
INV-2026-01294,0,LOW,
INV-2026-01295,10,LOW,High-value invoice
INV-2026-01296,5,LOW,Payment due date reached
INV-2026-01297,15,LOW,High-value invoice; Payment due date reached
INV-2026-01298,10,LOW,High-value invoice
INV-2026-01299,5,LOW,Payment due date reached
INV-2026-01300,0,LOW,
INV-2026-01301,5,LOW,Payment due date reached
INV-2026-01302,5,LOW,Payment due date reached
INV-2026-01303,15,LOW,High-value invoice; Payment due date reached
INV-2026-01304,10,LOW,High-value invoice
INV-2026-01305,5,LOW,Payment due date reached
INV-2026-01306,10,LOW,High-value invoice
INV-2026-01307,0,LOW,
INV-2026-01308,65,HIGH,Multiple lenders; Repeated financing record; High-value invoice
INV-2026-01309,5,LOW,Payment due date reached
INV-2026-01310,5,LOW,Payment due date reached
INV-2026-01311,10,LOW,High-value invoice
INV-2026-01312,0,LOW,
INV-2026-01313,5,LOW,Payment due date reached
INV-2026-01314,5,LOW,Payment due date reached
INV-2026-01315,60,HIGH,Multiple lenders; Repeated financing record; Payment due date reached
INV-2026-01316,15,LOW,High-value invoice; Payment due date reached
INV-2026-01317,15,LOW,High-value invoice; Payment due date reached
INV-2026-01318,15,LOW,High-value invoice; Payment due date reached
INV-2026-01319,5,LOW,Payment due date reached
INV-2026-01320,60,HIGH,Multiple lenders; Repeated financing record; Payment due date reached
INV-2026-01321,5,LOW,Payment due date reached
INV-2026-01322,65,HIGH,Multiple lenders; Repeated financing record; High-value invoice
INV-2026-01323,15,LOW,High-value invoice; Payment due date reached
INV-2026-01324,10,LOW,High-value invoice
INV-2026-01325,0,LOW,
INV-2026-01326,10,LOW,High-value invoice
INV-2026-01327,60,HIGH,Multiple lenders; Repeated financing record; Payment due date reached
INV-2026-01328,15,LOW,High-value invoice; Payment due date reached
INV-2026-01329,10,LOW,High-value invoice
INV-2026-01330,0,LOW,
INV-2026-01331,5,LOW,Payment due date reached
INV-2026-01332,15,LOW,High-value invoice; Payment due date reached
INV-2026-01333,60,HIGH,Multiple lenders; Repeated financing record; Payment due date reached
INV-2026-01334,10,LOW,High-value invoice
INV-2026-01335,5,LOW,Payment due date reached
INV-2026-01336,0,LOW,
INV-2026-01337,5,LOW,Payment due date reached
INV-2026-01338,15,LOW,High-value invoice; Payment due date reached
INV-2026-01339,0,LOW,
INV-2026-01340,5,LOW,Payment due date reached
INV-2026-01341,5,LOW,Payment due date reached
INV-2026-01342,85,HIGH,Multiple lenders; Repeated financing record; Multiple delivery-proof records; High-value invoice
INV-2026-01343,15,LOW,High-value invoice; Payment due date reached
INV-2026-01344,5,LOW,Payment due date reached
INV-2026-01345,10,LOW,High-value invoice
INV-2026-01346,5,LOW,Payment due date reached
INV-2026-01347,10,LOW,High-value invoice
INV-2026-01348,5,LOW,Payment due date reached
INV-2026-01349,65,HIGH,Multiple lenders; Repeated financing record; High-value invoice
INV-2026-01350,5,LOW,Payment due date reached
INV-2026-01351,15,LOW,High-value invoice; Payment due date reached
INV-2026-01352,5,LOW,Payment due date reached
INV-2026-01353,10,LOW,High-value invoice
INV-2026-01354,5,LOW,Payment due date reached
INV-2026-01355,70,HIGH,Multiple lenders; Repeated financing record; High-value invoice; Payment due date reached
INV-2026-01356,5,LOW,Payment due date reached
INV-2026-01357,5,LOW,Payment due date reached
INV-2026-01358,5,LOW,Payment due date reached
INV-2026-01359,70,HIGH,Multiple lenders; Repeated financing record; High-value invoice; Payment due date reached
INV-2026-01360,10,LOW,High-value invoice
INV-2026-01361,0,LOW,
INV-2026-01362,60,HIGH,Multiple lenders; Repeated financing record; Payment due date reached
INV-2026-01363,5,LOW,Payment due date reached
INV-2026-01364,15,LOW,High-value invoice; Payment due date reached
INV-2026-01365,10,LOW,High-value invoice
INV-2026-01366,15,LOW,High-value invoice; Payment due date reached
INV-2026-01367,0,LOW,
INV-2026-01368,10,LOW,High-value invoice
INV-2026-01369,60,HIGH,Multiple lenders; Repeated financing record; Payment due date reached
INV-2026-01370,15,LOW,High-value invoice; Payment due date reached
INV-2026-01371,70,HIGH,Multiple lenders; Repeated financing record; High-value invoice; Payment due date reached
INV-2026-01372,5,LOW,Payment due date reached
INV-2026-01373,5,LOW,Payment due date reached
INV-2026-01374,0,LOW,
INV-2026-01375,0,LOW,
INV-2026-01376,5,LOW,Payment due date reached
INV-2026-01377,10,LOW,High-value invoice
INV-2026-01378,10,LOW,High-value invoice
INV-2026-01379,5,LOW,Payment due date reached
INV-2026-01380,60,HIGH,Multiple lenders; Repeated financing record; Payment due date reached
INV-2026-01381,5,LOW,Payment due date reached
INV-2026-01382,0,LOW,
INV-2026-01383,10,LOW,High-value invoice
INV-2026-01384,0,LOW,
INV-2026-01385,5,LOW,Payment due date reached
INV-2026-01386,5,LOW,Payment due date reached
INV-2026-01387,10,LOW,High-value invoice
INV-2026-01388,0,LOW,
INV-2026-01389,0,LOW,
INV-2026-01390,0,LOW,
INV-2026-01391,10,LOW,High-value invoice
INV-2026-01392,80,HIGH,Multiple lenders; Repeated financing record; Multiple delivery-proof records; Payment due date reached
INV-2026-01393,5,LOW,Payment due date reached
INV-2026-01394,65,HIGH,Multiple lenders; Repeated financing record; High-value invoice
INV-2026-01395,0,LOW,
INV-2026-01396,5,LOW,Payment due date reached
INV-2026-01397,15,LOW,High-value invoice; Payment due date reached
INV-2026-01398,55,HIGH,Multiple lenders; Repeated financing record
INV-2026-01399,15,LOW,High-value invoice; Payment due date reached
INV-2026-01400,15,LOW,High-value invoice; Payment due date reached
INV-2026-01401,15,LOW,High-value invoice; Payment due date reached
INV-2026-01402,60,HIGH,Multiple lenders; Repeated financing record; Payment due date reached
INV-2026-01403,65,HIGH,Multiple lenders; Repeated financing record; High-value invoice
INV-2026-01404,10,LOW,High-value invoice
INV-2026-01405,15,LOW,High-value invoice; Payment due date reached
INV-2026-01406,0,LOW,
INV-2026-01407,5,LOW,Payment due date reached
INV-2026-01408,5,LOW,Payment due date reached
INV-2026-01409,15,LOW,High-value invoice; Payment due date reached
INV-2026-01410,55,HIGH,Multiple lenders; Repeated financing record
INV-2026-01411,15,LOW,High-value invoice; Payment due date reached
INV-2026-01412,15,LOW,High-value invoice; Payment due date reached
INV-2026-01413,0,LOW,
INV-2026-01414,15,LOW,High-value invoice; Payment due date reached
INV-2026-01415,5,LOW,Payment due date reached
INV-2026-01416,5,LOW,Payment due date reached
INV-2026-01417,70,HIGH,Multiple lenders; Repeated financing record; High-value invoice; Payment due date reached
INV-2026-01418,65,HIGH,Multiple lenders; Repeated financing record; High-value invoice
INV-2026-01419,65,HIGH,Multiple lenders; Repeated financing record; High-value invoice
INV-2026-01420,10,LOW,High-value invoice
INV-2026-01421,0,LOW,
INV-2026-01422,15,LOW,High-value invoice; Payment due date reached
INV-2026-01423,15,LOW,High-value invoice; Payment due date reached
INV-2026-01424,10,LOW,High-value invoice
INV-2026-01425,15,LOW,High-value invoice; Payment due date reached
INV-2026-01426,5,LOW,Payment due date reached
INV-2026-01427,55,HIGH,Multiple lenders; Repeated financing record
INV-2026-01428,15,LOW,High-value invoice; Payment due date reached
INV-2026-01429,5,LOW,Payment due date reached
INV-2026-01430,5,LOW,Payment due date reached
INV-2026-01431,10,LOW,High-value invoice
INV-2026-01432,5,LOW,Payment due date reached
INV-2026-01433,5,LOW,Payment due date reached
INV-2026-01434,15,LOW,High-value invoice; Payment due date reached
INV-2026-01435,5,LOW,Payment due date reached
INV-2026-01436,0,LOW,
INV-2026-01437,5,LOW,Payment due date reached
INV-2026-01438,0,LOW,
INV-2026-01439,60,HIGH,Multiple lenders; Repeated financing record; Payment due date reached
INV-2026-01440,10,LOW,High-value invoice
INV-2026-01441,70,HIGH,Multiple lenders; Repeated financing record; High-value invoice; Payment due date reached
INV-2026-01442,15,LOW,High-value invoice; Payment due date reached
INV-2026-01443,15,LOW,High-value invoice; Payment due date reached
INV-2026-01444,15,LOW,High-value invoice; Payment due date reached
INV-2026-01445,15,LOW,High-value invoice; Payment due date reached
INV-2026-01446,15,LOW,High-value invoice; Payment due date reached
INV-2026-01447,0,LOW,
INV-2026-01448,5,LOW,Payment due date reached
INV-2026-01449,5,LOW,Payment due date reached
INV-2026-01450,10,LOW,High-value invoice
INV-2026-01451,60,HIGH,Multiple lenders; Repeated financing record; Payment due date reached
INV-2026-01452,5,LOW,Payment due date reached
INV-2026-01453,5,LOW,Payment due date reached
INV-2026-01454,0,LOW,
INV-2026-01455,0,LOW,
INV-2026-01456,0,LOW,
INV-2026-01457,0,LOW,
INV-2026-01458,10,LOW,High-value invoice
INV-2026-01459,55,HIGH,Multiple lenders; Repeated financing record
INV-2026-01460,10,LOW,High-value invoice
INV-2026-01461,10,LOW,High-value invoice
INV-2026-01462,5,LOW,Payment due date reached
INV-2026-01463,60,HIGH,Multiple lenders; Repeated financing record; Payment due date reached
INV-2026-01464,65,HIGH,Multiple lenders; Repeated financing record; High-value invoice
INV-2026-01465,15,LOW,High-value invoice; Payment due date reached
INV-2026-01466,15,LOW,High-value invoice; Payment due date reached
INV-2026-01467,10,LOW,High-value invoice
INV-2026-01468,5,LOW,Payment due date reached
INV-2026-01469,0,LOW,
INV-2026-01470,15,LOW,High-value invoice; Payment due date reached
INV-2026-01471,5,LOW,Payment due date reached
INV-2026-01472,70,HIGH,Multiple lenders; Repeated financing record; High-value invoice; Payment due date reached
INV-2026-01473,0,LOW,
INV-2026-01474,0,LOW,
INV-2026-01475,15,LOW,High-value invoice; Payment due date reached
INV-2026-01476,15,LOW,High-value invoice; Payment due date reached
INV-2026-01477,0,LOW,
INV-2026-01478,0,LOW,
INV-2026-01479,5,LOW,Payment due date reached
INV-2026-01480,0,LOW,
INV-2026-01481,5,LOW,Payment due date reached
INV-2026-01482,10,LOW,High-value invoice
INV-2026-01483,15,LOW,High-value invoice; Payment due date reached
INV-2026-01484,5,LOW,Payment due date reached
INV-2026-01485,0,LOW,
INV-2026-01486,5,LOW,Payment due date reached
INV-2026-01487,0,LOW,
INV-2026-01488,0,LOW,
INV-2026-01489,5,LOW,Payment due date reached
INV-2026-01490,10,LOW,High-value invoice
INV-2026-01491,60,HIGH,Multiple lenders; Repeated financing record; Payment due date reached
INV-2026-01492,60,HIGH,Multiple lenders; Repeated financing record; Payment due date reached
INV-2026-01493,0,LOW,
INV-2026-01494,80,HIGH,Multiple lenders; Repeated financing record; Multiple delivery-proof records; Payment due date reached
INV-2026-01495,10,LOW,High-value invoice
INV-2026-01496,5,LOW,Payment due date reached
INV-2026-01497,80,HIGH,Multiple lenders; Repeated financing record; Multiple delivery-proof records; Payment due date reached
INV-2026-01498,5,LOW,Payment due date reached
INV-2026-01499,15,LOW,High-value invoice; Payment due date reached
INV-2026-01500,70,HIGH,Multiple lenders; Repeated financing record; High-value invoice; Payment due date reached
INV-2026-01501,5,LOW,Payment due date reached
INV-2026-01502,5,LOW,Payment due date reached
INV-2026-01503,10,LOW,High-value invoice
INV-2026-01504,10,LOW,High-value invoice
INV-2026-01505,5,LOW,Payment due date reached
INV-2026-01506,5,LOW,Payment due date reached
INV-2026-01507,0,LOW,
INV-2026-01508,5,LOW,Payment due date reached
INV-2026-01509,10,LOW,High-value invoice
INV-2026-01510,5,LOW,Payment due date reached
INV-2026-01511,0,LOW,
INV-2026-01512,5,LOW,Payment due date reached
INV-2026-01513,0,LOW,
INV-2026-01514,65,HIGH,Multiple lenders; Repeated financing record; High-value invoice
INV-2026-01515,10,LOW,High-value invoice
INV-2026-01516,0,LOW,
INV-2026-01517,55,HIGH,Multiple lenders; Repeated financing record
INV-2026-01518,5,LOW,Payment due date reached
INV-2026-01519,10,LOW,High-value invoice
INV-2026-01520,5,LOW,Payment due date reached
INV-2026-01521,5,LOW,Payment due date reached
INV-2026-01522,5,LOW,Payment due date reached
INV-2026-01523,5,LOW,Payment due date reached
INV-2026-01524,0,LOW,
INV-2026-01525,0,LOW,
INV-2026-01526,0,LOW,
INV-2026-01527,5,LOW,Payment due date reached
INV-2026-01528,10,LOW,High-value invoice
INV-2026-01529,5,LOW,Payment due date reached
INV-2026-01530,15,LOW,High-value invoice; Payment due date reached
INV-2026-01531,10,LOW,High-value invoice
INV-2026-01532,15,LOW,High-value invoice; Payment due date reached
INV-2026-01533,10,LOW,High-value invoice
INV-2026-01534,0,LOW,
INV-2026-01535,5,LOW,Payment due date reached
INV-2026-01536,0,LOW,
INV-2026-01537,10,LOW,High-value invoice
INV-2026-01538,15,LOW,High-value invoice; Payment due date reached
INV-2026-01539,10,LOW,High-value invoice
INV-2026-01540,5,LOW,Payment due date reached
INV-2026-01541,10,LOW,High-value invoice
INV-2026-01542,60,HIGH,Multiple lenders; Repeated financing record; Payment due date reached
INV-2026-01543,0,LOW,
INV-2026-01544,10,LOW,High-value invoice
INV-2026-01545,0,LOW,
INV-2026-01546,5,LOW,Payment due date reached
INV-2026-01547,0,LOW,
INV-2026-01548,5,LOW,Payment due date reached
INV-2026-01549,10,LOW,High-value invoice
INV-2026-01550,5,LOW,Payment due date reached
INV-2026-01551,5,LOW,Payment due date reached
INV-2026-01552,5,LOW,Payment due date reached
INV-2026-01553,55,HIGH,Multiple lenders; Repeated financing record
INV-2026-01554,15,LOW,High-value invoice; Payment due date reached
INV-2026-01555,55,HIGH,Multiple lenders; Repeated financing record
INV-2026-01556,15,LOW,High-value invoice; Payment due date reached
INV-2026-01557,0,LOW,
INV-2026-01558,5,LOW,Payment due date reached
INV-2026-01559,15,LOW,High-value invoice; Payment due date reached
INV-2026-01560,65,HIGH,Multiple lenders; Repeated financing record; High-value invoice
INV-2026-01561,15,LOW,High-value invoice; Payment due date reached
INV-2026-01562,15,LOW,High-value invoice; Payment due date reached
INV-2026-01563,0,LOW,
INV-2026-01564,5,LOW,Payment due date reached
INV-2026-01565,15,LOW,High-value invoice; Payment due date reached
INV-2026-01566,5,LOW,Payment due date reached
INV-2026-01567,15,LOW,High-value invoice; Payment due date reached
INV-2026-01568,10,LOW,High-value invoice
INV-2026-01569,5,LOW,Payment due date reached
INV-2026-01570,5,LOW,Payment due date reached
INV-2026-01571,0,LOW,
INV-2026-01572,5,LOW,Payment due date reached
INV-2026-01573,10,LOW,High-value invoice
INV-2026-01574,10,LOW,High-value invoice
INV-2026-01575,0,LOW,
INV-2026-01576,15,LOW,High-value invoice; Payment due date reached
INV-2026-01577,5,LOW,Payment due date reached
INV-2026-01578,10,LOW,High-value invoice
INV-2026-01579,0,LOW,
INV-2026-01580,0,LOW,
INV-2026-01581,5,LOW,Payment due date reached
INV-2026-01582,15,LOW,High-value invoice; Payment due date reached
INV-2026-01583,10,LOW,High-value invoice
INV-2026-01584,10,LOW,High-value invoice
INV-2026-01585,55,HIGH,Multiple lenders; Repeated financing record
INV-2026-01586,0,LOW,
INV-2026-01587,5,LOW,Payment due date reached
INV-2026-01588,65,HIGH,Multiple lenders; Repeated financing record; High-value invoice
INV-2026-01589,65,HIGH,Multiple lenders; Repeated financing record; High-value invoice
INV-2026-01590,5,LOW,Payment due date reached
INV-2026-01591,15,LOW,High-value invoice; Payment due date reached
INV-2026-01592,0,LOW,
INV-2026-01593,65,HIGH,Multiple lenders; Repeated financing record; High-value invoice
INV-2026-01594,10,LOW,High-value invoice
INV-2026-01595,15,LOW,High-value invoice; Payment due date reached
INV-2026-01596,10,LOW,High-value invoice
INV-2026-01597,15,LOW,High-value invoice; Payment due date reached
INV-2026-01598,5,LOW,Payment due date reached
INV-2026-01599,10,LOW,High-value invoice
INV-2026-01600,55,HIGH,Multiple lenders; Repeated financing record
INV-2026-01601,5,LOW,Payment due date reached
INV-2026-01602,5,LOW,Payment due date reached
INV-2026-01603,15,LOW,High-value invoice; Payment due date reached
INV-2026-01604,0,LOW,
INV-2026-01605,15,LOW,High-value invoice; Payment due date reached
INV-2026-01606,10,LOW,High-value invoice
INV-2026-01607,15,LOW,High-value invoice; Payment due date reached
INV-2026-01608,65,HIGH,Multiple lenders; Repeated financing record; High-value invoice
INV-2026-01609,0,LOW,
INV-2026-01610,5,LOW,Payment due date reached
INV-2026-01611,0,LOW,
INV-2026-01612,0,LOW,
INV-2026-01613,10,LOW,High-value invoice
INV-2026-01614,0,LOW,
INV-2026-01615,5,LOW,Payment due date reached
INV-2026-01616,70,HIGH,Multiple lenders; Repeated financing record; High-value invoice; Payment due date reached
INV-2026-01617,0,LOW,
INV-2026-01618,0,LOW,
INV-2026-01619,5,LOW,Payment due date reached
INV-2026-01620,15,LOW,High-value invoice; Payment due date reached
INV-2026-01621,0,LOW,
INV-2026-01622,5,LOW,Payment due date reached
INV-2026-01623,5,LOW,Payment due date reached
INV-2026-01624,15,LOW,High-value invoice; Payment due date reached
INV-2026-01625,60,HIGH,Multiple lenders; Repeated financing record; Payment due date reached
INV-2026-01626,0,LOW,
INV-2026-01627,15,LOW,High-value invoice; Payment due date reached
INV-2026-01628,0,LOW,
INV-2026-01629,5,LOW,Payment due date reached
INV-2026-01630,0,LOW,
INV-2026-01631,65,HIGH,Multiple lenders; Repeated financing record; High-value invoice
INV-2026-01632,0,LOW,
INV-2026-01633,5,LOW,Payment due date reached
INV-2026-01634,5,LOW,Payment due date reached
INV-2026-01635,0,LOW,
INV-2026-01636,10,LOW,High-value invoice
INV-2026-01637,15,LOW,High-value invoice; Payment due date reached
INV-2026-01638,5,LOW,Payment due date reached
INV-2026-01639,0,LOW,
INV-2026-01640,55,HIGH,Multiple lenders; Repeated financing record
INV-2026-01641,55,HIGH,Multiple lenders; Repeated financing record
INV-2026-01642,55,HIGH,Multiple lenders; Repeated financing record
INV-2026-01643,10,LOW,High-value invoice
INV-2026-01644,0,LOW,
INV-2026-01645,70,HIGH,Multiple lenders; Repeated financing record; High-value invoice; Payment due date reached
INV-2026-01646,10,LOW,High-value invoice
INV-2026-01647,0,LOW,
INV-2026-01648,5,LOW,Payment due date reached
INV-2026-01649,5,LOW,Payment due date reached
INV-2026-01650,15,LOW,High-value invoice; Payment due date reached
INV-2026-01651,5,LOW,Payment due date reached
INV-2026-01652,0,LOW,
INV-2026-01653,0,LOW,
INV-2026-01654,15,LOW,High-value invoice; Payment due date reached
INV-2026-01655,15,LOW,High-value invoice; Payment due date reached
INV-2026-01656,15,LOW,High-value invoice; Payment due date reached
INV-2026-01657,60,HIGH,Multiple lenders; Repeated financing record; Payment due date reached
INV-2026-01658,55,HIGH,Multiple lenders; Repeated financing record
INV-2026-01659,5,LOW,Payment due date reached
INV-2026-01660,0,LOW,
INV-2026-01661,5,LOW,Payment due date reached
INV-2026-01662,0,LOW,
INV-2026-01663,15,LOW,High-value invoice; Payment due date reached
INV-2026-01664,15,LOW,High-value invoice; Payment due date reached
INV-2026-01665,0,LOW,
INV-2026-01666,5,LOW,Payment due date reached
INV-2026-01667,5,LOW,Payment due date reached
INV-2026-01668,5,LOW,Payment due date reached
INV-2026-01669,10,LOW,High-value invoice
INV-2026-01670,10,LOW,High-value invoice
INV-2026-01671,5,LOW,Payment due date reached
INV-2026-01672,15,LOW,High-value invoice; Payment due date reached
INV-2026-01673,5,LOW,Payment due date reached
INV-2026-01674,5,LOW,Payment due date reached
INV-2026-01675,70,HIGH,Multiple lenders; Repeated financing record; High-value invoice; Payment due date reached
INV-2026-01676,5,LOW,Payment due date reached
INV-2026-01677,15,LOW,High-value invoice; Payment due date reached
INV-2026-01678,10,LOW,High-value invoice
INV-2026-01679,0,LOW,
INV-2026-01680,10,LOW,High-value invoice
INV-2026-01681,5,LOW,Payment due date reached
INV-2026-01682,15,LOW,High-value invoice; Payment due date reached
INV-2026-01683,5,LOW,Payment due date reached
INV-2026-01684,0,LOW,
INV-2026-01685,0,LOW,
INV-2026-01686,15,LOW,High-value invoice; Payment due date reached
INV-2026-01687,10,LOW,High-value invoice
INV-2026-01688,15,LOW,High-value invoice; Payment due date reached
INV-2026-01689,10,LOW,High-value invoice
INV-2026-01690,60,HIGH,Multiple lenders; Repeated financing record; Payment due date reached
INV-2026-01691,5,LOW,Payment due date reached
INV-2026-01692,0,LOW,
INV-2026-01693,0,LOW,
INV-2026-01694,5,LOW,Payment due date reached
INV-2026-01695,0,LOW,
INV-2026-01696,15,LOW,High-value invoice; Payment due date reached
INV-2026-01697,0,LOW,
INV-2026-01698,15,LOW,High-value invoice; Payment due date reached
INV-2026-01699,65,HIGH,Multiple lenders; Repeated financing record; High-value invoice
INV-2026-01700,15,LOW,High-value invoice; Payment due date reached
INV-2026-01701,5,LOW,Payment due date reached
INV-2026-01702,10,LOW,High-value invoice
INV-2026-01703,65,HIGH,Multiple lenders; Repeated financing record; High-value invoice
INV-2026-01704,0,LOW,
INV-2026-01705,0,LOW,
INV-2026-01706,5,LOW,Payment due date reached
INV-2026-01707,15,LOW,High-value invoice; Payment due date reached
INV-2026-01708,0,LOW,
INV-2026-01709,10,LOW,High-value invoice
INV-2026-01710,10,LOW,High-value invoice
INV-2026-01711,10,LOW,High-value invoice
INV-2026-01712,5,LOW,Payment due date reached
INV-2026-01713,5,LOW,Payment due date reached
INV-2026-01714,0,LOW,
INV-2026-01715,5,LOW,Payment due date reached
INV-2026-01716,75,HIGH,Multiple lenders; Repeated financing record; Multiple delivery-proof records
INV-2026-01717,5,LOW,Payment due date reached
INV-2026-01718,0,LOW,
INV-2026-01719,0,LOW,
INV-2026-01720,70,HIGH,Multiple lenders; Repeated financing record; High-value invoice; Payment due date reached
INV-2026-01721,5,LOW,Payment due date reached
INV-2026-01722,10,LOW,High-value invoice
INV-2026-01723,0,LOW,
INV-2026-01724,0,LOW,
INV-2026-01725,5,LOW,Payment due date reached
INV-2026-01726,15,LOW,High-value invoice; Payment due date reached
INV-2026-01727,60,HIGH,Multiple lenders; Repeated financing record; Payment due date reached
INV-2026-01728,5,LOW,Payment due date reached
INV-2026-01729,0,LOW,
INV-2026-01730,5,LOW,Payment due date reached
INV-2026-01731,15,LOW,High-value invoice; Payment due date reached
INV-2026-01732,15,LOW,High-value invoice; Payment due date reached
INV-2026-01733,10,LOW,High-value invoice
INV-2026-01734,15,LOW,High-value invoice; Payment due date reached
INV-2026-01735,5,LOW,Payment due date reached
INV-2026-01736,0,LOW,
INV-2026-01737,10,LOW,High-value invoice
INV-2026-01738,10,LOW,High-value invoice
INV-2026-01739,0,LOW,
INV-2026-01740,0,LOW,
INV-2026-01741,5,LOW,Payment due date reached
INV-2026-01742,5,LOW,Payment due date reached
INV-2026-01743,5,LOW,Payment due date reached
INV-2026-01744,10,LOW,High-value invoice
INV-2026-01745,55,HIGH,Multiple lenders; Repeated financing record
INV-2026-01746,60,HIGH,Multiple lenders; Repeated financing record; Payment due date reached
INV-2026-01747,5,LOW,Payment due date reached
INV-2026-01748,0,LOW,
INV-2026-01749,0,LOW,
INV-2026-01750,15,LOW,High-value invoice; Payment due date reached
INV-2026-01751,10,LOW,High-value invoice
INV-2026-01752,5,LOW,Payment due date reached
INV-2026-01753,0,LOW,
INV-2026-01754,15,LOW,High-value invoice; Payment due date reached
INV-2026-01755,10,LOW,High-value invoice
INV-2026-01756,0,LOW,
INV-2026-01757,10,LOW,High-value invoice
INV-2026-01758,0,LOW,
INV-2026-01759,5,LOW,Payment due date reached
INV-2026-01760,70,HIGH,Multiple lenders; Repeated financing record; High-value invoice; Payment due date reached
INV-2026-01761,0,LOW,
INV-2026-01762,70,HIGH,Multiple lenders; Repeated financing record; High-value invoice; Payment due date reached
INV-2026-01763,15,LOW,High-value invoice; Payment due date reached
INV-2026-01764,15,LOW,High-value invoice; Payment due date reached
INV-2026-01765,5,LOW,Payment due date reached
INV-2026-01766,0,LOW,
INV-2026-01767,5,LOW,Payment due date reached
INV-2026-01768,5,LOW,Payment due date reached
INV-2026-01769,0,LOW,
INV-2026-01770,10,LOW,High-value invoice
INV-2026-01771,5,LOW,Payment due date reached
INV-2026-01772,0,LOW,
INV-2026-01773,5,LOW,Payment due date reached
INV-2026-01774,0,LOW,
INV-2026-01775,15,LOW,High-value invoice; Payment due date reached
INV-2026-01776,5,LOW,Payment due date reached
INV-2026-01777,0,LOW,
INV-2026-01778,0,LOW,
INV-2026-01779,65,HIGH,Multiple lenders; Repeated financing record; High-value invoice
INV-2026-01780,0,LOW,
INV-2026-01781,5,LOW,Payment due date reached
INV-2026-01782,5,LOW,Payment due date reached
INV-2026-01783,10,LOW,High-value invoice
INV-2026-01784,10,LOW,High-value invoice
INV-2026-01785,15,LOW,High-value invoice; Payment due date reached
INV-2026-01786,15,LOW,High-value invoice; Payment due date reached
INV-2026-01787,5,LOW,Payment due date reached
INV-2026-01788,5,LOW,Payment due date reached
INV-2026-01789,5,LOW,Payment due date reached
INV-2026-01790,5,LOW,Payment due date reached
INV-2026-01791,10,LOW,High-value invoice
INV-2026-01792,0,LOW,
INV-2026-01793,0,LOW,
INV-2026-01794,0,LOW,
INV-2026-01795,10,LOW,High-value invoice
INV-2026-01796,55,HIGH,Multiple lenders; Repeated financing record
INV-2026-01797,65,HIGH,Multiple lenders; Repeated financing record; High-value invoice
INV-2026-01798,75,HIGH,Multiple lenders; Repeated financing record; Multiple delivery-proof records
INV-2026-01799,70,HIGH,Multiple lenders; Repeated financing record; High-value invoice; Payment due date reached
INV-2026-01800,0,LOW,
INV-2026-01801,5,LOW,Payment due date reached
INV-2026-01802,5,LOW,Payment due date reached
INV-2026-01803,65,HIGH,Multiple lenders; Repeated financing record; High-value invoice
INV-2026-01804,15,LOW,High-value invoice; Payment due date reached
INV-2026-01805,10,LOW,High-value invoice
INV-2026-01806,15,LOW,High-value invoice; Payment due date reached
INV-2026-01807,70,HIGH,Multiple lenders; Repeated financing record; High-value invoice; Payment due date reached
INV-2026-01808,0,LOW,
INV-2026-01809,0,LOW,
INV-2026-01810,5,LOW,Payment due date reached
INV-2026-01811,15,LOW,High-value invoice; Payment due date reached
INV-2026-01812,0,LOW,
INV-2026-01813,5,LOW,Payment due date reached
INV-2026-01814,10,LOW,High-value invoice
INV-2026-01815,15,LOW,High-value invoice; Payment due date reached
INV-2026-01816,55,HIGH,Multiple lenders; Repeated financing record
INV-2026-01817,5,LOW,Payment due date reached
INV-2026-01818,15,LOW,High-value invoice; Payment due date reached
INV-2026-01819,70,HIGH,Multiple lenders; Repeated financing record; High-value invoice; Payment due date reached
INV-2026-01820,15,LOW,High-value invoice; Payment due date reached
INV-2026-01821,10,LOW,High-value invoice
INV-2026-01822,80,HIGH,Multiple lenders; Repeated financing record; Multiple delivery-proof records; Payment due date reached
INV-2026-01823,15,LOW,High-value invoice; Payment due date reached
INV-2026-01824,70,HIGH,Multiple lenders; Repeated financing record; High-value invoice; Payment due date reached
INV-2026-01825,60,HIGH,Multiple lenders; Repeated financing record; Payment due date reached
INV-2026-01826,65,HIGH,Multiple lenders; Repeated financing record; High-value invoice
INV-2026-01827,65,HIGH,Multiple lenders; Repeated financing record; High-value invoice
INV-2026-01828,10,LOW,High-value invoice
INV-2026-01829,10,LOW,High-value invoice
INV-2026-01830,10,LOW,High-value invoice
INV-2026-01831,15,LOW,High-value invoice; Payment due date reached
INV-2026-01832,0,LOW,
INV-2026-01833,0,LOW,
INV-2026-01834,5,LOW,Payment due date reached
INV-2026-01835,0,LOW,
INV-2026-01836,5,LOW,Payment due date reached
INV-2026-01837,0,LOW,
INV-2026-01838,0,LOW,
INV-2026-01839,5,LOW,Payment due date reached
INV-2026-01840,65,HIGH,Multiple lenders; Repeated financing record; High-value invoice
INV-2026-01841,10,LOW,High-value invoice
INV-2026-01842,5,LOW,Payment due date reached
INV-2026-01843,5,LOW,Payment due date reached
INV-2026-01844,10,LOW,High-value invoice
INV-2026-01845,10,LOW,High-value invoice
INV-2026-01846,0,LOW,
INV-2026-01847,15,LOW,High-value invoice; Payment due date reached
INV-2026-01848,10,LOW,High-value invoice
INV-2026-01849,0,LOW,
INV-2026-01850,10,LOW,High-value invoice
INV-2026-01851,5,LOW,Payment due date reached
INV-2026-01852,0,LOW,
INV-2026-01853,10,LOW,High-value invoice
INV-2026-01854,5,LOW,Payment due date reached
INV-2026-01855,60,HIGH,Multiple lenders; Repeated financing record; Payment due date reached
INV-2026-01856,65,HIGH,Multiple lenders; Repeated financing record; High-value invoice
INV-2026-01857,0,LOW,
INV-2026-01858,15,LOW,High-value invoice; Payment due date reached
INV-2026-01859,5,LOW,Payment due date reached
INV-2026-01860,5,LOW,Payment due date reached
INV-2026-01861,55,HIGH,Multiple lenders; Repeated financing record
INV-2026-01862,15,LOW,High-value invoice; Payment due date reached
INV-2026-01863,15,LOW,High-value invoice; Payment due date reached
INV-2026-01864,5,LOW,Payment due date reached
INV-2026-01865,5,LOW,Payment due date reached
INV-2026-01866,0,LOW,
INV-2026-01867,10,LOW,High-value invoice
INV-2026-01868,10,LOW,High-value invoice
INV-2026-01869,65,HIGH,Multiple lenders; Repeated financing record; High-value invoice
INV-2026-01870,0,LOW,
INV-2026-01871,60,HIGH,Multiple lenders; Repeated financing record; Payment due date reached
INV-2026-01872,5,LOW,Payment due date reached
INV-2026-01873,15,LOW,High-value invoice; Payment due date reached
INV-2026-01874,80,HIGH,Multiple lenders; Repeated financing record; Multiple delivery-proof records; Payment due date reached
INV-2026-01875,5,LOW,Payment due date reached
INV-2026-01876,5,LOW,Payment due date reached
INV-2026-01877,5,LOW,Payment due date reached
INV-2026-01878,65,HIGH,Multiple lenders; Repeated financing record; High-value invoice
INV-2026-01879,0,LOW,
INV-2026-01880,15,LOW,High-value invoice; Payment due date reached
INV-2026-01881,0,LOW,
INV-2026-01882,10,LOW,High-value invoice
INV-2026-01883,15,LOW,High-value invoice; Payment due date reached
INV-2026-01884,5,LOW,Payment due date reached
INV-2026-01885,0,LOW,
INV-2026-01886,55,HIGH,Multiple lenders; Repeated financing record
INV-2026-01887,0,LOW,
INV-2026-01888,15,LOW,High-value invoice; Payment due date reached
INV-2026-01889,5,LOW,Payment due date reached
INV-2026-01890,0,LOW,
INV-2026-01891,5,LOW,Payment due date reached
INV-2026-01892,10,LOW,High-value invoice
INV-2026-01893,0,LOW,
INV-2026-01894,0,LOW,
INV-2026-01895,5,LOW,Payment due date reached
INV-2026-01896,15,LOW,High-value invoice; Payment due date reached
INV-2026-01897,15,LOW,High-value invoice; Payment due date reached
INV-2026-01898,5,LOW,Payment due date reached
INV-2026-01899,10,LOW,High-value invoice
INV-2026-01900,5,LOW,Payment due date reached
INV-2026-01901,10,LOW,High-value invoice
INV-2026-01902,10,LOW,High-value invoice
INV-2026-01903,5,LOW,Payment due date reached
INV-2026-01904,0,LOW,
INV-2026-01905,5,LOW,Payment due date reached
INV-2026-01906,5,LOW,Payment due date reached
INV-2026-01907,0,LOW,
INV-2026-01908,5,LOW,Payment due date reached
INV-2026-01909,60,HIGH,Multiple lenders; Repeated financing record; Payment due date reached
INV-2026-01910,5,LOW,Payment due date reached
INV-2026-01911,5,LOW,Payment due date reached
INV-2026-01912,5,LOW,Payment due date reached
INV-2026-01913,5,LOW,Payment due date reached
INV-2026-01914,5,LOW,Payment due date reached
INV-2026-01915,5,LOW,Payment due date reached
INV-2026-01916,5,LOW,Payment due date reached
INV-2026-01917,5,LOW,Payment due date reached
INV-2026-01918,0,LOW,
INV-2026-01919,55,HIGH,Multiple lenders; Repeated financing record
INV-2026-01920,5,LOW,Payment due date reached
INV-2026-01921,55,HIGH,Multiple lenders; Repeated financing record
INV-2026-01922,10,LOW,High-value invoice
INV-2026-01923,55,HIGH,Multiple lenders; Repeated financing record
INV-2026-01924,10,LOW,High-value invoice
INV-2026-01925,15,LOW,High-value invoice; Payment due date reached
INV-2026-01926,5,LOW,Payment due date reached
INV-2026-01927,5,LOW,Payment due date reached
INV-2026-01928,15,LOW,High-value invoice; Payment due date reached
INV-2026-01929,15,LOW,High-value invoice; Payment due date reached
INV-2026-01930,10,LOW,High-value invoice
INV-2026-01931,10,LOW,High-value invoice
INV-2026-01932,0,LOW,
INV-2026-01933,5,LOW,Payment due date reached
INV-2026-01934,15,LOW,High-value invoice; Payment due date reached
INV-2026-01935,0,LOW,
INV-2026-01936,0,LOW,
INV-2026-01937,15,LOW,High-value invoice; Payment due date reached
INV-2026-01938,5,LOW,Payment due date reached
INV-2026-01939,70,HIGH,Multiple lenders; Repeated financing record; High-value invoice; Payment due date reached
INV-2026-01940,15,LOW,High-value invoice; Payment due date reached
INV-2026-01941,5,LOW,Payment due date reached
INV-2026-01942,5,LOW,Payment due date reached
INV-2026-01943,10,LOW,High-value invoice
INV-2026-01944,5,LOW,Payment due date reached
INV-2026-01945,15,LOW,High-value invoice; Payment due date reached
INV-2026-01946,0,LOW,
INV-2026-01947,15,LOW,High-value invoice; Payment due date reached
INV-2026-01948,5,LOW,Payment due date reached
INV-2026-01949,65,HIGH,Multiple lenders; Repeated financing record; High-value invoice
INV-2026-01950,15,LOW,High-value invoice; Payment due date reached
INV-2026-01951,0,LOW,
INV-2026-01952,15,LOW,High-value invoice; Payment due date reached
INV-2026-01953,10,LOW,High-value invoice
INV-2026-01954,15,LOW,High-value invoice; Payment due date reached
INV-2026-01955,10,LOW,High-value invoice
INV-2026-01956,0,LOW,
INV-2026-01957,15,LOW,High-value invoice; Payment due date reached
INV-2026-01958,5,LOW,Payment due date reached
INV-2026-01959,15,LOW,High-value invoice; Payment due date reached
INV-2026-01960,10,LOW,High-value invoice
INV-2026-01961,5,LOW,Payment due date reached
INV-2026-01962,0,LOW,
INV-2026-01963,0,LOW,
INV-2026-01964,10,LOW,High-value invoice
INV-2026-01965,0,LOW,
INV-2026-01966,5,LOW,Payment due date reached
INV-2026-01967,60,HIGH,Multiple lenders; Repeated financing record; Payment due date reached
INV-2026-01968,0,LOW,
INV-2026-01969,10,LOW,High-value invoice
INV-2026-01970,0,LOW,
INV-2026-01971,5,LOW,Payment due date reached
INV-2026-01972,10,LOW,High-value invoice
INV-2026-01973,60,HIGH,Multiple lenders; Repeated financing record; Payment due date reached
INV-2026-01974,0,LOW,
INV-2026-01975,15,LOW,High-value invoice; Payment due date reached
INV-2026-01976,0,LOW,
INV-2026-01977,15,LOW,High-value invoice; Payment due date reached
INV-2026-01978,0,LOW,
INV-2026-01979,5,LOW,Payment due date reached
INV-2026-01980,15,LOW,High-value invoice; Payment due date reached
INV-2026-01981,0,LOW,
INV-2026-01982,10,LOW,High-value invoice
INV-2026-01983,5,LOW,Payment due date reached
INV-2026-01984,55,HIGH,Multiple lenders; Repeated financing record
INV-2026-01985,0,LOW,
INV-2026-01986,5,LOW,Payment due date reached
INV-2026-01987,0,LOW,
INV-2026-01988,10,LOW,High-value invoice
INV-2026-01989,5,LOW,Payment due date reached
INV-2026-01990,5,LOW,Payment due date reached
INV-2026-01991,0,LOW,
INV-2026-01992,0,LOW,
INV-2026-01993,15,LOW,High-value invoice; Payment due date reached
INV-2026-01994,10,LOW,High-value invoice
INV-2026-01995,15,LOW,High-value invoice; Payment due date reached
INV-2026-01996,0,LOW,
INV-2026-01997,15,LOW,High-value invoice; Payment due date reached
INV-2026-01998,15,LOW,High-value invoice; Payment due date reached
INV-2026-01999,5,LOW,Payment due date reached
INV-2026-02000,5,LOW,Payment due date reached
INV-2026-02001,10,LOW,High-value invoice
INV-2026-02002,15,LOW,High-value invoice; Payment due date reached
INV-2026-02003,15,LOW,High-value invoice; Payment due date reached
INV-2026-02004,5,LOW,Payment due date reached
INV-2026-02005,15,LOW,High-value invoice; Payment due date reached
INV-2026-02006,55,HIGH,Multiple lenders; Repeated financing record
INV-2026-02007,5,LOW,Payment due date reached
INV-2026-02008,10,LOW,High-value invoice
INV-2026-02009,0,LOW,
INV-2026-02010,55,HIGH,Multiple lenders; Repeated financing record
INV-2026-02011,5,LOW,Payment due date reached
INV-2026-02012,5,LOW,Payment due date reached
INV-2026-02013,0,LOW,
INV-2026-02014,15,LOW,High-value invoice; Payment due date reached
INV-2026-02015,15,LOW,High-value invoice; Payment due date reached
INV-2026-02016,5,LOW,Payment due date reached
INV-2026-02017,5,LOW,Payment due date reached
INV-2026-02018,0,LOW,
INV-2026-02019,60,HIGH,Multiple lenders; Repeated financing record; Payment due date reached
INV-2026-02020,55,HIGH,Multiple lenders; Repeated financing record
INV-2026-02021,10,LOW,High-value invoice
INV-2026-02022,5,LOW,Payment due date reached
INV-2026-02023,65,HIGH,Multiple lenders; Repeated financing record; High-value invoice
INV-2026-02024,5,LOW,Payment due date reached
INV-2026-02025,10,LOW,High-value invoice
INV-2026-02026,15,LOW,High-value invoice; Payment due date reached
INV-2026-02027,15,LOW,High-value invoice; Payment due date reached
INV-2026-02028,0,LOW,
INV-2026-02029,5,LOW,Payment due date reached
INV-2026-02030,10,LOW,High-value invoice
INV-2026-02031,15,LOW,High-value invoice; Payment due date reached
INV-2026-02032,0,LOW,
INV-2026-02033,5,LOW,Payment due date reached
INV-2026-02034,10,LOW,High-value invoice
INV-2026-02035,5,LOW,Payment due date reached
INV-2026-02036,5,LOW,Payment due date reached
INV-2026-02037,5,LOW,Payment due date reached
INV-2026-02038,60,HIGH,Multiple lenders; Repeated financing record; Payment due date reached
INV-2026-02039,0,LOW,
INV-2026-02040,10,LOW,High-value invoice
INV-2026-02041,5,LOW,Payment due date reached
INV-2026-02042,70,HIGH,Multiple lenders; Repeated financing record; High-value invoice; Payment due date reached
INV-2026-02043,5,LOW,Payment due date reached
INV-2026-02044,15,LOW,High-value invoice; Payment due date reached
INV-2026-02045,15,LOW,High-value invoice; Payment due date reached
INV-2026-02046,10,LOW,High-value invoice
INV-2026-02047,15,LOW,High-value invoice; Payment due date reached
INV-2026-02048,0,LOW,
INV-2026-02049,0,LOW,
INV-2026-02050,10,LOW,High-value invoice
INV-2026-02051,60,HIGH,Multiple lenders; Repeated financing record; Payment due date reached
INV-2026-02052,15,LOW,High-value invoice; Payment due date reached
INV-2026-02053,55,HIGH,Multiple lenders; Repeated financing record
INV-2026-02054,0,LOW,
INV-2026-02055,5,LOW,Payment due date reached
INV-2026-02056,10,LOW,High-value invoice
INV-2026-02057,55,HIGH,Multiple lenders; Repeated financing record
INV-2026-02058,0,LOW,
INV-2026-02059,55,HIGH,Multiple lenders; Repeated financing record
INV-2026-02060,15,LOW,High-value invoice; Payment due date reached
INV-2026-02061,60,HIGH,Multiple lenders; Repeated financing record; Payment due date reached
INV-2026-02062,15,LOW,High-value invoice; Payment due date reached
INV-2026-02063,0,LOW,
INV-2026-02064,0,LOW,
INV-2026-02065,0,LOW,
INV-2026-02066,0,LOW,
INV-2026-02067,5,LOW,Payment due date reached
INV-2026-02068,5,LOW,Payment due date reached
INV-2026-02069,70,HIGH,Multiple lenders; Repeated financing record; High-value invoice; Payment due date reached
INV-2026-02070,10,LOW,High-value invoice
INV-2026-02071,0,LOW,
INV-2026-02072,0,LOW,
INV-2026-02073,10,LOW,High-value invoice
INV-2026-02074,10,LOW,High-value invoice
INV-2026-02075,15,LOW,High-value invoice; Payment due date reached
INV-2026-02076,15,LOW,High-value invoice; Payment due date reached
INV-2026-02077,5,LOW,Payment due date reached
INV-2026-02078,10,LOW,High-value invoice
INV-2026-02079,10,LOW,High-value invoice
INV-2026-02080,5,LOW,Payment due date reached
INV-2026-02081,5,LOW,Payment due date reached
INV-2026-02082,0,LOW,
INV-2026-02083,5,LOW,Payment due date reached
INV-2026-02084,5,LOW,Payment due date reached
INV-2026-02085,0,LOW,
INV-2026-02086,0,LOW,
INV-2026-02087,0,LOW,
INV-2026-02088,10,LOW,High-value invoice
INV-2026-02089,10,LOW,High-value invoice
INV-2026-02090,0,LOW,
INV-2026-02091,55,HIGH,Multiple lenders; Repeated financing record
INV-2026-02092,0,LOW,
INV-2026-02093,5,LOW,Payment due date reached
INV-2026-02094,10,LOW,High-value invoice
INV-2026-02095,5,LOW,Payment due date reached
INV-2026-02096,0,LOW,
INV-2026-02097,55,HIGH,Multiple lenders; Repeated financing record
INV-2026-02098,15,LOW,High-value invoice; Payment due date reached
INV-2026-02099,0,LOW,
INV-2026-02100,0,LOW,
INV-2026-02101,15,LOW,High-value invoice; Payment due date reached
INV-2026-02102,10,LOW,High-value invoice
INV-2026-02103,0,LOW,
INV-2026-02104,10,LOW,High-value invoice
INV-2026-02105,5,LOW,Payment due date reached
INV-2026-02106,60,HIGH,Multiple lenders; Repeated financing record; Payment due date reached
INV-2026-02107,15,LOW,High-value invoice; Payment due date reached
INV-2026-02108,5,LOW,Payment due date reached
INV-2026-02109,15,LOW,High-value invoice; Payment due date reached
INV-2026-02110,15,LOW,High-value invoice; Payment due date reached
INV-2026-02111,5,LOW,Payment due date reached
INV-2026-02112,15,LOW,High-value invoice; Payment due date reached
INV-2026-02113,0,LOW,
INV-2026-02114,5,LOW,Payment due date reached
INV-2026-02115,5,LOW,Payment due date reached
INV-2026-02116,15,LOW,High-value invoice; Payment due date reached
INV-2026-02117,0,LOW,
INV-2026-02118,0,LOW,
INV-2026-02119,15,LOW,High-value invoice; Payment due date reached
INV-2026-02120,15,LOW,High-value invoice; Payment due date reached
INV-2026-02121,10,LOW,High-value invoice
INV-2026-02122,10,LOW,High-value invoice
INV-2026-02123,55,HIGH,Multiple lenders; Repeated financing record
INV-2026-02124,0,LOW,
INV-2026-02125,10,LOW,High-value invoice
INV-2026-02126,5,LOW,Payment due date reached
INV-2026-02127,0,LOW,
INV-2026-02128,60,HIGH,Multiple lenders; Repeated financing record; Payment due date reached
INV-2026-02129,70,HIGH,Multiple lenders; Repeated financing record; High-value invoice; Payment due date reached
INV-2026-02130,10,LOW,High-value invoice
INV-2026-02131,5,LOW,Payment due date reached
INV-2026-02132,15,LOW,High-value invoice; Payment due date reached
INV-2026-02133,5,LOW,Payment due date reached
INV-2026-02134,10,LOW,High-value invoice
INV-2026-02135,5,LOW,Payment due date reached
INV-2026-02136,5,LOW,Payment due date reached
INV-2026-02137,65,HIGH,Multiple lenders; Repeated financing record; High-value invoice
INV-2026-02138,60,HIGH,Multiple lenders; Repeated financing record; Payment due date reached
INV-2026-02139,10,LOW,High-value invoice
INV-2026-02140,5,LOW,Payment due date reached
INV-2026-02141,15,LOW,High-value invoice; Payment due date reached
INV-2026-02142,15,LOW,High-value invoice; Payment due date reached
INV-2026-02143,0,LOW,
INV-2026-02144,55,HIGH,Multiple lenders; Repeated financing record
INV-2026-02145,15,LOW,High-value invoice; Payment due date reached
INV-2026-02146,15,LOW,High-value invoice; Payment due date reached
INV-2026-02147,55,HIGH,Multiple lenders; Repeated financing record
INV-2026-02148,5,LOW,Payment due date reached
INV-2026-02149,60,HIGH,Multiple lenders; Repeated financing record; Payment due date reached
INV-2026-02150,15,LOW,High-value invoice; Payment due date reached
INV-2026-02151,0,LOW,
INV-2026-02152,5,LOW,Payment due date reached
INV-2026-02153,60,HIGH,Multiple lenders; Repeated financing record; Payment due date reached
INV-2026-02154,70,HIGH,Multiple lenders; Repeated financing record; High-value invoice; Payment due date reached
INV-2026-02155,10,LOW,High-value invoice
INV-2026-02156,15,LOW,High-value invoice; Payment due date reached
INV-2026-02157,0,LOW,
INV-2026-02158,0,LOW,
INV-2026-02159,10,LOW,High-value invoice
INV-2026-02160,10,LOW,High-value invoice
INV-2026-02161,60,HIGH,Multiple lenders; Repeated financing record; Payment due date reached
INV-2026-02162,10,LOW,High-value invoice
INV-2026-02163,5,LOW,Payment due date reached
INV-2026-02164,0,LOW,
INV-2026-02165,5,LOW,Payment due date reached
INV-2026-02166,10,LOW,High-value invoice
INV-2026-02167,10,LOW,High-value invoice
INV-2026-02168,15,LOW,High-value invoice; Payment due date reached
INV-2026-02169,0,LOW,
INV-2026-02170,5,LOW,Payment due date reached
INV-2026-02171,5,LOW,Payment due date reached
INV-2026-02172,0,LOW,
INV-2026-02173,15,LOW,High-value invoice; Payment due date reached
INV-2026-02174,5,LOW,Payment due date reached
INV-2026-02175,5,LOW,Payment due date reached
INV-2026-02176,5,LOW,Payment due date reached
INV-2026-02177,5,LOW,Payment due date reached
INV-2026-02178,5,LOW,Payment due date reached
INV-2026-02179,5,LOW,Payment due date reached
INV-2026-02180,15,LOW,High-value invoice; Payment due date reached
INV-2026-02181,0,LOW,
INV-2026-02182,5,LOW,Payment due date reached
INV-2026-02183,0,LOW,
INV-2026-02184,0,LOW,
INV-2026-02185,5,LOW,Payment due date reached
INV-2026-02186,10,LOW,High-value invoice
INV-2026-02187,0,LOW,
INV-2026-02188,70,HIGH,Multiple lenders; Repeated financing record; High-value invoice; Payment due date reached
INV-2026-02189,5,LOW,Payment due date reached
INV-2026-02190,10,LOW,High-value invoice
INV-2026-02191,75,HIGH,Multiple lenders; Repeated financing record; Multiple delivery-proof records
INV-2026-02192,5,LOW,Payment due date reached
INV-2026-02193,5,LOW,Payment due date reached
INV-2026-02194,5,LOW,Payment due date reached
INV-2026-02195,5,LOW,Payment due date reached
INV-2026-02196,60,HIGH,Multiple lenders; Repeated financing record; Payment due date reached
INV-2026-02197,10,LOW,High-value invoice
INV-2026-02198,5,LOW,Payment due date reached
INV-2026-02199,90,HIGH,Multiple lenders; Repeated financing record; Multiple delivery-proof records; High-value invoice; Payment due date reached
INV-2026-02200,0,LOW,
INV-2026-02201,15,LOW,High-value invoice; Payment due date reached
INV-2026-02202,55,HIGH,Multiple lenders; Repeated financing record
INV-2026-02203,65,HIGH,Multiple lenders; Repeated financing record; High-value invoice
INV-2026-02204,5,LOW,Payment due date reached
INV-2026-02205,15,LOW,High-value invoice; Payment due date reached
INV-2026-02206,5,LOW,Payment due date reached
INV-2026-02207,15,LOW,High-value invoice; Payment due date reached
INV-2026-02208,10,LOW,High-value invoice
INV-2026-02209,0,LOW,
INV-2026-02210,15,LOW,High-value invoice; Payment due date reached
INV-2026-02211,0,LOW,
INV-2026-02212,60,HIGH,Multiple lenders; Repeated financing record; Payment due date reached
INV-2026-02213,10,LOW,High-value invoice
INV-2026-02214,60,HIGH,Multiple lenders; Repeated financing record; Payment due date reached
INV-2026-02215,10,LOW,High-value invoice
INV-2026-02216,70,HIGH,Multiple lenders; Repeated financing record; High-value invoice; Payment due date reached
INV-2026-02217,5,LOW,Payment due date reached
INV-2026-02218,60,HIGH,Multiple lenders; Repeated financing record; Payment due date reached
INV-2026-02219,0,LOW,
INV-2026-02220,10,LOW,High-value invoice
INV-2026-02221,15,LOW,High-value invoice; Payment due date reached
INV-2026-02222,10,LOW,High-value invoice
INV-2026-02223,15,LOW,High-value invoice; Payment due date reached
INV-2026-02224,0,LOW,
INV-2026-02225,0,LOW,
INV-2026-02226,55,HIGH,Multiple lenders; Repeated financing record
INV-2026-02227,0,LOW,
INV-2026-02228,55,HIGH,Multiple lenders; Repeated financing record
INV-2026-02229,70,HIGH,Multiple lenders; Repeated financing record; High-value invoice; Payment due date reached
INV-2026-02230,5,LOW,Payment due date reached
INV-2026-02231,0,LOW,
INV-2026-02232,70,HIGH,Multiple lenders; Repeated financing record; High-value invoice; Payment due date reached
INV-2026-02233,5,LOW,Payment due date reached
INV-2026-02234,15,LOW,High-value invoice; Payment due date reached
INV-2026-02235,55,HIGH,Multiple lenders; Repeated financing record
INV-2026-02236,15,LOW,High-value invoice; Payment due date reached
INV-2026-02237,15,LOW,High-value invoice; Payment due date reached
INV-2026-02238,5,LOW,Payment due date reached
INV-2026-02239,0,LOW,
INV-2026-02240,5,LOW,Payment due date reached
INV-2026-02241,5,LOW,Payment due date reached
INV-2026-02242,5,LOW,Payment due date reached
INV-2026-02243,10,LOW,High-value invoice
INV-2026-02244,0,LOW,
INV-2026-02245,0,LOW,
INV-2026-02246,5,LOW,Payment due date reached
INV-2026-02247,0,LOW,
INV-2026-02248,65,HIGH,Multiple lenders; Repeated financing record; High-value invoice
INV-2026-02249,10,LOW,High-value invoice
INV-2026-02250,5,LOW,Payment due date reached
INV-2026-02251,0,LOW,
INV-2026-02252,10,LOW,High-value invoice
INV-2026-02253,60,HIGH,Multiple lenders; Repeated financing record; Payment due date reached
INV-2026-02254,55,HIGH,Multiple lenders; Repeated financing record
INV-2026-02255,0,LOW,
INV-2026-02256,65,HIGH,Multiple lenders; Repeated financing record; High-value invoice
INV-2026-02257,0,LOW,
INV-2026-02258,0,LOW,
INV-2026-02259,10,LOW,High-value invoice
INV-2026-02260,0,LOW,
INV-2026-02261,15,LOW,High-value invoice; Payment due date reached
INV-2026-02262,60,HIGH,Multiple lenders; Repeated financing record; Payment due date reached
INV-2026-02263,0,LOW,
INV-2026-02264,5,LOW,Payment due date reached
INV-2026-02265,10,LOW,High-value invoice
INV-2026-02266,15,LOW,High-value invoice; Payment due date reached
INV-2026-02267,5,LOW,Payment due date reached
INV-2026-02268,5,LOW,Payment due date reached
INV-2026-02269,60,HIGH,Multiple lenders; Repeated financing record; Payment due date reached
INV-2026-02270,5,LOW,Payment due date reached
INV-2026-02271,5,LOW,Payment due date reached
INV-2026-02272,0,LOW,
INV-2026-02273,0,LOW,
INV-2026-02274,5,LOW,Payment due date reached
INV-2026-02275,5,LOW,Payment due date reached
INV-2026-02276,60,HIGH,Multiple lenders; Repeated financing record; Payment due date reached
INV-2026-02277,10,LOW,High-value invoice
INV-2026-02278,10,LOW,High-value invoice
INV-2026-02279,0,LOW,
INV-2026-02280,10,LOW,High-value invoice
INV-2026-02281,0,LOW,
INV-2026-02282,5,LOW,Payment due date reached
INV-2026-02283,60,HIGH,Multiple lenders; Repeated financing record; Payment due date reached
INV-2026-02284,15,LOW,High-value invoice; Payment due date reached
INV-2026-02285,5,LOW,Payment due date reached
INV-2026-02286,65,HIGH,Multiple lenders; Repeated financing record; High-value invoice
INV-2026-02287,0,LOW,
INV-2026-02288,0,LOW,
INV-2026-02289,90,HIGH,Multiple lenders; Repeated financing record; Multiple delivery-proof records; High-value invoice; Payment due date reached
INV-2026-02290,15,LOW,High-value invoice; Payment due date reached
INV-2026-02291,60,HIGH,Multiple lenders; Repeated financing record; Payment due date reached
INV-2026-02292,5,LOW,Payment due date reached
INV-2026-02293,0,LOW,
INV-2026-02294,0,LOW,
INV-2026-02295,15,LOW,High-value invoice; Payment due date reached
INV-2026-02296,5,LOW,Payment due date reached
INV-2026-02297,15,LOW,High-value invoice; Payment due date reached
INV-2026-02298,0,LOW,
INV-2026-02299,10,LOW,High-value invoice
INV-2026-02300,5,LOW,Payment due date reached
INV-2026-02301,5,LOW,Payment due date reached
INV-2026-02302,10,LOW,High-value invoice
INV-2026-02303,0,LOW,
INV-2026-02304,0,LOW,
INV-2026-02305,0,LOW,
INV-2026-02306,15,LOW,High-value invoice; Payment due date reached
INV-2026-02307,0,LOW,
INV-2026-02308,5,LOW,Payment due date reached
INV-2026-02309,0,LOW,
INV-2026-02310,0,LOW,
INV-2026-02311,15,LOW,High-value invoice; Payment due date reached
INV-2026-02312,0,LOW,
INV-2026-02313,5,LOW,Payment due date reached
INV-2026-02314,5,LOW,Payment due date reached
INV-2026-02315,15,LOW,High-value invoice; Payment due date reached
INV-2026-02316,15,LOW,High-value invoice; Payment due date reached
INV-2026-02317,65,HIGH,Multiple lenders; Repeated financing record; High-value invoice
INV-2026-02318,5,LOW,Payment due date reached
INV-2026-02319,10,LOW,High-value invoice
INV-2026-02320,0,LOW,
INV-2026-02321,60,HIGH,Multiple lenders; Repeated financing record; Payment due date reached
INV-2026-02322,70,HIGH,Multiple lenders; Repeated financing record; High-value invoice; Payment due date reached
INV-2026-02323,0,LOW,
INV-2026-02324,10,LOW,High-value invoice
INV-2026-02325,5,LOW,Payment due date reached
INV-2026-02326,0,LOW,
INV-2026-02327,15,LOW,High-value invoice; Payment due date reached
INV-2026-02328,60,HIGH,Multiple lenders; Repeated financing record; Payment due date reached
INV-2026-02329,5,LOW,Payment due date reached
INV-2026-02330,15,LOW,High-value invoice; Payment due date reached
INV-2026-02331,10,LOW,High-value invoice
INV-2026-02332,15,LOW,High-value invoice; Payment due date reached
INV-2026-02333,5,LOW,Payment due date reached
INV-2026-02334,55,HIGH,Multiple lenders; Repeated financing record
INV-2026-02335,5,LOW,Payment due date reached
INV-2026-02336,5,LOW,Payment due date reached
INV-2026-02337,5,LOW,Payment due date reached
INV-2026-02338,5,LOW,Payment due date reached
INV-2026-02339,10,LOW,High-value invoice
INV-2026-02340,60,HIGH,Multiple lenders; Repeated financing record; Payment due date reached
INV-2026-02341,90,HIGH,Multiple lenders; Repeated financing record; Multiple delivery-proof records; High-value invoice; Payment due date reached
INV-2026-02342,0,LOW,
INV-2026-02343,10,LOW,High-value invoice
INV-2026-02344,5,LOW,Payment due date reached
INV-2026-02345,15,LOW,High-value invoice; Payment due date reached
INV-2026-02346,75,HIGH,Multiple lenders; Repeated financing record; Multiple delivery-proof records
INV-2026-02347,0,LOW,
INV-2026-02348,65,HIGH,Multiple lenders; Repeated financing record; High-value invoice
INV-2026-02349,5,LOW,Payment due date reached
INV-2026-02350,0,LOW,
INV-2026-02351,0,LOW,
INV-2026-02352,0,LOW,
INV-2026-02353,10,LOW,High-value invoice
INV-2026-02354,5,LOW,Payment due date reached
INV-2026-02355,70,HIGH,Multiple lenders; Repeated financing record; High-value invoice; Payment due date reached
INV-2026-02356,5,LOW,Payment due date reached
INV-2026-02357,65,HIGH,Multiple lenders; Repeated financing record; High-value invoice
INV-2026-02358,0,LOW,
INV-2026-02359,10,LOW,High-value invoice
INV-2026-02360,10,LOW,High-value invoice
INV-2026-02361,5,LOW,Payment due date reached
INV-2026-02362,0,LOW,
INV-2026-02363,0,LOW,
INV-2026-02364,5,LOW,Payment due date reached
INV-2026-02365,0,LOW,
INV-2026-02366,5,LOW,Payment due date reached
INV-2026-02367,5,LOW,Payment due date reached
INV-2026-02368,5,LOW,Payment due date reached
INV-2026-02369,10,LOW,High-value invoice
INV-2026-02370,10,LOW,High-value invoice
INV-2026-02371,10,LOW,High-value invoice
INV-2026-02372,0,LOW,
INV-2026-02373,0,LOW,
INV-2026-02374,0,LOW,
INV-2026-02375,10,LOW,High-value invoice
INV-2026-02376,0,LOW,
INV-2026-02377,5,LOW,Payment due date reached
INV-2026-02378,5,LOW,Payment due date reached
INV-2026-02379,55,HIGH,Multiple lenders; Repeated financing record
INV-2026-02380,70,HIGH,Multiple lenders; Repeated financing record; High-value invoice; Payment due date reached
INV-2026-02381,10,LOW,High-value invoice
INV-2026-02382,10,LOW,High-value invoice
INV-2026-02383,5,LOW,Payment due date reached
INV-2026-02384,10,LOW,High-value invoice
INV-2026-02385,60,HIGH,Multiple lenders; Repeated financing record; Payment due date reached
INV-2026-02386,0,LOW,
INV-2026-02387,15,LOW,High-value invoice; Payment due date reached
INV-2026-02388,5,LOW,Payment due date reached
INV-2026-02389,15,LOW,High-value invoice; Payment due date reached
INV-2026-02390,15,LOW,High-value invoice; Payment due date reached
INV-2026-02391,5,LOW,Payment due date reached
INV-2026-02392,0,LOW,
INV-2026-02393,5,LOW,Payment due date reached
INV-2026-02394,10,LOW,High-value invoice
INV-2026-02395,55,HIGH,Multiple lenders; Repeated financing record
INV-2026-02396,0,LOW,
INV-2026-02397,5,LOW,Payment due date reached
INV-2026-02398,0,LOW,
INV-2026-02399,0,LOW,
INV-2026-02400,70,HIGH,Multiple lenders; Repeated financing record; High-value invoice; Payment due date reached
INV-2026-02401,65,HIGH,Multiple lenders; Repeated financing record; High-value invoice
INV-2026-02402,0,LOW,
INV-2026-02403,10,LOW,High-value invoice
INV-2026-02404,5,LOW,Payment due date reached
INV-2026-02405,5,LOW,Payment due date reached
INV-2026-02406,0,LOW,
INV-2026-02407,70,HIGH,Multiple lenders; Repeated financing record; High-value invoice; Payment due date reached
INV-2026-02408,85,HIGH,Multiple lenders; Repeated financing record; Multiple delivery-proof records; High-value invoice
INV-2026-02409,5,LOW,Payment due date reached
INV-2026-02410,60,HIGH,Multiple lenders; Repeated financing record; Payment due date reached
INV-2026-02411,5,LOW,Payment due date reached
INV-2026-02412,5,LOW,Payment due date reached
INV-2026-02413,5,LOW,Payment due date reached
INV-2026-02414,0,LOW,
INV-2026-02415,10,LOW,High-value invoice
INV-2026-02416,5,LOW,Payment due date reached
INV-2026-02417,5,LOW,Payment due date reached
INV-2026-02418,5,LOW,Payment due date reached
INV-2026-02419,0,LOW,
INV-2026-02420,5,LOW,Payment due date reached
INV-2026-02421,60,HIGH,Multiple lenders; Repeated financing record; Payment due date reached
INV-2026-02422,5,LOW,Payment due date reached
INV-2026-02423,0,LOW,
INV-2026-02424,10,LOW,High-value invoice
INV-2026-02425,5,LOW,Payment due date reached
INV-2026-02426,55,HIGH,Multiple lenders; Repeated financing record
INV-2026-02427,0,LOW,
INV-2026-02428,5,LOW,Payment due date reached
INV-2026-02429,10,LOW,High-value invoice
INV-2026-02430,0,LOW,
INV-2026-02431,15,LOW,High-value invoice; Payment due date reached
INV-2026-02432,55,HIGH,Multiple lenders; Repeated financing record
INV-2026-02433,5,LOW,Payment due date reached
INV-2026-02434,0,LOW,
INV-2026-02435,5,LOW,Payment due date reached
INV-2026-02436,65,HIGH,Multiple lenders; Repeated financing record; High-value invoice
INV-2026-02437,65,HIGH,Multiple lenders; Repeated financing record; High-value invoice
INV-2026-02438,70,HIGH,Multiple lenders; Repeated financing record; High-value invoice; Payment due date reached
INV-2026-02439,15,LOW,High-value invoice; Payment due date reached
INV-2026-02440,15,LOW,High-value invoice; Payment due date reached
INV-2026-02441,70,HIGH,Multiple lenders; Repeated financing record; High-value invoice; Payment due date reached
INV-2026-02442,15,LOW,High-value invoice; Payment due date reached
INV-2026-02443,10,LOW,High-value invoice
INV-2026-02444,10,LOW,High-value invoice
INV-2026-02445,5,LOW,Payment due date reached
INV-2026-02446,0,LOW,
INV-2026-02447,5,LOW,Payment due date reached
INV-2026-02448,15,LOW,High-value invoice; Payment due date reached
INV-2026-02449,15,LOW,High-value invoice; Payment due date reached
INV-2026-02450,10,LOW,High-value invoice
INV-2026-02451,10,LOW,High-value invoice
INV-2026-02452,5,LOW,Payment due date reached
INV-2026-02453,10,LOW,High-value invoice
INV-2026-02454,5,LOW,Payment due date reached
INV-2026-02455,10,LOW,High-value invoice
INV-2026-02456,0,LOW,
INV-2026-02457,10,LOW,High-value invoice
INV-2026-02458,0,LOW,
INV-2026-02459,0,LOW,
INV-2026-02460,0,LOW,
INV-2026-02461,0,LOW,
INV-2026-02462,60,HIGH,Multiple lenders; Repeated financing record; Payment due date reached
INV-2026-02463,10,LOW,High-value invoice
INV-2026-02464,15,LOW,High-value invoice; Payment due date reached
INV-2026-02465,0,LOW,
INV-2026-02466,10,LOW,High-value invoice
INV-2026-02467,60,HIGH,Multiple lenders; Repeated financing record; Payment due date reached
INV-2026-02468,0,LOW,
INV-2026-02469,15,LOW,High-value invoice; Payment due date reached
INV-2026-02470,5,LOW,Payment due date reached
INV-2026-02471,5,LOW,Payment due date reached
INV-2026-02472,10,LOW,High-value invoice
INV-2026-02473,5,LOW,Payment due date reached
INV-2026-02474,5,LOW,Payment due date reached
INV-2026-02475,90,HIGH,Multiple lenders; Repeated financing record; Multiple delivery-proof records; High-value invoice; Payment due date reached
INV-2026-02476,15,LOW,High-value invoice; Payment due date reached
INV-2026-02477,15,LOW,High-value invoice; Payment due date reached
INV-2026-02478,10,LOW,High-value invoice
INV-2026-02479,10,LOW,High-value invoice
INV-2026-02480,0,LOW,
INV-2026-02481,0,LOW,
INV-2026-02482,10,LOW,High-value invoice
INV-2026-02483,55,HIGH,Multiple lenders; Repeated financing record
INV-2026-02484,60,HIGH,Multiple lenders; Repeated financing record; Payment due date reached
INV-2026-02485,10,LOW,High-value invoice
INV-2026-02486,70,HIGH,Multiple lenders; Repeated financing record; High-value invoice; Payment due date reached
INV-2026-02487,10,LOW,High-value invoice
INV-2026-02488,15,LOW,High-value invoice; Payment due date reached
INV-2026-02489,0,LOW,
INV-2026-02490,0,LOW,
INV-2026-02491,5,LOW,Payment due date reached
INV-2026-02492,15,LOW,High-value invoice; Payment due date reached
INV-2026-02493,0,LOW,
INV-2026-02494,0,LOW,
INV-2026-02495,10,LOW,High-value invoice
INV-2026-02496,0,LOW,
INV-2026-02497,10,LOW,High-value invoice
INV-2026-02498,70,HIGH,Multiple lenders; Repeated financing record; High-value invoice; Payment due date reached
INV-2026-02499,10,LOW,High-value invoice
INV-2026-02500,0,LOW,
INV-2026-02501,10,LOW,High-value invoice
INV-2026-02502,10,LOW,High-value invoice
INV-2026-02503,15,LOW,High-value invoice; Payment due date reached
INV-2026-02504,10,LOW,High-value invoice
INV-2026-02505,70,HIGH,Multiple lenders; Repeated financing record; High-value invoice; Payment due date reached
INV-2026-02506,0,LOW,
INV-2026-02507,0,LOW,
INV-2026-02508,10,LOW,High-value invoice
INV-2026-02509,10,LOW,High-value invoice
INV-2026-02510,5,LOW,Payment due date reached
INV-2026-02511,0,LOW,
INV-2026-02512,5,LOW,Payment due date reached
INV-2026-02513,0,LOW,
INV-2026-02514,0,LOW,
INV-2026-02515,5,LOW,Payment due date reached
INV-2026-02516,0,LOW,
INV-2026-02517,10,LOW,High-value invoice
INV-2026-02518,15,LOW,High-value invoice; Payment due date reached
INV-2026-02519,5,LOW,Payment due date reached
INV-2026-02520,60,HIGH,Multiple lenders; Repeated financing record; Payment due date reached
INV-2026-02521,0,LOW,
INV-2026-02522,5,LOW,Payment due date reached
INV-2026-02523,10,LOW,High-value invoice
INV-2026-02524,15,LOW,High-value invoice; Payment due date reached
INV-2026-02525,65,HIGH,Multiple lenders; Repeated financing record; High-value invoice
INV-2026-02526,0,LOW,
INV-2026-02527,10,LOW,High-value invoice
INV-2026-02528,5,LOW,Payment due date reached
INV-2026-02529,60,HIGH,Multiple lenders; Repeated financing record; Payment due date reached
INV-2026-02530,5,LOW,Payment due date reached
INV-2026-02531,5,LOW,Payment due date reached
INV-2026-02532,0,LOW,
INV-2026-02533,10,LOW,High-value invoice
INV-2026-02534,0,LOW,
INV-2026-02535,5,LOW,Payment due date reached
INV-2026-02536,15,LOW,High-value invoice; Payment due date reached
INV-2026-02537,5,LOW,Payment due date reached
INV-2026-02538,5,LOW,Payment due date reached
INV-2026-02539,60,HIGH,Multiple lenders; Repeated financing record; Payment due date reached
INV-2026-02540,55,HIGH,Multiple lenders; Repeated financing record
INV-2026-02541,15,LOW,High-value invoice; Payment due date reached
INV-2026-02542,15,LOW,High-value invoice; Payment due date reached
INV-2026-02543,10,LOW,High-value invoice
INV-2026-02544,10,LOW,High-value invoice
INV-2026-02545,5,LOW,Payment due date reached
INV-2026-02546,5,LOW,Payment due date reached
INV-2026-02547,15,LOW,High-value invoice; Payment due date reached
INV-2026-02548,65,HIGH,Multiple lenders; Repeated financing record; High-value invoice
INV-2026-02549,5,LOW,Payment due date reached
INV-2026-02550,5,LOW,Payment due date reached
INV-2026-02551,15,LOW,High-value invoice; Payment due date reached
INV-2026-02552,70,HIGH,Multiple lenders; Repeated financing record; High-value invoice; Payment due date reached
INV-2026-02553,15,LOW,High-value invoice; Payment due date reached
INV-2026-02554,15,LOW,High-value invoice; Payment due date reached
INV-2026-02555,5,LOW,Payment due date reached
INV-2026-02556,15,LOW,High-value invoice; Payment due date reached
INV-2026-02557,65,HIGH,Multiple lenders; Repeated financing record; High-value invoice
INV-2026-02558,5,LOW,Payment due date reached
INV-2026-02559,0,LOW,
INV-2026-02560,5,LOW,Payment due date reached
INV-2026-02561,70,HIGH,Multiple lenders; Repeated financing record; High-value invoice; Payment due date reached
INV-2026-02562,15,LOW,High-value invoice; Payment due date reached
INV-2026-02563,10,LOW,High-value invoice
INV-2026-02564,0,LOW,
INV-2026-02565,0,LOW,
INV-2026-02566,10,LOW,High-value invoice
INV-2026-02567,5,LOW,Payment due date reached
INV-2026-02568,5,LOW,Payment due date reached
INV-2026-02569,10,LOW,High-value invoice
INV-2026-02570,5,LOW,Payment due date reached
INV-2026-02571,65,HIGH,Multiple lenders; Repeated financing record; High-value invoice
INV-2026-02572,5,LOW,Payment due date reached
INV-2026-02573,55,HIGH,Multiple lenders; Repeated financing record
INV-2026-02574,0,LOW,
INV-2026-02575,5,LOW,Payment due date reached
INV-2026-02576,0,LOW,
INV-2026-02577,70,HIGH,Multiple lenders; Repeated financing record; High-value invoice; Payment due date reached
INV-2026-02578,0,LOW,
INV-2026-02579,15,LOW,High-value invoice; Payment due date reached
INV-2026-02580,15,LOW,High-value invoice; Payment due date reached
INV-2026-02581,0,LOW,
INV-2026-02582,15,LOW,High-value invoice; Payment due date reached
INV-2026-02583,65,HIGH,Multiple lenders; Repeated financing record; High-value invoice
INV-2026-02584,10,LOW,High-value invoice
INV-2026-02585,10,LOW,High-value invoice
INV-2026-02586,10,LOW,High-value invoice
INV-2026-02587,0,LOW,
INV-2026-02588,60,HIGH,Multiple lenders; Repeated financing record; Payment due date reached
INV-2026-02589,65,HIGH,Multiple lenders; Repeated financing record; High-value invoice
INV-2026-02590,65,HIGH,Multiple lenders; Repeated financing record; High-value invoice
INV-2026-02591,15,LOW,High-value invoice; Payment due date reached
INV-2026-02592,0,LOW,
INV-2026-02593,15,LOW,High-value invoice; Payment due date reached
INV-2026-02594,5,LOW,Payment due date reached
INV-2026-02595,55,HIGH,Multiple lenders; Repeated financing record
INV-2026-02596,0,LOW,
INV-2026-02597,0,LOW,
INV-2026-02598,0,LOW,
INV-2026-02599,0,LOW,
INV-2026-02600,0,LOW,
INV-2026-02601,0,LOW,
INV-2026-02602,10,LOW,High-value invoice
INV-2026-02603,5,LOW,Payment due date reached
INV-2026-02604,5,LOW,Payment due date reached
INV-2026-02605,55,HIGH,Multiple lenders; Repeated financing record
INV-2026-02606,5,LOW,Payment due date reached
INV-2026-02607,10,LOW,High-value invoice
INV-2026-02608,0,LOW,
INV-2026-02609,10,LOW,High-value invoice
INV-2026-02610,0,LOW,
INV-2026-02611,0,LOW,
INV-2026-02612,0,LOW,
INV-2026-02613,10,LOW,High-value invoice
INV-2026-02614,5,LOW,Payment due date reached
INV-2026-02615,5,LOW,Payment due date reached
INV-2026-02616,10,LOW,High-value invoice
INV-2026-02617,60,HIGH,Multiple lenders; Repeated financing record; Payment due date reached
INV-2026-02618,5,LOW,Payment due date reached
INV-2026-02619,10,LOW,High-value invoice
INV-2026-02620,15,LOW,High-value invoice; Payment due date reached
INV-2026-02621,5,LOW,Payment due date reached
INV-2026-02622,5,LOW,Payment due date reached
INV-2026-02623,15,LOW,High-value invoice; Payment due date reached
INV-2026-02624,5,LOW,Payment due date reached
INV-2026-02625,85,HIGH,Multiple lenders; Repeated financing record; Multiple delivery-proof records; High-value invoice
INV-2026-02626,15,LOW,High-value invoice; Payment due date reached
INV-2026-02627,0,LOW,
INV-2026-02628,15,LOW,High-value invoice; Payment due date reached
INV-2026-02629,15,LOW,High-value invoice; Payment due date reached
INV-2026-02630,5,LOW,Payment due date reached
INV-2026-02631,5,LOW,Payment due date reached
INV-2026-02632,0,LOW,
INV-2026-02633,0,LOW,
INV-2026-02634,10,LOW,High-value invoice
INV-2026-02635,10,LOW,High-value invoice
INV-2026-02636,0,LOW,
INV-2026-02637,5,LOW,Payment due date reached
INV-2026-02638,55,HIGH,Multiple lenders; Repeated financing record
INV-2026-02639,55,HIGH,Multiple lenders; Repeated financing record
INV-2026-02640,0,LOW,
INV-2026-02641,5,LOW,Payment due date reached
INV-2026-02642,5,LOW,Payment due date reached
INV-2026-02643,0,LOW,
INV-2026-02644,60,HIGH,Multiple lenders; Repeated financing record; Payment due date reached
INV-2026-02645,70,HIGH,Multiple lenders; Repeated financing record; High-value invoice; Payment due date reached
INV-2026-02646,10,LOW,High-value invoice
INV-2026-02647,0,LOW,
INV-2026-02648,0,LOW,
INV-2026-02649,5,LOW,Payment due date reached
INV-2026-02650,15,LOW,High-value invoice; Payment due date reached
INV-2026-02651,85,HIGH,Multiple lenders; Repeated financing record; Multiple delivery-proof records; High-value invoice
INV-2026-02652,15,LOW,High-value invoice; Payment due date reached
INV-2026-02653,0,LOW,
INV-2026-02654,5,LOW,Payment due date reached
INV-2026-02655,5,LOW,Payment due date reached
INV-2026-02656,0,LOW,
INV-2026-02657,10,LOW,High-value invoice
INV-2026-02658,5,LOW,Payment due date reached
INV-2026-02659,60,HIGH,Multiple lenders; Repeated financing record; Payment due date reached
INV-2026-02660,15,LOW,High-value invoice; Payment due date reached
INV-2026-02661,15,LOW,High-value invoice; Payment due date reached
INV-2026-02662,5,LOW,Payment due date reached
INV-2026-02663,0,LOW,
INV-2026-02664,5,LOW,Payment due date reached
INV-2026-02665,15,LOW,High-value invoice; Payment due date reached
INV-2026-02666,5,LOW,Payment due date reached
INV-2026-02667,10,LOW,High-value invoice
INV-2026-02668,5,LOW,Payment due date reached
INV-2026-02669,0,LOW,
INV-2026-02670,5,LOW,Payment due date reached
INV-2026-02671,5,LOW,Payment due date reached
INV-2026-02672,5,LOW,Payment due date reached
INV-2026-02673,5,LOW,Payment due date reached
INV-2026-02674,0,LOW,
INV-2026-02675,55,HIGH,Multiple lenders; Repeated financing record
INV-2026-02676,0,LOW,
INV-2026-02677,5,LOW,Payment due date reached
INV-2026-02678,10,LOW,High-value invoice
INV-2026-02679,5,LOW,Payment due date reached
INV-2026-02680,5,LOW,Payment due date reached
INV-2026-02681,15,LOW,High-value invoice; Payment due date reached
INV-2026-02682,10,LOW,High-value invoice
INV-2026-02683,0,LOW,
INV-2026-02684,5,LOW,Payment due date reached
INV-2026-02685,0,LOW,
INV-2026-02686,0,LOW,
INV-2026-02687,10,LOW,High-value invoice
INV-2026-02688,85,HIGH,Multiple lenders; Repeated financing record; Multiple delivery-proof records; High-value invoice
INV-2026-02689,5,LOW,Payment due date reached
INV-2026-02690,10,LOW,High-value invoice
INV-2026-02691,15,LOW,High-value invoice; Payment due date reached
INV-2026-02692,60,HIGH,Multiple lenders; Repeated financing record; Payment due date reached
INV-2026-02693,10,LOW,High-value invoice
INV-2026-02694,0,LOW,
INV-2026-02695,60,HIGH,Multiple lenders; Repeated financing record; Payment due date reached
INV-2026-02696,5,LOW,Payment due date reached
INV-2026-02697,5,LOW,Payment due date reached
INV-2026-02698,15,LOW,High-value invoice; Payment due date reached
INV-2026-02699,10,LOW,High-value invoice
INV-2026-02700,70,HIGH,Multiple lenders; Repeated financing record; High-value invoice; Payment due date reached
INV-2026-02701,5,LOW,Payment due date reached
INV-2026-02702,15,LOW,High-value invoice; Payment due date reached
INV-2026-02703,0,LOW,
INV-2026-02704,0,LOW,
INV-2026-02705,0,LOW,
INV-2026-02706,0,LOW,
INV-2026-02707,10,LOW,High-value invoice
INV-2026-02708,5,LOW,Payment due date reached
INV-2026-02709,5,LOW,Payment due date reached
INV-2026-02710,15,LOW,High-value invoice; Payment due date reached
INV-2026-02711,5,LOW,Payment due date reached
INV-2026-02712,5,LOW,Payment due date reached
INV-2026-02713,5,LOW,Payment due date reached
INV-2026-02714,70,HIGH,Multiple lenders; Repeated financing record; High-value invoice; Payment due date reached
INV-2026-02715,0,LOW,
INV-2026-02716,65,HIGH,Multiple lenders; Repeated financing record; High-value invoice
INV-2026-02717,10,LOW,High-value invoice
INV-2026-02718,10,LOW,High-value invoice
INV-2026-02719,10,LOW,High-value invoice
INV-2026-02720,15,LOW,High-value invoice; Payment due date reached
INV-2026-02721,10,LOW,High-value invoice
INV-2026-02722,5,LOW,Payment due date reached
INV-2026-02723,0,LOW,
INV-2026-02724,5,LOW,Payment due date reached
INV-2026-02725,5,LOW,Payment due date reached
INV-2026-02726,5,LOW,Payment due date reached
INV-2026-02727,10,LOW,High-value invoice
INV-2026-02728,0,LOW,
INV-2026-02729,0,LOW,
INV-2026-02730,55,HIGH,Multiple lenders; Repeated financing record
INV-2026-02731,0,LOW,
INV-2026-02732,15,LOW,High-value invoice; Payment due date reached
INV-2026-02733,15,LOW,High-value invoice; Payment due date reached
INV-2026-02734,5,LOW,Payment due date reached
INV-2026-02735,10,LOW,High-value invoice
INV-2026-02736,0,LOW,
INV-2026-02737,0,LOW,
INV-2026-02738,60,HIGH,Multiple lenders; Repeated financing record; Payment due date reached
INV-2026-02739,10,LOW,High-value invoice
INV-2026-02740,55,HIGH,Multiple lenders; Repeated financing record
INV-2026-02741,15,LOW,High-value invoice; Payment due date reached
INV-2026-02742,10,LOW,High-value invoice
INV-2026-02743,5,LOW,Payment due date reached
INV-2026-02744,5,LOW,Payment due date reached
INV-2026-02745,10,LOW,High-value invoice
INV-2026-02746,0,LOW,
INV-2026-02747,0,LOW,
INV-2026-02748,15,LOW,High-value invoice; Payment due date reached
INV-2026-02749,10,LOW,High-value invoice
INV-2026-02750,15,LOW,High-value invoice; Payment due date reached
INV-2026-02751,0,LOW,
INV-2026-02752,0,LOW,
INV-2026-02753,55,HIGH,Multiple lenders; Repeated financing record
INV-2026-02754,15,LOW,High-value invoice; Payment due date reached
INV-2026-02755,10,LOW,High-value invoice
INV-2026-02756,10,LOW,High-value invoice
INV-2026-02757,15,LOW,High-value invoice; Payment due date reached
INV-2026-02758,15,LOW,High-value invoice; Payment due date reached
INV-2026-02759,0,LOW,
INV-2026-02760,5,LOW,Payment due date reached
INV-2026-02761,15,LOW,High-value invoice; Payment due date reached
INV-2026-02762,15,LOW,High-value invoice; Payment due date reached
INV-2026-02763,0,LOW,
INV-2026-02764,10,LOW,High-value invoice
INV-2026-02765,10,LOW,High-value invoice
INV-2026-02766,0,LOW,
INV-2026-02767,0,LOW,
INV-2026-02768,15,LOW,High-value invoice; Payment due date reached
INV-2026-02769,15,LOW,High-value invoice; Payment due date reached
INV-2026-02770,0,LOW,
INV-2026-02771,15,LOW,High-value invoice; Payment due date reached
INV-2026-02772,60,HIGH,Multiple lenders; Repeated financing record; Payment due date reached
INV-2026-02773,10,LOW,High-value invoice
INV-2026-02774,0,LOW,
INV-2026-02775,15,LOW,High-value invoice; Payment due date reached
INV-2026-02776,75,HIGH,Multiple lenders; Repeated financing record; Multiple delivery-proof records
INV-2026-02777,10,LOW,High-value invoice
INV-2026-02778,0,LOW,
INV-2026-02779,0,LOW,
INV-2026-02780,0,LOW,
INV-2026-02781,10,LOW,High-value invoice
INV-2026-02782,70,HIGH,Multiple lenders; Repeated financing record; High-value invoice; Payment due date reached
INV-2026-02783,0,LOW,
INV-2026-02784,5,LOW,Payment due date reached
INV-2026-02785,5,LOW,Payment due date reached
INV-2026-02786,5,LOW,Payment due date reached
INV-2026-02787,5,LOW,Payment due date reached
INV-2026-02788,5,LOW,Payment due date reached
INV-2026-02789,0,LOW,
INV-2026-02790,15,LOW,High-value invoice; Payment due date reached
INV-2026-02791,15,LOW,High-value invoice; Payment due date reached
INV-2026-02792,0,LOW,
INV-2026-02793,0,LOW,
INV-2026-02794,90,HIGH,Multiple lenders; Repeated financing record; Multiple delivery-proof records; High-value invoice; Payment due date reached
INV-2026-02795,75,HIGH,Multiple lenders; Repeated financing record; Multiple delivery-proof records
INV-2026-02796,5,LOW,Payment due date reached
INV-2026-02797,10,LOW,High-value invoice
INV-2026-02798,5,LOW,Payment due date reached
INV-2026-02799,0,LOW,
INV-2026-02800,70,HIGH,Multiple lenders; Repeated financing record; High-value invoice; Payment due date reached
INV-2026-02801,5,LOW,Payment due date reached
INV-2026-02802,5,LOW,Payment due date reached
INV-2026-02803,65,HIGH,Multiple lenders; Repeated financing record; High-value invoice
INV-2026-02804,60,HIGH,Multiple lenders; Repeated financing record; Payment due date reached
INV-2026-02805,15,LOW,High-value invoice; Payment due date reached
INV-2026-02806,0,LOW,
INV-2026-02807,65,HIGH,Multiple lenders; Repeated financing record; High-value invoice
INV-2026-02808,15,LOW,High-value invoice; Payment due date reached
INV-2026-02809,10,LOW,High-value invoice
INV-2026-02810,0,LOW,
INV-2026-02811,0,LOW,
INV-2026-02812,0,LOW,
INV-2026-02813,10,LOW,High-value invoice
INV-2026-02814,5,LOW,Payment due date reached
INV-2026-02815,5,LOW,Payment due date reached
INV-2026-02816,10,LOW,High-value invoice
INV-2026-02817,10,LOW,High-value invoice
INV-2026-02818,5,LOW,Payment due date reached
INV-2026-02819,0,LOW,
INV-2026-02820,0,LOW,
INV-2026-02821,10,LOW,High-value invoice
INV-2026-02822,55,HIGH,Multiple lenders; Repeated financing record
INV-2026-02823,5,LOW,Payment due date reached
INV-2026-02824,10,LOW,High-value invoice
INV-2026-02825,0,LOW,
INV-2026-02826,5,LOW,Payment due date reached
INV-2026-02827,55,HIGH,Multiple lenders; Repeated financing record
INV-2026-02828,5,LOW,Payment due date reached
INV-2026-02829,60,HIGH,Multiple lenders; Repeated financing record; Payment due date reached
INV-2026-02830,10,LOW,High-value invoice
INV-2026-02831,0,LOW,
INV-2026-02832,5,LOW,Payment due date reached
INV-2026-02833,5,LOW,Payment due date reached
INV-2026-02834,5,LOW,Payment due date reached
INV-2026-02835,5,LOW,Payment due date reached
INV-2026-02836,60,HIGH,Multiple lenders; Repeated financing record; Payment due date reached
INV-2026-02837,0,LOW,
INV-2026-02838,10,LOW,High-value invoice
INV-2026-02839,70,HIGH,Multiple lenders; Repeated financing record; High-value invoice; Payment due date reached
INV-2026-02840,0,LOW,
INV-2026-02841,15,LOW,High-value invoice; Payment due date reached
INV-2026-02842,15,LOW,High-value invoice; Payment due date reached
INV-2026-02843,0,LOW,
INV-2026-02844,60,HIGH,Multiple lenders; Repeated financing record; Payment due date reached
INV-2026-02845,5,LOW,Payment due date reached
INV-2026-02846,60,HIGH,Multiple lenders; Repeated financing record; Payment due date reached
INV-2026-02847,15,LOW,High-value invoice; Payment due date reached
INV-2026-02848,10,LOW,High-value invoice
INV-2026-02849,60,HIGH,Multiple lenders; Repeated financing record; Payment due date reached
INV-2026-02850,55,HIGH,Multiple lenders; Repeated financing record
INV-2026-02851,15,LOW,High-value invoice; Payment due date reached
INV-2026-02852,15,LOW,High-value invoice; Payment due date reached
INV-2026-02853,60,HIGH,Multiple lenders; Repeated financing record; Payment due date reached
INV-2026-02854,60,HIGH,Multiple lenders; Repeated financing record; Payment due date reached
INV-2026-02855,5,LOW,Payment due date reached
INV-2026-02856,0,LOW,
INV-2026-02857,5,LOW,Payment due date reached
INV-2026-02858,5,LOW,Payment due date reached
INV-2026-02859,5,LOW,Payment due date reached
INV-2026-02860,0,LOW,
INV-2026-02861,5,LOW,Payment due date reached
INV-2026-02862,0,LOW,
INV-2026-02863,5,LOW,Payment due date reached
INV-2026-02864,5,LOW,Payment due date reached
INV-2026-02865,70,HIGH,Multiple lenders; Repeated financing record; High-value invoice; Payment due date reached
INV-2026-02866,0,LOW,
INV-2026-02867,55,HIGH,Multiple lenders; Repeated financing record
INV-2026-02868,15,LOW,High-value invoice; Payment due date reached
INV-2026-02869,0,LOW,
INV-2026-02870,60,HIGH,Multiple lenders; Repeated financing record; Payment due date reached
INV-2026-02871,15,LOW,High-value invoice; Payment due date reached
INV-2026-02872,10,LOW,High-value invoice
INV-2026-02873,60,HIGH,Multiple lenders; Repeated financing record; Payment due date reached
INV-2026-02874,5,LOW,Payment due date reached
INV-2026-02875,10,LOW,High-value invoice
INV-2026-02876,10,LOW,High-value invoice
INV-2026-02877,0,LOW,
INV-2026-02878,15,LOW,High-value invoice; Payment due date reached
INV-2026-02879,65,HIGH,Multiple lenders; Repeated financing record; High-value invoice
INV-2026-02880,15,LOW,High-value invoice; Payment due date reached
INV-2026-02881,15,LOW,High-value invoice; Payment due date reached
INV-2026-02882,15,LOW,High-value invoice; Payment due date reached
INV-2026-02883,55,HIGH,Multiple lenders; Repeated financing record
INV-2026-02884,0,LOW,
INV-2026-02885,0,LOW,
INV-2026-02886,65,HIGH,Multiple lenders; Repeated financing record; High-value invoice
INV-2026-02887,5,LOW,Payment due date reached
INV-2026-02888,0,LOW,
INV-2026-02889,60,HIGH,Multiple lenders; Repeated financing record; Payment due date reached
INV-2026-02890,5,LOW,Payment due date reached
INV-2026-02891,60,HIGH,Multiple lenders; Repeated financing record; Payment due date reached
INV-2026-02892,10,LOW,High-value invoice
INV-2026-02893,55,HIGH,Multiple lenders; Repeated financing record
INV-2026-02894,0,LOW,
INV-2026-02895,10,LOW,High-value invoice
INV-2026-02896,10,LOW,High-value invoice
INV-2026-02897,5,LOW,Payment due date reached
INV-2026-02898,10,LOW,High-value invoice
INV-2026-02899,5,LOW,Payment due date reached
INV-2026-02900,10,LOW,High-value invoice
INV-2026-02901,0,LOW,
INV-2026-02902,5,LOW,Payment due date reached
INV-2026-02903,5,LOW,Payment due date reached
INV-2026-02904,15,LOW,High-value invoice; Payment due date reached
INV-2026-02905,5,LOW,Payment due date reached
INV-2026-02906,0,LOW,
INV-2026-02907,5,LOW,Payment due date reached
INV-2026-02908,5,LOW,Payment due date reached
INV-2026-02909,0,LOW,
INV-2026-02910,15,LOW,High-value invoice; Payment due date reached
INV-2026-02911,70,HIGH,Multiple lenders; Repeated financing record; High-value invoice; Payment due date reached
INV-2026-02912,15,LOW,High-value invoice; Payment due date reached
INV-2026-02913,60,HIGH,Multiple lenders; Repeated financing record; Payment due date reached
INV-2026-02914,5,LOW,Payment due date reached
INV-2026-02915,65,HIGH,Multiple lenders; Repeated financing record; High-value invoice
INV-2026-02916,70,HIGH,Multiple lenders; Repeated financing record; High-value invoice; Payment due date reached
INV-2026-02917,65,HIGH,Multiple lenders; Repeated financing record; High-value invoice
INV-2026-02918,10,LOW,High-value invoice
INV-2026-02919,5,LOW,Payment due date reached
INV-2026-02920,5,LOW,Payment due date reached
INV-2026-02921,5,LOW,Payment due date reached
INV-2026-02922,10,LOW,High-value invoice
INV-2026-02923,10,LOW,High-value invoice
INV-2026-02924,5,LOW,Payment due date reached
INV-2026-02925,65,HIGH,Multiple lenders; Repeated financing record; High-value invoice
INV-2026-02926,0,LOW,
INV-2026-02927,0,LOW,
INV-2026-02928,5,LOW,Payment due date reached
INV-2026-02929,10,LOW,High-value invoice
INV-2026-02930,5,LOW,Payment due date reached
INV-2026-02931,10,LOW,High-value invoice
INV-2026-02932,15,LOW,High-value invoice; Payment due date reached
INV-2026-02933,0,LOW,
INV-2026-02934,55,HIGH,Multiple lenders; Repeated financing record
INV-2026-02935,10,LOW,High-value invoice
INV-2026-02936,0,LOW,
INV-2026-02937,5,LOW,Payment due date reached
INV-2026-02938,0,LOW,
INV-2026-02939,0,LOW,
INV-2026-02940,15,LOW,High-value invoice; Payment due date reached
INV-2026-02941,10,LOW,High-value invoice
INV-2026-02942,5,LOW,Payment due date reached
INV-2026-02943,5,LOW,Payment due date reached
INV-2026-02944,5,LOW,Payment due date reached
INV-2026-02945,5,LOW,Payment due date reached
INV-2026-02946,0,LOW,
INV-2026-02947,0,LOW,
INV-2026-02948,15,LOW,High-value invoice; Payment due date reached
INV-2026-02949,15,LOW,High-value invoice; Payment due date reached
INV-2026-02950,55,HIGH,Multiple lenders; Repeated financing record
INV-2026-02951,15,LOW,High-value invoice; Payment due date reached
INV-2026-02952,70,HIGH,Multiple lenders; Repeated financing record; High-value invoice; Payment due date reached
INV-2026-02953,60,HIGH,Multiple lenders; Repeated financing record; Payment due date reached
INV-2026-02954,10,LOW,High-value invoice
INV-2026-02955,5,LOW,Payment due date reached
INV-2026-02956,5,LOW,Payment due date reached
INV-2026-02957,5,LOW,Payment due date reached
INV-2026-02958,0,LOW,
INV-2026-02959,15,LOW,High-value invoice; Payment due date reached
INV-2026-02960,5,LOW,Payment due date reached
INV-2026-02961,0,LOW,
INV-2026-02962,5,LOW,Payment due date reached
INV-2026-02963,5,LOW,Payment due date reached
INV-2026-02964,0,LOW,
INV-2026-02965,10,LOW,High-value invoice
INV-2026-02966,15,LOW,High-value invoice; Payment due date reached
INV-2026-02967,10,LOW,High-value invoice
INV-2026-02968,65,HIGH,Multiple lenders; Repeated financing record; High-value invoice
INV-2026-02969,0,LOW,
INV-2026-02970,60,HIGH,Multiple lenders; Repeated financing record; Payment due date reached
INV-2026-02971,65,HIGH,Multiple lenders; Repeated financing record; High-value invoice
INV-2026-02972,5,LOW,Payment due date reached
INV-2026-02973,0,LOW,
INV-2026-02974,0,LOW,
INV-2026-02975,60,HIGH,Multiple lenders; Repeated financing record; Payment due date reached
INV-2026-02976,0,LOW,
INV-2026-02977,0,LOW,
INV-2026-02978,15,LOW,High-value invoice; Payment due date reached
INV-2026-02979,0,LOW,
INV-2026-02980,65,HIGH,Multiple lenders; Repeated financing record; High-value invoice
INV-2026-02981,10,LOW,High-value invoice
INV-2026-02982,0,LOW,
INV-2026-02983,0,LOW,
INV-2026-02984,55,HIGH,Multiple lenders; Repeated financing record
INV-2026-02985,10,LOW,High-value invoice
INV-2026-02986,5,LOW,Payment due date reached
INV-2026-02987,0,LOW,
INV-2026-02988,5,LOW,Payment due date reached
INV-2026-02989,5,LOW,Payment due date reached
INV-2026-02990,60,HIGH,Multiple lenders; Repeated financing record; Payment due date reached
INV-2026-02991,10,LOW,High-value invoice
INV-2026-02992,60,HIGH,Multiple lenders; Repeated financing record; Payment due date reached
INV-2026-02993,70,HIGH,Multiple lenders; Repeated financing record; High-value invoice; Payment due date reached
INV-2026-02994,0,LOW,
INV-2026-02995,5,LOW,Payment due date reached
INV-2026-02996,10,LOW,High-value invoice
INV-2026-02997,15,LOW,High-value invoice; Payment due date reached
INV-2026-02998,55,HIGH,Multiple lenders; Repeated financing record
INV-2026-02999,0,LOW,
INV-2026-03000,0,LOW,
INV-2026-03001,15,LOW,High-value invoice; Payment due date reached
INV-2026-03002,15,LOW,High-value invoice; Payment due date reached
INV-2026-03003,15,LOW,High-value invoice; Payment due date reached
INV-2026-03004,55,HIGH,Multiple lenders; Repeated financing record
INV-2026-03005,10,LOW,High-value invoice
INV-2026-03006,5,LOW,Payment due date reached
INV-2026-03007,0,LOW,
INV-2026-03008,10,LOW,High-value invoice
INV-2026-03009,0,LOW,
INV-2026-03010,0,LOW,
INV-2026-03011,15,LOW,High-value invoice; Payment due date reached
INV-2026-03012,15,LOW,High-value invoice; Payment due date reached
INV-2026-03013,5,LOW,Payment due date reached
INV-2026-03014,0,LOW,
INV-2026-03015,80,HIGH,Multiple lenders; Repeated financing record; Multiple delivery-proof records; Payment due date reached
INV-2026-03016,65,HIGH,Multiple lenders; Repeated financing record; High-value invoice
INV-2026-03017,15,LOW,High-value invoice; Payment due date reached
INV-2026-03018,5,LOW,Payment due date reached
INV-2026-03019,15,LOW,High-value invoice; Payment due date reached
INV-2026-03020,10,LOW,High-value invoice
INV-2026-03021,55,HIGH,Multiple lenders; Repeated financing record
INV-2026-03022,15,LOW,High-value invoice; Payment due date reached
INV-2026-03023,5,LOW,Payment due date reached
INV-2026-03024,15,LOW,High-value invoice; Payment due date reached
INV-2026-03025,5,LOW,Payment due date reached
INV-2026-03026,0,LOW,
INV-2026-03027,15,LOW,High-value invoice; Payment due date reached
INV-2026-03028,80,HIGH,Multiple lenders; Repeated financing record; Multiple delivery-proof records; Payment due date reached
INV-2026-03029,60,HIGH,Multiple lenders; Repeated financing record; Payment due date reached
INV-2026-03030,5,LOW,Payment due date reached
INV-2026-03031,5,LOW,Payment due date reached
INV-2026-03032,10,LOW,High-value invoice
INV-2026-03033,10,LOW,High-value invoice
INV-2026-03034,15,LOW,High-value invoice; Payment due date reached
INV-2026-03035,0,LOW,
INV-2026-03036,60,HIGH,Multiple lenders; Repeated financing record; Payment due date reached
INV-2026-03037,15,LOW,High-value invoice; Payment due date reached
INV-2026-03038,10,LOW,High-value invoice
INV-2026-03039,15,LOW,High-value invoice; Payment due date reached
INV-2026-03040,5,LOW,Payment due date reached
INV-2026-03041,0,LOW,
INV-2026-03042,70,HIGH,Multiple lenders; Repeated financing record; High-value invoice; Payment due date reached
INV-2026-03043,0,LOW,
INV-2026-03044,5,LOW,Payment due date reached
INV-2026-03045,15,LOW,High-value invoice; Payment due date reached
INV-2026-03046,5,LOW,Payment due date reached
INV-2026-03047,55,HIGH,Multiple lenders; Repeated financing record
INV-2026-03048,5,LOW,Payment due date reached
INV-2026-03049,0,LOW,
INV-2026-03050,60,HIGH,Multiple lenders; Repeated financing record; Payment due date reached
INV-2026-03051,5,LOW,Payment due date reached
INV-2026-03052,0,LOW,
INV-2026-03053,5,LOW,Payment due date reached
INV-2026-03054,90,HIGH,Multiple lenders; Repeated financing record; Multiple delivery-proof records; High-value invoice; Payment due date reached
INV-2026-03055,15,LOW,High-value invoice; Payment due date reached
INV-2026-03056,0,LOW,
INV-2026-03057,5,LOW,Payment due date reached
INV-2026-03058,15,LOW,High-value invoice; Payment due date reached
INV-2026-03059,5,LOW,Payment due date reached
INV-2026-03060,15,LOW,High-value invoice; Payment due date reached
INV-2026-03061,5,LOW,Payment due date reached
INV-2026-03062,5,LOW,Payment due date reached
INV-2026-03063,15,LOW,High-value invoice; Payment due date reached
INV-2026-03064,5,LOW,Payment due date reached
INV-2026-03065,55,HIGH,Multiple lenders; Repeated financing record
INV-2026-03066,10,LOW,High-value invoice
INV-2026-03067,5,LOW,Payment due date reached
INV-2026-03068,0,LOW,
INV-2026-03069,0,LOW,
INV-2026-03070,5,LOW,Payment due date reached
INV-2026-03071,5,LOW,Payment due date reached
INV-2026-03072,0,LOW,
INV-2026-03073,0,LOW,
INV-2026-03074,15,LOW,High-value invoice; Payment due date reached
INV-2026-03075,15,LOW,High-value invoice; Payment due date reached
INV-2026-03076,55,HIGH,Multiple lenders; Repeated financing record
INV-2026-03077,0,LOW,
INV-2026-03078,5,LOW,Payment due date reached
INV-2026-03079,15,LOW,High-value invoice; Payment due date reached
INV-2026-03080,75,HIGH,Multiple lenders; Repeated financing record; Multiple delivery-proof records
INV-2026-03081,0,LOW,
INV-2026-03082,5,LOW,Payment due date reached
INV-2026-03083,55,HIGH,Multiple lenders; Repeated financing record
INV-2026-03084,0,LOW,
INV-2026-03085,15,LOW,High-value invoice; Payment due date reached
INV-2026-03086,15,LOW,High-value invoice; Payment due date reached
INV-2026-03087,0,LOW,
INV-2026-03088,0,LOW,
INV-2026-03089,10,LOW,High-value invoice
INV-2026-03090,0,LOW,
INV-2026-03091,5,LOW,Payment due date reached
INV-2026-03092,10,LOW,High-value invoice
INV-2026-03093,0,LOW,
INV-2026-03094,0,LOW,
INV-2026-03095,5,LOW,Payment due date reached
INV-2026-03096,10,LOW,High-value invoice
INV-2026-03097,0,LOW,
INV-2026-03098,5,LOW,Payment due date reached
INV-2026-03099,0,LOW,
INV-2026-03100,10,LOW,High-value invoice
INV-2026-03101,0,LOW,
INV-2026-03102,5,LOW,Payment due date reached
INV-2026-03103,10,LOW,High-value invoice
INV-2026-03104,55,HIGH,Multiple lenders; Repeated financing record
INV-2026-03105,0,LOW,
INV-2026-03106,0,LOW,
INV-2026-03107,5,LOW,Payment due date reached
INV-2026-03108,10,LOW,High-value invoice
INV-2026-03109,0,LOW,
INV-2026-03110,15,LOW,High-value invoice; Payment due date reached
INV-2026-03111,65,HIGH,Multiple lenders; Repeated financing record; High-value invoice
INV-2026-03112,15,LOW,High-value invoice; Payment due date reached
INV-2026-03113,75,HIGH,Multiple lenders; Repeated financing record; Multiple delivery-proof records
INV-2026-03114,70,HIGH,Multiple lenders; Repeated financing record; High-value invoice; Payment due date reached
INV-2026-03115,60,HIGH,Multiple lenders; Repeated financing record; Payment due date reached
INV-2026-03116,70,HIGH,Multiple lenders; Repeated financing record; High-value invoice; Payment due date reached
INV-2026-03117,15,LOW,High-value invoice; Payment due date reached
INV-2026-03118,80,HIGH,Multiple lenders; Repeated financing record; Multiple delivery-proof records; Payment due date reached
INV-2026-03119,15,LOW,High-value invoice; Payment due date reached
INV-2026-03120,5,LOW,Payment due date reached
INV-2026-03121,5,LOW,Payment due date reached
INV-2026-03122,0,LOW,
INV-2026-03123,55,HIGH,Multiple lenders; Repeated financing record
INV-2026-03124,5,LOW,Payment due date reached
INV-2026-03125,15,LOW,High-value invoice; Payment due date reached
INV-2026-03126,5,LOW,Payment due date reached
INV-2026-03127,5,LOW,Payment due date reached
INV-2026-03128,60,HIGH,Multiple lenders; Repeated financing record; Payment due date reached
INV-2026-03129,80,HIGH,Multiple lenders; Repeated financing record; Multiple delivery-proof records; Payment due date reached
INV-2026-03130,5,LOW,Payment due date reached
INV-2026-03131,10,LOW,High-value invoice
INV-2026-03132,0,LOW,
INV-2026-03133,15,LOW,High-value invoice; Payment due date reached
INV-2026-03134,55,HIGH,Multiple lenders; Repeated financing record
INV-2026-03135,15,LOW,High-value invoice; Payment due date reached
INV-2026-03136,5,LOW,Payment due date reached
INV-2026-03137,10,LOW,High-value invoice
INV-2026-03138,5,LOW,Payment due date reached
INV-2026-03139,5,LOW,Payment due date reached
INV-2026-03140,55,HIGH,Multiple lenders; Repeated financing record
INV-2026-03141,0,LOW,
INV-2026-03142,10,LOW,High-value invoice
INV-2026-03143,0,LOW,
INV-2026-03144,55,HIGH,Multiple lenders; Repeated financing record
INV-2026-03145,5,LOW,Payment due date reached
INV-2026-03146,0,LOW,
INV-2026-03147,70,HIGH,Multiple lenders; Repeated financing record; High-value invoice; Payment due date reached
INV-2026-03148,15,LOW,High-value invoice; Payment due date reached
INV-2026-03149,60,HIGH,Multiple lenders; Repeated financing record; Payment due date reached
INV-2026-03150,0,LOW,
INV-2026-03151,5,LOW,Payment due date reached
INV-2026-03152,0,LOW,
INV-2026-03153,10,LOW,High-value invoice
INV-2026-03154,10,LOW,High-value invoice
INV-2026-03155,5,LOW,Payment due date reached
INV-2026-03156,70,HIGH,Multiple lenders; Repeated financing record; High-value invoice; Payment due date reached
INV-2026-03157,15,LOW,High-value invoice; Payment due date reached
INV-2026-03158,65,HIGH,Multiple lenders; Repeated financing record; High-value invoice
INV-2026-03159,0,LOW,
INV-2026-03160,5,LOW,Payment due date reached
INV-2026-03161,10,LOW,High-value invoice
INV-2026-03162,15,LOW,High-value invoice; Payment due date reached
INV-2026-03163,70,HIGH,Multiple lenders; Repeated financing record; High-value invoice; Payment due date reached
INV-2026-03164,15,LOW,High-value invoice; Payment due date reached
INV-2026-03165,0,LOW,
INV-2026-03166,0,LOW,
INV-2026-03167,10,LOW,High-value invoice
INV-2026-03168,10,LOW,High-value invoice
INV-2026-03169,5,LOW,Payment due date reached
INV-2026-03170,5,LOW,Payment due date reached
INV-2026-03171,10,LOW,High-value invoice
INV-2026-03172,70,HIGH,Multiple lenders; Repeated financing record; High-value invoice; Payment due date reached
INV-2026-03173,0,LOW,
INV-2026-03174,5,LOW,Payment due date reached
INV-2026-03175,65,HIGH,Multiple lenders; Repeated financing record; High-value invoice
INV-2026-03176,15,LOW,High-value invoice; Payment due date reached
INV-2026-03177,15,LOW,High-value invoice; Payment due date reached
INV-2026-03178,60,HIGH,Multiple lenders; Repeated financing record; Payment due date reached
INV-2026-03179,0,LOW,
INV-2026-03180,10,LOW,High-value invoice
INV-2026-03181,5,LOW,Payment due date reached
INV-2026-03182,70,HIGH,Multiple lenders; Repeated financing record; High-value invoice; Payment due date reached
INV-2026-03183,0,LOW,
INV-2026-03184,15,LOW,High-value invoice; Payment due date reached
INV-2026-03185,15,LOW,High-value invoice; Payment due date reached
INV-2026-03186,5,LOW,Payment due date reached
INV-2026-03187,10,LOW,High-value invoice
INV-2026-03188,10,LOW,High-value invoice
INV-2026-03189,60,HIGH,Multiple lenders; Repeated financing record; Payment due date reached
INV-2026-03190,10,LOW,High-value invoice
INV-2026-03191,0,LOW,
INV-2026-03192,70,HIGH,Multiple lenders; Repeated financing record; High-value invoice; Payment due date reached
INV-2026-03193,15,LOW,High-value invoice; Payment due date reached
INV-2026-03194,5,LOW,Payment due date reached
INV-2026-03195,10,LOW,High-value invoice
INV-2026-03196,0,LOW,
INV-2026-03197,10,LOW,High-value invoice
INV-2026-03198,5,LOW,Payment due date reached
INV-2026-03199,0,LOW,
INV-2026-03200,5,LOW,Payment due date reached
INV-2026-03201,5,LOW,Payment due date reached
INV-2026-03202,0,LOW,
INV-2026-03203,10,LOW,High-value invoice
INV-2026-03204,10,LOW,High-value invoice
INV-2026-03205,10,LOW,High-value invoice
INV-2026-03206,0,LOW,
INV-2026-03207,15,LOW,High-value invoice; Payment due date reached
INV-2026-03208,5,LOW,Payment due date reached
INV-2026-03209,5,LOW,Payment due date reached
INV-2026-03210,60,HIGH,Multiple lenders; Repeated financing record; Payment due date reached
INV-2026-03211,70,HIGH,Multiple lenders; Repeated financing record; High-value invoice; Payment due date reached
INV-2026-03212,5,LOW,Payment due date reached
INV-2026-03213,60,HIGH,Multiple lenders; Repeated financing record; Payment due date reached
INV-2026-03214,0,LOW,
INV-2026-03215,10,LOW,High-value invoice
INV-2026-03216,5,LOW,Payment due date reached
INV-2026-03217,10,LOW,High-value invoice
INV-2026-03218,55,HIGH,Multiple lenders; Repeated financing record
INV-2026-03219,0,LOW,
INV-2026-03220,5,LOW,Payment due date reached
INV-2026-03221,5,LOW,Payment due date reached
INV-2026-03222,55,HIGH,Multiple lenders; Repeated financing record
INV-2026-03223,5,LOW,Payment due date reached
INV-2026-03224,10,LOW,High-value invoice
INV-2026-03225,5,LOW,Payment due date reached
INV-2026-03226,10,LOW,High-value invoice
INV-2026-03227,5,LOW,Payment due date reached
INV-2026-03228,15,LOW,High-value invoice; Payment due date reached
INV-2026-03229,0,LOW,
INV-2026-03230,10,LOW,High-value invoice
INV-2026-03231,15,LOW,High-value invoice; Payment due date reached
INV-2026-03232,10,LOW,High-value invoice
INV-2026-03233,55,HIGH,Multiple lenders; Repeated financing record
INV-2026-03234,10,LOW,High-value invoice
INV-2026-03235,70,HIGH,Multiple lenders; Repeated financing record; High-value invoice; Payment due date reached
INV-2026-03236,15,LOW,High-value invoice; Payment due date reached
INV-2026-03237,5,LOW,Payment due date reached
INV-2026-03238,0,LOW,
INV-2026-03239,5,LOW,Payment due date reached
INV-2026-03240,15,LOW,High-value invoice; Payment due date reached
INV-2026-03241,55,HIGH,Multiple lenders; Repeated financing record
INV-2026-03242,5,LOW,Payment due date reached
INV-2026-03243,5,LOW,Payment due date reached
INV-2026-03244,5,LOW,Payment due date reached
INV-2026-03245,0,LOW,
INV-2026-03246,5,LOW,Payment due date reached
INV-2026-03247,0,LOW,
INV-2026-03248,15,LOW,High-value invoice; Payment due date reached
INV-2026-03249,10,LOW,High-value invoice
INV-2026-03250,15,LOW,High-value invoice; Payment due date reached
INV-2026-03251,0,LOW,
INV-2026-03252,5,LOW,Payment due date reached
INV-2026-03253,5,LOW,Payment due date reached
INV-2026-03254,0,LOW,
INV-2026-03255,0,LOW,
INV-2026-03256,10,LOW,High-value invoice
INV-2026-03257,0,LOW,
INV-2026-03258,5,LOW,Payment due date reached
INV-2026-03259,0,LOW,
INV-2026-03260,5,LOW,Payment due date reached
INV-2026-03261,10,LOW,High-value invoice
INV-2026-03262,10,LOW,High-value invoice
INV-2026-03263,5,LOW,Payment due date reached
INV-2026-03264,70,HIGH,Multiple lenders; Repeated financing record; High-value invoice; Payment due date reached
INV-2026-03265,15,LOW,High-value invoice; Payment due date reached
INV-2026-03266,0,LOW,
INV-2026-03267,0,LOW,
INV-2026-03268,15,LOW,High-value invoice; Payment due date reached
INV-2026-03269,0,LOW,
INV-2026-03270,5,LOW,Payment due date reached
INV-2026-03271,0,LOW,
INV-2026-03272,15,LOW,High-value invoice; Payment due date reached
INV-2026-03273,10,LOW,High-value invoice
INV-2026-03274,60,HIGH,Multiple lenders; Repeated financing record; Payment due date reached
INV-2026-03275,15,LOW,High-value invoice; Payment due date reached
INV-2026-03276,15,LOW,High-value invoice; Payment due date reached
INV-2026-03277,15,LOW,High-value invoice; Payment due date reached
INV-2026-03278,0,LOW,
INV-2026-03279,5,LOW,Payment due date reached
INV-2026-03280,0,LOW,
INV-2026-03281,0,LOW,
INV-2026-03282,5,LOW,Payment due date reached
INV-2026-03283,15,LOW,High-value invoice; Payment due date reached
INV-2026-03284,0,LOW,
INV-2026-03285,5,LOW,Payment due date reached
INV-2026-03286,0,LOW,
INV-2026-03287,5,LOW,Payment due date reached
INV-2026-03288,5,LOW,Payment due date reached
INV-2026-03289,15,LOW,High-value invoice; Payment due date reached
INV-2026-03290,5,LOW,Payment due date reached
INV-2026-03291,5,LOW,Payment due date reached
INV-2026-03292,0,LOW,
INV-2026-03293,15,LOW,High-value invoice; Payment due date reached
INV-2026-03294,0,LOW,
INV-2026-03295,15,LOW,High-value invoice; Payment due date reached
INV-2026-03296,0,LOW,
INV-2026-03297,0,LOW,
INV-2026-03298,15,LOW,High-value invoice; Payment due date reached
INV-2026-03299,10,LOW,High-value invoice
INV-2026-03300,0,LOW,
INV-2026-03301,15,LOW,High-value invoice; Payment due date reached
INV-2026-03302,15,LOW,High-value invoice; Payment due date reached
INV-2026-03303,0,LOW,
INV-2026-03304,10,LOW,High-value invoice
INV-2026-03305,0,LOW,
INV-2026-03306,10,LOW,High-value invoice
INV-2026-03307,15,LOW,High-value invoice; Payment due date reached
INV-2026-03308,65,HIGH,Multiple lenders; Repeated financing record; High-value invoice
INV-2026-03309,0,LOW,
INV-2026-03310,5,LOW,Payment due date reached
INV-2026-03311,75,HIGH,Multiple lenders; Repeated financing record; Multiple delivery-proof records
INV-2026-03312,0,LOW,
INV-2026-03313,0,LOW,
INV-2026-03314,60,HIGH,Multiple lenders; Repeated financing record; Payment due date reached
INV-2026-03315,5,LOW,Payment due date reached
INV-2026-03316,60,HIGH,Multiple lenders; Repeated financing record; Payment due date reached
INV-2026-03317,15,LOW,High-value invoice; Payment due date reached
INV-2026-03318,5,LOW,Payment due date reached
INV-2026-03319,10,LOW,High-value invoice
INV-2026-03320,10,LOW,High-value invoice
INV-2026-03321,0,LOW,
INV-2026-03322,0,LOW,
INV-2026-03323,5,LOW,Payment due date reached
INV-2026-03324,10,LOW,High-value invoice
INV-2026-03325,15,LOW,High-value invoice; Payment due date reached
INV-2026-03326,0,LOW,
INV-2026-03327,15,LOW,High-value invoice; Payment due date reached
INV-2026-03328,10,LOW,High-value invoice
INV-2026-03329,5,LOW,Payment due date reached
INV-2026-03330,60,HIGH,Multiple lenders; Repeated financing record; Payment due date reached
INV-2026-03331,70,HIGH,Multiple lenders; Repeated financing record; High-value invoice; Payment due date reached
INV-2026-03332,0,LOW,
INV-2026-03333,60,HIGH,Multiple lenders; Repeated financing record; Payment due date reached
INV-2026-03334,15,LOW,High-value invoice; Payment due date reached
INV-2026-03335,0,LOW,
INV-2026-03336,0,LOW,
INV-2026-03337,15,LOW,High-value invoice; Payment due date reached
INV-2026-03338,5,LOW,Payment due date reached
INV-2026-03339,75,HIGH,Multiple lenders; Repeated financing record; Multiple delivery-proof records
INV-2026-03340,10,LOW,High-value invoice
INV-2026-03341,0,LOW,
INV-2026-03342,5,LOW,Payment due date reached
INV-2026-03343,10,LOW,High-value invoice
INV-2026-03344,10,LOW,High-value invoice
INV-2026-03345,70,HIGH,Multiple lenders; Repeated financing record; High-value invoice; Payment due date reached
INV-2026-03346,10,LOW,High-value invoice
INV-2026-03347,0,LOW,
INV-2026-03348,5,LOW,Payment due date reached
INV-2026-03349,0,LOW,
INV-2026-03350,5,LOW,Payment due date reached
INV-2026-03351,5,LOW,Payment due date reached
INV-2026-03352,10,LOW,High-value invoice
INV-2026-03353,65,HIGH,Multiple lenders; Repeated financing record; High-value invoice
INV-2026-03354,15,LOW,High-value invoice; Payment due date reached
INV-2026-03355,0,LOW,
INV-2026-03356,10,LOW,High-value invoice
INV-2026-03357,60,HIGH,Multiple lenders; Repeated financing record; Payment due date reached
INV-2026-03358,0,LOW,
INV-2026-03359,0,LOW,
INV-2026-03360,10,LOW,High-value invoice
INV-2026-03361,5,LOW,Payment due date reached
INV-2026-03362,5,LOW,Payment due date reached
INV-2026-03363,15,LOW,High-value invoice; Payment due date reached
INV-2026-03364,5,LOW,Payment due date reached
INV-2026-03365,5,LOW,Payment due date reached
INV-2026-03366,0,LOW,
INV-2026-03367,5,LOW,Payment due date reached
INV-2026-03368,15,LOW,High-value invoice; Payment due date reached
INV-2026-03369,0,LOW,
INV-2026-03370,55,HIGH,Multiple lenders; Repeated financing record
INV-2026-03371,0,LOW,
INV-2026-03372,55,HIGH,Multiple lenders; Repeated financing record
INV-2026-03373,5,LOW,Payment due date reached
INV-2026-03374,5,LOW,Payment due date reached
INV-2026-03375,10,LOW,High-value invoice
INV-2026-03376,0,LOW,
INV-2026-03377,5,LOW,Payment due date reached
INV-2026-03378,0,LOW,
INV-2026-03379,60,HIGH,Multiple lenders; Repeated financing record; Payment due date reached
INV-2026-03380,10,LOW,High-value invoice
INV-2026-03381,0,LOW,
INV-2026-03382,55,HIGH,Multiple lenders; Repeated financing record
INV-2026-03383,10,LOW,High-value invoice
INV-2026-03384,15,LOW,High-value invoice; Payment due date reached
INV-2026-03385,15,LOW,High-value invoice; Payment due date reached
INV-2026-03386,15,LOW,High-value invoice; Payment due date reached
INV-2026-03387,5,LOW,Payment due date reached
INV-2026-03388,5,LOW,Payment due date reached
INV-2026-03389,70,HIGH,Multiple lenders; Repeated financing record; High-value invoice; Payment due date reached
INV-2026-03390,15,LOW,High-value invoice; Payment due date reached
INV-2026-03391,10,LOW,High-value invoice
INV-2026-03392,80,HIGH,Multiple lenders; Repeated financing record; Multiple delivery-proof records; Payment due date reached
INV-2026-03393,15,LOW,High-value invoice; Payment due date reached
INV-2026-03394,10,LOW,High-value invoice
INV-2026-03395,5,LOW,Payment due date reached
INV-2026-03396,0,LOW,
INV-2026-03397,10,LOW,High-value invoice
INV-2026-03398,60,HIGH,Multiple lenders; Repeated financing record; Payment due date reached
INV-2026-03399,5,LOW,Payment due date reached
INV-2026-03400,10,LOW,High-value invoice
INV-2026-03401,5,LOW,Payment due date reached
INV-2026-03402,5,LOW,Payment due date reached
INV-2026-03403,15,LOW,High-value invoice; Payment due date reached
INV-2026-03404,70,HIGH,Multiple lenders; Repeated financing record; High-value invoice; Payment due date reached
INV-2026-03405,5,LOW,Payment due date reached
INV-2026-03406,0,LOW,
INV-2026-03407,10,LOW,High-value invoice
INV-2026-03408,15,LOW,High-value invoice; Payment due date reached
INV-2026-03409,5,LOW,Payment due date reached
INV-2026-03410,15,LOW,High-value invoice; Payment due date reached
INV-2026-03411,0,LOW,
INV-2026-03412,15,LOW,High-value invoice; Payment due date reached
INV-2026-03413,15,LOW,High-value invoice; Payment due date reached
INV-2026-03414,15,LOW,High-value invoice; Payment due date reached
INV-2026-03415,5,LOW,Payment due date reached
INV-2026-03416,65,HIGH,Multiple lenders; Repeated financing record; High-value invoice
INV-2026-03417,15,LOW,High-value invoice; Payment due date reached
INV-2026-03418,10,LOW,High-value invoice
INV-2026-03419,15,LOW,High-value invoice; Payment due date reached
INV-2026-03420,5,LOW,Payment due date reached
INV-2026-03421,10,LOW,High-value invoice
INV-2026-03422,15,LOW,High-value invoice; Payment due date reached
INV-2026-03423,10,LOW,High-value invoice
INV-2026-03424,60,HIGH,Multiple lenders; Repeated financing record; Payment due date reached
INV-2026-03425,15,LOW,High-value invoice; Payment due date reached
INV-2026-03426,15,LOW,High-value invoice; Payment due date reached
INV-2026-03427,5,LOW,Payment due date reached
INV-2026-03428,5,LOW,Payment due date reached
INV-2026-03429,0,LOW,
INV-2026-03430,15,LOW,High-value invoice; Payment due date reached
INV-2026-03431,5,LOW,Payment due date reached
INV-2026-03432,0,LOW,
INV-2026-03433,10,LOW,High-value invoice
INV-2026-03434,5,LOW,Payment due date reached
INV-2026-03435,55,HIGH,Multiple lenders; Repeated financing record
INV-2026-03436,10,LOW,High-value invoice
INV-2026-03437,15,LOW,High-value invoice; Payment due date reached
INV-2026-03438,0,LOW,
INV-2026-03439,5,LOW,Payment due date reached
INV-2026-03440,5,LOW,Payment due date reached
INV-2026-03441,5,LOW,Payment due date reached
INV-2026-03442,5,LOW,Payment due date reached
INV-2026-03443,5,LOW,Payment due date reached
INV-2026-03444,0,LOW,
INV-2026-03445,5,LOW,Payment due date reached
INV-2026-03446,10,LOW,High-value invoice
INV-2026-03447,15,LOW,High-value invoice; Payment due date reached
INV-2026-03448,5,LOW,Payment due date reached
INV-2026-03449,10,LOW,High-value invoice
INV-2026-03450,5,LOW,Payment due date reached
INV-2026-03451,0,LOW,
INV-2026-03452,15,LOW,High-value invoice; Payment due date reached
INV-2026-03453,5,LOW,Payment due date reached
INV-2026-03454,5,LOW,Payment due date reached
INV-2026-03455,5,LOW,Payment due date reached
INV-2026-03456,5,LOW,Payment due date reached
INV-2026-03457,0,LOW,
INV-2026-03458,10,LOW,High-value invoice
INV-2026-03459,60,HIGH,Multiple lenders; Repeated financing record; Payment due date reached
INV-2026-03460,0,LOW,
INV-2026-03461,10,LOW,High-value invoice
INV-2026-03462,65,HIGH,Multiple lenders; Repeated financing record; High-value invoice
INV-2026-03463,15,LOW,High-value invoice; Payment due date reached
INV-2026-03464,0,LOW,
INV-2026-03465,10,LOW,High-value invoice
INV-2026-03466,15,LOW,High-value invoice; Payment due date reached
INV-2026-03467,70,HIGH,Multiple lenders; Repeated financing record; High-value invoice; Payment due date reached
INV-2026-03468,5,LOW,Payment due date reached
INV-2026-03469,15,LOW,High-value invoice; Payment due date reached
INV-2026-03470,10,LOW,High-value invoice
INV-2026-03471,15,LOW,High-value invoice; Payment due date reached
INV-2026-03472,10,LOW,High-value invoice
INV-2026-03473,5,LOW,Payment due date reached
INV-2026-03474,15,LOW,High-value invoice; Payment due date reached
INV-2026-03475,0,LOW,
INV-2026-03476,10,LOW,High-value invoice
INV-2026-03477,0,LOW,
INV-2026-03478,5,LOW,Payment due date reached
INV-2026-03479,5,LOW,Payment due date reached
INV-2026-03480,0,LOW,
INV-2026-03481,15,LOW,High-value invoice; Payment due date reached
INV-2026-03482,5,LOW,Payment due date reached
INV-2026-03483,5,LOW,Payment due date reached
INV-2026-03484,15,LOW,High-value invoice; Payment due date reached
INV-2026-03485,5,LOW,Payment due date reached
INV-2026-03486,0,LOW,
INV-2026-03487,10,LOW,High-value invoice
INV-2026-03488,0,LOW,
INV-2026-03489,5,LOW,Payment due date reached
INV-2026-03490,70,HIGH,Multiple lenders; Repeated financing record; High-value invoice; Payment due date reached
INV-2026-03491,5,LOW,Payment due date reached
INV-2026-03492,10,LOW,High-value invoice
INV-2026-03493,55,HIGH,Multiple lenders; Repeated financing record
INV-2026-03494,0,LOW,
INV-2026-03495,10,LOW,High-value invoice
INV-2026-03496,10,LOW,High-value invoice
INV-2026-03497,55,HIGH,Multiple lenders; Repeated financing record
INV-2026-03498,15,LOW,High-value invoice; Payment due date reached
INV-2026-03499,0,LOW,
INV-2026-03500,15,LOW,High-value invoice; Payment due date reached
INV-2026-03501,0,LOW,
INV-2026-03502,5,LOW,Payment due date reached
INV-2026-03503,0,LOW,
INV-2026-03504,0,LOW,
INV-2026-03505,15,LOW,High-value invoice; Payment due date reached
INV-2026-03506,5,LOW,Payment due date reached
INV-2026-03507,5,LOW,Payment due date reached
INV-2026-03508,5,LOW,Payment due date reached
INV-2026-03509,65,HIGH,Multiple lenders; Repeated financing record; High-value invoice
INV-2026-03510,5,LOW,Payment due date reached
INV-2026-03511,0,LOW,
INV-2026-03512,0,LOW,
INV-2026-03513,55,HIGH,Multiple lenders; Repeated financing record
INV-2026-03514,60,HIGH,Multiple lenders; Repeated financing record; Payment due date reached
INV-2026-03515,0,LOW,
INV-2026-03516,60,HIGH,Multiple lenders; Repeated financing record; Payment due date reached
INV-2026-03517,15,LOW,High-value invoice; Payment due date reached
INV-2026-03518,15,LOW,High-value invoice; Payment due date reached
INV-2026-03519,0,LOW,
INV-2026-03520,10,LOW,High-value invoice
INV-2026-03521,10,LOW,High-value invoice
INV-2026-03522,5,LOW,Payment due date reached
INV-2026-03523,5,LOW,Payment due date reached
INV-2026-03524,10,LOW,High-value invoice
INV-2026-03525,15,LOW,High-value invoice; Payment due date reached
INV-2026-03526,5,LOW,Payment due date reached
INV-2026-03527,15,LOW,High-value invoice; Payment due date reached
INV-2026-03528,0,LOW,
INV-2026-03529,15,LOW,High-value invoice; Payment due date reached
INV-2026-03530,0,LOW,
INV-2026-03531,60,HIGH,Multiple lenders; Repeated financing record; Payment due date reached
INV-2026-03532,5,LOW,Payment due date reached
INV-2026-03533,15,LOW,High-value invoice; Payment due date reached
INV-2026-03534,10,LOW,High-value invoice
INV-2026-03535,0,LOW,
INV-2026-03536,0,LOW,
INV-2026-03537,15,LOW,High-value invoice; Payment due date reached
INV-2026-03538,5,LOW,Payment due date reached
INV-2026-03539,5,LOW,Payment due date reached
INV-2026-03540,5,LOW,Payment due date reached
INV-2026-03541,0,LOW,
INV-2026-03542,5,LOW,Payment due date reached
INV-2026-03543,0,LOW,
INV-2026-03544,0,LOW,
INV-2026-03545,55,HIGH,Multiple lenders; Repeated financing record
INV-2026-03546,10,LOW,High-value invoice
INV-2026-03547,5,LOW,Payment due date reached
INV-2026-03548,5,LOW,Payment due date reached
INV-2026-03549,0,LOW,
INV-2026-03550,0,LOW,
INV-2026-03551,5,LOW,Payment due date reached
INV-2026-03552,0,LOW,
INV-2026-03553,0,LOW,
INV-2026-03554,0,LOW,
INV-2026-03555,5,LOW,Payment due date reached
INV-2026-03556,0,LOW,
INV-2026-03557,60,HIGH,Multiple lenders; Repeated financing record; Payment due date reached
INV-2026-03558,10,LOW,High-value invoice
INV-2026-03559,10,LOW,High-value invoice
INV-2026-03560,65,HIGH,Multiple lenders; Repeated financing record; High-value invoice
INV-2026-03561,10,LOW,High-value invoice
INV-2026-03562,5,LOW,Payment due date reached
INV-2026-03563,0,LOW,
INV-2026-03564,15,LOW,High-value invoice; Payment due date reached
INV-2026-03565,0,LOW,
INV-2026-03566,5,LOW,Payment due date reached
INV-2026-03567,5,LOW,Payment due date reached
INV-2026-03568,70,HIGH,Multiple lenders; Repeated financing record; High-value invoice; Payment due date reached
INV-2026-03569,10,LOW,High-value invoice
INV-2026-03570,0,LOW,
INV-2026-03571,5,LOW,Payment due date reached
INV-2026-03572,65,HIGH,Multiple lenders; Repeated financing record; High-value invoice
INV-2026-03573,5,LOW,Payment due date reached
INV-2026-03574,70,HIGH,Multiple lenders; Repeated financing record; High-value invoice; Payment due date reached
INV-2026-03575,10,LOW,High-value invoice
INV-2026-03576,15,LOW,High-value invoice; Payment due date reached
INV-2026-03577,10,LOW,High-value invoice
INV-2026-03578,65,HIGH,Multiple lenders; Repeated financing record; High-value invoice
INV-2026-03579,5,LOW,Payment due date reached
INV-2026-03580,15,LOW,High-value invoice; Payment due date reached
INV-2026-03581,5,LOW,Payment due date reached
INV-2026-03582,55,HIGH,Multiple lenders; Repeated financing record
INV-2026-03583,0,LOW,
INV-2026-03584,15,LOW,High-value invoice; Payment due date reached
INV-2026-03585,5,LOW,Payment due date reached
INV-2026-03586,5,LOW,Payment due date reached
INV-2026-03587,15,LOW,High-value invoice; Payment due date reached
INV-2026-03588,5,LOW,Payment due date reached
INV-2026-03589,5,LOW,Payment due date reached
INV-2026-03590,0,LOW,
INV-2026-03591,55,HIGH,Multiple lenders; Repeated financing record
INV-2026-03592,10,LOW,High-value invoice
INV-2026-03593,0,LOW,
INV-2026-03594,15,LOW,High-value invoice; Payment due date reached
INV-2026-03595,5,LOW,Payment due date reached
INV-2026-03596,10,LOW,High-value invoice
INV-2026-03597,0,LOW,
INV-2026-03598,10,LOW,High-value invoice
INV-2026-03599,10,LOW,High-value invoice
INV-2026-03600,15,LOW,High-value invoice; Payment due date reached
INV-2026-03601,70,HIGH,Multiple lenders; Repeated financing record; High-value invoice; Payment due date reached
INV-2026-03602,60,HIGH,Multiple lenders; Repeated financing record; Payment due date reached
INV-2026-03603,5,LOW,Payment due date reached
INV-2026-03604,5,LOW,Payment due date reached
INV-2026-03605,5,LOW,Payment due date reached
INV-2026-03606,5,LOW,Payment due date reached
INV-2026-03607,70,HIGH,Multiple lenders; Repeated financing record; High-value invoice; Payment due date reached
INV-2026-03608,65,HIGH,Multiple lenders; Repeated financing record; High-value invoice
INV-2026-03609,0,LOW,
INV-2026-03610,15,LOW,High-value invoice; Payment due date reached
INV-2026-03611,15,LOW,High-value invoice; Payment due date reached
INV-2026-03612,0,LOW,
INV-2026-03613,5,LOW,Payment due date reached
INV-2026-03614,0,LOW,
INV-2026-03615,60,HIGH,Multiple lenders; Repeated financing record; Payment due date reached
INV-2026-03616,70,HIGH,Multiple lenders; Repeated financing record; High-value invoice; Payment due date reached
INV-2026-03617,15,LOW,High-value invoice; Payment due date reached
INV-2026-03618,0,LOW,
INV-2026-03619,15,LOW,High-value invoice; Payment due date reached
INV-2026-03620,0,LOW,
INV-2026-03621,55,HIGH,Multiple lenders; Repeated financing record
INV-2026-03622,60,HIGH,Multiple lenders; Repeated financing record; Payment due date reached
INV-2026-03623,5,LOW,Payment due date reached
INV-2026-03624,10,LOW,High-value invoice
INV-2026-03625,0,LOW,
INV-2026-03626,0,LOW,
INV-2026-03627,0,LOW,
INV-2026-03628,5,LOW,Payment due date reached
INV-2026-03629,0,LOW,
INV-2026-03630,5,LOW,Payment due date reached
INV-2026-03631,70,HIGH,Multiple lenders; Repeated financing record; High-value invoice; Payment due date reached
INV-2026-03632,55,HIGH,Multiple lenders; Repeated financing record
INV-2026-03633,0,LOW,
INV-2026-03634,15,LOW,High-value invoice; Payment due date reached
INV-2026-03635,5,LOW,Payment due date reached
INV-2026-03636,10,LOW,High-value invoice
INV-2026-03637,0,LOW,
INV-2026-03638,5,LOW,Payment due date reached
INV-2026-03639,90,HIGH,Multiple lenders; Repeated financing record; Multiple delivery-proof records; High-value invoice; Payment due date reached
INV-2026-03640,60,HIGH,Multiple lenders; Repeated financing record; Payment due date reached
INV-2026-03641,0,LOW,
INV-2026-03642,10,LOW,High-value invoice
INV-2026-03643,0,LOW,
INV-2026-03644,0,LOW,
INV-2026-03645,5,LOW,Payment due date reached
INV-2026-03646,10,LOW,High-value invoice
INV-2026-03647,65,HIGH,Multiple lenders; Repeated financing record; High-value invoice
INV-2026-03648,5,LOW,Payment due date reached
INV-2026-03649,5,LOW,Payment due date reached
INV-2026-03650,60,HIGH,Multiple lenders; Repeated financing record; Payment due date reached
INV-2026-03651,15,LOW,High-value invoice; Payment due date reached
INV-2026-03652,15,LOW,High-value invoice; Payment due date reached
INV-2026-03653,10,LOW,High-value invoice
INV-2026-03654,15,LOW,High-value invoice; Payment due date reached
INV-2026-03655,15,LOW,High-value invoice; Payment due date reached
INV-2026-03656,10,LOW,High-value invoice
INV-2026-03657,15,LOW,High-value invoice; Payment due date reached
INV-2026-03658,0,LOW,
INV-2026-03659,0,LOW,
INV-2026-03660,0,LOW,
INV-2026-03661,5,LOW,Payment due date reached
INV-2026-03662,10,LOW,High-value invoice
INV-2026-03663,5,LOW,Payment due date reached
INV-2026-03664,5,LOW,Payment due date reached
INV-2026-03665,5,LOW,Payment due date reached
INV-2026-03666,5,LOW,Payment due date reached
INV-2026-03667,15,LOW,High-value invoice; Payment due date reached
INV-2026-03668,55,HIGH,Multiple lenders; Repeated financing record
INV-2026-03669,15,LOW,High-value invoice; Payment due date reached
INV-2026-03670,0,LOW,
INV-2026-03671,0,LOW,
INV-2026-03672,15,LOW,High-value invoice; Payment due date reached
INV-2026-03673,70,HIGH,Multiple lenders; Repeated financing record; High-value invoice; Payment due date reached
INV-2026-03674,55,HIGH,Multiple lenders; Repeated financing record
INV-2026-03675,0,LOW,
INV-2026-03676,10,LOW,High-value invoice
INV-2026-03677,70,HIGH,Multiple lenders; Repeated financing record; High-value invoice; Payment due date reached
INV-2026-03678,5,LOW,Payment due date reached
INV-2026-03679,0,LOW,
INV-2026-03680,15,LOW,High-value invoice; Payment due date reached
INV-2026-03681,10,LOW,High-value invoice
INV-2026-03682,10,LOW,High-value invoice
INV-2026-03683,10,LOW,High-value invoice
INV-2026-03684,0,LOW,
INV-2026-03685,5,LOW,Payment due date reached
INV-2026-03686,10,LOW,High-value invoice
INV-2026-03687,15,LOW,High-value invoice; Payment due date reached
INV-2026-03688,15,LOW,High-value invoice; Payment due date reached
INV-2026-03689,10,LOW,High-value invoice
INV-2026-03690,0,LOW,
INV-2026-03691,5,LOW,Payment due date reached
INV-2026-03692,15,LOW,High-value invoice; Payment due date reached
INV-2026-03693,10,LOW,High-value invoice
INV-2026-03694,5,LOW,Payment due date reached
INV-2026-03695,5,LOW,Payment due date reached
INV-2026-03696,15,LOW,High-value invoice; Payment due date reached
INV-2026-03697,15,LOW,High-value invoice; Payment due date reached
INV-2026-03698,0,LOW,
INV-2026-03699,0,LOW,
INV-2026-03700,55,HIGH,Multiple lenders; Repeated financing record
INV-2026-03701,70,HIGH,Multiple lenders; Repeated financing record; High-value invoice; Payment due date reached
INV-2026-03702,5,LOW,Payment due date reached
INV-2026-03703,70,HIGH,Multiple lenders; Repeated financing record; High-value invoice; Payment due date reached
INV-2026-03704,15,LOW,High-value invoice; Payment due date reached
INV-2026-03705,10,LOW,High-value invoice
INV-2026-03706,10,LOW,High-value invoice
INV-2026-03707,0,LOW,
INV-2026-03708,5,LOW,Payment due date reached
INV-2026-03709,15,LOW,High-value invoice; Payment due date reached
INV-2026-03710,15,LOW,High-value invoice; Payment due date reached
INV-2026-03711,15,LOW,High-value invoice; Payment due date reached
INV-2026-03712,10,LOW,High-value invoice
INV-2026-03713,5,LOW,Payment due date reached
INV-2026-03714,5,LOW,Payment due date reached
INV-2026-03715,10,LOW,High-value invoice
INV-2026-03716,5,LOW,Payment due date reached
INV-2026-03717,5,LOW,Payment due date reached
INV-2026-03718,10,LOW,High-value invoice
INV-2026-03719,5,LOW,Payment due date reached
INV-2026-03720,0,LOW,
INV-2026-03721,10,LOW,High-value invoice
INV-2026-03722,5,LOW,Payment due date reached
INV-2026-03723,10,LOW,High-value invoice
INV-2026-03724,0,LOW,
INV-2026-03725,15,LOW,High-value invoice; Payment due date reached
INV-2026-03726,90,HIGH,Multiple lenders; Repeated financing record; Multiple delivery-proof records; High-value invoice; Payment due date reached
INV-2026-03727,10,LOW,High-value invoice
INV-2026-03728,5,LOW,Payment due date reached
INV-2026-03729,65,HIGH,Multiple lenders; Repeated financing record; High-value invoice
INV-2026-03730,15,LOW,High-value invoice; Payment due date reached
INV-2026-03731,60,HIGH,Multiple lenders; Repeated financing record; Payment due date reached
INV-2026-03732,0,LOW,
INV-2026-03733,5,LOW,Payment due date reached
INV-2026-03734,70,HIGH,Multiple lenders; Repeated financing record; High-value invoice; Payment due date reached
INV-2026-03735,5,LOW,Payment due date reached
INV-2026-03736,0,LOW,
INV-2026-03737,10,LOW,High-value invoice
INV-2026-03738,60,HIGH,Multiple lenders; Repeated financing record; Payment due date reached
INV-2026-03739,70,HIGH,Multiple lenders; Repeated financing record; High-value invoice; Payment due date reached
INV-2026-03740,5,LOW,Payment due date reached
INV-2026-03741,0,LOW,
INV-2026-03742,15,LOW,High-value invoice; Payment due date reached
INV-2026-03743,0,LOW,
INV-2026-03744,60,HIGH,Multiple lenders; Repeated financing record; Payment due date reached
INV-2026-03745,0,LOW,
INV-2026-03746,15,LOW,High-value invoice; Payment due date reached
INV-2026-03747,60,HIGH,Multiple lenders; Repeated financing record; Payment due date reached
INV-2026-03748,60,HIGH,Multiple lenders; Repeated financing record; Payment due date reached
INV-2026-03749,5,LOW,Payment due date reached
INV-2026-03750,15,LOW,High-value invoice; Payment due date reached
INV-2026-03751,5,LOW,Payment due date reached
INV-2026-03752,0,LOW,
INV-2026-03753,10,LOW,High-value invoice
INV-2026-03754,5,LOW,Payment due date reached
INV-2026-03755,10,LOW,High-value invoice
INV-2026-03756,15,LOW,High-value invoice; Payment due date reached
INV-2026-03757,10,LOW,High-value invoice
INV-2026-03758,55,HIGH,Multiple lenders; Repeated financing record
INV-2026-03759,10,LOW,High-value invoice
INV-2026-03760,5,LOW,Payment due date reached
INV-2026-03761,15,LOW,High-value invoice; Payment due date reached
INV-2026-03762,0,LOW,
INV-2026-03763,15,LOW,High-value invoice; Payment due date reached
INV-2026-03764,10,LOW,High-value invoice
INV-2026-03765,0,LOW,
INV-2026-03766,0,LOW,
INV-2026-03767,5,LOW,Payment due date reached
INV-2026-03768,15,LOW,High-value invoice; Payment due date reached
INV-2026-03769,5,LOW,Payment due date reached
INV-2026-03770,5,LOW,Payment due date reached
INV-2026-03771,0,LOW,
INV-2026-03772,15,LOW,High-value invoice; Payment due date reached
INV-2026-03773,5,LOW,Payment due date reached
INV-2026-03774,0,LOW,
INV-2026-03775,5,LOW,Payment due date reached
INV-2026-03776,55,HIGH,Multiple lenders; Repeated financing record
INV-2026-03777,0,LOW,
INV-2026-03778,75,HIGH,Multiple lenders; Repeated financing record; Multiple delivery-proof records
INV-2026-03779,0,LOW,
INV-2026-03780,5,LOW,Payment due date reached
INV-2026-03781,10,LOW,High-value invoice
INV-2026-03782,5,LOW,Payment due date reached
INV-2026-03783,5,LOW,Payment due date reached
INV-2026-03784,0,LOW,
INV-2026-03785,5,LOW,Payment due date reached
INV-2026-03786,80,HIGH,Multiple lenders; Repeated financing record; Multiple delivery-proof records; Payment due date reached
INV-2026-03787,5,LOW,Payment due date reached
INV-2026-03788,10,LOW,High-value invoice
INV-2026-03789,15,LOW,High-value invoice; Payment due date reached
INV-2026-03790,10,LOW,High-value invoice
INV-2026-03791,0,LOW,
INV-2026-03792,0,LOW,
INV-2026-03793,5,LOW,Payment due date reached
INV-2026-03794,10,LOW,High-value invoice
INV-2026-03795,15,LOW,High-value invoice; Payment due date reached
INV-2026-03796,0,LOW,
INV-2026-03797,15,LOW,High-value invoice; Payment due date reached
INV-2026-03798,5,LOW,Payment due date reached
INV-2026-03799,70,HIGH,Multiple lenders; Repeated financing record; High-value invoice; Payment due date reached
INV-2026-03800,5,LOW,Payment due date reached
INV-2026-03801,0,LOW,
INV-2026-03802,10,LOW,High-value invoice
INV-2026-03803,0,LOW,
INV-2026-03804,15,LOW,High-value invoice; Payment due date reached
INV-2026-03805,15,LOW,High-value invoice; Payment due date reached
INV-2026-03806,10,LOW,High-value invoice
INV-2026-03807,55,HIGH,Multiple lenders; Repeated financing record
INV-2026-03808,5,LOW,Payment due date reached
INV-2026-03809,15,LOW,High-value invoice; Payment due date reached
INV-2026-03810,15,LOW,High-value invoice; Payment due date reached
INV-2026-03811,15,LOW,High-value invoice; Payment due date reached
INV-2026-03812,15,LOW,High-value invoice; Payment due date reached
INV-2026-03813,5,LOW,Payment due date reached
INV-2026-03814,65,HIGH,Multiple lenders; Repeated financing record; High-value invoice
INV-2026-03815,55,HIGH,Multiple lenders; Repeated financing record
INV-2026-03816,5,LOW,Payment due date reached
INV-2026-03817,5,LOW,Payment due date reached
INV-2026-03818,15,LOW,High-value invoice; Payment due date reached
INV-2026-03819,5,LOW,Payment due date reached
INV-2026-03820,85,HIGH,Multiple lenders; Repeated financing record; Multiple delivery-proof records; High-value invoice
INV-2026-03821,10,LOW,High-value invoice
INV-2026-03822,15,LOW,High-value invoice; Payment due date reached
INV-2026-03823,5,LOW,Payment due date reached
INV-2026-03824,55,HIGH,Multiple lenders; Repeated financing record
INV-2026-03825,5,LOW,Payment due date reached
INV-2026-03826,10,LOW,High-value invoice
INV-2026-03827,5,LOW,Payment due date reached
INV-2026-03828,10,LOW,High-value invoice
INV-2026-03829,0,LOW,
INV-2026-03830,0,LOW,
INV-2026-03831,85,HIGH,Multiple lenders; Repeated financing record; Multiple delivery-proof records; High-value invoice
INV-2026-03832,5,LOW,Payment due date reached
INV-2026-03833,0,LOW,
INV-2026-03834,15,LOW,High-value invoice; Payment due date reached
INV-2026-03835,65,HIGH,Multiple lenders; Repeated financing record; High-value invoice
INV-2026-03836,15,LOW,High-value invoice; Payment due date reached
INV-2026-03837,0,LOW,
INV-2026-03838,5,LOW,Payment due date reached
INV-2026-03839,0,LOW,
INV-2026-03840,5,LOW,Payment due date reached
INV-2026-03841,55,HIGH,Multiple lenders; Repeated financing record
INV-2026-03842,5,LOW,Payment due date reached
INV-2026-03843,90,HIGH,Multiple lenders; Repeated financing record; Multiple delivery-proof records; High-value invoice; Payment due date reached
INV-2026-03844,10,LOW,High-value invoice
INV-2026-03845,55,HIGH,Multiple lenders; Repeated financing record
INV-2026-03846,0,LOW,
INV-2026-03847,5,LOW,Payment due date reached
INV-2026-03848,0,LOW,
INV-2026-03849,5,LOW,Payment due date reached
INV-2026-03850,0,LOW,
INV-2026-03851,0,LOW,
INV-2026-03852,0,LOW,
INV-2026-03853,5,LOW,Payment due date reached
INV-2026-03854,0,LOW,
INV-2026-03855,15,LOW,High-value invoice; Payment due date reached
INV-2026-03856,10,LOW,High-value invoice
INV-2026-03857,15,LOW,High-value invoice; Payment due date reached
INV-2026-03858,0,LOW,
INV-2026-03859,5,LOW,Payment due date reached
INV-2026-03860,60,HIGH,Multiple lenders; Repeated financing record; Payment due date reached
INV-2026-03861,60,HIGH,Multiple lenders; Repeated financing record; Payment due date reached
INV-2026-03862,15,LOW,High-value invoice; Payment due date reached
INV-2026-03863,0,LOW,
INV-2026-03864,15,LOW,High-value invoice; Payment due date reached
INV-2026-03865,65,HIGH,Multiple lenders; Repeated financing record; High-value invoice
INV-2026-03866,60,HIGH,Multiple lenders; Repeated financing record; Payment due date reached
INV-2026-03867,10,LOW,High-value invoice
INV-2026-03868,5,LOW,Payment due date reached
INV-2026-03869,5,LOW,Payment due date reached
INV-2026-03870,70,HIGH,Multiple lenders; Repeated financing record; High-value invoice; Payment due date reached
INV-2026-03871,5,LOW,Payment due date reached
INV-2026-03872,0,LOW,
INV-2026-03873,10,LOW,High-value invoice
INV-2026-03874,0,LOW,
INV-2026-03875,0,LOW,
INV-2026-03876,10,LOW,High-value invoice
INV-2026-03877,0,LOW,
INV-2026-03878,0,LOW,
INV-2026-03879,5,LOW,Payment due date reached
INV-2026-03880,5,LOW,Payment due date reached
INV-2026-03881,10,LOW,High-value invoice
INV-2026-03882,0,LOW,
INV-2026-03883,10,LOW,High-value invoice
INV-2026-03884,60,HIGH,Multiple lenders; Repeated financing record; Payment due date reached
INV-2026-03885,0,LOW,
INV-2026-03886,0,LOW,
INV-2026-03887,5,LOW,Payment due date reached
INV-2026-03888,5,LOW,Payment due date reached
INV-2026-03889,10,LOW,High-value invoice
INV-2026-03890,65,HIGH,Multiple lenders; Repeated financing record; High-value invoice
INV-2026-03891,70,HIGH,Multiple lenders; Repeated financing record; High-value invoice; Payment due date reached
INV-2026-03892,0,LOW,
INV-2026-03893,55,HIGH,Multiple lenders; Repeated financing record
INV-2026-03894,15,LOW,High-value invoice; Payment due date reached
INV-2026-03895,0,LOW,
INV-2026-03896,10,LOW,High-value invoice
INV-2026-03897,0,LOW,
INV-2026-03898,0,LOW,
INV-2026-03899,15,LOW,High-value invoice; Payment due date reached
INV-2026-03900,10,LOW,High-value invoice
INV-2026-03901,0,LOW,
INV-2026-03902,5,LOW,Payment due date reached
INV-2026-03903,5,LOW,Payment due date reached
INV-2026-03904,10,LOW,High-value invoice
INV-2026-03905,0,LOW,
INV-2026-03906,5,LOW,Payment due date reached
INV-2026-03907,0,LOW,
INV-2026-03908,15,LOW,High-value invoice; Payment due date reached
INV-2026-03909,10,LOW,High-value invoice
INV-2026-03910,10,LOW,High-value invoice
INV-2026-03911,5,LOW,Payment due date reached
INV-2026-03912,15,LOW,High-value invoice; Payment due date reached
INV-2026-03913,65,HIGH,Multiple lenders; Repeated financing record; High-value invoice
INV-2026-03914,15,LOW,High-value invoice; Payment due date reached
INV-2026-03915,15,LOW,High-value invoice; Payment due date reached
INV-2026-03916,0,LOW,
INV-2026-03917,10,LOW,High-value invoice
INV-2026-03918,5,LOW,Payment due date reached
INV-2026-03919,70,HIGH,Multiple lenders; Repeated financing record; High-value invoice; Payment due date reached
INV-2026-03920,15,LOW,High-value invoice; Payment due date reached
INV-2026-03921,55,HIGH,Multiple lenders; Repeated financing record
INV-2026-03922,0,LOW,
INV-2026-03923,0,LOW,
INV-2026-03924,10,LOW,High-value invoice
INV-2026-03925,0,LOW,
INV-2026-03926,0,LOW,
INV-2026-03927,5,LOW,Payment due date reached
INV-2026-03928,0,LOW,
INV-2026-03929,15,LOW,High-value invoice; Payment due date reached
INV-2026-03930,70,HIGH,Multiple lenders; Repeated financing record; High-value invoice; Payment due date reached
INV-2026-03931,15,LOW,High-value invoice; Payment due date reached
INV-2026-03932,5,LOW,Payment due date reached
INV-2026-03933,65,HIGH,Multiple lenders; Repeated financing record; High-value invoice
INV-2026-03934,60,HIGH,Multiple lenders; Repeated financing record; Payment due date reached
INV-2026-03935,15,LOW,High-value invoice; Payment due date reached
INV-2026-03936,90,HIGH,Multiple lenders; Repeated financing record; Multiple delivery-proof records; High-value invoice; Payment due date reached
INV-2026-03937,5,LOW,Payment due date reached
INV-2026-03938,55,HIGH,Multiple lenders; Repeated financing record
INV-2026-03939,55,HIGH,Multiple lenders; Repeated financing record
INV-2026-03940,5,LOW,Payment due date reached
INV-2026-03941,10,LOW,High-value invoice
INV-2026-03942,55,HIGH,Multiple lenders; Repeated financing record
INV-2026-03943,5,LOW,Payment due date reached
INV-2026-03944,0,LOW,
INV-2026-03945,15,LOW,High-value invoice; Payment due date reached
INV-2026-03946,5,LOW,Payment due date reached
INV-2026-03947,0,LOW,
INV-2026-03948,10,LOW,High-value invoice
INV-2026-03949,10,LOW,High-value invoice
INV-2026-03950,5,LOW,Payment due date reached
INV-2026-03951,5,LOW,Payment due date reached
INV-2026-03952,15,LOW,High-value invoice; Payment due date reached
INV-2026-03953,15,LOW,High-value invoice; Payment due date reached
INV-2026-03954,0,LOW,
INV-2026-03955,5,LOW,Payment due date reached
INV-2026-03956,5,LOW,Payment due date reached
INV-2026-03957,5,LOW,Payment due date reached
INV-2026-03958,0,LOW,
INV-2026-03959,0,LOW,
INV-2026-03960,5,LOW,Payment due date reached
INV-2026-03961,0,LOW,
INV-2026-03962,0,LOW,
INV-2026-03963,0,LOW,
INV-2026-03964,0,LOW,
INV-2026-03965,55,HIGH,Multiple lenders; Repeated financing record
INV-2026-03966,60,HIGH,Multiple lenders; Repeated financing record; Payment due date reached
INV-2026-03967,0,LOW,
INV-2026-03968,5,LOW,Payment due date reached
INV-2026-03969,5,LOW,Payment due date reached
INV-2026-03970,5,LOW,Payment due date reached
INV-2026-03971,10,LOW,High-value invoice
INV-2026-03972,5,LOW,Payment due date reached
INV-2026-03973,5,LOW,Payment due date reached
INV-2026-03974,15,LOW,High-value invoice; Payment due date reached
INV-2026-03975,55,HIGH,Multiple lenders; Repeated financing record
INV-2026-03976,5,LOW,Payment due date reached
INV-2026-03977,10,LOW,High-value invoice
INV-2026-03978,5,LOW,Payment due date reached
INV-2026-03979,10,LOW,High-value invoice
INV-2026-03980,5,LOW,Payment due date reached
INV-2026-03981,5,LOW,Payment due date reached
INV-2026-03982,10,LOW,High-value invoice
INV-2026-03983,5,LOW,Payment due date reached
INV-2026-03984,0,LOW,
INV-2026-03985,60,HIGH,Multiple lenders; Repeated financing record; Payment due date reached
INV-2026-03986,0,LOW,
INV-2026-03987,15,LOW,High-value invoice; Payment due date reached
INV-2026-03988,15,LOW,High-value invoice; Payment due date reached
INV-2026-03989,60,HIGH,Multiple lenders; Repeated financing record; Payment due date reached
INV-2026-03990,15,LOW,High-value invoice; Payment due date reached
INV-2026-03991,15,LOW,High-value invoice; Payment due date reached
INV-2026-03992,15,LOW,High-value invoice; Payment due date reached
INV-2026-03993,10,LOW,High-value invoice
INV-2026-03994,0,LOW,
INV-2026-03995,5,LOW,Payment due date reached
INV-2026-03996,0,LOW,
INV-2026-03997,60,HIGH,Multiple lenders; Repeated financing record; Payment due date reached
INV-2026-03998,0,LOW,
INV-2026-03999,0,LOW,
INV-2026-04000,10,LOW,High-value invoice
INV-2026-04001,10,LOW,High-value invoice
INV-2026-04002,10,LOW,High-value invoice
INV-2026-04003,10,LOW,High-value invoice
INV-2026-04004,5,LOW,Payment due date reached
INV-2026-04005,10,LOW,High-value invoice
INV-2026-04006,10,LOW,High-value invoice
INV-2026-04007,5,LOW,Payment due date reached
INV-2026-04008,5,LOW,Payment due date reached
INV-2026-04009,65,HIGH,Multiple lenders; Repeated financing record; High-value invoice
INV-2026-04010,5,LOW,Payment due date reached
INV-2026-04011,15,LOW,High-value invoice; Payment due date reached
INV-2026-04012,0,LOW,
INV-2026-04013,5,LOW,Payment due date reached
INV-2026-04014,0,LOW,
INV-2026-04015,65,HIGH,Multiple lenders; Repeated financing record; High-value invoice
INV-2026-04016,55,HIGH,Multiple lenders; Repeated financing record
INV-2026-04017,55,HIGH,Multiple lenders; Repeated financing record
INV-2026-04018,10,LOW,High-value invoice
INV-2026-04019,0,LOW,
INV-2026-04020,10,LOW,High-value invoice
INV-2026-04021,15,LOW,High-value invoice; Payment due date reached
INV-2026-04022,15,LOW,High-value invoice; Payment due date reached
INV-2026-04023,0,LOW,
INV-2026-04024,0,LOW,
INV-2026-04025,5,LOW,Payment due date reached
INV-2026-04026,0,LOW,
INV-2026-04027,60,HIGH,Multiple lenders; Repeated financing record; Payment due date reached
INV-2026-04028,5,LOW,Payment due date reached
INV-2026-04029,5,LOW,Payment due date reached
INV-2026-04030,70,HIGH,Multiple lenders; Repeated financing record; High-value invoice; Payment due date reached
INV-2026-04031,0,LOW,
INV-2026-04032,15,LOW,High-value invoice; Payment due date reached
INV-2026-04033,0,LOW,
INV-2026-04034,10,LOW,High-value invoice
INV-2026-04035,5,LOW,Payment due date reached
INV-2026-04036,0,LOW,
INV-2026-04037,0,LOW,
INV-2026-04038,5,LOW,Payment due date reached
INV-2026-04039,10,LOW,High-value invoice
INV-2026-04040,60,HIGH,Multiple lenders; Repeated financing record; Payment due date reached
INV-2026-04041,5,LOW,Payment due date reached
INV-2026-04042,0,LOW,
INV-2026-04043,15,LOW,High-value invoice; Payment due date reached
INV-2026-04044,15,LOW,High-value invoice; Payment due date reached
INV-2026-04045,5,LOW,Payment due date reached
INV-2026-04046,5,LOW,Payment due date reached
INV-2026-04047,5,LOW,Payment due date reached
INV-2026-04048,70,HIGH,Multiple lenders; Repeated financing record; High-value invoice; Payment due date reached
INV-2026-04049,10,LOW,High-value invoice
INV-2026-04050,5,LOW,Payment due date reached
INV-2026-04051,15,LOW,High-value invoice; Payment due date reached
INV-2026-04052,60,HIGH,Multiple lenders; Repeated financing record; Payment due date reached
INV-2026-04053,75,HIGH,Multiple lenders; Repeated financing record; Multiple delivery-proof records
INV-2026-04054,0,LOW,
INV-2026-04055,5,LOW,Payment due date reached
INV-2026-04056,5,LOW,Payment due date reached
INV-2026-04057,0,LOW,
INV-2026-04058,15,LOW,High-value invoice; Payment due date reached
INV-2026-04059,0,LOW,
INV-2026-04060,10,LOW,High-value invoice
INV-2026-04061,10,LOW,High-value invoice
INV-2026-04062,60,HIGH,Multiple lenders; Repeated financing record; Payment due date reached
INV-2026-04063,70,HIGH,Multiple lenders; Repeated financing record; High-value invoice; Payment due date reached
INV-2026-04064,0,LOW,
INV-2026-04065,0,LOW,
INV-2026-04066,10,LOW,High-value invoice
INV-2026-04067,5,LOW,Payment due date reached
INV-2026-04068,0,LOW,
INV-2026-04069,5,LOW,Payment due date reached
INV-2026-04070,15,LOW,High-value invoice; Payment due date reached
INV-2026-04071,5,LOW,Payment due date reached
INV-2026-04072,0,LOW,
INV-2026-04073,15,LOW,High-value invoice; Payment due date reached
INV-2026-04074,5,LOW,Payment due date reached
INV-2026-04075,10,LOW,High-value invoice
INV-2026-04076,15,LOW,High-value invoice; Payment due date reached
INV-2026-04077,65,HIGH,Multiple lenders; Repeated financing record; High-value invoice
INV-2026-04078,5,LOW,Payment due date reached
INV-2026-04079,5,LOW,Payment due date reached
INV-2026-04080,10,LOW,High-value invoice
INV-2026-04081,65,HIGH,Multiple lenders; Repeated financing record; High-value invoice
INV-2026-04082,0,LOW,
INV-2026-04083,65,HIGH,Multiple lenders; Repeated financing record; High-value invoice
INV-2026-04084,5,LOW,Payment due date reached
INV-2026-04085,0,LOW,
INV-2026-04086,10,LOW,High-value invoice
INV-2026-04087,5,LOW,Payment due date reached
INV-2026-04088,15,LOW,High-value invoice; Payment due date reached
INV-2026-04089,5,LOW,Payment due date reached
INV-2026-04090,15,LOW,High-value invoice; Payment due date reached
INV-2026-04091,80,HIGH,Multiple lenders; Repeated financing record; Multiple delivery-proof records; Payment due date reached
INV-2026-04092,5,LOW,Payment due date reached
INV-2026-04093,0,LOW,
INV-2026-04094,5,LOW,Payment due date reached
INV-2026-04095,65,HIGH,Multiple lenders; Repeated financing record; High-value invoice
INV-2026-04096,55,HIGH,Multiple lenders; Repeated financing record
INV-2026-04097,5,LOW,Payment due date reached
INV-2026-04098,10,LOW,High-value invoice
INV-2026-04099,0,LOW,
INV-2026-04100,5,LOW,Payment due date reached
INV-2026-04101,60,HIGH,Multiple lenders; Repeated financing record; Payment due date reached
INV-2026-04102,0,LOW,
INV-2026-04103,5,LOW,Payment due date reached
INV-2026-04104,15,LOW,High-value invoice; Payment due date reached
INV-2026-04105,15,LOW,High-value invoice; Payment due date reached
INV-2026-04106,10,LOW,High-value invoice
INV-2026-04107,5,LOW,Payment due date reached
INV-2026-04108,5,LOW,Payment due date reached
INV-2026-04109,5,LOW,Payment due date reached
INV-2026-04110,5,LOW,Payment due date reached
INV-2026-04111,15,LOW,High-value invoice; Payment due date reached
INV-2026-04112,5,LOW,Payment due date reached
INV-2026-04113,10,LOW,High-value invoice
INV-2026-04114,65,HIGH,Multiple lenders; Repeated financing record; High-value invoice
INV-2026-04115,0,LOW,
INV-2026-04116,0,LOW,
INV-2026-04117,5,LOW,Payment due date reached
INV-2026-04118,0,LOW,
INV-2026-04119,5,LOW,Payment due date reached
INV-2026-04120,15,LOW,High-value invoice; Payment due date reached
INV-2026-04121,5,LOW,Payment due date reached
INV-2026-04122,0,LOW,
INV-2026-04123,15,LOW,High-value invoice; Payment due date reached
INV-2026-04124,0,LOW,
INV-2026-04125,0,LOW,
INV-2026-04126,15,LOW,High-value invoice; Payment due date reached
INV-2026-04127,0,LOW,
INV-2026-04128,10,LOW,High-value invoice
INV-2026-04129,55,HIGH,Multiple lenders; Repeated financing record
INV-2026-04130,60,HIGH,Multiple lenders; Repeated financing record; Payment due date reached
INV-2026-04131,5,LOW,Payment due date reached
INV-2026-04132,0,LOW,
INV-2026-04133,15,LOW,High-value invoice; Payment due date reached
INV-2026-04134,0,LOW,
INV-2026-04135,5,LOW,Payment due date reached
INV-2026-04136,15,LOW,High-value invoice; Payment due date reached
INV-2026-04137,5,LOW,Payment due date reached
INV-2026-04138,5,LOW,Payment due date reached
INV-2026-04139,80,HIGH,Multiple lenders; Repeated financing record; Multiple delivery-proof records; Payment due date reached
INV-2026-04140,0,LOW,
INV-2026-04141,10,LOW,High-value invoice
INV-2026-04142,0,LOW,
INV-2026-04143,10,LOW,High-value invoice
INV-2026-04144,15,LOW,High-value invoice; Payment due date reached
INV-2026-04145,10,LOW,High-value invoice
INV-2026-04146,0,LOW,
INV-2026-04147,55,HIGH,Multiple lenders; Repeated financing record
INV-2026-04148,5,LOW,Payment due date reached
INV-2026-04149,65,HIGH,Multiple lenders; Repeated financing record; High-value invoice
INV-2026-04150,5,LOW,Payment due date reached
INV-2026-04151,0,LOW,
INV-2026-04152,5,LOW,Payment due date reached
INV-2026-04153,10,LOW,High-value invoice
INV-2026-04154,5,LOW,Payment due date reached
INV-2026-04155,70,HIGH,Multiple lenders; Repeated financing record; High-value invoice; Payment due date reached
INV-2026-04156,15,LOW,High-value invoice; Payment due date reached
INV-2026-04157,0,LOW,
INV-2026-04158,0,LOW,
INV-2026-04159,5,LOW,Payment due date reached
INV-2026-04160,10,LOW,High-value invoice
INV-2026-04161,5,LOW,Payment due date reached
INV-2026-04162,70,HIGH,Multiple lenders; Repeated financing record; High-value invoice; Payment due date reached
INV-2026-04163,0,LOW,
INV-2026-04164,0,LOW,
INV-2026-04165,15,LOW,High-value invoice; Payment due date reached
INV-2026-04166,5,LOW,Payment due date reached
INV-2026-04167,10,LOW,High-value invoice
INV-2026-04168,15,LOW,High-value invoice; Payment due date reached
INV-2026-04169,5,LOW,Payment due date reached
INV-2026-04170,5,LOW,Payment due date reached
INV-2026-04171,15,LOW,High-value invoice; Payment due date reached
INV-2026-04172,0,LOW,
INV-2026-04173,15,LOW,High-value invoice; Payment due date reached
INV-2026-04174,5,LOW,Payment due date reached
INV-2026-04175,15,LOW,High-value invoice; Payment due date reached
INV-2026-04176,60,HIGH,Multiple lenders; Repeated financing record; Payment due date reached
INV-2026-04177,10,LOW,High-value invoice
INV-2026-04178,0,LOW,
INV-2026-04179,0,LOW,
INV-2026-04180,60,HIGH,Multiple lenders; Repeated financing record; Payment due date reached
INV-2026-04181,10,LOW,High-value invoice
INV-2026-04182,10,LOW,High-value invoice
INV-2026-04183,70,HIGH,Multiple lenders; Repeated financing record; High-value invoice; Payment due date reached
INV-2026-04184,0,LOW,
INV-2026-04185,5,LOW,Payment due date reached
INV-2026-04186,65,HIGH,Multiple lenders; Repeated financing record; High-value invoice
INV-2026-04187,15,LOW,High-value invoice; Payment due date reached
INV-2026-04188,0,LOW,
INV-2026-04189,5,LOW,Payment due date reached
INV-2026-04190,0,LOW,
INV-2026-04191,5,LOW,Payment due date reached
INV-2026-04192,60,HIGH,Multiple lenders; Repeated financing record; Payment due date reached
INV-2026-04193,5,LOW,Payment due date reached
INV-2026-04194,0,LOW,
INV-2026-04195,15,LOW,High-value invoice; Payment due date reached
INV-2026-04196,0,LOW,
INV-2026-04197,5,LOW,Payment due date reached
INV-2026-04198,15,LOW,High-value invoice; Payment due date reached
INV-2026-04199,10,LOW,High-value invoice
INV-2026-04200,0,LOW,
INV-2026-04201,5,LOW,Payment due date reached
INV-2026-04202,5,LOW,Payment due date reached
INV-2026-04203,0,LOW,
INV-2026-04204,0,LOW,
INV-2026-04205,5,LOW,Payment due date reached
INV-2026-04206,5,LOW,Payment due date reached
INV-2026-04207,15,LOW,High-value invoice; Payment due date reached
INV-2026-04208,10,LOW,High-value invoice
INV-2026-04209,10,LOW,High-value invoice
INV-2026-04210,5,LOW,Payment due date reached
INV-2026-04211,55,HIGH,Multiple lenders; Repeated financing record
INV-2026-04212,70,HIGH,Multiple lenders; Repeated financing record; High-value invoice; Payment due date reached
INV-2026-04213,5,LOW,Payment due date reached
INV-2026-04214,10,LOW,High-value invoice
INV-2026-04215,15,LOW,High-value invoice; Payment due date reached
INV-2026-04216,60,HIGH,Multiple lenders; Repeated financing record; Payment due date reached
INV-2026-04217,5,LOW,Payment due date reached
INV-2026-04218,15,LOW,High-value invoice; Payment due date reached
INV-2026-04219,5,LOW,Payment due date reached
INV-2026-04220,55,HIGH,Multiple lenders; Repeated financing record
INV-2026-04221,10,LOW,High-value invoice
INV-2026-04222,0,LOW,
INV-2026-04223,0,LOW,
INV-2026-04224,0,LOW,
INV-2026-04225,0,LOW,
INV-2026-04226,15,LOW,High-value invoice; Payment due date reached
INV-2026-04227,15,LOW,High-value invoice; Payment due date reached
INV-2026-04228,70,HIGH,Multiple lenders; Repeated financing record; High-value invoice; Payment due date reached
INV-2026-04229,55,HIGH,Multiple lenders; Repeated financing record
INV-2026-04230,0,LOW,
INV-2026-04231,70,HIGH,Multiple lenders; Repeated financing record; High-value invoice; Payment due date reached
INV-2026-04232,10,LOW,High-value invoice
INV-2026-04233,10,LOW,High-value invoice
INV-2026-04234,0,LOW,
INV-2026-04235,0,LOW,
INV-2026-04236,0,LOW,
INV-2026-04237,10,LOW,High-value invoice
INV-2026-04238,60,HIGH,Multiple lenders; Repeated financing record; Payment due date reached
INV-2026-04239,5,LOW,Payment due date reached
INV-2026-04240,70,HIGH,Multiple lenders; Repeated financing record; High-value invoice; Payment due date reached
INV-2026-04241,15,LOW,High-value invoice; Payment due date reached
INV-2026-04242,10,LOW,High-value invoice
INV-2026-04243,15,LOW,High-value invoice; Payment due date reached
INV-2026-04244,10,LOW,High-value invoice
INV-2026-04245,10,LOW,High-value invoice
INV-2026-04246,10,LOW,High-value invoice
INV-2026-04247,15,LOW,High-value invoice; Payment due date reached
INV-2026-04248,65,HIGH,Multiple lenders; Repeated financing record; High-value invoice
INV-2026-04249,15,LOW,High-value invoice; Payment due date reached
INV-2026-04250,70,HIGH,Multiple lenders; Repeated financing record; High-value invoice; Payment due date reached
INV-2026-04251,15,LOW,High-value invoice; Payment due date reached
INV-2026-04252,5,LOW,Payment due date reached
INV-2026-04253,80,HIGH,Multiple lenders; Repeated financing record; Multiple delivery-proof records; Payment due date reached
INV-2026-04254,15,LOW,High-value invoice; Payment due date reached
INV-2026-04255,15,LOW,High-value invoice; Payment due date reached
INV-2026-04256,5,LOW,Payment due date reached
INV-2026-04257,10,LOW,High-value invoice
INV-2026-04258,0,LOW,
INV-2026-04259,5,LOW,Payment due date reached
INV-2026-04260,55,HIGH,Multiple lenders; Repeated financing record
INV-2026-04261,15,LOW,High-value invoice; Payment due date reached
INV-2026-04262,70,HIGH,Multiple lenders; Repeated financing record; High-value invoice; Payment due date reached
INV-2026-04263,0,LOW,
INV-2026-04264,5,LOW,Payment due date reached
INV-2026-04265,10,LOW,High-value invoice
INV-2026-04266,15,LOW,High-value invoice; Payment due date reached
INV-2026-04267,15,LOW,High-value invoice; Payment due date reached
INV-2026-04268,0,LOW,
INV-2026-04269,0,LOW,
INV-2026-04270,10,LOW,High-value invoice
INV-2026-04271,10,LOW,High-value invoice
INV-2026-04272,5,LOW,Payment due date reached
INV-2026-04273,0,LOW,
INV-2026-04274,65,HIGH,Multiple lenders; Repeated financing record; High-value invoice
INV-2026-04275,15,LOW,High-value invoice; Payment due date reached
INV-2026-04276,5,LOW,Payment due date reached
INV-2026-04277,10,LOW,High-value invoice
INV-2026-04278,5,LOW,Payment due date reached
INV-2026-04279,10,LOW,High-value invoice
INV-2026-04280,0,LOW,
INV-2026-04281,15,LOW,High-value invoice; Payment due date reached
INV-2026-04282,15,LOW,High-value invoice; Payment due date reached
INV-2026-04283,0,LOW,
INV-2026-04284,5,LOW,Payment due date reached
INV-2026-04285,0,LOW,
INV-2026-04286,15,LOW,High-value invoice; Payment due date reached
INV-2026-04287,0,LOW,
INV-2026-04288,15,LOW,High-value invoice; Payment due date reached
INV-2026-04289,15,LOW,High-value invoice; Payment due date reached
INV-2026-04290,5,LOW,Payment due date reached
INV-2026-04291,0,LOW,
INV-2026-04292,0,LOW,
INV-2026-04293,15,LOW,High-value invoice; Payment due date reached
INV-2026-04294,65,HIGH,Multiple lenders; Repeated financing record; High-value invoice
INV-2026-04295,5,LOW,Payment due date reached
INV-2026-04296,0,LOW,
INV-2026-04297,0,LOW,
INV-2026-04298,0,LOW,
INV-2026-04299,15,LOW,High-value invoice; Payment due date reached
INV-2026-04300,60,HIGH,Multiple lenders; Repeated financing record; Payment due date reached
INV-2026-04301,5,LOW,Payment due date reached
INV-2026-04302,5,LOW,Payment due date reached
INV-2026-04303,5,LOW,Payment due date reached
INV-2026-04304,10,LOW,High-value invoice
INV-2026-04305,0,LOW,
INV-2026-04306,5,LOW,Payment due date reached
INV-2026-04307,70,HIGH,Multiple lenders; Repeated financing record; High-value invoice; Payment due date reached
INV-2026-04308,10,LOW,High-value invoice
INV-2026-04309,15,LOW,High-value invoice; Payment due date reached
INV-2026-04310,15,LOW,High-value invoice; Payment due date reached
INV-2026-04311,5,LOW,Payment due date reached
INV-2026-04312,15,LOW,High-value invoice; Payment due date reached
INV-2026-04313,5,LOW,Payment due date reached
INV-2026-04314,5,LOW,Payment due date reached
INV-2026-04315,10,LOW,High-value invoice
INV-2026-04316,0,LOW,
INV-2026-04317,5,LOW,Payment due date reached
INV-2026-04318,0,LOW,
INV-2026-04319,60,HIGH,Multiple lenders; Repeated financing record; Payment due date reached
INV-2026-04320,5,LOW,Payment due date reached
INV-2026-04321,5,LOW,Payment due date reached
INV-2026-04322,10,LOW,High-value invoice
INV-2026-04323,5,LOW,Payment due date reached
INV-2026-04324,5,LOW,Payment due date reached
INV-2026-04325,0,LOW,
INV-2026-04326,0,LOW,
INV-2026-04327,0,LOW,
INV-2026-04328,70,HIGH,Multiple lenders; Repeated financing record; High-value invoice; Payment due date reached
INV-2026-04329,0,LOW,
INV-2026-04330,0,LOW,
INV-2026-04331,10,LOW,High-value invoice
INV-2026-04332,0,LOW,
INV-2026-04333,65,HIGH,Multiple lenders; Repeated financing record; High-value invoice
INV-2026-04334,0,LOW,
INV-2026-04335,65,HIGH,Multiple lenders; Repeated financing record; High-value invoice
INV-2026-04336,10,LOW,High-value invoice
INV-2026-04337,55,HIGH,Multiple lenders; Repeated financing record
INV-2026-04338,0,LOW,
INV-2026-04339,5,LOW,Payment due date reached
INV-2026-04340,5,LOW,Payment due date reached
INV-2026-04341,10,LOW,High-value invoice
INV-2026-04342,5,LOW,Payment due date reached
INV-2026-04343,5,LOW,Payment due date reached
INV-2026-04344,0,LOW,
INV-2026-04345,70,HIGH,Multiple lenders; Repeated financing record; High-value invoice; Payment due date reached
INV-2026-04346,0,LOW,
INV-2026-04347,0,LOW,
INV-2026-04348,70,HIGH,Multiple lenders; Repeated financing record; High-value invoice; Payment due date reached
INV-2026-04349,0,LOW,
INV-2026-04350,10,LOW,High-value invoice
INV-2026-04351,5,LOW,Payment due date reached
INV-2026-04352,0,LOW,
INV-2026-04353,5,LOW,Payment due date reached
INV-2026-04354,65,HIGH,Multiple lenders; Repeated financing record; High-value invoice
INV-2026-04355,15,LOW,High-value invoice; Payment due date reached
INV-2026-04356,10,LOW,High-value invoice
INV-2026-04357,0,LOW,
INV-2026-04358,5,LOW,Payment due date reached
INV-2026-04359,15,LOW,High-value invoice; Payment due date reached
INV-2026-04360,5,LOW,Payment due date reached
INV-2026-04361,5,LOW,Payment due date reached
INV-2026-04362,10,LOW,High-value invoice
INV-2026-04363,5,LOW,Payment due date reached
INV-2026-04364,80,HIGH,Multiple lenders; Repeated financing record; Multiple delivery-proof records; Payment due date reached
INV-2026-04365,5,LOW,Payment due date reached
INV-2026-04366,15,LOW,High-value invoice; Payment due date reached
INV-2026-04367,10,LOW,High-value invoice
INV-2026-04368,15,LOW,High-value invoice; Payment due date reached
INV-2026-04369,0,LOW,
INV-2026-04370,15,LOW,High-value invoice; Payment due date reached
INV-2026-04371,5,LOW,Payment due date reached
INV-2026-04372,15,LOW,High-value invoice; Payment due date reached
INV-2026-04373,70,HIGH,Multiple lenders; Repeated financing record; High-value invoice; Payment due date reached
INV-2026-04374,0,LOW,
INV-2026-04375,0,LOW,
INV-2026-04376,10,LOW,High-value invoice
INV-2026-04377,5,LOW,Payment due date reached
INV-2026-04378,65,HIGH,Multiple lenders; Repeated financing record; High-value invoice
INV-2026-04379,5,LOW,Payment due date reached
INV-2026-04380,0,LOW,
INV-2026-04381,5,LOW,Payment due date reached
INV-2026-04382,5,LOW,Payment due date reached
INV-2026-04383,10,LOW,High-value invoice
INV-2026-04384,5,LOW,Payment due date reached
INV-2026-04385,60,HIGH,Multiple lenders; Repeated financing record; Payment due date reached
INV-2026-04386,15,LOW,High-value invoice; Payment due date reached
INV-2026-04387,5,LOW,Payment due date reached
INV-2026-04388,0,LOW,
INV-2026-04389,5,LOW,Payment due date reached
INV-2026-04390,0,LOW,
INV-2026-04391,5,LOW,Payment due date reached
INV-2026-04392,5,LOW,Payment due date reached
INV-2026-04393,0,LOW,
INV-2026-04394,70,HIGH,Multiple lenders; Repeated financing record; High-value invoice; Payment due date reached
INV-2026-04395,5,LOW,Payment due date reached
INV-2026-04396,5,LOW,Payment due date reached
INV-2026-04397,5,LOW,Payment due date reached
INV-2026-04398,0,LOW,
INV-2026-04399,60,HIGH,Multiple lenders; Repeated financing record; Payment due date reached
INV-2026-04400,5,LOW,Payment due date reached
INV-2026-04401,0,LOW,
INV-2026-04402,60,HIGH,Multiple lenders; Repeated financing record; Payment due date reached
INV-2026-04403,0,LOW,
INV-2026-04404,85,HIGH,Multiple lenders; Repeated financing record; Multiple delivery-proof records; High-value invoice
INV-2026-04405,5,LOW,Payment due date reached
INV-2026-04406,0,LOW,
INV-2026-04407,15,LOW,High-value invoice; Payment due date reached
INV-2026-04408,0,LOW,
INV-2026-04409,5,LOW,Payment due date reached
INV-2026-04410,5,LOW,Payment due date reached
INV-2026-04411,5,LOW,Payment due date reached
INV-2026-04412,0,LOW,
INV-2026-04413,15,LOW,High-value invoice; Payment due date reached
INV-2026-04414,10,LOW,High-value invoice
INV-2026-04415,5,LOW,Payment due date reached
INV-2026-04416,5,LOW,Payment due date reached
INV-2026-04417,60,HIGH,Multiple lenders; Repeated financing record; Payment due date reached
INV-2026-04418,15,LOW,High-value invoice; Payment due date reached
INV-2026-04419,70,HIGH,Multiple lenders; Repeated financing record; High-value invoice; Payment due date reached
INV-2026-04420,60,HIGH,Multiple lenders; Repeated financing record; Payment due date reached
INV-2026-04421,5,LOW,Payment due date reached
INV-2026-04422,0,LOW,
INV-2026-04423,15,LOW,High-value invoice; Payment due date reached
INV-2026-04424,15,LOW,High-value invoice; Payment due date reached
INV-2026-04425,0,LOW,
INV-2026-04426,15,LOW,High-value invoice; Payment due date reached
INV-2026-04427,10,LOW,High-value invoice
INV-2026-04428,60,HIGH,Multiple lenders; Repeated financing record; Payment due date reached
INV-2026-04429,10,LOW,High-value invoice
INV-2026-04430,0,LOW,
INV-2026-04431,15,LOW,High-value invoice; Payment due date reached
INV-2026-04432,0,LOW,
INV-2026-04433,10,LOW,High-value invoice
INV-2026-04434,5,LOW,Payment due date reached
INV-2026-04435,5,LOW,Payment due date reached
INV-2026-04436,15,LOW,High-value invoice; Payment due date reached
INV-2026-04437,10,LOW,High-value invoice
INV-2026-04438,0,LOW,
INV-2026-04439,5,LOW,Payment due date reached
INV-2026-04440,15,LOW,High-value invoice; Payment due date reached
INV-2026-04441,0,LOW,
INV-2026-04442,0,LOW,
INV-2026-04443,0,LOW,
INV-2026-04444,5,LOW,Payment due date reached
INV-2026-04445,5,LOW,Payment due date reached
INV-2026-04446,10,LOW,High-value invoice
INV-2026-04447,10,LOW,High-value invoice
INV-2026-04448,0,LOW,
INV-2026-04449,0,LOW,
INV-2026-04450,5,LOW,Payment due date reached
INV-2026-04451,15,LOW,High-value invoice; Payment due date reached
INV-2026-04452,55,HIGH,Multiple lenders; Repeated financing record
INV-2026-04453,55,HIGH,Multiple lenders; Repeated financing record
INV-2026-04454,0,LOW,
INV-2026-04455,5,LOW,Payment due date reached
INV-2026-04456,10,LOW,High-value invoice
INV-2026-04457,70,HIGH,Multiple lenders; Repeated financing record; High-value invoice; Payment due date reached
INV-2026-04458,0,LOW,
INV-2026-04459,5,LOW,Payment due date reached
INV-2026-04460,0,LOW,
INV-2026-04461,60,HIGH,Multiple lenders; Repeated financing record; Payment due date reached
INV-2026-04462,70,HIGH,Multiple lenders; Repeated financing record; High-value invoice; Payment due date reached
INV-2026-04463,5,LOW,Payment due date reached
INV-2026-04464,5,LOW,Payment due date reached
INV-2026-04465,90,HIGH,Multiple lenders; Repeated financing record; Multiple delivery-proof records; High-value invoice; Payment due date reached
INV-2026-04466,65,HIGH,Multiple lenders; Repeated financing record; High-value invoice
INV-2026-04467,0,LOW,
INV-2026-04468,70,HIGH,Multiple lenders; Repeated financing record; High-value invoice; Payment due date reached
INV-2026-04469,60,HIGH,Multiple lenders; Repeated financing record; Payment due date reached
INV-2026-04470,5,LOW,Payment due date reached
INV-2026-04471,0,LOW,
INV-2026-04472,0,LOW,
INV-2026-04473,15,LOW,High-value invoice; Payment due date reached
INV-2026-04474,15,LOW,High-value invoice; Payment due date reached
INV-2026-04475,0,LOW,
INV-2026-04476,0,LOW,
INV-2026-04477,10,LOW,High-value invoice
INV-2026-04478,0,LOW,
INV-2026-04479,10,LOW,High-value invoice
INV-2026-04480,10,LOW,High-value invoice
INV-2026-04481,5,LOW,Payment due date reached
INV-2026-04482,0,LOW,
INV-2026-04483,15,LOW,High-value invoice; Payment due date reached
INV-2026-04484,5,LOW,Payment due date reached
INV-2026-04485,0,LOW,
INV-2026-04486,5,LOW,Payment due date reached
INV-2026-04487,5,LOW,Payment due date reached
INV-2026-04488,15,LOW,High-value invoice; Payment due date reached
INV-2026-04489,5,LOW,Payment due date reached
INV-2026-04490,15,LOW,High-value invoice; Payment due date reached
INV-2026-04491,10,LOW,High-value invoice
INV-2026-04492,10,LOW,High-value invoice
INV-2026-04493,5,LOW,Payment due date reached
INV-2026-04494,15,LOW,High-value invoice; Payment due date reached
INV-2026-04495,65,HIGH,Multiple lenders; Repeated financing record; High-value invoice
INV-2026-04496,15,LOW,High-value invoice; Payment due date reached
INV-2026-04497,10,LOW,High-value invoice
INV-2026-04498,15,LOW,High-value invoice; Payment due date reached
INV-2026-04499,5,LOW,Payment due date reached
INV-2026-04500,10,LOW,High-value invoice
INV-2026-04501,0,LOW,
INV-2026-04502,5,LOW,Payment due date reached
INV-2026-04503,15,LOW,High-value invoice; Payment due date reached
INV-2026-04504,5,LOW,Payment due date reached
INV-2026-04505,10,LOW,High-value invoice
INV-2026-04506,10,LOW,High-value invoice
INV-2026-04507,10,LOW,High-value invoice
INV-2026-04508,0,LOW,
INV-2026-04509,55,HIGH,Multiple lenders; Repeated financing record
INV-2026-04510,0,LOW,
INV-2026-04511,5,LOW,Payment due date reached
INV-2026-04512,60,HIGH,Multiple lenders; Repeated financing record; Payment due date reached
INV-2026-04513,0,LOW,
INV-2026-04514,0,LOW,
INV-2026-04515,0,LOW,
INV-2026-04516,15,LOW,High-value invoice; Payment due date reached
INV-2026-04517,10,LOW,High-value invoice
INV-2026-04518,0,LOW,
INV-2026-04519,0,LOW,
INV-2026-04520,0,LOW,
INV-2026-04521,5,LOW,Payment due date reached
INV-2026-04522,0,LOW,
INV-2026-04523,0,LOW,
INV-2026-04524,15,LOW,High-value invoice; Payment due date reached
INV-2026-04525,60,HIGH,Multiple lenders; Repeated financing record; Payment due date reached
INV-2026-04526,15,LOW,High-value invoice; Payment due date reached
INV-2026-04527,15,LOW,High-value invoice; Payment due date reached
INV-2026-04528,5,LOW,Payment due date reached
INV-2026-04529,10,LOW,High-value invoice
INV-2026-04530,55,HIGH,Multiple lenders; Repeated financing record
INV-2026-04531,65,HIGH,Multiple lenders; Repeated financing record; High-value invoice
INV-2026-04532,70,HIGH,Multiple lenders; Repeated financing record; High-value invoice; Payment due date reached
INV-2026-04533,5,LOW,Payment due date reached
INV-2026-04534,60,HIGH,Multiple lenders; Repeated financing record; Payment due date reached
INV-2026-04535,5,LOW,Payment due date reached
INV-2026-04536,60,HIGH,Multiple lenders; Repeated financing record; Payment due date reached
INV-2026-04537,10,LOW,High-value invoice
INV-2026-04538,60,HIGH,Multiple lenders; Repeated financing record; Payment due date reached
INV-2026-04539,0,LOW,
INV-2026-04540,5,LOW,Payment due date reached
INV-2026-04541,0,LOW,
INV-2026-04542,5,LOW,Payment due date reached
INV-2026-04543,5,LOW,Payment due date reached
INV-2026-04544,5,LOW,Payment due date reached
INV-2026-04545,65,HIGH,Multiple lenders; Repeated financing record; High-value invoice
INV-2026-04546,15,LOW,High-value invoice; Payment due date reached
INV-2026-04547,15,LOW,High-value invoice; Payment due date reached
INV-2026-04548,5,LOW,Payment due date reached
INV-2026-04549,60,HIGH,Multiple lenders; Repeated financing record; Payment due date reached
INV-2026-04550,0,LOW,
INV-2026-04551,15,LOW,High-value invoice; Payment due date reached
INV-2026-04552,10,LOW,High-value invoice
INV-2026-04553,5,LOW,Payment due date reached
INV-2026-04554,15,LOW,High-value invoice; Payment due date reached
INV-2026-04555,5,LOW,Payment due date reached
INV-2026-04556,70,HIGH,Multiple lenders; Repeated financing record; High-value invoice; Payment due date reached
INV-2026-04557,5,LOW,Payment due date reached
INV-2026-04558,65,HIGH,Multiple lenders; Repeated financing record; High-value invoice
INV-2026-04559,15,LOW,High-value invoice; Payment due date reached
INV-2026-04560,65,HIGH,Multiple lenders; Repeated financing record; High-value invoice
INV-2026-04561,5,LOW,Payment due date reached
INV-2026-04562,5,LOW,Payment due date reached
INV-2026-04563,15,LOW,High-value invoice; Payment due date reached
INV-2026-04564,5,LOW,Payment due date reached
INV-2026-04565,15,LOW,High-value invoice; Payment due date reached
INV-2026-04566,15,LOW,High-value invoice; Payment due date reached
INV-2026-04567,60,HIGH,Multiple lenders; Repeated financing record; Payment due date reached
INV-2026-04568,0,LOW,
INV-2026-04569,0,LOW,
INV-2026-04570,5,LOW,Payment due date reached
INV-2026-04571,0,LOW,
INV-2026-04572,5,LOW,Payment due date reached
INV-2026-04573,10,LOW,High-value invoice
INV-2026-04574,5,LOW,Payment due date reached
INV-2026-04575,55,HIGH,Multiple lenders; Repeated financing record
INV-2026-04576,0,LOW,
INV-2026-04577,5,LOW,Payment due date reached
INV-2026-04578,0,LOW,
INV-2026-04579,15,LOW,High-value invoice; Payment due date reached
INV-2026-04580,5,LOW,Payment due date reached
INV-2026-04581,5,LOW,Payment due date reached
INV-2026-04582,55,HIGH,Multiple lenders; Repeated financing record
INV-2026-04583,10,LOW,High-value invoice
INV-2026-04584,10,LOW,High-value invoice
INV-2026-04585,10,LOW,High-value invoice
INV-2026-04586,0,LOW,
INV-2026-04587,10,LOW,High-value invoice
INV-2026-04588,65,HIGH,Multiple lenders; Repeated financing record; High-value invoice
INV-2026-04589,5,LOW,Payment due date reached
INV-2026-04590,10,LOW,High-value invoice
INV-2026-04591,0,LOW,
INV-2026-04592,15,LOW,High-value invoice; Payment due date reached
INV-2026-04593,5,LOW,Payment due date reached
INV-2026-04594,5,LOW,Payment due date reached
INV-2026-04595,10,LOW,High-value invoice
INV-2026-04596,10,LOW,High-value invoice
INV-2026-04597,10,LOW,High-value invoice
INV-2026-04598,10,LOW,High-value invoice
INV-2026-04599,5,LOW,Payment due date reached
INV-2026-04600,5,LOW,Payment due date reached
INV-2026-04601,15,LOW,High-value invoice; Payment due date reached
INV-2026-04602,0,LOW,
INV-2026-04603,5,LOW,Payment due date reached
INV-2026-04604,75,HIGH,Multiple lenders; Repeated financing record; Multiple delivery-proof records
INV-2026-04605,0,LOW,
INV-2026-04606,15,LOW,High-value invoice; Payment due date reached
INV-2026-04607,5,LOW,Payment due date reached
INV-2026-04608,0,LOW,
INV-2026-04609,60,HIGH,Multiple lenders; Repeated financing record; Payment due date reached
INV-2026-04610,0,LOW,
INV-2026-04611,5,LOW,Payment due date reached
INV-2026-04612,55,HIGH,Multiple lenders; Repeated financing record
INV-2026-04613,15,LOW,High-value invoice; Payment due date reached
INV-2026-04614,0,LOW,
INV-2026-04615,60,HIGH,Multiple lenders; Repeated financing record; Payment due date reached
INV-2026-04616,65,HIGH,Multiple lenders; Repeated financing record; High-value invoice
INV-2026-04617,5,LOW,Payment due date reached
INV-2026-04618,5,LOW,Payment due date reached
INV-2026-04619,65,HIGH,Multiple lenders; Repeated financing record; High-value invoice
INV-2026-04620,55,HIGH,Multiple lenders; Repeated financing record
INV-2026-04621,15,LOW,High-value invoice; Payment due date reached
INV-2026-04622,5,LOW,Payment due date reached
INV-2026-04623,5,LOW,Payment due date reached
INV-2026-04624,5,LOW,Payment due date reached
INV-2026-04625,55,HIGH,Multiple lenders; Repeated financing record
INV-2026-04626,5,LOW,Payment due date reached
INV-2026-04627,5,LOW,Payment due date reached
INV-2026-04628,10,LOW,High-value invoice
INV-2026-04629,10,LOW,High-value invoice
INV-2026-04630,65,HIGH,Multiple lenders; Repeated financing record; High-value invoice
INV-2026-04631,5,LOW,Payment due date reached
INV-2026-04632,0,LOW,
INV-2026-04633,15,LOW,High-value invoice; Payment due date reached
INV-2026-04634,0,LOW,
INV-2026-04635,10,LOW,High-value invoice
INV-2026-04636,5,LOW,Payment due date reached
INV-2026-04637,5,LOW,Payment due date reached
INV-2026-04638,15,LOW,High-value invoice; Payment due date reached
INV-2026-04639,70,HIGH,Multiple lenders; Repeated financing record; High-value invoice; Payment due date reached
INV-2026-04640,10,LOW,High-value invoice
INV-2026-04641,0,LOW,
INV-2026-04642,10,LOW,High-value invoice
INV-2026-04643,10,LOW,High-value invoice
INV-2026-04644,5,LOW,Payment due date reached
INV-2026-04645,10,LOW,High-value invoice
INV-2026-04646,0,LOW,
INV-2026-04647,65,HIGH,Multiple lenders; Repeated financing record; High-value invoice
INV-2026-04648,5,LOW,Payment due date reached
INV-2026-04649,10,LOW,High-value invoice
INV-2026-04650,15,LOW,High-value invoice; Payment due date reached
INV-2026-04651,5,LOW,Payment due date reached
INV-2026-04652,15,LOW,High-value invoice; Payment due date reached
INV-2026-04653,10,LOW,High-value invoice
INV-2026-04654,15,LOW,High-value invoice; Payment due date reached
INV-2026-04655,0,LOW,
INV-2026-04656,65,HIGH,Multiple lenders; Repeated financing record; High-value invoice
INV-2026-04657,15,LOW,High-value invoice; Payment due date reached
INV-2026-04658,0,LOW,
INV-2026-04659,15,LOW,High-value invoice; Payment due date reached
INV-2026-04660,70,HIGH,Multiple lenders; Repeated financing record; High-value invoice; Payment due date reached
INV-2026-04661,15,LOW,High-value invoice; Payment due date reached
INV-2026-04662,15,LOW,High-value invoice; Payment due date reached
INV-2026-04663,0,LOW,
INV-2026-04664,5,LOW,Payment due date reached
INV-2026-04665,0,LOW,
INV-2026-04666,65,HIGH,Multiple lenders; Repeated financing record; High-value invoice
INV-2026-04667,15,LOW,High-value invoice; Payment due date reached
INV-2026-04668,15,LOW,High-value invoice; Payment due date reached
INV-2026-04669,5,LOW,Payment due date reached
INV-2026-04670,5,LOW,Payment due date reached
INV-2026-04671,0,LOW,
INV-2026-04672,0,LOW,
INV-2026-04673,15,LOW,High-value invoice; Payment due date reached
INV-2026-04674,5,LOW,Payment due date reached
INV-2026-04675,15,LOW,High-value invoice; Payment due date reached
INV-2026-04676,5,LOW,Payment due date reached
INV-2026-04677,5,LOW,Payment due date reached
INV-2026-04678,15,LOW,High-value invoice; Payment due date reached
INV-2026-04679,0,LOW,
INV-2026-04680,70,HIGH,Multiple lenders; Repeated financing record; High-value invoice; Payment due date reached
INV-2026-04681,15,LOW,High-value invoice; Payment due date reached
INV-2026-04682,0,LOW,
INV-2026-04683,15,LOW,High-value invoice; Payment due date reached
INV-2026-04684,10,LOW,High-value invoice
INV-2026-04685,5,LOW,Payment due date reached
INV-2026-04686,15,LOW,High-value invoice; Payment due date reached
INV-2026-04687,60,HIGH,Multiple lenders; Repeated financing record; Payment due date reached
INV-2026-04688,0,LOW,
INV-2026-04689,15,LOW,High-value invoice; Payment due date reached
INV-2026-04690,60,HIGH,Multiple lenders; Repeated financing record; Payment due date reached
INV-2026-04691,5,LOW,Payment due date reached
INV-2026-04692,0,LOW,
INV-2026-04693,0,LOW,
INV-2026-04694,15,LOW,High-value invoice; Payment due date reached
INV-2026-04695,15,LOW,High-value invoice; Payment due date reached
INV-2026-04696,0,LOW,
INV-2026-04697,15,LOW,High-value invoice; Payment due date reached
INV-2026-04698,5,LOW,Payment due date reached
INV-2026-04699,10,LOW,High-value invoice
INV-2026-04700,55,HIGH,Multiple lenders; Repeated financing record
INV-2026-04701,0,LOW,
INV-2026-04702,0,LOW,
INV-2026-04703,0,LOW,
INV-2026-04704,0,LOW,
INV-2026-04705,0,LOW,
INV-2026-04706,15,LOW,High-value invoice; Payment due date reached
INV-2026-04707,15,LOW,High-value invoice; Payment due date reached
INV-2026-04708,70,HIGH,Multiple lenders; Repeated financing record; High-value invoice; Payment due date reached
INV-2026-04709,5,LOW,Payment due date reached
INV-2026-04710,15,LOW,High-value invoice; Payment due date reached
INV-2026-04711,10,LOW,High-value invoice
INV-2026-04712,5,LOW,Payment due date reached
INV-2026-04713,5,LOW,Payment due date reached
INV-2026-04714,5,LOW,Payment due date reached
INV-2026-04715,15,LOW,High-value invoice; Payment due date reached
INV-2026-04716,70,HIGH,Multiple lenders; Repeated financing record; High-value invoice; Payment due date reached
INV-2026-04717,5,LOW,Payment due date reached
INV-2026-04718,5,LOW,Payment due date reached
INV-2026-04719,65,HIGH,Multiple lenders; Repeated financing record; High-value invoice
INV-2026-04720,0,LOW,
INV-2026-04721,5,LOW,Payment due date reached
INV-2026-04722,10,LOW,High-value invoice
INV-2026-04723,10,LOW,High-value invoice
INV-2026-04724,55,HIGH,Multiple lenders; Repeated financing record
INV-2026-04725,70,HIGH,Multiple lenders; Repeated financing record; High-value invoice; Payment due date reached
INV-2026-04726,5,LOW,Payment due date reached
INV-2026-04727,5,LOW,Payment due date reached
INV-2026-04728,0,LOW,
INV-2026-04729,0,LOW,
INV-2026-04730,15,LOW,High-value invoice; Payment due date reached
INV-2026-04731,15,LOW,High-value invoice; Payment due date reached
INV-2026-04732,5,LOW,Payment due date reached
INV-2026-04733,55,HIGH,Multiple lenders; Repeated financing record
INV-2026-04734,55,HIGH,Multiple lenders; Repeated financing record
INV-2026-04735,5,LOW,Payment due date reached
INV-2026-04736,10,LOW,High-value invoice
INV-2026-04737,10,LOW,High-value invoice
INV-2026-04738,55,HIGH,Multiple lenders; Repeated financing record
INV-2026-04739,15,LOW,High-value invoice; Payment due date reached
INV-2026-04740,0,LOW,
INV-2026-04741,10,LOW,High-value invoice
INV-2026-04742,10,LOW,High-value invoice
INV-2026-04743,0,LOW,
INV-2026-04744,5,LOW,Payment due date reached
INV-2026-04745,5,LOW,Payment due date reached
INV-2026-04746,10,LOW,High-value invoice
INV-2026-04747,0,LOW,
INV-2026-04748,0,LOW,
INV-2026-04749,60,HIGH,Multiple lenders; Repeated financing record; Payment due date reached
INV-2026-04750,5,LOW,Payment due date reached
INV-2026-04751,0,LOW,
INV-2026-04752,55,HIGH,Multiple lenders; Repeated financing record
INV-2026-04753,5,LOW,Payment due date reached
INV-2026-04754,0,LOW,
INV-2026-04755,5,LOW,Payment due date reached
INV-2026-04756,15,LOW,High-value invoice; Payment due date reached
INV-2026-04757,10,LOW,High-value invoice
INV-2026-04758,0,LOW,
INV-2026-04759,5,LOW,Payment due date reached
INV-2026-04760,60,HIGH,Multiple lenders; Repeated financing record; Payment due date reached
INV-2026-04761,0,LOW,
INV-2026-04762,10,LOW,High-value invoice
INV-2026-04763,10,LOW,High-value invoice
INV-2026-04764,15,LOW,High-value invoice; Payment due date reached
INV-2026-04765,5,LOW,Payment due date reached
INV-2026-04766,5,LOW,Payment due date reached
INV-2026-04767,5,LOW,Payment due date reached
INV-2026-04768,15,LOW,High-value invoice; Payment due date reached
INV-2026-04769,80,HIGH,Multiple lenders; Repeated financing record; Multiple delivery-proof records; Payment due date reached
INV-2026-04770,5,LOW,Payment due date reached
INV-2026-04771,5,LOW,Payment due date reached
INV-2026-04772,5,LOW,Payment due date reached
INV-2026-04773,65,HIGH,Multiple lenders; Repeated financing record; High-value invoice
INV-2026-04774,5,LOW,Payment due date reached
INV-2026-04775,15,LOW,High-value invoice; Payment due date reached
INV-2026-04776,10,LOW,High-value invoice
INV-2026-04777,70,HIGH,Multiple lenders; Repeated financing record; High-value invoice; Payment due date reached
INV-2026-04778,15,LOW,High-value invoice; Payment due date reached
INV-2026-04779,10,LOW,High-value invoice
INV-2026-04780,70,HIGH,Multiple lenders; Repeated financing record; High-value invoice; Payment due date reached
INV-2026-04781,0,LOW,
INV-2026-04782,0,LOW,
INV-2026-04783,60,HIGH,Multiple lenders; Repeated financing record; Payment due date reached
INV-2026-04784,55,HIGH,Multiple lenders; Repeated financing record
INV-2026-04785,10,LOW,High-value invoice
INV-2026-04786,75,HIGH,Multiple lenders; Repeated financing record; Multiple delivery-proof records
INV-2026-04787,10,LOW,High-value invoice
INV-2026-04788,10,LOW,High-value invoice
INV-2026-04789,0,LOW,
INV-2026-04790,0,LOW,
INV-2026-04791,5,LOW,Payment due date reached
INV-2026-04792,0,LOW,
INV-2026-04793,5,LOW,Payment due date reached
INV-2026-04794,15,LOW,High-value invoice; Payment due date reached
INV-2026-04795,70,HIGH,Multiple lenders; Repeated financing record; High-value invoice; Payment due date reached
INV-2026-04796,0,LOW,
INV-2026-04797,10,LOW,High-value invoice
INV-2026-04798,10,LOW,High-value invoice
INV-2026-04799,10,LOW,High-value invoice
INV-2026-04800,0,LOW,
INV-2026-04801,70,HIGH,Multiple lenders; Repeated financing record; High-value invoice; Payment due date reached
INV-2026-04802,15,LOW,High-value invoice; Payment due date reached
INV-2026-04803,10,LOW,High-value invoice
INV-2026-04804,10,LOW,High-value invoice
INV-2026-04805,0,LOW,
INV-2026-04806,10,LOW,High-value invoice
INV-2026-04807,70,HIGH,Multiple lenders; Repeated financing record; High-value invoice; Payment due date reached
INV-2026-04808,60,HIGH,Multiple lenders; Repeated financing record; Payment due date reached
INV-2026-04809,15,LOW,High-value invoice; Payment due date reached
INV-2026-04810,5,LOW,Payment due date reached
INV-2026-04811,0,LOW,
INV-2026-04812,0,LOW,
INV-2026-04813,70,HIGH,Multiple lenders; Repeated financing record; High-value invoice; Payment due date reached
INV-2026-04814,10,LOW,High-value invoice
INV-2026-04815,5,LOW,Payment due date reached
INV-2026-04816,10,LOW,High-value invoice
INV-2026-04817,15,LOW,High-value invoice; Payment due date reached
INV-2026-04818,15,LOW,High-value invoice; Payment due date reached
INV-2026-04819,0,LOW,
INV-2026-04820,10,LOW,High-value invoice
INV-2026-04821,0,LOW,
INV-2026-04822,5,LOW,Payment due date reached
INV-2026-04823,15,LOW,High-value invoice; Payment due date reached
INV-2026-04824,0,LOW,
INV-2026-04825,0,LOW,
INV-2026-04826,0,LOW,
INV-2026-04827,85,HIGH,Multiple lenders; Repeated financing record; Multiple delivery-proof records; High-value invoice
INV-2026-04828,10,LOW,High-value invoice
INV-2026-04829,5,LOW,Payment due date reached
INV-2026-04830,60,HIGH,Multiple lenders; Repeated financing record; Payment due date reached
INV-2026-04831,15,LOW,High-value invoice; Payment due date reached
INV-2026-04832,10,LOW,High-value invoice
INV-2026-04833,0,LOW,
INV-2026-04834,10,LOW,High-value invoice
INV-2026-04835,15,LOW,High-value invoice; Payment due date reached
INV-2026-04836,0,LOW,
INV-2026-04837,15,LOW,High-value invoice; Payment due date reached
INV-2026-04838,5,LOW,Payment due date reached
INV-2026-04839,75,HIGH,Multiple lenders; Repeated financing record; Multiple delivery-proof records
INV-2026-04840,5,LOW,Payment due date reached
INV-2026-04841,5,LOW,Payment due date reached
INV-2026-04842,5,LOW,Payment due date reached
INV-2026-04843,0,LOW,
INV-2026-04844,0,LOW,
INV-2026-04845,5,LOW,Payment due date reached
INV-2026-04846,0,LOW,
INV-2026-04847,10,LOW,High-value invoice
INV-2026-04848,15,LOW,High-value invoice; Payment due date reached
INV-2026-04849,0,LOW,
INV-2026-04850,10,LOW,High-value invoice
INV-2026-04851,0,LOW,
INV-2026-04852,5,LOW,Payment due date reached
INV-2026-04853,70,HIGH,Multiple lenders; Repeated financing record; High-value invoice; Payment due date reached
INV-2026-04854,15,LOW,High-value invoice; Payment due date reached
INV-2026-04855,5,LOW,Payment due date reached
INV-2026-04856,5,LOW,Payment due date reached
INV-2026-04857,10,LOW,High-value invoice
INV-2026-04858,5,LOW,Payment due date reached
INV-2026-04859,10,LOW,High-value invoice
INV-2026-04860,5,LOW,Payment due date reached
INV-2026-04861,70,HIGH,Multiple lenders; Repeated financing record; High-value invoice; Payment due date reached
INV-2026-04862,15,LOW,High-value invoice; Payment due date reached
INV-2026-04863,70,HIGH,Multiple lenders; Repeated financing record; High-value invoice; Payment due date reached
INV-2026-04864,5,LOW,Payment due date reached
INV-2026-04865,70,HIGH,Multiple lenders; Repeated financing record; High-value invoice; Payment due date reached
INV-2026-04866,15,LOW,High-value invoice; Payment due date reached
INV-2026-04867,10,LOW,High-value invoice
INV-2026-04868,5,LOW,Payment due date reached
INV-2026-04869,55,HIGH,Multiple lenders; Repeated financing record
INV-2026-04870,10,LOW,High-value invoice
INV-2026-04871,15,LOW,High-value invoice; Payment due date reached
INV-2026-04872,55,HIGH,Multiple lenders; Repeated financing record
INV-2026-04873,5,LOW,Payment due date reached
INV-2026-04874,5,LOW,Payment due date reached
INV-2026-04875,10,LOW,High-value invoice
INV-2026-04876,0,LOW,
INV-2026-04877,5,LOW,Payment due date reached
INV-2026-04878,60,HIGH,Multiple lenders; Repeated financing record; Payment due date reached
INV-2026-04879,10,LOW,High-value invoice
INV-2026-04880,15,LOW,High-value invoice; Payment due date reached
INV-2026-04881,15,LOW,High-value invoice; Payment due date reached
INV-2026-04882,15,LOW,High-value invoice; Payment due date reached
INV-2026-04883,10,LOW,High-value invoice
INV-2026-04884,0,LOW,
INV-2026-04885,0,LOW,
INV-2026-04886,0,LOW,
INV-2026-04887,5,LOW,Payment due date reached
INV-2026-04888,10,LOW,High-value invoice
INV-2026-04889,15,LOW,High-value invoice; Payment due date reached
INV-2026-04890,5,LOW,Payment due date reached
INV-2026-04891,0,LOW,
INV-2026-04892,0,LOW,
INV-2026-04893,0,LOW,
INV-2026-04894,0,LOW,
INV-2026-04895,10,LOW,High-value invoice
INV-2026-04896,0,LOW,
INV-2026-04897,15,LOW,High-value invoice; Payment due date reached
INV-2026-04898,5,LOW,Payment due date reached
INV-2026-04899,5,LOW,Payment due date reached
INV-2026-04900,5,LOW,Payment due date reached
INV-2026-04901,15,LOW,High-value invoice; Payment due date reached
INV-2026-04902,60,HIGH,Multiple lenders; Repeated financing record; Payment due date reached
INV-2026-04903,70,HIGH,Multiple lenders; Repeated financing record; High-value invoice; Payment due date reached
INV-2026-04904,80,HIGH,Multiple lenders; Repeated financing record; Multiple delivery-proof records; Payment due date reached
INV-2026-04905,0,LOW,
INV-2026-04906,5,LOW,Payment due date reached
INV-2026-04907,0,LOW,
INV-2026-04908,5,LOW,Payment due date reached
INV-2026-04909,10,LOW,High-value invoice
INV-2026-04910,5,LOW,Payment due date reached
INV-2026-04911,5,LOW,Payment due date reached
INV-2026-04912,5,LOW,Payment due date reached
INV-2026-04913,10,LOW,High-value invoice
INV-2026-04914,55,HIGH,Multiple lenders; Repeated financing record
INV-2026-04915,15,LOW,High-value invoice; Payment due date reached
INV-2026-04916,0,LOW,
INV-2026-04917,5,LOW,Payment due date reached
INV-2026-04918,10,LOW,High-value invoice
INV-2026-04919,0,LOW,
INV-2026-04920,10,LOW,High-value invoice
INV-2026-04921,5,LOW,Payment due date reached
INV-2026-04922,10,LOW,High-value invoice
INV-2026-04923,5,LOW,Payment due date reached
INV-2026-04924,65,HIGH,Multiple lenders; Repeated financing record; High-value invoice
INV-2026-04925,5,LOW,Payment due date reached
INV-2026-04926,65,HIGH,Multiple lenders; Repeated financing record; High-value invoice
INV-2026-04927,15,LOW,High-value invoice; Payment due date reached
INV-2026-04928,5,LOW,Payment due date reached
INV-2026-04929,15,LOW,High-value invoice; Payment due date reached
INV-2026-04930,65,HIGH,Multiple lenders; Repeated financing record; High-value invoice
INV-2026-04931,5,LOW,Payment due date reached
INV-2026-04932,15,LOW,High-value invoice; Payment due date reached
INV-2026-04933,15,LOW,High-value invoice; Payment due date reached
INV-2026-04934,5,LOW,Payment due date reached
INV-2026-04935,60,HIGH,Multiple lenders; Repeated financing record; Payment due date reached
INV-2026-04936,0,LOW,
INV-2026-04937,65,HIGH,Multiple lenders; Repeated financing record; High-value invoice
INV-2026-04938,5,LOW,Payment due date reached
INV-2026-04939,60,HIGH,Multiple lenders; Repeated financing record; Payment due date reached
INV-2026-04940,5,LOW,Payment due date reached
INV-2026-04941,5,LOW,Payment due date reached
INV-2026-04942,60,HIGH,Multiple lenders; Repeated financing record; Payment due date reached
INV-2026-04943,0,LOW,
INV-2026-04944,0,LOW,
INV-2026-04945,10,LOW,High-value invoice
INV-2026-04946,0,LOW,
INV-2026-04947,0,LOW,
INV-2026-04948,5,LOW,Payment due date reached
INV-2026-04949,10,LOW,High-value invoice
INV-2026-04950,10,LOW,High-value invoice
INV-2026-04951,0,LOW,
INV-2026-04952,5,LOW,Payment due date reached
INV-2026-04953,5,LOW,Payment due date reached
INV-2026-04954,10,LOW,High-value invoice
INV-2026-04955,0,LOW,
INV-2026-04956,0,LOW,
INV-2026-04957,55,HIGH,Multiple lenders; Repeated financing record
INV-2026-04958,15,LOW,High-value invoice; Payment due date reached
INV-2026-04959,10,LOW,High-value invoice
INV-2026-04960,5,LOW,Payment due date reached
INV-2026-04961,10,LOW,High-value invoice
INV-2026-04962,65,HIGH,Multiple lenders; Repeated financing record; High-value invoice
INV-2026-04963,70,HIGH,Multiple lenders; Repeated financing record; High-value invoice; Payment due date reached
INV-2026-04964,5,LOW,Payment due date reached
INV-2026-04965,55,HIGH,Multiple lenders; Repeated financing record
INV-2026-04966,10,LOW,High-value invoice
INV-2026-04967,15,LOW,High-value invoice; Payment due date reached
INV-2026-04968,15,LOW,High-value invoice; Payment due date reached
INV-2026-04969,70,HIGH,Multiple lenders; Repeated financing record; High-value invoice; Payment due date reached
INV-2026-04970,15,LOW,High-value invoice; Payment due date reached
INV-2026-04971,15,LOW,High-value invoice; Payment due date reached
INV-2026-04972,60,HIGH,Multiple lenders; Repeated financing record; Payment due date reached
INV-2026-04973,15,LOW,High-value invoice; Payment due date reached
INV-2026-04974,15,LOW,High-value invoice; Payment due date reached
INV-2026-04975,10,LOW,High-value invoice
INV-2026-04976,10,LOW,High-value invoice
INV-2026-04977,10,LOW,High-value invoice
INV-2026-04978,5,LOW,Payment due date reached
INV-2026-04979,15,LOW,High-value invoice; Payment due date reached
INV-2026-04980,15,LOW,High-value invoice; Payment due date reached
INV-2026-04981,0,LOW,
INV-2026-04982,5,LOW,Payment due date reached
INV-2026-04983,0,LOW,
INV-2026-04984,0,LOW,
INV-2026-04985,15,LOW,High-value invoice; Payment due date reached
INV-2026-04986,0,LOW,
INV-2026-04987,5,LOW,Payment due date reached
INV-2026-04988,5,LOW,Payment due date reached
INV-2026-04989,5,LOW,Payment due date reached
INV-2026-04990,10,LOW,High-value invoice
INV-2026-04991,5,LOW,Payment due date reached
INV-2026-04992,15,LOW,High-value invoice; Payment due date reached
INV-2026-04993,0,LOW,
INV-2026-04994,10,LOW,High-value invoice
INV-2026-04995,0,LOW,
INV-2026-04996,70,HIGH,Multiple lenders; Repeated financing record; High-value invoice; Payment due date reached
INV-2026-04997,10,LOW,High-value invoice
INV-2026-04998,55,HIGH,Multiple lenders; Repeated financing record
INV-2026-04999,5,LOW,Payment due date reached
INV-2026-05000,55,HIGH,Multiple lenders; Repeated financing record
